sido,sigungu,category,item,spec,fee,base_date,dataset_id,source_url
강원특별자치도,속초시,가구류,가방,대형(높이 60cm 이상),3000,2021-10-28,15093805,https://www.data.go.kr/data/15093805/fileData.do
강원특별자치도,속초시,가구류,가스레인지(大),모든규격,3000,2021-10-28,15093805,https://www.data.go.kr/data/15093805/fileData.do
강원특별자치도,속초시,가구류,가스오븐레인지,높이 1m 이상,4000,2021-10-28,15093805,https://www.data.go.kr/data/15093805/fileData.do
강원특별자치도,속초시,가구류,가습기,모든규격,2000,2021-10-28,15093805,https://www.data.go.kr/data/15093805/fileData.do
강원특별자치도,속초시,가구류,거 울,1㎡ 이상,3000,2021-10-28,15093805,https://www.data.go.kr/data/15093805/fileData.do
강원특별자치도,속초시,가구류,공기청정기,모든 규격,2000,2021-10-28,15093805,https://www.data.go.kr/data/15093805/fileData.do
강원특별자치도,속초시,가구류,교 자 상,4인 이상,4000,2021-10-28,15093805,https://www.data.go.kr/data/15093805/fileData.do
강원특별자치도,속초시,가구류,기타 폐기물,0.5㎡ 미만,3000,2021-10-28,15093805,https://www.data.go.kr/data/15093805/fileData.do
강원특별자치도,속초시,가구류,깨진유리/항아리,5kg미만,2000,2021-10-28,15093805,https://www.data.go.kr/data/15093805/fileData.do
강원특별자치도,속초시,가구류,난  로,30평형 이상,4000,2021-10-28,15093805,https://www.data.go.kr/data/15093805/fileData.do
강원특별자치도,속초시,가구류,다 리 미,모든규격,1000,2021-10-28,15093805,https://www.data.go.kr/data/15093805/fileData.do
강원특별자치도,속초시,가구류,다리미판,모든규격,1000,2021-10-28,15093805,https://www.data.go.kr/data/15093805/fileData.do
강원특별자치도,속초시,가구류,대자리,모든규격,2000,2021-10-28,15093805,https://www.data.go.kr/data/15093805/fileData.do
강원특별자치도,속초시,가구류,돌침대,더블,50000,2021-10-28,15093805,https://www.data.go.kr/data/15093805/fileData.do
강원특별자치도,속초시,가구류,런닝머신,모든규격,20000,2021-10-28,15093805,https://www.data.go.kr/data/15093805/fileData.do
강원특별자치도,속초시,가구류,매트리스,더블/퀸,9000,2021-10-28,15093805,https://www.data.go.kr/data/15093805/fileData.do
강원특별자치도,속초시,가구류,목 재,5kg미만,2000,2021-10-28,15093805,https://www.data.go.kr/data/15093805/fileData.do
강원특별자치도,속초시,가구류,문 갑,높이 1m 이상,5000,2021-10-28,15093805,https://www.data.go.kr/data/15093805/fileData.do
강원특별자치도,속초시,가구류,문 짝,목재,3000,2021-10-28,15093805,https://www.data.go.kr/data/15093805/fileData.do
강원특별자치도,속초시,가구류,문서세단기,모든규격,5000,2021-10-28,15093805,https://www.data.go.kr/data/15093805/fileData.do
강원특별자치도,속초시,가구류,믹서기/분쇄기,모든규격,3000,2021-10-28,15093805,https://www.data.go.kr/data/15093805/fileData.do
강원특별자치도,속초시,가구류,벽 시 계,대  형(높이 1m 이상),4000,2021-10-28,15093805,https://www.data.go.kr/data/15093805/fileData.do
강원특별자치도,속초시,가구류,변 기 통,양변기,11000,2021-10-28,15093805,https://www.data.go.kr/data/15093805/fileData.do
강원특별자치도,속초시,가구류,병 풍,"대형(높이 1.5m 이상, 1폭당)",2000,2021-10-28,15093805,https://www.data.go.kr/data/15093805/fileData.do
강원특별자치도,속초시,가구류,보행기,모든규격,2000,2021-10-28,15093805,https://www.data.go.kr/data/15093805/fileData.do
강원특별자치도,속초시,가구류,비디오,모든규격,2000,2021-10-28,15093805,https://www.data.go.kr/data/15093805/fileData.do
강원특별자치도,속초시,가구류,빨래건조대,모든규격,2000,2021-10-28,15093805,https://www.data.go.kr/data/15093805/fileData.do
강원특별자치도,속초시,가구류,서 랍 장,5단 이상,7000,2021-10-28,15093805,https://www.data.go.kr/data/15093805/fileData.do
강원특별자치도,속초시,가구류,선풍기,초대형(높이 1.5m 이상),5000,2021-10-28,15093805,https://www.data.go.kr/data/15093805/fileData.do
강원특별자치도,속초시,가구류,세 면 대,대리석,10000,2021-10-28,15093805,https://www.data.go.kr/data/15093805/fileData.do
강원특별자치도,속초시,가구류,쇼 파,4인용 이상(특대),12000,2021-10-28,15093805,https://www.data.go.kr/data/15093805/fileData.do
강원특별자치도,속초시,가구류,수 족 관,2㎡ 이상,30000,2021-10-28,15093805,https://www.data.go.kr/data/15093805/fileData.do
강원특별자치도,속초시,가구류,스캐너,모든규격,3000,2021-10-28,15093805,https://www.data.go.kr/data/15093805/fileData.do
강원특별자치도,속초시,가구류,스탠드,모든규격,3000,2021-10-28,15093805,https://www.data.go.kr/data/15093805/fileData.do
강원특별자치도,속초시,가구류,스피커,대형,3000,2021-10-28,15093805,https://www.data.go.kr/data/15093805/fileData.do
강원특별자치도,속초시,가구류,식 탁,6인용 이상(목재),6000,2021-10-28,15093805,https://www.data.go.kr/data/15093805/fileData.do
강원특별자치도,속초시,가구류,식기건조대,모든규격,3000,2021-10-28,15093805,https://www.data.go.kr/data/15093805/fileData.do
강원특별자치도,속초시,가구류,식기세척기,가정용,4000,2021-10-28,15093805,https://www.data.go.kr/data/15093805/fileData.do
강원특별자치도,속초시,가구류,신 발 장,길이 1.5m 이상(특대),8000,2021-10-28,15093805,https://www.data.go.kr/data/15093805/fileData.do
강원특별자치도,속초시,가구류,싱 크 대,길이 1.2m 이상(1쪽당),10000,2021-10-28,15093805,https://www.data.go.kr/data/15093805/fileData.do
강원특별자치도,속초시,가구류,액 자,길이 1m 이상,3000,2021-10-28,15093805,https://www.data.go.kr/data/15093805/fileData.do
강원특별자치도,속초시,가구류,오디오,대형(높이 1m 이상),5000,2021-10-28,15093805,https://www.data.go.kr/data/15093805/fileData.do
강원특별자치도,속초시,가구류,오디오 장식장,폭 1m 이상,4000,2021-10-28,15093805,https://www.data.go.kr/data/15093805/fileData.do
강원특별자치도,속초시,가구류,오락기,대형(높이 1.5m 이상),10000,2021-10-28,15093805,https://www.data.go.kr/data/15093805/fileData.do
강원특별자치도,속초시,가구류,옥매트,더블(2인용),13000,2021-10-28,15093805,https://www.data.go.kr/data/15093805/fileData.do
강원특별자치도,속초시,가구류,올 겐,모든 규격,8000,2021-10-28,15093805,https://www.data.go.kr/data/15093805/fileData.do
강원특별자치도,속초시,가구류,옷 걸 이,모든 규격,3000,2021-10-28,15093805,https://www.data.go.kr/data/15093805/fileData.do
강원특별자치도,속초시,가구류,욕 조,대리석,15000,2021-10-28,15093805,https://www.data.go.kr/data/15093805/fileData.do
강원특별자치도,속초시,가구류,유 모 차,대형,4000,2021-10-28,15093805,https://www.data.go.kr/data/15093805/fileData.do
강원특별자치도,속초시,가구류,음식물처리기,모든규격,3000,2021-10-28,15093805,https://www.data.go.kr/data/15093805/fileData.do
강원특별자치도,속초시,가구류,의 자,대형(3인용 이상),4000,2021-10-28,15093805,https://www.data.go.kr/data/15093805/fileData.do
강원특별자치도,속초시,가구류,이 불,겨울용(장당),2000,2021-10-28,15093805,https://www.data.go.kr/data/15093805/fileData.do
강원특별자치도,속초시,가구류,자 전 거,일반용,4000,2021-10-28,15093805,https://www.data.go.kr/data/15093805/fileData.do
강원특별자치도,속초시,가구류,장 롱,폭 1.2m 이상 1쪽,14000,2021-10-28,15093805,https://www.data.go.kr/data/15093805/fileData.do
강원특별자치도,속초시,가구류,장 식 장,90cm*150cm이상,8000,2021-10-28,15093805,https://www.data.go.kr/data/15093805/fileData.do
강원특별자치도,속초시,가구류,장난감 및 인형류,3kg 미만,1000,2021-10-28,15093805,https://www.data.go.kr/data/15093805/fileData.do
강원특별자치도,속초시,가구류,재봉틀,모든규격,3000,2021-10-28,15093805,https://www.data.go.kr/data/15093805/fileData.do
강원특별자치도,속초시,가구류,전기/압력솥,모든규격,3000,2021-10-28,15093805,https://www.data.go.kr/data/15093805/fileData.do
강원특별자치도,속초시,가구류,전기매트,모든규격,3000,2021-10-28,15093805,https://www.data.go.kr/data/15093805/fileData.do
강원특별자치도,속초시,가구류,전자올겐,대형(길이 1.5m 이상),10000,2021-10-28,15093805,https://www.data.go.kr/data/15093805/fileData.do
강원특별자치도,속초시,가구류,전화기,모든규격,1000,2021-10-28,15093805,https://www.data.go.kr/data/15093805/fileData.do
강원특별자치도,속초시,가구류,정수기,스탠드형,5000,2021-10-28,15093805,https://www.data.go.kr/data/15093805/fileData.do
강원특별자치도,속초시,가구류,책 꽂 이,4단 이상,4000,2021-10-28,15093805,https://www.data.go.kr/data/15093805/fileData.do
강원특별자치도,속초시,가구류,책 장,90cm*150cm이상,6000,2021-10-28,15093805,https://www.data.go.kr/data/15093805/fileData.do
강원특별자치도,속초시,가구류,책상,"양수, 대형",7000,2021-10-28,15093805,https://www.data.go.kr/data/15093805/fileData.do
강원특별자치도,속초시,가구류,청 소 기,업소용,5000,2021-10-28,15093805,https://www.data.go.kr/data/15093805/fileData.do
강원특별자치도,속초시,가구류,침대 받침대,더블/퀸,10000,2021-10-28,15093805,https://www.data.go.kr/data/15093805/fileData.do
강원특별자치도,속초시,가구류,카 펫 트,가정용(면적1㎡ 미만),3000,2021-10-28,15093805,https://www.data.go.kr/data/15093805/fileData.do
강원특별자치도,속초시,가구류,캐 비 넷,대형(높이 1.5m 이상),11000,2021-10-28,15093805,https://www.data.go.kr/data/15093805/fileData.do
강원특별자치도,속초시,가구류,컴퓨터,본   체,3000,2021-10-28,15093805,https://www.data.go.kr/data/15093805/fileData.do
강원특별자치도,속초시,가구류,탁구대,모든 규격,15000,2021-10-28,15093805,https://www.data.go.kr/data/15093805/fileData.do
강원특별자치도,속초시,가구류,탁자(테이블),90cm*180cm이상,10000,2021-10-28,15093805,https://www.data.go.kr/data/15093805/fileData.do
강원특별자치도,속초시,가구류,텔레비전 받침대,가로 1.5m 이상,4000,2021-10-28,15093805,https://www.data.go.kr/data/15093805/fileData.do
강원특별자치도,속초시,가구류,팩스기기,모든규격,3000,2021-10-28,15093805,https://www.data.go.kr/data/15093805/fileData.do
강원특별자치도,속초시,가구류,플라스틱류,5kg 미만,3000,2021-10-28,15093805,https://www.data.go.kr/data/15093805/fileData.do
강원특별자치도,속초시,가구류,피 아 노,그랜드,23000,2021-10-28,15093805,https://www.data.go.kr/data/15093805/fileData.do
강원특별자치도,속초시,가구류,화 장 대,길이 1m 이상(거울별도),5000,2021-10-28,15093805,https://www.data.go.kr/data/15093805/fileData.do
강원특별자치도,속초시,가구류,화일캐비닛,4단이상,5000,2021-10-28,15093805,https://www.data.go.kr/data/15093805/fileData.do
강원특별자치도,속초시,가구류,환풍기,모든규격,2000,2021-10-28,15093805,https://www.data.go.kr/data/15093805/fileData.do
강원특별자치도,속초시,가구류,휠체어,모든규격,3000,2021-10-28,15093805,https://www.data.go.kr/data/15093805/fileData.do
강원특별자치도,속초시,가전제품,냉 장 고,500ℓ  이상,20000,2021-10-28,15093805,https://www.data.go.kr/data/15093805/fileData.do
강원특별자치도,속초시,가전제품,복사기,대형(복합기),12000,2021-10-28,15093805,https://www.data.go.kr/data/15093805/fileData.do
강원특별자치도,속초시,가전제품,세탁기,10kg 이상(드럼),8000,2021-10-28,15093805,https://www.data.go.kr/data/15093805/fileData.do
강원특별자치도,속초시,가전제품,에어컨,264㎡형 이상,15000,2021-10-28,15093805,https://www.data.go.kr/data/15093805/fileData.do
강원특별자치도,속초시,가전제품,온 풍 기,264㎡형 이상,8000,2021-10-28,15093805,https://www.data.go.kr/data/15093805/fileData.do
강원특별자치도,속초시,가전제품,자동판매기,대형(높이 1.5m 이상),12000,2021-10-28,15093805,https://www.data.go.kr/data/15093805/fileData.do
강원특별자치도,속초시,가전제품,캔음료 자판기,모든규격,25000,2021-10-28,15093805,https://www.data.go.kr/data/15093805/fileData.do
강원특별자치도,속초시,가전제품,텔레비전,50인치 이상,12000,2021-10-28,15093805,https://www.data.go.kr/data/15093805/fileData.do
강원특별자치도,춘천시,가전제품류,"TV받침(거실장,문갑)(유리별도)",폭 120cm 미만,4000,2024-11-28,15153890,https://www.data.go.kr/data/15153890/fileData.do
강원특별자치도,춘천시,가전제품류,"TV받침(거실장,문갑)(유리별도)",폭 120cm 이상,6000,2024-11-28,15153890,https://www.data.go.kr/data/15153890/fileData.do
강원특별자치도,춘천시,가전제품류,"TV받침(거실장,문갑)(유리별도)",폭 180cm 이상,8000,2024-11-28,15153890,https://www.data.go.kr/data/15153890/fileData.do
강원특별자치도,춘천시,가전제품류,"TV받침(거실장,문갑)(유리별도)",폭 90cm 이하,3000,2024-11-28,15153890,https://www.data.go.kr/data/15153890/fileData.do
강원특별자치도,춘천시,가전제품류,가스·전기·오븐레인지,높이 1m 미만,4500,2024-11-28,15153890,https://www.data.go.kr/data/15153890/fileData.do
강원특별자치도,춘천시,가전제품류,가스·전기·오븐레인지,높이 1m 이상,6500,2024-11-28,15153890,https://www.data.go.kr/data/15153890/fileData.do
강원특별자치도,춘천시,가전제품류,가습기,모든 규격,2000,2024-11-28,15153890,https://www.data.go.kr/data/15153890/fileData.do
강원특별자치도,춘천시,가전제품류,간이 옷장,모든 규격,2500,2024-11-28,15153890,https://www.data.go.kr/data/15153890/fileData.do
강원특별자치도,춘천시,가전제품류,공기청정기,높이 1m 미만,3500,2024-11-28,15153890,https://www.data.go.kr/data/15153890/fileData.do
강원특별자치도,춘천시,가전제품류,공기청정기,높이 1m 이상,6500,2024-11-28,15153890,https://www.data.go.kr/data/15153890/fileData.do
강원특별자치도,춘천시,가전제품류,냉장고(김치냉장고),1000ℓ 이상,20000,2024-11-28,15153890,https://www.data.go.kr/data/15153890/fileData.do
강원특별자치도,춘천시,가전제품류,냉장고(김치냉장고),130ℓ 미만,3500,2024-11-28,15153890,https://www.data.go.kr/data/15153890/fileData.do
강원특별자치도,춘천시,가전제품류,냉장고(김치냉장고),300ℓ 미만,5500,2024-11-28,15153890,https://www.data.go.kr/data/15153890/fileData.do
강원특별자치도,춘천시,가전제품류,냉장고(김치냉장고),300ℓ 이상,9000,2024-11-28,15153890,https://www.data.go.kr/data/15153890/fileData.do
강원특별자치도,춘천시,가전제품류,냉장고(김치냉장고),500ℓ 이상,11000,2024-11-28,15153890,https://www.data.go.kr/data/15153890/fileData.do
강원특별자치도,춘천시,가전제품류,냉장고(김치냉장고),700ℓ 이상,15000,2024-11-28,15153890,https://www.data.go.kr/data/15153890/fileData.do
강원특별자치도,춘천시,가전제품류,디지털피아노,모든 규격,5500,2024-11-28,15153890,https://www.data.go.kr/data/15153890/fileData.do
강원특별자치도,춘천시,가전제품류,문갑,1쪽당,3500,2024-11-28,15153890,https://www.data.go.kr/data/15153890/fileData.do
강원특별자치도,춘천시,가전제품류,밥상·교자상,4인 미만,2000,2024-11-28,15153890,https://www.data.go.kr/data/15153890/fileData.do
강원특별자치도,춘천시,가전제품류,밥상·교자상,4인 이상,3000,2024-11-28,15153890,https://www.data.go.kr/data/15153890/fileData.do
강원특별자치도,춘천시,가전제품류,밥솥,가정용,3000,2024-11-28,15153890,https://www.data.go.kr/data/15153890/fileData.do
강원특별자치도,춘천시,가전제품류,밥솥,업소용,4000,2024-11-28,15153890,https://www.data.go.kr/data/15153890/fileData.do
강원특별자치도,춘천시,가전제품류,복사기(복합기),높이 1m 미만,5000,2024-11-28,15153890,https://www.data.go.kr/data/15153890/fileData.do
강원특별자치도,춘천시,가전제품류,복사기(복합기),높이 1m 이상,10000,2024-11-28,15153890,https://www.data.go.kr/data/15153890/fileData.do
강원특별자치도,춘천시,가전제품류,서랍장(폭80cm미만),높이 100cm 이상,5000,2024-11-28,15153890,https://www.data.go.kr/data/15153890/fileData.do
강원특별자치도,춘천시,가전제품류,서랍장(폭80cm미만),높이 80cm 미만,3000,2024-11-28,15153890,https://www.data.go.kr/data/15153890/fileData.do
강원특별자치도,춘천시,가전제품류,서랍장(폭80cm미만),높이 80cm 이상,4000,2024-11-28,15153890,https://www.data.go.kr/data/15153890/fileData.do
강원특별자치도,춘천시,가전제품류,서랍장(폭80cm이상),높이 100cm 이상,6000,2024-11-28,15153890,https://www.data.go.kr/data/15153890/fileData.do
강원특별자치도,춘천시,가전제품류,서랍장(폭80cm이상),높이 80cm 미만,4000,2024-11-28,15153890,https://www.data.go.kr/data/15153890/fileData.do
강원특별자치도,춘천시,가전제품류,서랍장(폭80cm이상),높이 80cm 이상,5000,2024-11-28,15153890,https://www.data.go.kr/data/15153890/fileData.do
강원특별자치도,춘천시,가전제품류,선풍기,가정용,2000,2024-11-28,15153890,https://www.data.go.kr/data/15153890/fileData.do
강원특별자치도,춘천시,가전제품류,선풍기,업소용,5000,2024-11-28,15153890,https://www.data.go.kr/data/15153890/fileData.do
강원특별자치도,춘천시,가전제품류,세단기,높이 1m 미만,3500,2024-11-28,15153890,https://www.data.go.kr/data/15153890/fileData.do
강원특별자치도,춘천시,가전제품류,세단기,높이 1m 이상,5500,2024-11-28,15153890,https://www.data.go.kr/data/15153890/fileData.do
강원특별자치도,춘천시,가전제품류,세탁기(건조기),드럼(용량 20kg 미만),8000,2024-11-28,15153890,https://www.data.go.kr/data/15153890/fileData.do
강원특별자치도,춘천시,가전제품류,세탁기(건조기),드럼(용량 20kg 이상),15000,2024-11-28,15153890,https://www.data.go.kr/data/15153890/fileData.do
강원특별자치도,춘천시,가전제품류,세탁기(건조기),통돌이(용량 10kg 미만),5000,2024-11-28,15153890,https://www.data.go.kr/data/15153890/fileData.do
강원특별자치도,춘천시,가전제품류,세탁기(건조기),통돌이(용량 10kg 이상),6000,2024-11-28,15153890,https://www.data.go.kr/data/15153890/fileData.do
강원특별자치도,춘천시,가전제품류,소파,1인용,4500,2024-11-28,15153890,https://www.data.go.kr/data/15153890/fileData.do
강원특별자치도,춘천시,가전제품류,소파,2인용,5500,2024-11-28,15153890,https://www.data.go.kr/data/15153890/fileData.do
강원특별자치도,춘천시,가전제품류,소파,3인용,6500,2024-11-28,15153890,https://www.data.go.kr/data/15153890/fileData.do
강원특별자치도,춘천시,가전제품류,소파,4인용 이상,10000,2024-11-28,15153890,https://www.data.go.kr/data/15153890/fileData.do
강원특별자치도,춘천시,가전제품류,소파,보조의자,3500,2024-11-28,15153890,https://www.data.go.kr/data/15153890/fileData.do
강원특별자치도,춘천시,가전제품류,식기세척기,6인용 이하,5000,2024-11-28,15153890,https://www.data.go.kr/data/15153890/fileData.do
강원특별자치도,춘천시,가전제품류,식기세척기,6인용 초과,9000,2024-11-28,15153890,https://www.data.go.kr/data/15153890/fileData.do
강원특별자치도,춘천시,가전제품류,식기세척기,업소용,14000,2024-11-28,15153890,https://www.data.go.kr/data/15153890/fileData.do
강원특별자치도,춘천시,가전제품류,식탁,4인 이하(1.4m 이하),4000,2024-11-28,15153890,https://www.data.go.kr/data/15153890/fileData.do
강원특별자치도,춘천시,가전제품류,식탁,5인 이상(1.4m 이상),6000,2024-11-28,15153890,https://www.data.go.kr/data/15153890/fileData.do
강원특별자치도,춘천시,가전제품류,"식탁(대리석, 세라믹)",4인 이하(1.4m 이하),7000,2024-11-28,15153890,https://www.data.go.kr/data/15153890/fileData.do
강원특별자치도,춘천시,가전제품류,"식탁(대리석, 세라믹)",5인 이상(1.4m 이상),12000,2024-11-28,15153890,https://www.data.go.kr/data/15153890/fileData.do
강원특별자치도,춘천시,가전제품류,신발장,높이 1.5m 이상,6000,2024-11-28,15153890,https://www.data.go.kr/data/15153890/fileData.do
강원특별자치도,춘천시,가전제품류,신발장,높이 1m 미만,3000,2024-11-28,15153890,https://www.data.go.kr/data/15153890/fileData.do
강원특별자치도,춘천시,가전제품류,신발장,높이 1m 이상,5000,2024-11-28,15153890,https://www.data.go.kr/data/15153890/fileData.do
강원특별자치도,춘천시,가전제품류,싱크대(개수대),길이 1m 미만,3000,2024-11-28,15153890,https://www.data.go.kr/data/15153890/fileData.do
강원특별자치도,춘천시,가전제품류,싱크대(개수대),길이 1m 이상,5000,2024-11-28,15153890,https://www.data.go.kr/data/15153890/fileData.do
강원특별자치도,춘천시,가전제품류,쌀통,높이 1m 미만,4500,2024-11-28,15153890,https://www.data.go.kr/data/15153890/fileData.do
강원특별자치도,춘천시,가전제품류,쌀통,높이 1m 이상,5500,2024-11-28,15153890,https://www.data.go.kr/data/15153890/fileData.do
강원특별자치도,춘천시,가전제품류,안마의자,모든 규격,17000,2024-11-28,15153890,https://www.data.go.kr/data/15153890/fileData.do
강원특별자치도,춘천시,가전제품류,에어컨(온풍기),264㎡ 이상,10000,2024-11-28,15153890,https://www.data.go.kr/data/15153890/fileData.do
강원특별자치도,춘천시,가전제품류,에어컨(온풍기),66㎡ 미만,4500,2024-11-28,15153890,https://www.data.go.kr/data/15153890/fileData.do
강원특별자치도,춘천시,가전제품류,에어컨(온풍기),66㎡ 이상,6500,2024-11-28,15153890,https://www.data.go.kr/data/15153890/fileData.do
강원특별자치도,춘천시,가전제품류,"오디오, 전축",본체(1m 미만),4000,2024-11-28,15153890,https://www.data.go.kr/data/15153890/fileData.do
강원특별자치도,춘천시,가전제품류,"오디오, 전축",본체(1m 이상),6000,2024-11-28,15153890,https://www.data.go.kr/data/15153890/fileData.do
강원특별자치도,춘천시,가전제품류,"오디오, 전축",스피커(1m 미만),1000,2024-11-28,15153890,https://www.data.go.kr/data/15153890/fileData.do
강원특별자치도,춘천시,가전제품류,"오디오, 전축",스피커(1m 이상),2000,2024-11-28,15153890,https://www.data.go.kr/data/15153890/fileData.do
강원특별자치도,춘천시,가전제품류,오락기,높이 1m 미만,6500,2024-11-28,15153890,https://www.data.go.kr/data/15153890/fileData.do
강원특별자치도,춘천시,가전제품류,오락기,높이 1m 이상,10000,2024-11-28,15153890,https://www.data.go.kr/data/15153890/fileData.do
강원특별자치도,춘천시,가전제품류,의자,1인용,2000,2024-11-28,15153890,https://www.data.go.kr/data/15153890/fileData.do
강원특별자치도,춘천시,가전제품류,의자,2인용,4000,2024-11-28,15153890,https://www.data.go.kr/data/15153890/fileData.do
강원특별자치도,춘천시,가전제품류,의자,3인용,6000,2024-11-28,15153890,https://www.data.go.kr/data/15153890/fileData.do
강원특별자치도,춘천시,가전제품류,의자,바퀴달린 의자(대형),5000,2024-11-28,15153890,https://www.data.go.kr/data/15153890/fileData.do
강원특별자치도,춘천시,가전제품류,의자,바퀴달린 의자(소형),4000,2024-11-28,15153890,https://www.data.go.kr/data/15153890/fileData.do
강원특별자치도,춘천시,가전제품류,의자,유아용 식탁의자,3000,2024-11-28,15153890,https://www.data.go.kr/data/15153890/fileData.do
강원특별자치도,춘천시,가전제품류,의자,좌식 또는 어린이 의자,2000,2024-11-28,15153890,https://www.data.go.kr/data/15153890/fileData.do
강원특별자치도,춘천시,가전제품류,자동판매기,높이1m 미만,6500,2024-11-28,15153890,https://www.data.go.kr/data/15153890/fileData.do
강원특별자치도,춘천시,가전제품류,자동판매기,높이1m 이상,10000,2024-11-28,15153890,https://www.data.go.kr/data/15153890/fileData.do
강원특별자치도,춘천시,가전제품류,장롱,폭 120㎝ 이상(1쪽),17500,2024-11-28,15153890,https://www.data.go.kr/data/15153890/fileData.do
강원특별자치도,춘천시,가전제품류,장롱,폭 90㎝ 미만(1쪽),7000,2024-11-28,15153890,https://www.data.go.kr/data/15153890/fileData.do
강원특별자치도,춘천시,가전제품류,장롱,폭 90㎝ 이상(1쪽),12000,2024-11-28,15153890,https://www.data.go.kr/data/15153890/fileData.do
강원특별자치도,춘천시,가전제품류,"장식장, 책장",높이 120cm 이상,8000,2024-11-28,15153890,https://www.data.go.kr/data/15153890/fileData.do
강원특별자치도,춘천시,가전제품류,"장식장, 책장",높이 180cm 이상,10000,2024-11-28,15153890,https://www.data.go.kr/data/15153890/fileData.do
강원특별자치도,춘천시,가전제품류,"장식장, 책장",높이 90cm 미만,4000,2024-11-28,15153890,https://www.data.go.kr/data/15153890/fileData.do
강원특별자치도,춘천시,가전제품류,"장식장, 책장",높이 90cm 이상,6000,2024-11-28,15153890,https://www.data.go.kr/data/15153890/fileData.do
강원특별자치도,춘천시,가전제품류,전기히터,높이 1m 미만,2000,2024-11-28,15153890,https://www.data.go.kr/data/15153890/fileData.do
강원특별자치도,춘천시,가전제품류,전기히터,높이 1m 이상,4000,2024-11-28,15153890,https://www.data.go.kr/data/15153890/fileData.do
강원특별자치도,춘천시,가전제품류,전자레인지,모든 규격,4500,2024-11-28,15153890,https://www.data.go.kr/data/15153890/fileData.do
강원특별자치도,춘천시,가전제품류,전자렌지대,120cm 이하,5000,2024-11-28,15153890,https://www.data.go.kr/data/15153890/fileData.do
강원특별자치도,춘천시,가전제품류,전자렌지대,180cm 이하,7000,2024-11-28,15153890,https://www.data.go.kr/data/15153890/fileData.do
강원특별자치도,춘천시,가전제품류,정수기,높이 1m 미만,3000,2024-11-28,15153890,https://www.data.go.kr/data/15153890/fileData.do
강원특별자치도,춘천시,가전제품류,정수기,높이 1m 이상,5000,2024-11-28,15153890,https://www.data.go.kr/data/15153890/fileData.do
강원특별자치도,춘천시,가전제품류,제습기,모든 규격,3000,2024-11-28,15153890,https://www.data.go.kr/data/15153890/fileData.do
강원특별자치도,춘천시,가전제품류,주방 수납장(상·하부장) 1쪽당,폭 120cm 미만,5000,2024-11-28,15153890,https://www.data.go.kr/data/15153890/fileData.do
강원특별자치도,춘천시,가전제품류,주방 수납장(상·하부장) 1쪽당,폭 150cm 미만,7000,2024-11-28,15153890,https://www.data.go.kr/data/15153890/fileData.do
강원특별자치도,춘천시,가전제품류,주방 수납장(상·하부장) 1쪽당,폭 150cm 이상,10000,2024-11-28,15153890,https://www.data.go.kr/data/15153890/fileData.do
강원특별자치도,춘천시,가전제품류,주방 수납장(상·하부장) 1쪽당,폭 90cm 미만,3000,2024-11-28,15153890,https://www.data.go.kr/data/15153890/fileData.do
강원특별자치도,춘천시,가전제품류,진공청소기,모든 규격,3500,2024-11-28,15153890,https://www.data.go.kr/data/15153890/fileData.do
강원특별자치도,춘천시,가전제품류,진열대(앵글),가로길이 1m당,3000,2024-11-28,15153890,https://www.data.go.kr/data/15153890/fileData.do
강원특별자치도,춘천시,가전제품류,책상,"H형(상판, 책장, 서랍 포함)",8000,2024-11-28,15153890,https://www.data.go.kr/data/15153890/fileData.do
강원특별자치도,춘천시,가전제품류,책상,독서실책상,5000,2024-11-28,15153890,https://www.data.go.kr/data/15153890/fileData.do
강원특별자치도,춘천시,가전제품류,책상,서랍없음,3500,2024-11-28,15153890,https://www.data.go.kr/data/15153890/fileData.do
강원특별자치도,춘천시,가전제품류,책상,양수(상판 포함),7000,2024-11-28,15153890,https://www.data.go.kr/data/15153890/fileData.do
강원특별자치도,춘천시,가전제품류,책상,컴퓨터책상,3500,2024-11-28,15153890,https://www.data.go.kr/data/15153890/fileData.do
강원특별자치도,춘천시,가전제품류,책상,편수(상판 포함),5000,2024-11-28,15153890,https://www.data.go.kr/data/15153890/fileData.do
강원특별자치도,춘천시,가전제품류,침대,1인용 매트리스,6500,2024-11-28,15153890,https://www.data.go.kr/data/15153890/fileData.do
강원특별자치도,춘천시,가전제품류,침대,1인용 받침대,4500,2024-11-28,15153890,https://www.data.go.kr/data/15153890/fileData.do
강원특별자치도,춘천시,가전제품류,침대,1인용 토퍼,3500,2024-11-28,15153890,https://www.data.go.kr/data/15153890/fileData.do
강원특별자치도,춘천시,가전제품류,침대,"1인용(흙,돌,황토,의료)",20000,2024-11-28,15153890,https://www.data.go.kr/data/15153890/fileData.do
강원특별자치도,춘천시,가전제품류,침대,2인용 매트리스,10000,2024-11-28,15153890,https://www.data.go.kr/data/15153890/fileData.do
강원특별자치도,춘천시,가전제품류,침대,2인용 받침대,7500,2024-11-28,15153890,https://www.data.go.kr/data/15153890/fileData.do
강원특별자치도,춘천시,가전제품류,침대,2인용 토퍼,5500,2024-11-28,15153890,https://www.data.go.kr/data/15153890/fileData.do
강원특별자치도,춘천시,가전제품류,침대,"2인용(흙,돌,황토,의료)",30000,2024-11-28,15153890,https://www.data.go.kr/data/15153890/fileData.do
강원특별자치도,춘천시,가전제품류,침대,모션(전동) 매트리스 1인용,15000,2024-11-28,15153890,https://www.data.go.kr/data/15153890/fileData.do
강원특별자치도,춘천시,가전제품류,침대,모션(전동) 매트리스 2인용,25000,2024-11-28,15153890,https://www.data.go.kr/data/15153890/fileData.do
강원특별자치도,춘천시,가전제품류,침대,서랍(개당),2000,2024-11-28,15153890,https://www.data.go.kr/data/15153890/fileData.do
강원특별자치도,춘천시,가전제품류,침대,소파베드,15000,2024-11-28,15153890,https://www.data.go.kr/data/15153890/fileData.do
강원특별자치도,춘천시,가전제품류,침대,어린이 2층 침대,20000,2024-11-28,15153890,https://www.data.go.kr/data/15153890/fileData.do
강원특별자치도,춘천시,가전제품류,침대,유아용,5000,2024-11-28,15153890,https://www.data.go.kr/data/15153890/fileData.do
강원특별자치도,춘천시,가전제품류,침대,저상침대(패밀리),35000,2024-11-28,15153890,https://www.data.go.kr/data/15153890/fileData.do
강원특별자치도,춘천시,가전제품류,침대,접이식 침대(1인용),5000,2024-11-28,15153890,https://www.data.go.kr/data/15153890/fileData.do
강원특별자치도,춘천시,가전제품류,침대,접이식 침대(2인용),7000,2024-11-28,15153890,https://www.data.go.kr/data/15153890/fileData.do
강원특별자치도,춘천시,가전제품류,침대,헤드(1인용),3000,2024-11-28,15153890,https://www.data.go.kr/data/15153890/fileData.do
강원특별자치도,춘천시,가전제품류,침대,헤드(2인용),2000,2024-11-28,15153890,https://www.data.go.kr/data/15153890/fileData.do
강원특별자치도,춘천시,가전제품류,캐비닛,일반캐비닛,9000,2024-11-28,15153890,https://www.data.go.kr/data/15153890/fileData.do
강원특별자치도,춘천시,가전제품류,캐비닛,파일캐비닛 3단 이하,4000,2024-11-28,15153890,https://www.data.go.kr/data/15153890/fileData.do
강원특별자치도,춘천시,가전제품류,캐비닛,파일캐비닛 4단 이상,5000,2024-11-28,15153890,https://www.data.go.kr/data/15153890/fileData.do
강원특별자치도,춘천시,가전제품류,컴퓨터,모니터,3000,2024-11-28,15153890,https://www.data.go.kr/data/15153890/fileData.do
강원특별자치도,춘천시,가전제품류,컴퓨터,본체,3000,2024-11-28,15153890,https://www.data.go.kr/data/15153890/fileData.do
강원특별자치도,춘천시,가전제품류,컴퓨터,스피커,1000,2024-11-28,15153890,https://www.data.go.kr/data/15153890/fileData.do
강원특별자치도,춘천시,가전제품류,컴퓨터,키보드,1000,2024-11-28,15153890,https://www.data.go.kr/data/15153890/fileData.do
강원특별자치도,춘천시,가전제품류,탁자(테이블)(유리별도),2인 이하,3000,2024-11-28,15153890,https://www.data.go.kr/data/15153890/fileData.do
강원특별자치도,춘천시,가전제품류,탁자(테이블)(유리별도),4인 이상,4000,2024-11-28,15153890,https://www.data.go.kr/data/15153890/fileData.do
강원특별자치도,춘천시,가전제품류,탁자(테이블)(유리별도),차탁자(티테이블),2000,2024-11-28,15153890,https://www.data.go.kr/data/15153890/fileData.do
강원특별자치도,춘천시,가전제품류,탁자(테이블)(유리별도),회의용(10인 미만),6000,2024-11-28,15153890,https://www.data.go.kr/data/15153890/fileData.do
강원특별자치도,춘천시,가전제품류,탁자(테이블)(유리별도),회의용(10인 이상),9000,2024-11-28,15153890,https://www.data.go.kr/data/15153890/fileData.do
강원특별자치도,춘천시,가전제품류,탈수기,모든 규격,3500,2024-11-28,15153890,https://www.data.go.kr/data/15153890/fileData.do
강원특별자치도,춘천시,가전제품류,텔레비전,29인치 미만,3000,2024-11-28,15153890,https://www.data.go.kr/data/15153890/fileData.do
강원특별자치도,춘천시,가전제품류,텔레비전,29인치 이상,4500,2024-11-28,15153890,https://www.data.go.kr/data/15153890/fileData.do
강원특별자치도,춘천시,가전제품류,텔레비전,42인치 이상,6500,2024-11-28,15153890,https://www.data.go.kr/data/15153890/fileData.do
강원특별자치도,춘천시,가전제품류,텔레비전,60인치 이상,9000,2024-11-28,15153890,https://www.data.go.kr/data/15153890/fileData.do
강원특별자치도,춘천시,가전제품류,팩시밀리,모든 규격,3000,2024-11-28,15153890,https://www.data.go.kr/data/15153890/fileData.do
강원특별자치도,춘천시,가전제품류,프린터,대형(레이저),5500,2024-11-28,15153890,https://www.data.go.kr/data/15153890/fileData.do
강원특별자치도,춘천시,가전제품류,프린터,소형(잉크젯),3500,2024-11-28,15153890,https://www.data.go.kr/data/15153890/fileData.do
강원특별자치도,춘천시,가전제품류,피아노,그랜드,17500,2024-11-28,15153890,https://www.data.go.kr/data/15153890/fileData.do
강원특별자치도,춘천시,가전제품류,피아노,업라이트,12000,2024-11-28,15153890,https://www.data.go.kr/data/15153890/fileData.do
강원특별자치도,춘천시,가전제품류,행거(옷걸이),모든 규격,2500,2024-11-28,15153890,https://www.data.go.kr/data/15153890/fileData.do
강원특별자치도,춘천시,가전제품류,협탁,모든 규격,2000,2024-11-28,15153890,https://www.data.go.kr/data/15153890/fileData.do
강원특별자치도,춘천시,가전제품류,화장대,높이 1m 미만,4500,2024-11-28,15153890,https://www.data.go.kr/data/15153890/fileData.do
강원특별자치도,춘천시,가전제품류,화장대,높이 1m 이상,6500,2024-11-28,15153890,https://www.data.go.kr/data/15153890/fileData.do
강원특별자치도,춘천시,가전제품류,환풍기,가정용,2000,2024-11-28,15153890,https://www.data.go.kr/data/15153890/fileData.do
강원특별자치도,춘천시,가전제품류,환풍기,업소용,3000,2024-11-28,15153890,https://www.data.go.kr/data/15153890/fileData.do
강원특별자치도,춘천시,기타,가방류,20인치 이하,2000,2024-11-28,15153890,https://www.data.go.kr/data/15153890/fileData.do
강원특별자치도,춘천시,기타,가방류,20인치 초과,3000,2024-11-28,15153890,https://www.data.go.kr/data/15153890/fileData.do
강원특별자치도,춘천시,기타,가방류,골프가방,3000,2024-11-28,15153890,https://www.data.go.kr/data/15153890/fileData.do
강원특별자치도,춘천시,기타,간판,2m 미만,5500,2024-11-28,15153890,https://www.data.go.kr/data/15153890/fileData.do
강원특별자치도,춘천시,기타,간판,2m 이상,6500,2024-11-28,15153890,https://www.data.go.kr/data/15153890/fileData.do
강원특별자치도,춘천시,기타,게시판(화이트보드),가장 긴 면 1m 미만,2000,2024-11-28,15153890,https://www.data.go.kr/data/15153890/fileData.do
강원특별자치도,춘천시,기타,게시판(화이트보드),가장 긴 면 1m 이상,4000,2024-11-28,15153890,https://www.data.go.kr/data/15153890/fileData.do
강원특별자치도,춘천시,기타,고무통,지름 1m 이상,5000,2024-11-28,15153890,https://www.data.go.kr/data/15153890/fileData.do
강원특별자치도,춘천시,기타,고무통,지름 50cm 미만,2000,2024-11-28,15153890,https://www.data.go.kr/data/15153890/fileData.do
강원특별자치도,춘천시,기타,고무통,지름 50cm 이상,3000,2024-11-28,15153890,https://www.data.go.kr/data/15153890/fileData.do
강원특별자치도,춘천시,기타,금고(가정용),높이 1m미만,10000,2024-11-28,15153890,https://www.data.go.kr/data/15153890/fileData.do
강원특별자치도,춘천시,기타,금고(가정용),높이 1m이상,20000,2024-11-28,15153890,https://www.data.go.kr/data/15153890/fileData.do
강원특별자치도,춘천시,기타,기름탱크,400ℓ 미만,5000,2024-11-28,15153890,https://www.data.go.kr/data/15153890/fileData.do
강원특별자치도,춘천시,기타,기름탱크,400ℓ 이상,9000,2024-11-28,15153890,https://www.data.go.kr/data/15153890/fileData.do
강원특별자치도,춘천시,기타,"기타, 마대(10kg 미만)",대형(300cm 미만),4500,2024-11-28,15153890,https://www.data.go.kr/data/15153890/fileData.do
강원특별자치도,춘천시,기타,"기타, 마대(10kg 미만)",소형(100cm 미만),2000,2024-11-28,15153890,https://www.data.go.kr/data/15153890/fileData.do
강원특별자치도,춘천시,기타,"기타, 마대(10kg 미만)",중형(200cm 미만),3000,2024-11-28,15153890,https://www.data.go.kr/data/15153890/fileData.do
강원특별자치도,춘천시,기타,"기타, 마대(10kg 미만)",특대형(300cm 이상),6000,2024-11-28,15153890,https://www.data.go.kr/data/15153890/fileData.do
강원특별자치도,춘천시,기타,"기타, 마대(15kg 미만)",대형(300cm 미만),6500,2024-11-28,15153890,https://www.data.go.kr/data/15153890/fileData.do
강원특별자치도,춘천시,기타,"기타, 마대(15kg 미만)",소형(100cm 미만),3500,2024-11-28,15153890,https://www.data.go.kr/data/15153890/fileData.do
강원특별자치도,춘천시,기타,"기타, 마대(15kg 미만)",중형(200cm 미만),5000,2024-11-28,15153890,https://www.data.go.kr/data/15153890/fileData.do
강원특별자치도,춘천시,기타,"기타, 마대(15kg 미만)",특대형(300cm 이상),8000,2024-11-28,15153890,https://www.data.go.kr/data/15153890/fileData.do
강원특별자치도,춘천시,기타,"기타, 마대(5kg 미만)",대형(300cm 미만),3000,2024-11-28,15153890,https://www.data.go.kr/data/15153890/fileData.do
강원특별자치도,춘천시,기타,"기타, 마대(5kg 미만)",소형(100cm 미만),1000,2024-11-28,15153890,https://www.data.go.kr/data/15153890/fileData.do
강원특별자치도,춘천시,기타,"기타, 마대(5kg 미만)",중형(200cm 미만),2000,2024-11-28,15153890,https://www.data.go.kr/data/15153890/fileData.do
강원특별자치도,춘천시,기타,"기타, 마대(5kg 미만)",특대형(300cm 이상),4000,2024-11-28,15153890,https://www.data.go.kr/data/15153890/fileData.do
강원특별자치도,춘천시,기타,난로,"석유, 가스",4500,2024-11-28,15153890,https://www.data.go.kr/data/15153890/fileData.do
강원특별자치도,춘천시,기타,난로,전기,3500,2024-11-28,15153890,https://www.data.go.kr/data/15153890/fileData.do
강원특별자치도,춘천시,기타,다리미판,가장 긴 면 90cm 미만,1000,2024-11-28,15153890,https://www.data.go.kr/data/15153890/fileData.do
강원특별자치도,춘천시,기타,다리미판,가장 긴 면 90cm 이상,2000,2024-11-28,15153890,https://www.data.go.kr/data/15153890/fileData.do
강원특별자치도,춘천시,기타,도마,모든 규격,1000,2024-11-28,15153890,https://www.data.go.kr/data/15153890/fileData.do
강원특별자치도,춘천시,기타,롤매트,1m당,1500,2024-11-28,15153890,https://www.data.go.kr/data/15153890/fileData.do
강원특별자치도,춘천시,기타,마네킹,1m 미만,3000,2024-11-28,15153890,https://www.data.go.kr/data/15153890/fileData.do
강원특별자치도,춘천시,기타,마네킹,1m 이상,5000,2024-11-28,15153890,https://www.data.go.kr/data/15153890/fileData.do
강원특별자치도,춘천시,기타,목발,개당,1500,2024-11-28,15153890,https://www.data.go.kr/data/15153890/fileData.do
강원특별자치도,춘천시,기타,문짝,목재,3500,2024-11-28,15153890,https://www.data.go.kr/data/15153890/fileData.do
강원특별자치도,춘천시,기타,문짝,유리,6500,2024-11-28,15153890,https://www.data.go.kr/data/15153890/fileData.do
강원특별자치도,춘천시,기타,문짝,창문(1m당),3000,2024-11-28,15153890,https://www.data.go.kr/data/15153890/fileData.do
강원특별자치도,춘천시,기타,물탱크,1톤당,6000,2024-11-28,15153890,https://www.data.go.kr/data/15153890/fileData.do
강원특별자치도,춘천시,기타,바둑판,두께 6cm 미만,1000,2024-11-28,15153890,https://www.data.go.kr/data/15153890/fileData.do
강원특별자치도,춘천시,기타,바둑판,두께 6cm 이상,2000,2024-11-28,15153890,https://www.data.go.kr/data/15153890/fileData.do
강원특별자치도,춘천시,기타,병풍,1폭당,500,2024-11-28,15153890,https://www.data.go.kr/data/15153890/fileData.do
강원특별자치도,춘천시,기타,보일러,대형,10000,2024-11-28,15153890,https://www.data.go.kr/data/15153890/fileData.do
강원특별자치도,춘천시,기타,보일러,소형,4500,2024-11-28,15153890,https://www.data.go.kr/data/15153890/fileData.do
강원특별자치도,춘천시,기타,보일러,중형,6500,2024-11-28,15153890,https://www.data.go.kr/data/15153890/fileData.do
강원특별자치도,춘천시,기타,블라인드,1㎡당,1500,2024-11-28,15153890,https://www.data.go.kr/data/15153890/fileData.do
강원특별자치도,춘천시,기타,빨래건조대,모든 규격,2500,2024-11-28,15153890,https://www.data.go.kr/data/15153890/fileData.do
강원특별자치도,춘천시,기타,소화기,10kg~15kg,4000,2024-11-28,15153890,https://www.data.go.kr/data/15153890/fileData.do
강원특별자치도,춘천시,기타,소화기,15kg 이상,5000,2024-11-28,15153890,https://www.data.go.kr/data/15153890/fileData.do
강원특별자치도,춘천시,기타,소화기,3.3kg 이하,1000,2024-11-28,15153890,https://www.data.go.kr/data/15153890/fileData.do
강원특별자치도,춘천시,기타,소화기,3.3kg~5kg,2000,2024-11-28,15153890,https://www.data.go.kr/data/15153890/fileData.do
강원특별자치도,춘천시,기타,소화기,5kg~10kg,3000,2024-11-28,15153890,https://www.data.go.kr/data/15153890/fileData.do
강원특별자치도,춘천시,기타,수족관,가장 긴 면 1m 미만,3500,2024-11-28,15153890,https://www.data.go.kr/data/15153890/fileData.do
강원특별자치도,춘천시,기타,수족관,가장 긴 면 1m 이상,5500,2024-11-28,15153890,https://www.data.go.kr/data/15153890/fileData.do
강원특별자치도,춘천시,기타,시계,1m 미만,1000,2024-11-28,15153890,https://www.data.go.kr/data/15153890/fileData.do
강원특별자치도,춘천시,기타,시계,1m 이상,3000,2024-11-28,15153890,https://www.data.go.kr/data/15153890/fileData.do
강원특별자치도,춘천시,기타,쌀통,모든 규격,3000,2024-11-28,15153890,https://www.data.go.kr/data/15153890/fileData.do
강원특별자치도,춘천시,기타,쓰레기통,30L 미만,1000,2024-11-28,15153890,https://www.data.go.kr/data/15153890/fileData.do
강원특별자치도,춘천시,기타,쓰레기통,30L 이상,2000,2024-11-28,15153890,https://www.data.go.kr/data/15153890/fileData.do
강원특별자치도,춘천시,기타,쓰레기통,음식물통(가정용),2000,2024-11-28,15153890,https://www.data.go.kr/data/15153890/fileData.do
강원특별자치도,춘천시,기타,쓰레기통,음식물통(대형),5000,2024-11-28,15153890,https://www.data.go.kr/data/15153890/fileData.do
강원특별자치도,춘천시,기타,아이스박스,30L 미만,1000,2024-11-28,15153890,https://www.data.go.kr/data/15153890/fileData.do
강원특별자치도,춘천시,기타,아이스박스,30L 이상,2000,2024-11-28,15153890,https://www.data.go.kr/data/15153890/fileData.do
강원특별자치도,춘천시,기타,아이스박스,50L 이상,3000,2024-11-28,15153890,https://www.data.go.kr/data/15153890/fileData.do
강원특별자치도,춘천시,기타,액자,가장 긴 면 1m 미만,2000,2024-11-28,15153890,https://www.data.go.kr/data/15153890/fileData.do
강원특별자치도,춘천시,기타,액자,가장 긴 면 1m 이상,4000,2024-11-28,15153890,https://www.data.go.kr/data/15153890/fileData.do
강원특별자치도,춘천시,기타,액자,가장 긴 면 50cm 미만,1000,2024-11-28,15153890,https://www.data.go.kr/data/15153890/fileData.do
강원특별자치도,춘천시,기타,욕실용품,비데,2000,2024-11-28,15153890,https://www.data.go.kr/data/15153890/fileData.do
강원특별자치도,춘천시,기타,욕실용품,세면대(다리 별도),3000,2024-11-28,15153890,https://www.data.go.kr/data/15153890/fileData.do
강원특별자치도,춘천시,기타,욕실용품,세면대(다리 포함),5000,2024-11-28,15153890,https://www.data.go.kr/data/15153890/fileData.do
강원특별자치도,춘천시,기타,욕실용품,소변기,5000,2024-11-28,15153890,https://www.data.go.kr/data/15153890/fileData.do
강원특별자치도,춘천시,기타,욕실용품,양변기,6000,2024-11-28,15153890,https://www.data.go.kr/data/15153890/fileData.do
강원특별자치도,춘천시,기타,욕실용품,욕실장(유리포함),3000,2024-11-28,15153890,https://www.data.go.kr/data/15153890/fileData.do
강원특별자치도,춘천시,기타,욕실용품,욕실장(유리포함),5000,2024-11-28,15153890,https://www.data.go.kr/data/15153890/fileData.do
강원특별자치도,춘천시,기타,욕실용품,욕조,6500,2024-11-28,15153890,https://www.data.go.kr/data/15153890/fileData.do
강원특별자치도,춘천시,기타,욕실용품,유아 욕조,3000,2024-11-28,15153890,https://www.data.go.kr/data/15153890/fileData.do
강원특별자치도,춘천시,기타,욕실용품,좌변기,4000,2024-11-28,15153890,https://www.data.go.kr/data/15153890/fileData.do
강원특별자치도,춘천시,기타,운동기구,"골프채, 등산·스키 스틱(개당)",1000,2024-11-28,15153890,https://www.data.go.kr/data/15153890/fileData.do
강원특별자치도,춘천시,기타,운동기구,"라켓(테니스, 배드민턴)",1000,2024-11-28,15153890,https://www.data.go.kr/data/15153890/fileData.do
강원특별자치도,춘천시,기타,운동기구,러닝머신(모든 규격),20000,2024-11-28,15153890,https://www.data.go.kr/data/15153890/fileData.do
강원특별자치도,춘천시,기타,운동기구,"보드류(스키, 킥보드 등)",2000,2024-11-28,15153890,https://www.data.go.kr/data/15153890/fileData.do
강원특별자치도,춘천시,기타,운동기구,볼링공(개당),2000,2024-11-28,15153890,https://www.data.go.kr/data/15153890/fileData.do
강원특별자치도,춘천시,기타,운동기구,"스케이트(인라인, 스키부츠 등)",2000,2024-11-28,15153890,https://www.data.go.kr/data/15153890/fileData.do
강원특별자치도,춘천시,기타,운동기구,스텝퍼,2500,2024-11-28,15153890,https://www.data.go.kr/data/15153890/fileData.do
강원특별자치도,춘천시,기타,운동기구,전신 스트레칭 기구,4000,2024-11-28,15153890,https://www.data.go.kr/data/15153890/fileData.do
강원특별자치도,춘천시,기타,운동기구,탁구대,7000,2024-11-28,15153890,https://www.data.go.kr/data/15153890/fileData.do
강원특별자치도,춘천시,기타,운동기구,헬스 자전거,6000,2024-11-28,15153890,https://www.data.go.kr/data/15153890/fileData.do
강원특별자치도,춘천시,기타,유리(거울),1㎡당,2000,2024-11-28,15153890,https://www.data.go.kr/data/15153890/fileData.do
강원특별자치도,춘천시,기타,유아용품,"그네, 목마",2000,2024-11-28,15153890,https://www.data.go.kr/data/15153890/fileData.do
강원특별자치도,춘천시,기타,유아용품,방방이(모든 규격),3500,2024-11-28,15153890,https://www.data.go.kr/data/15153890/fileData.do
강원특별자치도,춘천시,기타,유아용품,보행기,2000,2024-11-28,15153890,https://www.data.go.kr/data/15153890/fileData.do
강원특별자치도,춘천시,기타,유아용품,유아차(모든 규격),3000,2024-11-28,15153890,https://www.data.go.kr/data/15153890/fileData.do
강원특별자치도,춘천시,기타,유아용품,전동자동차,5000,2024-11-28,15153890,https://www.data.go.kr/data/15153890/fileData.do
강원특별자치도,춘천시,기타,유아용품,카시트,3000,2024-11-28,15153890,https://www.data.go.kr/data/15153890/fileData.do
강원특별자치도,춘천시,기타,유아용품,폴더 매트(3.3㎡당),3000,2024-11-28,15153890,https://www.data.go.kr/data/15153890/fileData.do
강원특별자치도,춘천시,기타,입간판,고무통 입간판,5000,2024-11-28,15153890,https://www.data.go.kr/data/15153890/fileData.do
강원특별자치도,춘천시,기타,입간판,그 외 모든 규격,3500,2024-11-28,15153890,https://www.data.go.kr/data/15153890/fileData.do
강원특별자치도,춘천시,기타,자전거,성인용(두발),4000,2024-11-28,15153890,https://www.data.go.kr/data/15153890/fileData.do
강원특별자치도,춘천시,기타,자전거,아동용(두발),4000,2024-11-28,15153890,https://www.data.go.kr/data/15153890/fileData.do
강원특별자치도,춘천시,기타,자전거,유아용(세발),3000,2024-11-28,15153890,https://www.data.go.kr/data/15153890/fileData.do
강원특별자치도,춘천시,기타,장판류,3.3㎡당,2000,2024-11-28,15153890,https://www.data.go.kr/data/15153890/fileData.do
강원특별자치도,춘천시,기타,장판류,전기/옥/자석/온수매트 1인용,3500,2024-11-28,15153890,https://www.data.go.kr/data/15153890/fileData.do
강원특별자치도,춘천시,기타,장판류,전기/옥/자석/온수매트 2인용,5500,2024-11-28,15153890,https://www.data.go.kr/data/15153890/fileData.do
강원특별자치도,춘천시,기타,재봉틀,모든 규격,3500,2024-11-28,15153890,https://www.data.go.kr/data/15153890/fileData.do
강원특별자치도,춘천시,기타,전기판넬(바닥판넬),1m당,3500,2024-11-28,15153890,https://www.data.go.kr/data/15153890/fileData.do
강원특별자치도,춘천시,기타,조명기구,샹들리에,3500,2024-11-28,15153890,https://www.data.go.kr/data/15153890/fileData.do
강원특별자치도,춘천시,기타,조명기구,유리전등(1m 이하),6500,2024-11-28,15153890,https://www.data.go.kr/data/15153890/fileData.do
강원특별자치도,춘천시,기타,조명기구,유리전등(50cm 이하),5500,2024-11-28,15153890,https://www.data.go.kr/data/15153890/fileData.do
강원특별자치도,춘천시,기타,조명기구,플라스틱전등(1m 이하),4500,2024-11-28,15153890,https://www.data.go.kr/data/15153890/fileData.do
강원특별자치도,춘천시,기타,조명기구,플라스틱전등(50cm 이하),3500,2024-11-28,15153890,https://www.data.go.kr/data/15153890/fileData.do
강원특별자치도,춘천시,기타,천막(행사용),6m 미만,6000,2024-11-28,15153890,https://www.data.go.kr/data/15153890/fileData.do
강원특별자치도,춘천시,기타,천막(행사용),6m 이상,8000,2024-11-28,15153890,https://www.data.go.kr/data/15153890/fileData.do
강원특별자치도,춘천시,기타,"카펫, 돗자리",3.3㎡당,2000,2024-11-28,15153890,https://www.data.go.kr/data/15153890/fileData.do
강원특별자치도,춘천시,기타,캣타워,높이 150cm 미만,5000,2024-11-28,15153890,https://www.data.go.kr/data/15153890/fileData.do
강원특별자치도,춘천시,기타,캣타워,높이 60cm 미만,3000,2024-11-28,15153890,https://www.data.go.kr/data/15153890/fileData.do
강원특별자치도,춘천시,기타,타이어,대형(20인치 이상),9000,2024-11-28,15153890,https://www.data.go.kr/data/15153890/fileData.do
강원특별자치도,춘천시,기타,타이어,소형(15인치 이하),3500,2024-11-28,15153890,https://www.data.go.kr/data/15153890/fileData.do
강원특별자치도,춘천시,기타,타이어,중형(16인치 이상),5500,2024-11-28,15153890,https://www.data.go.kr/data/15153890/fileData.do
강원특별자치도,춘천시,기타,태양광 패널,2㎡ 미만,9000,2024-11-28,15153890,https://www.data.go.kr/data/15153890/fileData.do
강원특별자치도,춘천시,기타,태양광 패널,2㎡ 이상,12000,2024-11-28,15153890,https://www.data.go.kr/data/15153890/fileData.do
강원특별자치도,춘천시,기타,텐트,4인용 미만,3000,2024-11-28,15153890,https://www.data.go.kr/data/15153890/fileData.do
강원특별자치도,춘천시,기타,텐트,4인용 이상,4000,2024-11-28,15153890,https://www.data.go.kr/data/15153890/fileData.do
강원특별자치도,춘천시,기타,텐트,6인용 이상,6000,2024-11-28,15153890,https://www.data.go.kr/data/15153890/fileData.do
강원특별자치도,춘천시,기타,파라솔,모든 규격,2000,2024-11-28,15153890,https://www.data.go.kr/data/15153890/fileData.do
강원특별자치도,춘천시,기타,파티션,1쪽당,3500,2024-11-28,15153890,https://www.data.go.kr/data/15153890/fileData.do
강원특별자치도,춘천시,기타,항아리,긴 쪽 100cm 이상,5000,2024-11-28,15153890,https://www.data.go.kr/data/15153890/fileData.do
강원특별자치도,춘천시,기타,항아리,긴 쪽 50cm 미만,2000,2024-11-28,15153890,https://www.data.go.kr/data/15153890/fileData.do
강원특별자치도,춘천시,기타,항아리,긴 쪽 50cm 이상,3000,2024-11-28,15153890,https://www.data.go.kr/data/15153890/fileData.do
강원특별자치도,춘천시,기타,화분,가장 긴 면 30cm 미만,1000,2024-11-28,15153890,https://www.data.go.kr/data/15153890/fileData.do
강원특별자치도,춘천시,기타,화분,가장 긴 면 30cm 이상,2000,2024-11-28,15153890,https://www.data.go.kr/data/15153890/fileData.do
강원특별자치도,춘천시,기타,화분,가장 긴 면 50cm 이상,3000,2024-11-28,15153890,https://www.data.go.kr/data/15153890/fileData.do
강원특별자치도,춘천시,기타,화분,경조사용 화환(모든 규격),5000,2024-11-28,15153890,https://www.data.go.kr/data/15153890/fileData.do
강원특별자치도,춘천시,기타,휠체어,수동,3000,2024-11-28,15153890,https://www.data.go.kr/data/15153890/fileData.do
강원특별자치도,춘천시,기타,휠체어,전동,7000,2024-11-28,15153890,https://www.data.go.kr/data/15153890/fileData.do
강원특별자치도,태백시,가구류,교자상,모든규격,2500,,15138320,https://www.data.go.kr/data/15138320/fileData.do
강원특별자치도,태백시,가구류,문갑,대,5000,,15138320,https://www.data.go.kr/data/15138320/fileData.do
강원특별자치도,태백시,가구류,문갑,소,2500,,15138320,https://www.data.go.kr/data/15138320/fileData.do
강원특별자치도,태백시,가구류,비키니옷장,모든규격,2500,,15138320,https://www.data.go.kr/data/15138320/fileData.do
강원특별자치도,태백시,가구류,서랍장,5단 미만,3500,,15138320,https://www.data.go.kr/data/15138320/fileData.do
강원특별자치도,태백시,가구류,서랍장,5단 이상,7500,,15138320,https://www.data.go.kr/data/15138320/fileData.do
강원특별자치도,태백시,가구류,소파,대형(6인용 이상),12000,,15138320,https://www.data.go.kr/data/15138320/fileData.do
강원특별자치도,태백시,가구류,소파,소형(1인용 이상),3500,,15138320,https://www.data.go.kr/data/15138320/fileData.do
강원특별자치도,태백시,가구류,소파,중형(3인용 이상),7500,,15138320,https://www.data.go.kr/data/15138320/fileData.do
강원특별자치도,태백시,가구류,식탁,6인용 미만,6000,,15138320,https://www.data.go.kr/data/15138320/fileData.do
강원특별자치도,태백시,가구류,식탁,6인용 이상,7500,,15138320,https://www.data.go.kr/data/15138320/fileData.do
강원특별자치도,태백시,가구류,식탁,대리석,20000,,15138320,https://www.data.go.kr/data/15138320/fileData.do
강원특별자치도,태백시,가구류,신발장,모든규격,2500,,15138320,https://www.data.go.kr/data/15138320/fileData.do
강원특별자치도,태백시,가구류,싱크대,대(2조이상),9500,,15138320,https://www.data.go.kr/data/15138320/fileData.do
강원특별자치도,태백시,가구류,싱크대,소(1조),2500,,15138320,https://www.data.go.kr/data/15138320/fileData.do
강원특별자치도,태백시,가구류,싱크대,중(2조),5000,,15138320,https://www.data.go.kr/data/15138320/fileData.do
강원특별자치도,태백시,가구류,쌀통,모든규격,5000,,15138320,https://www.data.go.kr/data/15138320/fileData.do
강원특별자치도,태백시,가구류,오디오장식장,모든규격,3500,,15138320,https://www.data.go.kr/data/15138320/fileData.do
강원특별자치도,태백시,가구류,옷걸이,모든규격,2500,,15138320,https://www.data.go.kr/data/15138320/fileData.do
강원특별자치도,태백시,가구류,의자,대,2500,,15138320,https://www.data.go.kr/data/15138320/fileData.do
강원특별자치도,태백시,가구류,의자,소,1500,,15138320,https://www.data.go.kr/data/15138320/fileData.do
강원특별자치도,태백시,가구류,장롱,120㎝장 1쪽,24000,,15138320,https://www.data.go.kr/data/15138320/fileData.do
강원특별자치도,태백시,가구류,장롱,90㎝장 1쪽,16000,,15138320,https://www.data.go.kr/data/15138320/fileData.do
강원특별자치도,태백시,가구류,장롱,개인 파쇄시,12000,,15138320,https://www.data.go.kr/data/15138320/fileData.do
강원특별자치도,태백시,가구류,장식장,모든규격,7500,,15138320,https://www.data.go.kr/data/15138320/fileData.do
강원특별자치도,태백시,가구류,전자오르간,모든규격,3500,,15138320,https://www.data.go.kr/data/15138320/fileData.do
강원특별자치도,태백시,가구류,책꽂이,모든규격,2500,,15138320,https://www.data.go.kr/data/15138320/fileData.do
강원특별자치도,태백시,가구류,책상(일반용),양수/ 대형,7500,,15138320,https://www.data.go.kr/data/15138320/fileData.do
강원특별자치도,태백시,가구류,책상(일반용),편수/ 소형,6000,,15138320,https://www.data.go.kr/data/15138320/fileData.do
강원특별자치도,태백시,가구류,책상(컴퓨터용),대형,6000,,15138320,https://www.data.go.kr/data/15138320/fileData.do
강원특별자치도,태백시,가구류,책상(컴퓨터용),소형,3500,,15138320,https://www.data.go.kr/data/15138320/fileData.do
강원특별자치도,태백시,가구류,책장(찬장),대(1.2m×2.4m 이상),9500,,15138320,https://www.data.go.kr/data/15138320/fileData.do
강원특별자치도,태백시,가구류,책장(찬장),소(1.2m×0.9m 미만),5000,,15138320,https://www.data.go.kr/data/15138320/fileData.do
강원특별자치도,태백시,가구류,책장(찬장),중(1.2m×0.9m 이상),7500,,15138320,https://www.data.go.kr/data/15138320/fileData.do
강원특별자치도,태백시,가구류,침대매트리스,1인용,6000,,15138320,https://www.data.go.kr/data/15138320/fileData.do
강원특별자치도,태백시,가구류,침대매트리스,2인용,10000,,15138320,https://www.data.go.kr/data/15138320/fileData.do
강원특별자치도,태백시,가구류,침대매트리스,돌침대,30000,,15138320,https://www.data.go.kr/data/15138320/fileData.do
강원특별자치도,태백시,가구류,침대받침대,1인용,3500,,15138320,https://www.data.go.kr/data/15138320/fileData.do
강원특별자치도,태백시,가구류,침대받침대,2인용,7500,,15138320,https://www.data.go.kr/data/15138320/fileData.do
강원특별자치도,태백시,가구류,캐비넷,모든규격,6000,,15138320,https://www.data.go.kr/data/15138320/fileData.do
강원특별자치도,태백시,가구류,피아노,디지털,10000,,15138320,https://www.data.go.kr/data/15138320/fileData.do
강원특별자치도,태백시,가구류,화장대,모든규격,3500,,15138320,https://www.data.go.kr/data/15138320/fileData.do
강원특별자치도,태백시,가구류,화장대,모든규격,3500,,15138320,https://www.data.go.kr/data/15138320/fileData.do
강원특별자치도,태백시,가전류,녹즙기(믹서기),모든규격,2500,,15138320,https://www.data.go.kr/data/15138320/fileData.do
강원특별자치도,태백시,가전류,컴퓨터모니터,모든규격,2500,,15138320,https://www.data.go.kr/data/15138320/fileData.do
강원특별자치도,태백시,가전류,컴퓨터본체(키보드포함),모든규격,2500,,15138320,https://www.data.go.kr/data/15138320/fileData.do
강원특별자치도,태백시,가전류,프린터기,대형,3500,,15138320,https://www.data.go.kr/data/15138320/fileData.do
강원특별자치도,태백시,가전류,프린터기,소형,2500,,15138320,https://www.data.go.kr/data/15138320/fileData.do
강원특별자치도,태백시,가전제품,가스레인지,모든규격,2500,,15138320,https://www.data.go.kr/data/15138320/fileData.do
강원특별자치도,태백시,가전제품,가스레인지대,모든규격,2500,,15138320,https://www.data.go.kr/data/15138320/fileData.do
강원특별자치도,태백시,가전제품,가스오븐레인지,높이1미터 미만,2500,,15138320,https://www.data.go.kr/data/15138320/fileData.do
강원특별자치도,태백시,가전제품,가스오븐레인지,높이1미터 이상,6000,,15138320,https://www.data.go.kr/data/15138320/fileData.do
강원특별자치도,태백시,가전제품,가습기,모든규격,2500,,15138320,https://www.data.go.kr/data/15138320/fileData.do
강원특별자치도,태백시,가전제품,공기청정기,모든규격,2500,,15138320,https://www.data.go.kr/data/15138320/fileData.do
강원특별자치도,태백시,가전제품,냉장고,"1,000ℓ 이상",24000,,15138320,https://www.data.go.kr/data/15138320/fileData.do
강원특별자치도,태백시,가전제품,냉장고,300ℓ 미만,6000,,15138320,https://www.data.go.kr/data/15138320/fileData.do
강원특별자치도,태백시,가전제품,냉장고,300ℓ 이상,9500,,15138320,https://www.data.go.kr/data/15138320/fileData.do
강원특별자치도,태백시,가전제품,냉장고,500ℓ 이상,12000,,15138320,https://www.data.go.kr/data/15138320/fileData.do
강원특별자치도,태백시,가전제품,복사기,모든규격,7500,,15138320,https://www.data.go.kr/data/15138320/fileData.do
강원특별자치도,태백시,가전제품,비디오,모든규격,2500,,15138320,https://www.data.go.kr/data/15138320/fileData.do
강원특별자치도,태백시,가전제품,선풍기,모든규격,2500,,15138320,https://www.data.go.kr/data/15138320/fileData.do
강원특별자치도,태백시,가전제품,세탁기,모든규격,6000,,15138320,https://www.data.go.kr/data/15138320/fileData.do
강원특별자치도,태백시,가전제품,에어컨,264㎡ 이상,12000,,15138320,https://www.data.go.kr/data/15138320/fileData.do
강원특별자치도,태백시,가전제품,에어컨,66㎡ 미만,5000,,15138320,https://www.data.go.kr/data/15138320/fileData.do
강원특별자치도,태백시,가전제품,에어컨,66㎡ 이상,7500,,15138320,https://www.data.go.kr/data/15138320/fileData.do
강원특별자치도,태백시,가전제품,오디오,대형,3500,,15138320,https://www.data.go.kr/data/15138320/fileData.do
강원특별자치도,태백시,가전제품,오디오,소형,2500,,15138320,https://www.data.go.kr/data/15138320/fileData.do
강원특별자치도,태백시,가전제품,전기밥솥,모든규격,2500,,15138320,https://www.data.go.kr/data/15138320/fileData.do
강원특별자치도,태백시,가전제품,전기스토브,모든규격,2500,,15138320,https://www.data.go.kr/data/15138320/fileData.do
강원특별자치도,태백시,가전제품,전자레인지,모든규격,2500,,15138320,https://www.data.go.kr/data/15138320/fileData.do
강원특별자치도,태백시,가전제품,탈수기,모든규격,2500,,15138320,https://www.data.go.kr/data/15138320/fileData.do
강원특별자치도,태백시,가전제품,텔레비전,42인치 미만,5000,,15138320,https://www.data.go.kr/data/15138320/fileData.do
강원특별자치도,태백시,가전제품,텔레비전,42인치 이상,7500,,15138320,https://www.data.go.kr/data/15138320/fileData.do
강원특별자치도,태백시,기타,기타 봉투에 담기 어려운 폐기물,쌀마대(60㎏)1개당,2500,,15138320,https://www.data.go.kr/data/15138320/fileData.do
강원특별자치도,태백시,기타,기타생활제품및사무용품제품,대형,7500,,15138320,https://www.data.go.kr/data/15138320/fileData.do
강원특별자치도,태백시,기타,기타생활제품및사무용품제품,소형,2500,,15138320,https://www.data.go.kr/data/15138320/fileData.do
강원특별자치도,태백시,기타,기타생활제품및사무용품제품,중형,3500,,15138320,https://www.data.go.kr/data/15138320/fileData.do
강원특별자치도,태백시,기타,나무묶음,길이 1m/ 직경40㎝,3000,,15138320,https://www.data.go.kr/data/15138320/fileData.do
강원특별자치도,태백시,기타,런닝머신 등 체육기구,대,24000,,15138320,https://www.data.go.kr/data/15138320/fileData.do
강원특별자치도,태백시,기타,런닝머신 등 체육기구,소,10000,,15138320,https://www.data.go.kr/data/15138320/fileData.do
강원특별자치도,태백시,기타,런닝머신 등 체육기구,중,16000,,15138320,https://www.data.go.kr/data/15138320/fileData.do
강원특별자치도,태백시,기타,벽시계,대(150cm 이상),7500,,15138320,https://www.data.go.kr/data/15138320/fileData.do
강원특별자치도,태백시,기타,벽시계,소(120cm 미만),2500,,15138320,https://www.data.go.kr/data/15138320/fileData.do
강원특별자치도,태백시,기타,벽시계,중(150cm 미만),3500,,15138320,https://www.data.go.kr/data/15138320/fileData.do
강원특별자치도,태백시,기타,보일러통,대형(높이1.5m 이상),12000,,15138320,https://www.data.go.kr/data/15138320/fileData.do
강원특별자치도,태백시,기타,보일러통,소형(높이1m 미만),5000,,15138320,https://www.data.go.kr/data/15138320/fileData.do
강원특별자치도,태백시,기타,보일러통,중형(높이1~1.5m),7500,,15138320,https://www.data.go.kr/data/15138320/fileData.do
강원특별자치도,태백시,기타,보행기,모든규격,2500,,15138320,https://www.data.go.kr/data/15138320/fileData.do
강원특별자치도,태백시,기타,수족관,대,24000,,15138320,https://www.data.go.kr/data/15138320/fileData.do
강원특별자치도,태백시,기타,수족관,소,10000,,15138320,https://www.data.go.kr/data/15138320/fileData.do
강원특별자치도,태백시,기타,수족관,중,16000,,15138320,https://www.data.go.kr/data/15138320/fileData.do
강원특별자치도,태백시,기타,액자,대형,3500,,15138320,https://www.data.go.kr/data/15138320/fileData.do
강원특별자치도,태백시,기타,액자,소형,2500,,15138320,https://www.data.go.kr/data/15138320/fileData.do
강원특별자치도,태백시,기타,어항,1미터 미만,2500,,15138320,https://www.data.go.kr/data/15138320/fileData.do
강원특별자치도,태백시,기타,어항,1미터 이상,3500,,15138320,https://www.data.go.kr/data/15138320/fileData.do
강원특별자치도,태백시,기타,욕조(좌변기포함),모든규격,5000,,15138320,https://www.data.go.kr/data/15138320/fileData.do
강원특별자치도,태백시,기타,"유리(거울, 판유리)",1㎡당,2500,,15138320,https://www.data.go.kr/data/15138320/fileData.do
강원특별자치도,태백시,기타,유모차,모든규격,2500,,15138320,https://www.data.go.kr/data/15138320/fileData.do
강원특별자치도,태백시,기타,"이불(담요,솜이불)",장당,2500,,15138320,https://www.data.go.kr/data/15138320/fileData.do
강원특별자치도,태백시,기타,자전거,모든규격,2500,,15138320,https://www.data.go.kr/data/15138320/fileData.do
강원특별자치도,태백시,기타,장판,3m 당,3500,,15138320,https://www.data.go.kr/data/15138320/fileData.do
강원특별자치도,태백시,기타,전기매트,모든규격,3500,,15138320,https://www.data.go.kr/data/15138320/fileData.do
강원특별자치도,태백시,기타,청소기,모든규격,2500,,15138320,https://www.data.go.kr/data/15138320/fileData.do
강원특별자치도,태백시,기타,페타이어,대형(사이즈 20 이상),9500,,15138320,https://www.data.go.kr/data/15138320/fileData.do
강원특별자치도,태백시,기타,페타이어,소형(사이즈 15 까지),2500,,15138320,https://www.data.go.kr/data/15138320/fileData.do
강원특별자치도,태백시,기타,페타이어,중형(사이즈 16-19),6000,,15138320,https://www.data.go.kr/data/15138320/fileData.do
강원특별자치도,태백시,기타,피아노,그랜드,24000,,15138320,https://www.data.go.kr/data/15138320/fileData.do
강원특별자치도,태백시,기타,피아노,어프라이트,16000,,15138320,https://www.data.go.kr/data/15138320/fileData.do
강원특별자치도,횡성군,가구류,문갑,1쪽당,2000,2021-10-19,15092487,https://www.data.go.kr/data/15092487/fileData.do
강원특별자치도,횡성군,가구류,벽시계,높이 1.0m 미만,2000,2021-10-19,15092487,https://www.data.go.kr/data/15092487/fileData.do
강원특별자치도,횡성군,가구류,벽시계,높이 1.0m 이상,3000,2021-10-19,15092487,https://www.data.go.kr/data/15092487/fileData.do
강원특별자치도,횡성군,가구류,서랍장(진열장),높이1.8m미만,4000,2021-10-19,15092487,https://www.data.go.kr/data/15092487/fileData.do
강원특별자치도,횡성군,가구류,서랍장(진열장),높이1.8m이상,6000,2021-10-19,15092487,https://www.data.go.kr/data/15092487/fileData.do
강원특별자치도,횡성군,가구류,소파,1~2인용,2000,2021-10-19,15092487,https://www.data.go.kr/data/15092487/fileData.do
강원특별자치도,횡성군,가구류,소파,3인용,3000,2021-10-19,15092487,https://www.data.go.kr/data/15092487/fileData.do
강원특별자치도,횡성군,가구류,소파,4인용,5000,2021-10-19,15092487,https://www.data.go.kr/data/15092487/fileData.do
강원특별자치도,횡성군,가구류,소파,6인용,8000,2021-10-19,15092487,https://www.data.go.kr/data/15092487/fileData.do
강원특별자치도,횡성군,가구류,소파,보조의자,2000,2021-10-19,15092487,https://www.data.go.kr/data/15092487/fileData.do
강원특별자치도,횡성군,가구류,식탁,6인 미만,4000,2021-10-19,15092487,https://www.data.go.kr/data/15092487/fileData.do
강원특별자치도,횡성군,가구류,식탁,6인 이상,5000,2021-10-19,15092487,https://www.data.go.kr/data/15092487/fileData.do
강원특별자치도,횡성군,가구류,식탁,6인 이상,5000,2021-10-19,15092487,https://www.data.go.kr/data/15092487/fileData.do
강원특별자치도,횡성군,가구류,신발장,높이 1.0m미만,4000,2021-10-19,15092487,https://www.data.go.kr/data/15092487/fileData.do
강원특별자치도,횡성군,가구류,신발장,높이 1.0m이상,5000,2021-10-19,15092487,https://www.data.go.kr/data/15092487/fileData.do
강원특별자치도,횡성군,가구류,의자,일반 2인용 미만,2000,2021-10-19,15092487,https://www.data.go.kr/data/15092487/fileData.do
강원특별자치도,횡성군,가구류,의자,일반 2인용 이상,3000,2021-10-19,15092487,https://www.data.go.kr/data/15092487/fileData.do
강원특별자치도,횡성군,가구류,장농,폭1.2m미만 장 1쪽,12000,2021-10-19,15092487,https://www.data.go.kr/data/15092487/fileData.do
강원특별자치도,횡성군,가구류,장농,폭1.2m이상 장 1쪽,15000,2021-10-19,15092487,https://www.data.go.kr/data/15092487/fileData.do
강원특별자치도,횡성군,가구류,장식장(책장),높이 1.8m미만,4000,2021-10-19,15092487,https://www.data.go.kr/data/15092487/fileData.do
강원특별자치도,횡성군,가구류,장식장(책장),높이 1.8m이상,6000,2021-10-19,15092487,https://www.data.go.kr/data/15092487/fileData.do
강원특별자치도,횡성군,가구류,책상,"양수, 대형",5000,2021-10-19,15092487,https://www.data.go.kr/data/15092487/fileData.do
강원특별자치도,횡성군,가구류,책상,"편수, 소형",4000,2021-10-19,15092487,https://www.data.go.kr/data/15092487/fileData.do
강원특별자치도,횡성군,가구류,침대,1인용 메트리스,5000,2021-10-19,15092487,https://www.data.go.kr/data/15092487/fileData.do
강원특별자치도,횡성군,가구류,침대,1인용 받침대,4000,2021-10-19,15092487,https://www.data.go.kr/data/15092487/fileData.do
강원특별자치도,횡성군,가구류,침대,2인용 메트리스,8000,2021-10-19,15092487,https://www.data.go.kr/data/15092487/fileData.do
강원특별자치도,횡성군,가구류,침대,2인용 받침대,6000,2021-10-19,15092487,https://www.data.go.kr/data/15092487/fileData.do
강원특별자치도,횡성군,가구류,케비넷,3단 미만,4000,2021-10-19,15092487,https://www.data.go.kr/data/15092487/fileData.do
강원특별자치도,횡성군,가구류,케비넷,3단 이상,8000,2021-10-19,15092487,https://www.data.go.kr/data/15092487/fileData.do
강원특별자치도,횡성군,가구류,화장대,높이 1.0m미만,4000,2021-10-19,15092487,https://www.data.go.kr/data/15092487/fileData.do
강원특별자치도,횡성군,가구류,화장대,높이 1.0m이상,5000,2021-10-19,15092487,https://www.data.go.kr/data/15092487/fileData.do
강원특별자치도,횡성군,가전제품,가스오븐레인지,높이 1m미만,2000,2021-10-19,15092487,https://www.data.go.kr/data/15092487/fileData.do
강원특별자치도,횡성군,가전제품,가스오븐레인지,높이 1m이상,4000,2021-10-19,15092487,https://www.data.go.kr/data/15092487/fileData.do
강원특별자치도,횡성군,가전제품,공기청정기,높이 1m 미만,2000,2021-10-19,15092487,https://www.data.go.kr/data/15092487/fileData.do
강원특별자치도,횡성군,가전제품,공기청정기,높이 1m 이상,5000,2021-10-19,15092487,https://www.data.go.kr/data/15092487/fileData.do
강원특별자치도,횡성군,가전제품,난로,석유,3000,2021-10-19,15092487,https://www.data.go.kr/data/15092487/fileData.do
강원특별자치도,횡성군,가전제품,난로,전기,2000,2021-10-19,15092487,https://www.data.go.kr/data/15092487/fileData.do
강원특별자치도,횡성군,가전제품,냉장고,200ℓ 미만,4000,2021-10-19,15092487,https://www.data.go.kr/data/15092487/fileData.do
강원특별자치도,횡성군,가전제품,냉장고,300ℓ 이상,6000,2021-10-19,15092487,https://www.data.go.kr/data/15092487/fileData.do
강원특별자치도,횡성군,가전제품,냉장고,500ℓ 이상,8000,2021-10-19,15092487,https://www.data.go.kr/data/15092487/fileData.do
강원특별자치도,횡성군,가전제품,복사기,모든규격,8000,2021-10-19,15092487,https://www.data.go.kr/data/15092487/fileData.do
강원특별자치도,횡성군,가전제품,선풍기,가정용,2000,2021-10-19,15092487,https://www.data.go.kr/data/15092487/fileData.do
강원특별자치도,횡성군,가전제품,선풍기,업소용,4000,2021-10-19,15092487,https://www.data.go.kr/data/15092487/fileData.do
강원특별자치도,횡성군,가전제품,세탁기,모 든 규 격,5000,2021-10-19,15092487,https://www.data.go.kr/data/15092487/fileData.do
강원특별자치도,횡성군,가전제품,식기세척기,모든규격,4000,2021-10-19,15092487,https://www.data.go.kr/data/15092487/fileData.do
강원특별자치도,횡성군,가전제품,에어컨,264㎥ 이상,8000,2021-10-19,15092487,https://www.data.go.kr/data/15092487/fileData.do
강원특별자치도,횡성군,가전제품,에어컨,66㎥ 미만,3000,2021-10-19,15092487,https://www.data.go.kr/data/15092487/fileData.do
강원특별자치도,횡성군,가전제품,에어컨,66㎥ 이상,5000,2021-10-19,15092487,https://www.data.go.kr/data/15092487/fileData.do
강원특별자치도,횡성군,가전제품,에어컨(온풍기),냉각기(연료탱크),2000,2021-10-19,15092487,https://www.data.go.kr/data/15092487/fileData.do
강원특별자치도,횡성군,가전제품,오르간,모든규격,5000,2021-10-19,15092487,https://www.data.go.kr/data/15092487/fileData.do
강원특별자치도,횡성군,가전제품,온풍기,264㎡형 이상,8000,2021-10-19,15092487,https://www.data.go.kr/data/15092487/fileData.do
강원특별자치도,횡성군,가전제품,온풍기,66㎡형 미만,3000,2021-10-19,15092487,https://www.data.go.kr/data/15092487/fileData.do
강원특별자치도,횡성군,가전제품,온풍기,66㎡형 이상,5000,2021-10-19,15092487,https://www.data.go.kr/data/15092487/fileData.do
강원특별자치도,횡성군,가전제품,자동판매기,대형(높이 1m이상),8000,2021-10-19,15092487,https://www.data.go.kr/data/15092487/fileData.do
강원특별자치도,횡성군,가전제품,자동판매기,소형(높이 1m미만),6000,2021-10-19,15092487,https://www.data.go.kr/data/15092487/fileData.do
강원특별자치도,횡성군,가전제품,전기밥통(밥솥),모든규격,2000,2021-10-19,15092487,https://www.data.go.kr/data/15092487/fileData.do
강원특별자치도,횡성군,가전제품,전자레인지,가정용,3000,2021-10-19,15092487,https://www.data.go.kr/data/15092487/fileData.do
강원특별자치도,횡성군,가전제품,전축,본체,5000,2021-10-19,15092487,https://www.data.go.kr/data/15092487/fileData.do
강원특별자치도,횡성군,가전제품,전축,스피커 1대당,2000,2021-10-19,15092487,https://www.data.go.kr/data/15092487/fileData.do
강원특별자치도,횡성군,가전제품,정수기,모든규격,4000,2021-10-19,15092487,https://www.data.go.kr/data/15092487/fileData.do
강원특별자치도,횡성군,가전제품,청소기,모든규격,3000,2021-10-19,15092487,https://www.data.go.kr/data/15092487/fileData.do
강원특별자치도,횡성군,가전제품,컴퓨터,모니터,3000,2021-10-19,15092487,https://www.data.go.kr/data/15092487/fileData.do
강원특별자치도,횡성군,가전제품,컴퓨터,본체,3000,2021-10-19,15092487,https://www.data.go.kr/data/15092487/fileData.do
강원특별자치도,횡성군,가전제품,컴퓨터,키보드,2000,2021-10-19,15092487,https://www.data.go.kr/data/15092487/fileData.do
강원특별자치도,횡성군,가전제품,탈수기,모든규격,3000,2021-10-19,15092487,https://www.data.go.kr/data/15092487/fileData.do
강원특별자치도,횡성군,가전제품,텔레비젼,12인치 이상,3000,2021-10-19,15092487,https://www.data.go.kr/data/15092487/fileData.do
강원특별자치도,횡성군,가전제품,텔레비젼,42인치 이상,5000,2021-10-19,15092487,https://www.data.go.kr/data/15092487/fileData.do
강원특별자치도,횡성군,가전제품,팩시밀리,모든규격,3000,2021-10-19,15092487,https://www.data.go.kr/data/15092487/fileData.do
강원특별자치도,횡성군,가전제품,피아노,그랜드,15000,2021-10-19,15092487,https://www.data.go.kr/data/15092487/fileData.do
강원특별자치도,횡성군,가전제품,피아노,어프라이트,10000,2021-10-19,15092487,https://www.data.go.kr/data/15092487/fileData.do
강원특별자치도,횡성군,기타,간판,1.8m 미만,4000,2021-10-19,15092487,https://www.data.go.kr/data/15092487/fileData.do
강원특별자치도,횡성군,기타,간판,1.8m 이상,5000,2021-10-19,15092487,https://www.data.go.kr/data/15092487/fileData.do
강원특별자치도,횡성군,기타,변기,모든규격,5000,2021-10-19,15092487,https://www.data.go.kr/data/15092487/fileData.do
강원특별자치도,횡성군,기타,보일러,대형,8000,2021-10-19,15092487,https://www.data.go.kr/data/15092487/fileData.do
강원특별자치도,횡성군,기타,보일러,소형,3000,2021-10-19,15092487,https://www.data.go.kr/data/15092487/fileData.do
강원특별자치도,횡성군,기타,보일러,중형,5000,2021-10-19,15092487,https://www.data.go.kr/data/15092487/fileData.do
강원특별자치도,횡성군,기타,세면대,모든 규격,5000,2021-10-19,15092487,https://www.data.go.kr/data/15092487/fileData.do
강원특별자치도,횡성군,기타,소화기,3.3kg 미만,2000,2021-10-19,15092487,https://www.data.go.kr/data/15092487/fileData.do
강원특별자치도,횡성군,기타,소화기,3.3kg 이상 10kg 미만,5000,2021-10-19,15092487,https://www.data.go.kr/data/15092487/fileData.do
강원특별자치도,횡성군,기타,수족관(어항),가로 1m 미만,3000,2021-10-19,15092487,https://www.data.go.kr/data/15092487/fileData.do
강원특별자치도,횡성군,기타,수족관(어항),가로1m이상,5000,2021-10-19,15092487,https://www.data.go.kr/data/15092487/fileData.do
강원특별자치도,횡성군,기타,싱크대,폭1.2m미만,4000,2021-10-19,15092487,https://www.data.go.kr/data/15092487/fileData.do
강원특별자치도,횡성군,기타,싱크대,폭1.2m이상,6000,2021-10-19,15092487,https://www.data.go.kr/data/15092487/fileData.do
강원특별자치도,횡성군,기타,싱크대 찬장,폭1.0m미만,4000,2021-10-19,15092487,https://www.data.go.kr/data/15092487/fileData.do
강원특별자치도,횡성군,기타,싱크대 찬장,폭1.0m이상,6000,2021-10-19,15092487,https://www.data.go.kr/data/15092487/fileData.do
강원특별자치도,횡성군,기타,오락기,높이 1.0m 미만,4000,2021-10-19,15092487,https://www.data.go.kr/data/15092487/fileData.do
강원특별자치도,횡성군,기타,오락기,높이 1.0m 이상,5000,2021-10-19,15092487,https://www.data.go.kr/data/15092487/fileData.do
강원특별자치도,횡성군,기타,욕조,모든 규격,6000,2021-10-19,15092487,https://www.data.go.kr/data/15092487/fileData.do
강원특별자치도,횡성군,기타,자전거,성인용(두발),4000,2021-10-19,15092487,https://www.data.go.kr/data/15092487/fileData.do
강원특별자치도,횡성군,기타,자전거,아동용(두발),3000,2021-10-19,15092487,https://www.data.go.kr/data/15092487/fileData.do
강원특별자치도,횡성군,기타,자전거,아동용(세발),2000,2021-10-19,15092487,https://www.data.go.kr/data/15092487/fileData.do
강원특별자치도,횡성군,기타,타이어,내경 40cm이상,4000,2021-10-19,15092487,https://www.data.go.kr/data/15092487/fileData.do
강원특별자치도,횡성군,기타,타이어,내경 40cm이하,2000,2021-10-19,15092487,https://www.data.go.kr/data/15092487/fileData.do
강원특별자치도,횡성군,기타,타이어,내경 50cm이상,6000,2021-10-19,15092487,https://www.data.go.kr/data/15092487/fileData.do
강원특별자치도,횡성군,기타,프린터기,대형(레이저),5000,2021-10-19,15092487,https://www.data.go.kr/data/15092487/fileData.do
강원특별자치도,횡성군,기타,프린터기,소형(잉크젯),3000,2021-10-19,15092487,https://www.data.go.kr/data/15092487/fileData.do
강원특별자치도,횡성군,기타,화장실,2조식 미만,10000,2021-10-19,15092487,https://www.data.go.kr/data/15092487/fileData.do
강원특별자치도,횡성군,기타,화장실,2조식 이상,15000,2021-10-19,15092487,https://www.data.go.kr/data/15092487/fileData.do
경기도,광명시,가구류,돌침대세트,1인용,22000,2025-12-08,15094076,https://www.data.go.kr/data/15094076/fileData.do
경기도,광명시,가구류,돌침대세트,2인용,28000,2025-12-08,15094076,https://www.data.go.kr/data/15094076/fileData.do
경기도,광명시,가구류,매트리스(라텍스),1인용,8000,2025-12-08,15094076,https://www.data.go.kr/data/15094076/fileData.do
경기도,광명시,가구류,매트리스(라텍스),2인용,13000,2025-12-08,15094076,https://www.data.go.kr/data/15094076/fileData.do
경기도,광명시,가구류,매트리스(라텍스),유아용,2000,2025-12-08,15094076,https://www.data.go.kr/data/15094076/fileData.do
경기도,광명시,가구류,문갑(거실장) 대리석,1m 미만,6000,2025-12-08,15094076,https://www.data.go.kr/data/15094076/fileData.do
경기도,광명시,가구류,문갑(거실장) 대리석,1m 이상,8000,2025-12-08,15094076,https://www.data.go.kr/data/15094076/fileData.do
경기도,광명시,가구류,문갑(거실장) 원목,1m 미만,4000,2025-12-08,15094076,https://www.data.go.kr/data/15094076/fileData.do
경기도,광명시,가구류,문갑(거실장) 원목,1m 이상,6000,2025-12-08,15094076,https://www.data.go.kr/data/15094076/fileData.do
경기도,광명시,가구류,밥상,4인용 미만(교자상 포함),1000,2025-12-08,15094076,https://www.data.go.kr/data/15094076/fileData.do
경기도,광명시,가구류,밥상,4인용 이상,2000,2025-12-08,15094076,https://www.data.go.kr/data/15094076/fileData.do
경기도,광명시,가구류,밥상,6인용 이상,3000,2025-12-08,15094076,https://www.data.go.kr/data/15094076/fileData.do
경기도,광명시,가구류,서랍장,4단 이하,6000,2025-12-08,15094076,https://www.data.go.kr/data/15094076/fileData.do
경기도,광명시,가구류,서랍장,5단 이상,9000,2025-12-08,15094076,https://www.data.go.kr/data/15094076/fileData.do
경기도,광명시,가구류,소파,1인용,3000,2025-12-08,15094076,https://www.data.go.kr/data/15094076/fileData.do
경기도,광명시,가구류,소파,2인용,5000,2025-12-08,15094076,https://www.data.go.kr/data/15094076/fileData.do
경기도,광명시,가구류,소파,3인용,7000,2025-12-08,15094076,https://www.data.go.kr/data/15094076/fileData.do
경기도,광명시,가구류,소파,4인용 이상,9000,2025-12-08,15094076,https://www.data.go.kr/data/15094076/fileData.do
경기도,광명시,가구류,소파,돌소파,20000,2025-12-08,15094076,https://www.data.go.kr/data/15094076/fileData.do
경기도,광명시,가구류,소파,스툴,3000,2025-12-08,15094076,https://www.data.go.kr/data/15094076/fileData.do
경기도,광명시,가구류,소파,카우치,6000,2025-12-08,15094076,https://www.data.go.kr/data/15094076/fileData.do
경기도,광명시,가구류,식탁,4인용 미만,3000,2025-12-08,15094076,https://www.data.go.kr/data/15094076/fileData.do
경기도,광명시,가구류,식탁,4인용 이상,5000,2025-12-08,15094076,https://www.data.go.kr/data/15094076/fileData.do
경기도,광명시,가구류,식탁,6인용 미만(대리석),10000,2025-12-08,15094076,https://www.data.go.kr/data/15094076/fileData.do
경기도,광명시,가구류,식탁,6인용 이상,7000,2025-12-08,15094076,https://www.data.go.kr/data/15094076/fileData.do
경기도,광명시,가구류,식탁,6인용 이상(대리석),15000,2025-12-08,15094076,https://www.data.go.kr/data/15094076/fileData.do
경기도,광명시,가구류,신발장,1m 미만,3000,2025-12-08,15094076,https://www.data.go.kr/data/15094076/fileData.do
경기도,광명시,가구류,신발장,1m 이상,5000,2025-12-08,15094076,https://www.data.go.kr/data/15094076/fileData.do
경기도,광명시,가구류,싱크대,120㎝ 미만 1쪽,4000,2025-12-08,15094076,https://www.data.go.kr/data/15094076/fileData.do
경기도,광명시,가구류,싱크대,120㎝ 이상 1쪽,7000,2025-12-08,15094076,https://www.data.go.kr/data/15094076/fileData.do
경기도,광명시,가구류,싱크대,찬장 1쪽,2000,2025-12-08,15094076,https://www.data.go.kr/data/15094076/fileData.do
경기도,광명시,가구류,싱크대(대리석상판),길이 1.2m 미만,10000,2025-12-08,15094076,https://www.data.go.kr/data/15094076/fileData.do
경기도,광명시,가구류,싱크대(대리석상판),길이 1.2m 이상,12000,2025-12-08,15094076,https://www.data.go.kr/data/15094076/fileData.do
경기도,광명시,가구류,안마의자,모든규격,10000,2025-12-08,15094076,https://www.data.go.kr/data/15094076/fileData.do
경기도,광명시,가구류,의자,1인용,2000,2025-12-08,15094076,https://www.data.go.kr/data/15094076/fileData.do
경기도,광명시,가구류,장롱,장롱상 하단받침,2000,2025-12-08,15094076,https://www.data.go.kr/data/15094076/fileData.do
경기도,광명시,가구류,장롱,폭 120cm이상,18000,2025-12-08,15094076,https://www.data.go.kr/data/15094076/fileData.do
경기도,광명시,가구류,장롱,폭 90cm미만,10000,2025-12-08,15094076,https://www.data.go.kr/data/15094076/fileData.do
경기도,광명시,가구류,장롱,폭 90cm이상 120cm미만,14000,2025-12-08,15094076,https://www.data.go.kr/data/15094076/fileData.do
경기도,광명시,가구류,주니어장,모든규격,7000,2025-12-08,15094076,https://www.data.go.kr/data/15094076/fileData.do
경기도,광명시,가구류,차탁자(티테이블),대리석,6000,2025-12-08,15094076,https://www.data.go.kr/data/15094076/fileData.do
경기도,광명시,가구류,차탁자(티테이블),원목,3000,2025-12-08,15094076,https://www.data.go.kr/data/15094076/fileData.do
경기도,광명시,가구류,책꽂이,2단 미만,2000,2025-12-08,15094076,https://www.data.go.kr/data/15094076/fileData.do
경기도,광명시,가구류,책꽂이,2단 이상,3000,2025-12-08,15094076,https://www.data.go.kr/data/15094076/fileData.do
경기도,광명시,가구류,책상,세트(서랍+상판+책장),10000,2025-12-08,15094076,https://www.data.go.kr/data/15094076/fileData.do
경기도,광명시,가구류,책상,양수,7000,2025-12-08,15094076,https://www.data.go.kr/data/15094076/fileData.do
경기도,광명시,가구류,책상,유아용 책상 세트,5000,2025-12-08,15094076,https://www.data.go.kr/data/15094076/fileData.do
경기도,광명시,가구류,책상,컴퓨터 책상(서랍없음),4000,2025-12-08,15094076,https://www.data.go.kr/data/15094076/fileData.do
경기도,광명시,가구류,책상,편수,5000,2025-12-08,15094076,https://www.data.go.kr/data/15094076/fileData.do
경기도,광명시,가구류,책상,협탁(보조책상),3000,2025-12-08,15094076,https://www.data.go.kr/data/15094076/fileData.do
경기도,광명시,가구류,책상칸막이(파티션),1㎡ 미만,2000,2025-12-08,15094076,https://www.data.go.kr/data/15094076/fileData.do
경기도,광명시,가구류,책상칸막이(파티션),1㎡ 이상,3000,2025-12-08,15094076,https://www.data.go.kr/data/15094076/fileData.do
경기도,광명시,가구류,책장 및 장식장,90㎝×180㎝ 미만,6000,2025-12-08,15094076,https://www.data.go.kr/data/15094076/fileData.do
경기도,광명시,가구류,책장 및 장식장,90㎝×180㎝ 이상,10000,2025-12-08,15094076,https://www.data.go.kr/data/15094076/fileData.do
경기도,광명시,가구류,책장 및 장식장,박스형(개당),1000,2025-12-08,15094076,https://www.data.go.kr/data/15094076/fileData.do
경기도,광명시,가구류,침대,2층 침대,19000,2025-12-08,15094076,https://www.data.go.kr/data/15094076/fileData.do
경기도,광명시,가구류,침대,접이식 침대,5000,2025-12-08,15094076,https://www.data.go.kr/data/15094076/fileData.do
경기도,광명시,가구류,침대틀,1인용,6000,2025-12-08,15094076,https://www.data.go.kr/data/15094076/fileData.do
경기도,광명시,가구류,침대틀,2인용,8000,2025-12-08,15094076,https://www.data.go.kr/data/15094076/fileData.do
경기도,광명시,가구류,침대틀,유아용,3000,2025-12-08,15094076,https://www.data.go.kr/data/15094076/fileData.do
경기도,광명시,가구류,화장대,거울미포함,3000,2025-12-08,15094076,https://www.data.go.kr/data/15094076/fileData.do
경기도,광명시,가구류,화장대,거울포함,5000,2025-12-08,15094076,https://www.data.go.kr/data/15094076/fileData.do
경기도,광명시,가구류,화장실장식장,모든규격,2000,2025-12-08,15094076,https://www.data.go.kr/data/15094076/fileData.do
경기도,광명시,가구류,회의용 탁자,8인 미만,4000,2025-12-08,15094076,https://www.data.go.kr/data/15094076/fileData.do
경기도,광명시,가구류,회의용 탁자,8인 이상,6000,2025-12-08,15094076,https://www.data.go.kr/data/15094076/fileData.do
경기도,광명시,기타생활용품류,FRP 물탱크,1톤 이하,10000,2025-12-08,15094076,https://www.data.go.kr/data/15094076/fileData.do
경기도,광명시,기타생활용품류,FRP 물탱크,2톤 이하,15000,2025-12-08,15094076,https://www.data.go.kr/data/15094076/fileData.do
경기도,광명시,기타생활용품류,FRP 물탱크,4톤 이하,20000,2025-12-08,15094076,https://www.data.go.kr/data/15094076/fileData.do
경기도,광명시,기타생활용품류,TV안테나,모든규격,2000,2025-12-08,15094076,https://www.data.go.kr/data/15094076/fileData.do
경기도,광명시,기타생활용품류,가방류,50cm 미만,2000,2025-12-08,15094076,https://www.data.go.kr/data/15094076/fileData.do
경기도,광명시,기타생활용품류,가방류,50cm 이상,3000,2025-12-08,15094076,https://www.data.go.kr/data/15094076/fileData.do
경기도,광명시,기타생활용품류,가방류,골프가방,3000,2025-12-08,15094076,https://www.data.go.kr/data/15094076/fileData.do
경기도,광명시,기타생활용품류,간판,40㎝×100㎝ 미만,4000,2025-12-08,15094076,https://www.data.go.kr/data/15094076/fileData.do
경기도,광명시,기타생활용품류,간판,40㎝×100㎝ 이상,7000,2025-12-08,15094076,https://www.data.go.kr/data/15094076/fileData.do
경기도,광명시,기타생활용품류,간판,입간판,3000,2025-12-08,15094076,https://www.data.go.kr/data/15094076/fileData.do
경기도,광명시,기타생활용품류,개집,모든규격,3000,2025-12-08,15094076,https://www.data.go.kr/data/15094076/fileData.do
경기도,광명시,기타생활용품류,거울,100㎝×50㎝ 미만,2000,2025-12-08,15094076,https://www.data.go.kr/data/15094076/fileData.do
경기도,광명시,기타생활용품류,거울,100㎝×50㎝ 이상,3000,2025-12-08,15094076,https://www.data.go.kr/data/15094076/fileData.do
경기도,광명시,기타생활용품류,고무통,70㎝×80㎝ 이하,2000,2025-12-08,15094076,https://www.data.go.kr/data/15094076/fileData.do
경기도,광명시,기타생활용품류,고무통,90㎝×100㎝ 미만,3000,2025-12-08,15094076,https://www.data.go.kr/data/15094076/fileData.do
경기도,광명시,기타생활용품류,고무통,90㎝×100㎝ 이상,4000,2025-12-08,15094076,https://www.data.go.kr/data/15094076/fileData.do
경기도,광명시,기타생활용품류,괘종시계,모든규격,3000,2025-12-08,15094076,https://www.data.go.kr/data/15094076/fileData.do
경기도,광명시,기타생활용품류,금고,대형(70㎝×100㎝ 이상),15000,2025-12-08,15094076,https://www.data.go.kr/data/15094076/fileData.do
경기도,광명시,기타생활용품류,금고,소형(50㎝×60㎝ 미만),10000,2025-12-08,15094076,https://www.data.go.kr/data/15094076/fileData.do
경기도,광명시,기타생활용품류,금고,중형(70㎝×100㎝ 미만),12000,2025-12-08,15094076,https://www.data.go.kr/data/15094076/fileData.do
경기도,광명시,기타생활용품류,다림질판,모든규격,2000,2025-12-08,15094076,https://www.data.go.kr/data/15094076/fileData.do
경기도,광명시,기타생활용품류,당구대,모든규격,15000,2025-12-08,15094076,https://www.data.go.kr/data/15094076/fileData.do
경기도,광명시,기타생활용품류,대자리,3.3㎡(1평)당,2000,2025-12-08,15094076,https://www.data.go.kr/data/15094076/fileData.do
경기도,광명시,기타생활용품류,도마,모든규격,2000,2025-12-08,15094076,https://www.data.go.kr/data/15094076/fileData.do
경기도,광명시,기타생활용품류,렌지후드,모든규격,2000,2025-12-08,15094076,https://www.data.go.kr/data/15094076/fileData.do
경기도,광명시,기타생활용품류,마네킹,모든규격,3000,2025-12-08,15094076,https://www.data.go.kr/data/15094076/fileData.do
경기도,광명시,기타생활용품류,문짝,방문+현관문 등,3000,2025-12-08,15094076,https://www.data.go.kr/data/15094076/fileData.do
경기도,광명시,기타생활용품류,문짝,창문,2000,2025-12-08,15094076,https://www.data.go.kr/data/15094076/fileData.do
경기도,광명시,기타생활용품류,물통,모든규격,2000,2025-12-08,15094076,https://www.data.go.kr/data/15094076/fileData.do
경기도,광명시,기타생활용품류,방충망,모든규격,2000,2025-12-08,15094076,https://www.data.go.kr/data/15094076/fileData.do
경기도,광명시,기타생활용품류,변기,양변기,4000,2025-12-08,15094076,https://www.data.go.kr/data/15094076/fileData.do
경기도,광명시,기타생활용품류,변기,유아용,3000,2025-12-08,15094076,https://www.data.go.kr/data/15094076/fileData.do
경기도,광명시,기타생활용품류,변기,좌변기,4000,2025-12-08,15094076,https://www.data.go.kr/data/15094076/fileData.do
경기도,광명시,기타생활용품류,병풍,모든규격,2000,2025-12-08,15094076,https://www.data.go.kr/data/15094076/fileData.do
경기도,광명시,기타생활용품류,블라인드,모든규격,2000,2025-12-08,15094076,https://www.data.go.kr/data/15094076/fileData.do
경기도,광명시,기타생활용품류,비데,모든규격,2000,2025-12-08,15094076,https://www.data.go.kr/data/15094076/fileData.do
경기도,광명시,기타생활용품류,빨래건조대,모든규격,2000,2025-12-08,15094076,https://www.data.go.kr/data/15094076/fileData.do
경기도,광명시,기타생활용품류,석유난로,모든규격,4000,2025-12-08,15094076,https://www.data.go.kr/data/15094076/fileData.do
경기도,광명시,기타생활용품류,세면대,모든규격,3000,2025-12-08,15094076,https://www.data.go.kr/data/15094076/fileData.do
경기도,광명시,기타생활용품류,소화기,3.3kg 이하,3000,2025-12-08,15094076,https://www.data.go.kr/data/15094076/fileData.do
경기도,광명시,기타생활용품류,소화기,3.3kg 초과,5000,2025-12-08,15094076,https://www.data.go.kr/data/15094076/fileData.do
경기도,광명시,기타생활용품류,수족관(어항),대형(2m 이상),13000,2025-12-08,15094076,https://www.data.go.kr/data/15094076/fileData.do
경기도,광명시,기타생활용품류,수족관(어항),받침대,3000,2025-12-08,15094076,https://www.data.go.kr/data/15094076/fileData.do
경기도,광명시,기타생활용품류,수족관(어항),소형(1m 미만),5000,2025-12-08,15094076,https://www.data.go.kr/data/15094076/fileData.do
경기도,광명시,기타생활용품류,수족관(어항),중형(1m 이상),9000,2025-12-08,15094076,https://www.data.go.kr/data/15094076/fileData.do
경기도,광명시,기타생활용품류,스키+보드+부츠,모든규격,3000,2025-12-08,15094076,https://www.data.go.kr/data/15094076/fileData.do
경기도,광명시,기타생활용품류,식기건조대,모든규격,2000,2025-12-08,15094076,https://www.data.go.kr/data/15094076/fileData.do
경기도,광명시,기타생활용품류,쌀통,모든규격,3000,2025-12-08,15094076,https://www.data.go.kr/data/15094076/fileData.do
경기도,광명시,기타생활용품류,쓰레기통,가정용,1000,2025-12-08,15094076,https://www.data.go.kr/data/15094076/fileData.do
경기도,광명시,기타생활용품류,쓰레기통,사무실용+옥외용,2000,2025-12-08,15094076,https://www.data.go.kr/data/15094076/fileData.do
경기도,광명시,기타생활용품류,아이스박스,모든규격,3000,2025-12-08,15094076,https://www.data.go.kr/data/15094076/fileData.do
경기도,광명시,기타생활용품류,액자,1m 미만,2000,2025-12-08,15094076,https://www.data.go.kr/data/15094076/fileData.do
경기도,광명시,기타생활용품류,액자,1m 이상,3000,2025-12-08,15094076,https://www.data.go.kr/data/15094076/fileData.do
경기도,광명시,기타생활용품류,옷걸이+행거,모든규격,2000,2025-12-08,15094076,https://www.data.go.kr/data/15094076/fileData.do
경기도,광명시,기타생활용품류,욕조,반신욕기,4000,2025-12-08,15094076,https://www.data.go.kr/data/15094076/fileData.do
경기도,광명시,기타생활용품류,욕조,성인용,5000,2025-12-08,15094076,https://www.data.go.kr/data/15094076/fileData.do
경기도,광명시,기타생활용품류,욕조,유아용,4000,2025-12-08,15094076,https://www.data.go.kr/data/15094076/fileData.do
경기도,광명시,기타생활용품류,욕조,족욕기,3000,2025-12-08,15094076,https://www.data.go.kr/data/15094076/fileData.do
경기도,광명시,기타생활용품류,운동기구,자전거+스텝퍼,7000,2025-12-08,15094076,https://www.data.go.kr/data/15094076/fileData.do
경기도,광명시,기타생활용품류,유리,1㎡당,2000,2025-12-08,15094076,https://www.data.go.kr/data/15094076/fileData.do
경기도,광명시,기타생활용품류,유아용놀이매트,3.3㎡(1평)당,2000,2025-12-08,15094076,https://www.data.go.kr/data/15094076/fileData.do
경기도,광명시,기타생활용품류,유아용품,보행기,2000,2025-12-08,15094076,https://www.data.go.kr/data/15094076/fileData.do
경기도,광명시,기타생활용품류,유아용품,유모차,2000,2025-12-08,15094076,https://www.data.go.kr/data/15094076/fileData.do
경기도,광명시,기타생활용품류,유아용품,카시트,3000,2025-12-08,15094076,https://www.data.go.kr/data/15094076/fileData.do
경기도,광명시,기타생활용품류,이동식화장실,모든규격,30000,2025-12-08,15094076,https://www.data.go.kr/data/15094076/fileData.do
경기도,광명시,기타생활용품류,이불,솜이불,3000,2025-12-08,15094076,https://www.data.go.kr/data/15094076/fileData.do
경기도,광명시,기타생활용품류,이불,일반이불,2000,2025-12-08,15094076,https://www.data.go.kr/data/15094076/fileData.do
경기도,광명시,기타생활용품류,인형+장난감류,대형(미끄럼틀+놀이집 등),5000,2025-12-08,15094076,https://www.data.go.kr/data/15094076/fileData.do
경기도,광명시,기타생활용품류,인형+장난감류,소형(3㎏당),1000,2025-12-08,15094076,https://www.data.go.kr/data/15094076/fileData.do
경기도,광명시,기타생활용품류,일반밥솥,가정용,2000,2025-12-08,15094076,https://www.data.go.kr/data/15094076/fileData.do
경기도,광명시,기타생활용품류,일반밥솥,업소용,4000,2025-12-08,15094076,https://www.data.go.kr/data/15094076/fileData.do
경기도,광명시,기타생활용품류,자전거,성인용,4000,2025-12-08,15094076,https://www.data.go.kr/data/15094076/fileData.do
경기도,광명시,기타생활용품류,자전거,어린이용(2륜),3000,2025-12-08,15094076,https://www.data.go.kr/data/15094076/fileData.do
경기도,광명시,기타생활용품류,자전거,어린이용(3륜),2000,2025-12-08,15094076,https://www.data.go.kr/data/15094076/fileData.do
경기도,광명시,기타생활용품류,재봉틀,모든규격,3000,2025-12-08,15094076,https://www.data.go.kr/data/15094076/fileData.do
경기도,광명시,기타생활용품류,조명기구,모든규격,2000,2025-12-08,15094076,https://www.data.go.kr/data/15094076/fileData.do
경기도,광명시,기타생활용품류,진열대,1m 미만,5000,2025-12-08,15094076,https://www.data.go.kr/data/15094076/fileData.do
경기도,광명시,기타생활용품류,진열대,1m 이상,7000,2025-12-08,15094076,https://www.data.go.kr/data/15094076/fileData.do
경기도,광명시,기타생활용품류,진열대,2m 이상,10000,2025-12-08,15094076,https://www.data.go.kr/data/15094076/fileData.do
경기도,광명시,기타생활용품류,칠판(게시판),1m 미만,2000,2025-12-08,15094076,https://www.data.go.kr/data/15094076/fileData.do
경기도,광명시,기타생활용품류,칠판(게시판),1m 이상,3000,2025-12-08,15094076,https://www.data.go.kr/data/15094076/fileData.do
경기도,광명시,기타생활용품류,캐비닛,1짝문,4000,2025-12-08,15094076,https://www.data.go.kr/data/15094076/fileData.do
경기도,광명시,기타생활용품류,캐비닛,2짝문,5000,2025-12-08,15094076,https://www.data.go.kr/data/15094076/fileData.do
경기도,광명시,기타생활용품류,캠핑텐트,모든규격,3000,2025-12-08,15094076,https://www.data.go.kr/data/15094076/fileData.do
경기도,광명시,기타생활용품류,캣타워,모든규격,3000,2025-12-08,15094076,https://www.data.go.kr/data/15094076/fileData.do
경기도,광명시,기타생활용품류,커튼,2m 미만,1000,2025-12-08,15094076,https://www.data.go.kr/data/15094076/fileData.do
경기도,광명시,기타생활용품류,커튼,2m 이상,2000,2025-12-08,15094076,https://www.data.go.kr/data/15094076/fileData.do
경기도,광명시,기타생활용품류,커튼봉,모든규격,1000,2025-12-08,15094076,https://www.data.go.kr/data/15094076/fileData.do
경기도,광명시,기타생활용품류,콘솔박스,모든규격,2000,2025-12-08,15094076,https://www.data.go.kr/data/15094076/fileData.do
경기도,광명시,기타생활용품류,타이어(승용차),모든규격,3000,2025-12-08,15094076,https://www.data.go.kr/data/15094076/fileData.do
경기도,광명시,기타생활용품류,탁구대,모든규격,15000,2025-12-08,15094076,https://www.data.go.kr/data/15094076/fileData.do
경기도,광명시,기타생활용품류,파라솔,모든규격,3000,2025-12-08,15094076,https://www.data.go.kr/data/15094076/fileData.do
경기도,광명시,기타생활용품류,판넬,공사용,3000,2025-12-08,15094076,https://www.data.go.kr/data/15094076/fileData.do
경기도,광명시,기타생활용품류,팔레트,모든규격,4000,2025-12-08,15094076,https://www.data.go.kr/data/15094076/fileData.do
경기도,광명시,기타생활용품류,페인트통,20ℓ 미만,2000,2025-12-08,15094076,https://www.data.go.kr/data/15094076/fileData.do
경기도,광명시,기타생활용품류,페인트통,20ℓ 이상,3000,2025-12-08,15094076,https://www.data.go.kr/data/15094076/fileData.do
경기도,광명시,기타생활용품류,폐목재류,5㎏당,1000,2025-12-08,15094076,https://www.data.go.kr/data/15094076/fileData.do
경기도,광명시,기타생활용품류,플라스틱류 용기,모든규격,3000,2025-12-08,15094076,https://www.data.go.kr/data/15094076/fileData.do
경기도,광명시,기타생활용품류,피아노,그랜드피아노,21000,2025-12-08,15094076,https://www.data.go.kr/data/15094076/fileData.do
경기도,광명시,기타생활용품류,피아노,오르간(풍금),6000,2025-12-08,15094076,https://www.data.go.kr/data/15094076/fileData.do
경기도,광명시,기타생활용품류,피아노,일반키보드(전자피아노),5000,2025-12-08,15094076,https://www.data.go.kr/data/15094076/fileData.do
경기도,광명시,기타생활용품류,피아노,일반피아노(전자오르겐 포함),14000,2025-12-08,15094076,https://www.data.go.kr/data/15094076/fileData.do
경기도,광명시,기타생활용품류,항아리,대형(100ℓ이상),4000,2025-12-08,15094076,https://www.data.go.kr/data/15094076/fileData.do
경기도,광명시,기타생활용품류,항아리,소형(30ℓ미만),1000,2025-12-08,15094076,https://www.data.go.kr/data/15094076/fileData.do
경기도,광명시,기타생활용품류,항아리,증형(30ℓ이상),2000,2025-12-08,15094076,https://www.data.go.kr/data/15094076/fileData.do
경기도,광명시,기타생활용품류,화분,50㎝ 미만,1000,2025-12-08,15094076,https://www.data.go.kr/data/15094076/fileData.do
경기도,광명시,기타생활용품류,화분,50㎝ 이상,2000,2025-12-08,15094076,https://www.data.go.kr/data/15094076/fileData.do
경기도,광명시,기타생활용품류,화일캐비닛,3단 이하,2000,2025-12-08,15094076,https://www.data.go.kr/data/15094076/fileData.do
경기도,광명시,기타생활용품류,화일캐비닛,4단 이상,3000,2025-12-08,15094076,https://www.data.go.kr/data/15094076/fileData.do
경기도,광명시,기타생활용품류,화환,모든규격,3000,2025-12-08,15094076,https://www.data.go.kr/data/15094076/fileData.do
경기도,광명시,기타생활용품류,휠체어,모든규격,3000,2025-12-08,15094076,https://www.data.go.kr/data/15094076/fileData.do
경기도,김포시,가구류,"TV, 오디오장식장",모든규격,3000,2025-09-08,15034879,https://www.data.go.kr/data/15034879/fileData.do
경기도,김포시,가구류,돌ㆍ옥ㆍ황토등의침대,1인용,30000,2025-09-08,15034879,https://www.data.go.kr/data/15034879/fileData.do
경기도,김포시,가구류,돌ㆍ옥ㆍ황토등의침대,2인용,40000,2025-09-08,15034879,https://www.data.go.kr/data/15034879/fileData.do
경기도,김포시,가구류,"문갑,화장대 (거울제외)",한짝당,3000,2025-09-08,15034879,https://www.data.go.kr/data/15034879/fileData.do
경기도,김포시,가구류,문짝,짝당,3000,2025-09-08,15034879,https://www.data.go.kr/data/15034879/fileData.do
경기도,김포시,가구류,비키니옷장,모든규격,3000,2025-09-08,15034879,https://www.data.go.kr/data/15034879/fileData.do
경기도,김포시,가구류,서랍장,4단 이하,3000,2025-09-08,15034879,https://www.data.go.kr/data/15034879/fileData.do
경기도,김포시,가구류,서랍장,5단 이상,5000,2025-09-08,15034879,https://www.data.go.kr/data/15034879/fileData.do
경기도,김포시,가구류,소파,2인용 이하,3000,2025-09-08,15034879,https://www.data.go.kr/data/15034879/fileData.do
경기도,김포시,가구류,소파,4인용 이하,5000,2025-09-08,15034879,https://www.data.go.kr/data/15034879/fileData.do
경기도,김포시,가구류,소파,4인용 초과,10000,2025-09-08,15034879,https://www.data.go.kr/data/15034879/fileData.do
경기도,김포시,가구류,소파,보조의자,3000,2025-09-08,15034879,https://www.data.go.kr/data/15034879/fileData.do
경기도,김포시,가구류,소파용응접세트,모든규격,3000,2025-09-08,15034879,https://www.data.go.kr/data/15034879/fileData.do
경기도,김포시,가구류,식탁,4인 미만,3000,2025-09-08,15034879,https://www.data.go.kr/data/15034879/fileData.do
경기도,김포시,가구류,식탁,4인 이상,5000,2025-09-08,15034879,https://www.data.go.kr/data/15034879/fileData.do
경기도,김포시,가구류,식탁의자,개당,3000,2025-09-08,15034879,https://www.data.go.kr/data/15034879/fileData.do
경기도,김포시,가구류,신발장,높이 1m 미만,3000,2025-09-08,15034879,https://www.data.go.kr/data/15034879/fileData.do
경기도,김포시,가구류,신발장,높이 1m 이상,5000,2025-09-08,15034879,https://www.data.go.kr/data/15034879/fileData.do
경기도,김포시,가구류,싱크대,1칸당,3000,2025-09-08,15034879,https://www.data.go.kr/data/15034879/fileData.do
경기도,김포시,가구류,싱크대,대리석 상판,10000,2025-09-08,15034879,https://www.data.go.kr/data/15034879/fileData.do
경기도,김포시,가구류,싱크대,상판(개수대),3000,2025-09-08,15034879,https://www.data.go.kr/data/15034879/fileData.do
경기도,김포시,가구류,"옷걸이,행거",입식,3000,2025-09-08,15034879,https://www.data.go.kr/data/15034879/fileData.do
경기도,김포시,가구류,의자,2인 미만,3000,2025-09-08,15034879,https://www.data.go.kr/data/15034879/fileData.do
경기도,김포시,가구류,의자,2인 이상,5000,2025-09-08,15034879,https://www.data.go.kr/data/15034879/fileData.do
경기도,김포시,가구류,의자,안마의자,10000,2025-09-08,15034879,https://www.data.go.kr/data/15034879/fileData.do
경기도,김포시,가구류,의자,회전의자,3000,2025-09-08,15034879,https://www.data.go.kr/data/15034879/fileData.do
경기도,김포시,가구류,장롱,두짝문,15000,2025-09-08,15034879,https://www.data.go.kr/data/15034879/fileData.do
경기도,김포시,가구류,장롱,유아용장롱(1m미만),5000,2025-09-08,15034879,https://www.data.go.kr/data/15034879/fileData.do
경기도,김포시,가구류,장롱,한짝문,10000,2025-09-08,15034879,https://www.data.go.kr/data/15034879/fileData.do
경기도,김포시,가구류,책상,상판,3000,2025-09-08,15034879,https://www.data.go.kr/data/15034879/fileData.do
경기도,김포시,가구류,책상,양수(상판+양서랍),10000,2025-09-08,15034879,https://www.data.go.kr/data/15034879/fileData.do
경기도,김포시,가구류,책상,편수(상판+외서랍),5000,2025-09-08,15034879,https://www.data.go.kr/data/15034879/fileData.do
경기도,김포시,가구류,"책장,장식장",높이 60cm 미만,3000,2025-09-08,15034879,https://www.data.go.kr/data/15034879/fileData.do
경기도,김포시,가구류,"책장,장식장",높이 60cm 이상,5000,2025-09-08,15034879,https://www.data.go.kr/data/15034879/fileData.do
경기도,김포시,가구류,"책장,장식장",책꽂이,3000,2025-09-08,15034879,https://www.data.go.kr/data/15034879/fileData.do
경기도,김포시,가구류,침대,1인용(매트+받침대),15000,2025-09-08,15034879,https://www.data.go.kr/data/15034879/fileData.do
경기도,김포시,가구류,침대,2인용(매트+받침대),20000,2025-09-08,15034879,https://www.data.go.kr/data/15034879/fileData.do
경기도,김포시,가구류,침대,라텍스 1인용,10000,2025-09-08,15034879,https://www.data.go.kr/data/15034879/fileData.do
경기도,김포시,가구류,침대,라텍스 2인용,15000,2025-09-08,15034879,https://www.data.go.kr/data/15034879/fileData.do
경기도,김포시,가구류,침대,매트리스 1인용,5000,2025-09-08,15034879,https://www.data.go.kr/data/15034879/fileData.do
경기도,김포시,가구류,침대,매트리스 2인용,10000,2025-09-08,15034879,https://www.data.go.kr/data/15034879/fileData.do
경기도,김포시,가구류,침대,받침대,10000,2025-09-08,15034879,https://www.data.go.kr/data/15034879/fileData.do
경기도,김포시,가구류,침대,유아용 침대,5000,2025-09-08,15034879,https://www.data.go.kr/data/15034879/fileData.do
경기도,김포시,가구류,컴퓨터책상,모든규격,3000,2025-09-08,15034879,https://www.data.go.kr/data/15034879/fileData.do
경기도,김포시,가구류,탁자,길이 1m 미만,3000,2025-09-08,15034879,https://www.data.go.kr/data/15034879/fileData.do
경기도,김포시,가구류,탁자,길이 1m 이상,5000,2025-09-08,15034879,https://www.data.go.kr/data/15034879/fileData.do
경기도,김포시,기 타,"낙엽, 목재류",100ℓ 자루당,3000,2025-09-08,15034879,https://www.data.go.kr/data/15034879/fileData.do
경기도,김포시,기 타,돗자리,모든규격,3000,2025-09-08,15034879,https://www.data.go.kr/data/15034879/fileData.do
경기도,김포시,기 타,목재류,30Kg당,3000,2025-09-08,15034879,https://www.data.go.kr/data/15034879/fileData.do
경기도,김포시,기 타,물탱크,용량 3톤 미만,5000,2025-09-08,15034879,https://www.data.go.kr/data/15034879/fileData.do
경기도,김포시,기 타,물탱크,용량 3톤 이상,10000,2025-09-08,15034879,https://www.data.go.kr/data/15034879/fileData.do
경기도,김포시,기 타,미끄럼틀,모든규격,3000,2025-09-08,15034879,https://www.data.go.kr/data/15034879/fileData.do
경기도,김포시,기 타,블라인드,개당,3000,2025-09-08,15034879,https://www.data.go.kr/data/15034879/fileData.do
경기도,김포시,기 타,소화기,3.3kg 이하,3000,2025-09-08,15034879,https://www.data.go.kr/data/15034879/fileData.do
경기도,김포시,기 타,소화기,3.3kg 초과,5000,2025-09-08,15034879,https://www.data.go.kr/data/15034879/fileData.do
경기도,김포시,기 타,"스키,스노보드",모든규격,3000,2025-09-08,15034879,https://www.data.go.kr/data/15034879/fileData.do
경기도,김포시,기 타,운동기구,"덤벨, 바벨 등",3000,2025-09-08,15034879,https://www.data.go.kr/data/15034879/fileData.do
경기도,김포시,기 타,운동기구,"러닝머신, 사이클",10000,2025-09-08,15034879,https://www.data.go.kr/data/15034879/fileData.do
경기도,김포시,기 타,"인형,장난감",모든규격,3000,2025-09-08,15034879,https://www.data.go.kr/data/15034879/fileData.do
경기도,김포시,기 타,장판,방 1칸기준,3000,2025-09-08,15034879,https://www.data.go.kr/data/15034879/fileData.do
경기도,김포시,기 타,"전기장판, 매트",1인용,3000,2025-09-08,15034879,https://www.data.go.kr/data/15034879/fileData.do
경기도,김포시,기 타,"전기장판, 매트",2인용 이상,5000,2025-09-08,15034879,https://www.data.go.kr/data/15034879/fileData.do
경기도,김포시,기 타,카시트,1인용,3000,2025-09-08,15034879,https://www.data.go.kr/data/15034879/fileData.do
경기도,김포시,기 타,카시트,2인용 이상,5000,2025-09-08,15034879,https://www.data.go.kr/data/15034879/fileData.do
경기도,김포시,기 타,카펫트,1㎡당,3000,2025-09-08,15034879,https://www.data.go.kr/data/15034879/fileData.do
경기도,김포시,기 타,캐비넷,1짝문,3000,2025-09-08,15034879,https://www.data.go.kr/data/15034879/fileData.do
경기도,김포시,기 타,캐비넷,2짝문,5000,2025-09-08,15034879,https://www.data.go.kr/data/15034879/fileData.do
경기도,김포시,기 타,캣타워,모든 규격,3000,2025-09-08,15034879,https://www.data.go.kr/data/15034879/fileData.do
경기도,김포시,기 타,파티션,1.5m 미만,3000,2025-09-08,15034879,https://www.data.go.kr/data/15034879/fileData.do
경기도,김포시,기 타,파티션,1.5m 이상,5000,2025-09-08,15034879,https://www.data.go.kr/data/15034879/fileData.do
경기도,김포시,기 타,항아리,높이 1m 미만,3000,2025-09-08,15034879,https://www.data.go.kr/data/15034879/fileData.do
경기도,김포시,기 타,항아리,높이 1m 이상,5000,2025-09-08,15034879,https://www.data.go.kr/data/15034879/fileData.do
경기도,김포시,기 타,화일캐비넷,높이 1m 미만,3000,2025-09-08,15034879,https://www.data.go.kr/data/15034879/fileData.do
경기도,김포시,기 타,화일캐비넷,높이 1m 이상,5000,2025-09-08,15034879,https://www.data.go.kr/data/15034879/fileData.do
경기도,김포시,생활용품류,가방,"여행용, 골프가방 등 대형가방",3000,2025-09-08,15034879,https://www.data.go.kr/data/15034879/fileData.do
경기도,김포시,생활용품류,"거울, 유리",한판(조각)당,3000,2025-09-08,15034879,https://www.data.go.kr/data/15034879/fileData.do
경기도,김포시,생활용품류,벽시계,대형(1M이상),5000,2025-09-08,15034879,https://www.data.go.kr/data/15034879/fileData.do
경기도,김포시,생활용품류,벽시계,소형(1M미만),3000,2025-09-08,15034879,https://www.data.go.kr/data/15034879/fileData.do
경기도,김포시,생활용품류,병풍,모든규격,3000,2025-09-08,15034879,https://www.data.go.kr/data/15034879/fileData.do
경기도,김포시,생활용품류,"세면대,좌변기",모든규격,3000,2025-09-08,15034879,https://www.data.go.kr/data/15034879/fileData.do
경기도,김포시,생활용품류,수족관,가로 1m 미만,3000,2025-09-08,15034879,https://www.data.go.kr/data/15034879/fileData.do
경기도,김포시,생활용품류,수족관,가로 1m 이상,5000,2025-09-08,15034879,https://www.data.go.kr/data/15034879/fileData.do
경기도,김포시,생활용품류,수족관,어항,3000,2025-09-08,15034879,https://www.data.go.kr/data/15034879/fileData.do
경기도,김포시,생활용품류,액자,모든규격,3000,2025-09-08,15034879,https://www.data.go.kr/data/15034879/fileData.do
경기도,김포시,생활용품류,유모차,모든규격,3000,2025-09-08,15034879,https://www.data.go.kr/data/15034879/fileData.do
경기도,김포시,생활용품류,자전거,성인용,5000,2025-09-08,15034879,https://www.data.go.kr/data/15034879/fileData.do
경기도,김포시,생활용품류,자전거,유아ㆍ어린이용(세발포함),3000,2025-09-08,15034879,https://www.data.go.kr/data/15034879/fileData.do
경기도,김포시,생활용품류,피아노,그랜드형(대당),15000,2025-09-08,15034879,https://www.data.go.kr/data/15034879/fileData.do
경기도,김포시,생활용품류,피아노,디지털(대당),10000,2025-09-08,15034879,https://www.data.go.kr/data/15034879/fileData.do
경기도,김포시,생활용품류,피아노,업라이트(대당),10000,2025-09-08,15034879,https://www.data.go.kr/data/15034879/fileData.do
경기도,김포시,생활용품류,화분,모든규격,3000,2025-09-08,15034879,https://www.data.go.kr/data/15034879/fileData.do
경기도,부천시,가구,서랍장,4단 이하,4000,,15040943,https://www.data.go.kr/data/15040943/fileData.do
경기도,부천시,가구,서랍장,5단 이상,6000,,15040943,https://www.data.go.kr/data/15040943/fileData.do
경기도,부천시,가구,서랍장,책상서랍,2000,,15040943,https://www.data.go.kr/data/15040943/fileData.do
경기도,부천시,가구,쇼파,1인용(개당),3000,,15040943,https://www.data.go.kr/data/15040943/fileData.do
경기도,부천시,가구,쇼파,2∼3인용(개당),5000,,15040943,https://www.data.go.kr/data/15040943/fileData.do
경기도,부천시,가구,쇼파,60cm 미만 스툴,2000,,15040943,https://www.data.go.kr/data/15040943/fileData.do
경기도,부천시,가구,쇼파,대형 4인 이상(개당),8000,,15040943,https://www.data.go.kr/data/15040943/fileData.do
경기도,부천시,가구,식탁,"나무, 철재류 6인용 미만",4000,,15040943,https://www.data.go.kr/data/15040943/fileData.do
경기도,부천시,가구,식탁,"나무, 철재류 6인용 이상",5000,,15040943,https://www.data.go.kr/data/15040943/fileData.do
경기도,부천시,가구,식탁,대리석 6인용 미만,10000,,15040943,https://www.data.go.kr/data/15040943/fileData.do
경기도,부천시,가구,식탁,대리석 6인용 이상,15000,,15040943,https://www.data.go.kr/data/15040943/fileData.do
경기도,부천시,가구,식탁,아일랜드 식탁,5000,,15040943,https://www.data.go.kr/data/15040943/fileData.do
경기도,부천시,가구,싱크대,가스레인지대(개당),2000,,15040943,https://www.data.go.kr/data/15040943/fileData.do
경기도,부천시,가구,싱크대,개수대,3000,,15040943,https://www.data.go.kr/data/15040943/fileData.do
경기도,부천시,가구,유리판(가구용),가구와 별도 배출시,2000,,15040943,https://www.data.go.kr/data/15040943/fileData.do
경기도,부천시,가구,의자,3인용 이하 장의자,3000,,15040943,https://www.data.go.kr/data/15040943/fileData.do
경기도,부천시,가구,의자,4인용 이상 장의자,5000,,15040943,https://www.data.go.kr/data/15040943/fileData.do
경기도,부천시,가구,의자,일반의자,2000,,15040943,https://www.data.go.kr/data/15040943/fileData.do
경기도,부천시,가구,의자,회전의자,3000,,15040943,https://www.data.go.kr/data/15040943/fileData.do
경기도,부천시,가구,장롱(옷장),"반쪽장, 틈새장(폭 70cm 미만)",6000,,15040943,https://www.data.go.kr/data/15040943/fileData.do
경기도,부천시,가구,장롱(옷장),시스템옷장(개당),5000,,15040943,https://www.data.go.kr/data/15040943/fileData.do
경기도,부천시,가구,장롱(옷장),장롱 마감재 세트,3000,,15040943,https://www.data.go.kr/data/15040943/fileData.do
경기도,부천시,가구,장롱(옷장),폭 120㎝ 미만(1쪽),10000,,15040943,https://www.data.go.kr/data/15040943/fileData.do
경기도,부천시,가구,장롱(옷장),폭 120㎝ 이상(1쪽),12000,,15040943,https://www.data.go.kr/data/15040943/fileData.do
경기도,부천시,가구,주방수납장,싱크대 상부수납장,2000,,15040943,https://www.data.go.kr/data/15040943/fileData.do
경기도,부천시,가구,주방수납장,전자렌지대,3000,,15040943,https://www.data.go.kr/data/15040943/fileData.do
경기도,부천시,가구,"진열장(장식장,수납장)",긴쪽 100㎝ 미만,4000,,15040943,https://www.data.go.kr/data/15040943/fileData.do
경기도,부천시,가구,"진열장(장식장,수납장)",긴쪽 180㎝ 미만,5000,,15040943,https://www.data.go.kr/data/15040943/fileData.do
경기도,부천시,가구,"진열장(장식장,수납장)",긴쪽 180㎝ 이상,8000,,15040943,https://www.data.go.kr/data/15040943/fileData.do
경기도,부천시,가구,"진열장(장식장,수납장)",욕실용,2000,,15040943,https://www.data.go.kr/data/15040943/fileData.do
경기도,부천시,가구,책상,"세트(책장,상판,서랍장)",8000,,15040943,https://www.data.go.kr/data/15040943/fileData.do
경기도,부천시,가구,책상,양수 대형,5000,,15040943,https://www.data.go.kr/data/15040943/fileData.do
경기도,부천시,가구,책상,컴퓨터용(120cm 미만),3000,,15040943,https://www.data.go.kr/data/15040943/fileData.do
경기도,부천시,가구,책상,컴퓨터용(120cm 이상),4000,,15040943,https://www.data.go.kr/data/15040943/fileData.do
경기도,부천시,가구,책상,편수 소형,4000,,15040943,https://www.data.go.kr/data/15040943/fileData.do
경기도,부천시,가구,"책장(책꽂이,공간박스)",160cm 미만,4000,,15040943,https://www.data.go.kr/data/15040943/fileData.do
경기도,부천시,가구,"책장(책꽂이,공간박스)",160cm 이상,6000,,15040943,https://www.data.go.kr/data/15040943/fileData.do
경기도,부천시,가구,"책장(책꽂이,공간박스)",60cm 미만,2000,,15040943,https://www.data.go.kr/data/15040943/fileData.do
경기도,부천시,가구,침대,1인 침대틀,5000,,15040943,https://www.data.go.kr/data/15040943/fileData.do
경기도,부천시,가구,침대,1인용 돌(흙)침대세트,20000,,15040943,https://www.data.go.kr/data/15040943/fileData.do
경기도,부천시,가구,침대,1인용 매트리스,5000,,15040943,https://www.data.go.kr/data/15040943/fileData.do
경기도,부천시,가구,침대,1인용 침대세트,10000,,15040943,https://www.data.go.kr/data/15040943/fileData.do
경기도,부천시,가구,침대,1인용매트리스 깔개(토퍼),3000,,15040943,https://www.data.go.kr/data/15040943/fileData.do
경기도,부천시,가구,침대,2인 침대틀,7000,,15040943,https://www.data.go.kr/data/15040943/fileData.do
경기도,부천시,가구,침대,2인용 돌(흙)침대세트,30000,,15040943,https://www.data.go.kr/data/15040943/fileData.do
경기도,부천시,가구,침대,2인용 매트리스,8000,,15040943,https://www.data.go.kr/data/15040943/fileData.do
경기도,부천시,가구,침대,2인용 침대세트,15000,,15040943,https://www.data.go.kr/data/15040943/fileData.do
경기도,부천시,가구,침대,2인용매트리스 깔개(토퍼),5000,,15040943,https://www.data.go.kr/data/15040943/fileData.do
경기도,부천시,가구,침대,2층 침대세트,18000,,15040943,https://www.data.go.kr/data/15040943/fileData.do
경기도,부천시,가구,침대,접이식 또는 쇼파겸용,5000,,15040943,https://www.data.go.kr/data/15040943/fileData.do
경기도,부천시,가구,"콘솔,협탁",모든 규격,2000,,15040943,https://www.data.go.kr/data/15040943/fileData.do
경기도,부천시,가구,탁자,6인 미만,4000,,15040943,https://www.data.go.kr/data/15040943/fileData.do
경기도,부천시,가구,탁자,6인 이상,6000,,15040943,https://www.data.go.kr/data/15040943/fileData.do
경기도,부천시,가구,탁자,응접실용,3000,,15040943,https://www.data.go.kr/data/15040943/fileData.do
경기도,부천시,가구,파티션(병풍),120㎝ 미만,2000,,15040943,https://www.data.go.kr/data/15040943/fileData.do
경기도,부천시,가구,파티션(병풍),120㎝ 이상,3000,,15040943,https://www.data.go.kr/data/15040943/fileData.do
경기도,부천시,가구,화장대(거울포함),폭 120cm 이상,8000,,15040943,https://www.data.go.kr/data/15040943/fileData.do
경기도,부천시,가구,화장대(거울포함),폭 120㎝ 미만,5000,,15040943,https://www.data.go.kr/data/15040943/fileData.do
경기도,부천시,가전,공기청정기,높이 1m 이상,4000,,15040943,https://www.data.go.kr/data/15040943/fileData.do
경기도,부천시,가전,냉장고,300ℓ미만,4000,,15040943,https://www.data.go.kr/data/15040943/fileData.do
경기도,부천시,가전,냉장고,300ℓ이상,6000,,15040943,https://www.data.go.kr/data/15040943/fileData.do
경기도,부천시,가전,냉장고,500ℓ이상,8000,,15040943,https://www.data.go.kr/data/15040943/fileData.do
경기도,부천시,가전,냉장고,업소용 300ℓ 미만(소),6000,,15040943,https://www.data.go.kr/data/15040943/fileData.do
경기도,부천시,가전,런닝머신,모든 규격,6000,,15040943,https://www.data.go.kr/data/15040943/fileData.do
경기도,부천시,가전,복사기,모든 규격,7000,,15040943,https://www.data.go.kr/data/15040943/fileData.do
경기도,부천시,가전,비데,모든 규격,2000,,15040943,https://www.data.go.kr/data/15040943/fileData.do
경기도,부천시,가전,세탁기,모든 규격,4000,,15040943,https://www.data.go.kr/data/15040943/fileData.do
경기도,부천시,가전,식기건조기,모든 규격,2000,,15040943,https://www.data.go.kr/data/15040943/fileData.do
경기도,부천시,가전,식기세척기,모든 규격,4000,,15040943,https://www.data.go.kr/data/15040943/fileData.do
경기도,부천시,가전,에어컨(온풍기),264㎡ 이상,8000,,15040943,https://www.data.go.kr/data/15040943/fileData.do
경기도,부천시,가전,에어컨(온풍기),66㎡ 미만,3000,,15040943,https://www.data.go.kr/data/15040943/fileData.do
경기도,부천시,가전,에어컨(온풍기),66㎡ 이상,5000,,15040943,https://www.data.go.kr/data/15040943/fileData.do
경기도,부천시,가전,오디오,대형 이상,5000,,15040943,https://www.data.go.kr/data/15040943/fileData.do
경기도,부천시,가전,자동판매기,대형(복합기),10000,,15040943,https://www.data.go.kr/data/15040943/fileData.do
경기도,부천시,가전,자동판매기,소형(전용기),5000,,15040943,https://www.data.go.kr/data/15040943/fileData.do
경기도,부천시,가전,정수기,높이 1m 이상,3000,,15040943,https://www.data.go.kr/data/15040943/fileData.do
경기도,부천시,가전,텔레비전,40인치 미만,4000,,15040943,https://www.data.go.kr/data/15040943/fileData.do
경기도,부천시,가전,텔레비전,40인치 이상,5000,,15040943,https://www.data.go.kr/data/15040943/fileData.do
경기도,부천시,가전,텔레비전,80인치 이상,6000,,15040943,https://www.data.go.kr/data/15040943/fileData.do
경기도,부천시,기타,간판,120cm 미만,2000,,15040943,https://www.data.go.kr/data/15040943/fileData.do
경기도,부천시,기타,간판,180cm 미만,4000,,15040943,https://www.data.go.kr/data/15040943/fileData.do
경기도,부천시,기타,간판,180cm 이상,7000,,15040943,https://www.data.go.kr/data/15040943/fileData.do
경기도,부천시,기타,거울,120㎝ 미만,2000,,15040943,https://www.data.go.kr/data/15040943/fileData.do
경기도,부천시,기타,거울,120㎝ 이상,3000,,15040943,https://www.data.go.kr/data/15040943/fileData.do
경기도,부천시,기타,금고,100cm 미만,12000,,15040943,https://www.data.go.kr/data/15040943/fileData.do
경기도,부천시,기타,금고,100cm 이상,15000,,15040943,https://www.data.go.kr/data/15040943/fileData.do
경기도,부천시,기타,금고,50cm 미만,8000,,15040943,https://www.data.go.kr/data/15040943/fileData.do
경기도,부천시,기타,기타01,각종규격,1000,,15040943,https://www.data.go.kr/data/15040943/fileData.do
경기도,부천시,기타,기타02,각종규격,2000,,15040943,https://www.data.go.kr/data/15040943/fileData.do
경기도,부천시,기타,기타03,각종규격,3000,,15040943,https://www.data.go.kr/data/15040943/fileData.do
경기도,부천시,기타,기타04,각종규격,4000,,15040943,https://www.data.go.kr/data/15040943/fileData.do
경기도,부천시,기타,기타05,각종규격,5000,,15040943,https://www.data.go.kr/data/15040943/fileData.do
경기도,부천시,기타,기타06,각종규격,6000,,15040943,https://www.data.go.kr/data/15040943/fileData.do
경기도,부천시,기타,기타07,각종규격,7000,,15040943,https://www.data.go.kr/data/15040943/fileData.do
경기도,부천시,기타,기타08,각종규격,8000,,15040943,https://www.data.go.kr/data/15040943/fileData.do
경기도,부천시,기타,기타09,각종규격,9000,,15040943,https://www.data.go.kr/data/15040943/fileData.do
경기도,부천시,기타,기타10,각종규격,10000,,15040943,https://www.data.go.kr/data/15040943/fileData.do
경기도,부천시,기타,기타11,각종규격,20000,,15040943,https://www.data.go.kr/data/15040943/fileData.do
경기도,부천시,기타,기타12,각종규격,30000,,15040943,https://www.data.go.kr/data/15040943/fileData.do
경기도,부천시,기타,기타13,각종규격,40000,,15040943,https://www.data.go.kr/data/15040943/fileData.do
경기도,부천시,기타,기타14,각종규격,50000,,15040943,https://www.data.go.kr/data/15040943/fileData.do
경기도,부천시,기타,기타15,각종규격,60000,,15040943,https://www.data.go.kr/data/15040943/fileData.do
경기도,부천시,기타,기타16,각종규격,70000,,15040943,https://www.data.go.kr/data/15040943/fileData.do
경기도,부천시,기타,기타17,각종규격,80000,,15040943,https://www.data.go.kr/data/15040943/fileData.do
경기도,부천시,기타,기타18,각종규격,90000,,15040943,https://www.data.go.kr/data/15040943/fileData.do
경기도,부천시,기타,기타19,각종규격,100000,,15040943,https://www.data.go.kr/data/15040943/fileData.do
경기도,부천시,기타,기타20,각종규격,150000,,15040943,https://www.data.go.kr/data/15040943/fileData.do
경기도,부천시,기타,기타21,각종규격,200000,,15040943,https://www.data.go.kr/data/15040943/fileData.do
경기도,부천시,기타,기타22,규격외,15000,,15040943,https://www.data.go.kr/data/15040943/fileData.do
경기도,부천시,기타,나무묶음,지름20cm × 길이120cm,2000,,15040943,https://www.data.go.kr/data/15040943/fileData.do
경기도,부천시,기타,나무판,120cm 미만,2000,,15040943,https://www.data.go.kr/data/15040943/fileData.do
경기도,부천시,기타,난로,모든 규격,4000,,15040943,https://www.data.go.kr/data/15040943/fileData.do
경기도,부천시,기타,다리미판,모든 규격,2000,,15040943,https://www.data.go.kr/data/15040943/fileData.do
경기도,부천시,기타,드럼통,모든 규격,5000,,15040943,https://www.data.go.kr/data/15040943/fileData.do
경기도,부천시,기타,문짝,높이 160cm 미만,2000,,15040943,https://www.data.go.kr/data/15040943/fileData.do
경기도,부천시,기타,문짝,높이 160cm 이상,3000,,15040943,https://www.data.go.kr/data/15040943/fileData.do
경기도,부천시,기타,물탱크,1톤당,10000,,15040943,https://www.data.go.kr/data/15040943/fileData.do
경기도,부천시,기타,반려동물 용품,1m 미만,2000,,15040943,https://www.data.go.kr/data/15040943/fileData.do
경기도,부천시,기타,반려동물 용품,1m 이상,4000,,15040943,https://www.data.go.kr/data/15040943/fileData.do
경기도,부천시,기타,블라인드(버티칼),모든 규격,3000,,15040943,https://www.data.go.kr/data/15040943/fileData.do
경기도,부천시,기타,소화기,가정용 3.3kg 미만,2000,,15040943,https://www.data.go.kr/data/15040943/fileData.do
경기도,부천시,기타,소화기,가정용 3.3kg 이상,3000,,15040943,https://www.data.go.kr/data/15040943/fileData.do
경기도,부천시,기타,시계(벽시계),1m 미만,2000,,15040943,https://www.data.go.kr/data/15040943/fileData.do
경기도,부천시,기타,시계(벽시계),1m 이상,3000,,15040943,https://www.data.go.kr/data/15040943/fileData.do
경기도,부천시,기타,아령,세트(2개),2000,,15040943,https://www.data.go.kr/data/15040943/fileData.do
경기도,부천시,기타,안마기(안마의자),부분,2000,,15040943,https://www.data.go.kr/data/15040943/fileData.do
경기도,부천시,기타,안마기(안마의자),전신,10000,,15040943,https://www.data.go.kr/data/15040943/fileData.do
경기도,부천시,기타,액자,120㎝ 미만,2000,,15040943,https://www.data.go.kr/data/15040943/fileData.do
경기도,부천시,기타,액자,120㎝ 이상,3000,,15040943,https://www.data.go.kr/data/15040943/fileData.do
경기도,부천시,기타,"옷걸이(행거,빨래건조대)",모든 규격,2000,,15040943,https://www.data.go.kr/data/15040943/fileData.do
경기도,부천시,기타,유아용 식탁의자,식탁 의자 일체형,3000,,15040943,https://www.data.go.kr/data/15040943/fileData.do
경기도,부천시,기타,유아용풀장,2m 이하,5000,,15040943,https://www.data.go.kr/data/15040943/fileData.do
경기도,부천시,기타,조명기구,모든 규격,2000,,15040943,https://www.data.go.kr/data/15040943/fileData.do
경기도,부천시,기타,칠판(게시판),1m 미만,2000,,15040943,https://www.data.go.kr/data/15040943/fileData.do
경기도,부천시,기타,칠판(게시판),2m 미만,3000,,15040943,https://www.data.go.kr/data/15040943/fileData.do
경기도,부천시,기타,칠판(게시판),2m 이상,5000,,15040943,https://www.data.go.kr/data/15040943/fileData.do
경기도,부천시,기타,침구류,"이불(동절기), 2인용 쿠션",3000,,15040943,https://www.data.go.kr/data/15040943/fileData.do
경기도,부천시,기타,침구류,"이불(하절기), 1인용 쿠션",2000,,15040943,https://www.data.go.kr/data/15040943/fileData.do
경기도,부천시,기타,캣타워,100cm 미만,3000,,15040943,https://www.data.go.kr/data/15040943/fileData.do
경기도,부천시,기타,캣타워,100cm 이상,5000,,15040943,https://www.data.go.kr/data/15040943/fileData.do
경기도,부천시,기타,킥보드,일반(전동 제외),2000,,15040943,https://www.data.go.kr/data/15040943/fileData.do
경기도,부천시,기타,킥보드,전동 킥보드,3000,,15040943,https://www.data.go.kr/data/15040943/fileData.do
경기도,부천시,기타,트렘펄린,120cm 이하,3000,,15040943,https://www.data.go.kr/data/15040943/fileData.do
경기도,부천시,기타,파라솔,지름120cm 미만,2000,,15040943,https://www.data.go.kr/data/15040943/fileData.do
경기도,부천시,기타,파라솔,지름120cm 이상,4000,,15040943,https://www.data.go.kr/data/15040943/fileData.do
경기도,부천시,기타,파렛트,120cm 미만,2000,,15040943,https://www.data.go.kr/data/15040943/fileData.do
경기도,부천시,기타,파렛트,120cm 이상,4000,,15040943,https://www.data.go.kr/data/15040943/fileData.do
경기도,부천시,기타,평상,1.5m×1.5m 미만,5000,,15040943,https://www.data.go.kr/data/15040943/fileData.do
경기도,부천시,기타,평상,1.5m×1.5m 이상,7000,,15040943,https://www.data.go.kr/data/15040943/fileData.do
경기도,부천시,기타,평상,2m 이상,10000,,15040943,https://www.data.go.kr/data/15040943/fileData.do
경기도,부천시,기타,항아리,높이 50㎝ 미만,3000,,15040943,https://www.data.go.kr/data/15040943/fileData.do
경기도,부천시,기타,항아리,높이 50㎝ 이상,4000,,15040943,https://www.data.go.kr/data/15040943/fileData.do
경기도,부천시,기타,화분(흙제외),높이 50㎝ 미만,2000,,15040943,https://www.data.go.kr/data/15040943/fileData.do
경기도,부천시,기타,화분(흙제외),높이 50㎝ 이상,3000,,15040943,https://www.data.go.kr/data/15040943/fileData.do
경기도,부천시,기타,화환,전체,5000,,15040943,https://www.data.go.kr/data/15040943/fileData.do
경기도,부천시,기타,환풍기(가정용후드),모든 규격,2000,,15040943,https://www.data.go.kr/data/15040943/fileData.do
경기도,부천시,기타,휠체어,일반(전동 제외),3000,,15040943,https://www.data.go.kr/data/15040943/fileData.do
경기도,부천시,기타,휠체어,전동휠체어,6000,,15040943,https://www.data.go.kr/data/15040943/fileData.do
경기도,부천시,매트· 깔개류,가정용 카펫,180×180㎝ 이하,5000,,15040943,https://www.data.go.kr/data/15040943/fileData.do
경기도,부천시,매트· 깔개류,가정용 카펫,210×210㎝ 미만,8000,,15040943,https://www.data.go.kr/data/15040943/fileData.do
경기도,부천시,매트· 깔개류,가정용 카펫,210×210㎝ 이상,10000,,15040943,https://www.data.go.kr/data/15040943/fileData.do
경기도,부천시,매트· 깔개류,돗자리,"대나무, 왕골",3000,,15040943,https://www.data.go.kr/data/15040943/fileData.do
경기도,부천시,매트· 깔개류,돗자리,야외용,2000,,15040943,https://www.data.go.kr/data/15040943/fileData.do
경기도,부천시,매트· 깔개류,매트류,소음방지매트(180cm 미만),3000,,15040943,https://www.data.go.kr/data/15040943/fileData.do
경기도,부천시,매트· 깔개류,매트류,소음방지매트(180cm 이상),5000,,15040943,https://www.data.go.kr/data/15040943/fileData.do
경기도,부천시,매트· 깔개류,매트류,요가매트,2000,,15040943,https://www.data.go.kr/data/15040943/fileData.do
경기도,부천시,매트· 깔개류,옥매트(온수매트),1인용,3000,,15040943,https://www.data.go.kr/data/15040943/fileData.do
경기도,부천시,매트· 깔개류,옥매트(온수매트),2인용,5000,,15040943,https://www.data.go.kr/data/15040943/fileData.do
경기도,부천시,매트· 깔개류,장판,바닥장판(5m당),2000,,15040943,https://www.data.go.kr/data/15040943/fileData.do
경기도,부천시,매트· 깔개류,장판,전기장판(2인용 이하),2000,,15040943,https://www.data.go.kr/data/15040943/fileData.do
경기도,부천시,매트· 깔개류,장판,전기장판(거실용),5000,,15040943,https://www.data.go.kr/data/15040943/fileData.do
경기도,부천시,욕실물품,변기통,세트,5000,,15040943,https://www.data.go.kr/data/15040943/fileData.do
경기도,부천시,욕실물품,세면대,모든 규격,3000,,15040943,https://www.data.go.kr/data/15040943/fileData.do
경기도,부천시,욕실물품,욕조,모든 규격,4000,,15040943,https://www.data.go.kr/data/15040943/fileData.do
경기도,부천시,유아물품,보행기,모든 규격,0,,15040943,https://www.data.go.kr/data/15040943/fileData.do
경기도,부천시,유아물품,신생아침대,모든 규격,0,,15040943,https://www.data.go.kr/data/15040943/fileData.do
경기도,부천시,유아물품,유모차,모든 규격,0,,15040943,https://www.data.go.kr/data/15040943/fileData.do
경기도,부천시,유아물품,유아변기,모든 규격,0,,15040943,https://www.data.go.kr/data/15040943/fileData.do
경기도,부천시,유아물품,유아욕조,모든 규격,0,,15040943,https://www.data.go.kr/data/15040943/fileData.do
경기도,부천시,유아물품,유아의자,"식탁 의자, 유아 쇼파",0,,15040943,https://www.data.go.kr/data/15040943/fileData.do
경기도,부천시,유아물품,장난감,"그네?목마?자동차, 미끄럼틀 등",0,,15040943,https://www.data.go.kr/data/15040943/fileData.do
경기도,부천시,유아물품,카시트,모든 규격,0,,15040943,https://www.data.go.kr/data/15040943/fileData.do
경기도,부천시,주방물품,가스오븐레인지,1m 미만,2000,,15040943,https://www.data.go.kr/data/15040943/fileData.do
경기도,부천시,주방물품,가스오븐레인지,1m 이상,4000,,15040943,https://www.data.go.kr/data/15040943/fileData.do
경기도,부천시,주방물품,고무통,70×80㎝ 이하,2000,,15040943,https://www.data.go.kr/data/15040943/fileData.do
경기도,부천시,주방물품,고무통,90×100㎝ 미만,3000,,15040943,https://www.data.go.kr/data/15040943/fileData.do
경기도,부천시,주방물품,고무통,90×100㎝ 이상,4000,,15040943,https://www.data.go.kr/data/15040943/fileData.do
경기도,부천시,주방물품,밥상(교자상),1m 미만,2000,,15040943,https://www.data.go.kr/data/15040943/fileData.do
경기도,부천시,주방물품,밥상(교자상),1m 이상,3000,,15040943,https://www.data.go.kr/data/15040943/fileData.do
경기도,부천시,주방물품,아이스박스,50cm 미만,2000,,15040943,https://www.data.go.kr/data/15040943/fileData.do
경기도,부천시,주방물품,아이스박스,50cm 이상,3000,,15040943,https://www.data.go.kr/data/15040943/fileData.do
경기도,부천시,취미생활용품,가방,"골프용, 여행용(화물용)",3000,,15040943,https://www.data.go.kr/data/15040943/fileData.do
경기도,부천시,취미생활용품,가방,"일반, 여행용(기내용)",2000,,15040943,https://www.data.go.kr/data/15040943/fileData.do
경기도,부천시,취미생활용품,골프채,5개당,2000,,15040943,https://www.data.go.kr/data/15040943/fileData.do
경기도,부천시,취미생활용품,당구대,돌은 제외,20000,,15040943,https://www.data.go.kr/data/15040943/fileData.do
경기도,부천시,취미생활용품,수족관,관상용 1m 미만,3000,,15040943,https://www.data.go.kr/data/15040943/fileData.do
경기도,부천시,취미생활용품,수족관,관상용 1m 이상,7000,,15040943,https://www.data.go.kr/data/15040943/fileData.do
경기도,부천시,취미생활용품,스키세트,모든 규격,3000,,15040943,https://www.data.go.kr/data/15040943/fileData.do
경기도,부천시,취미생활용품,스피커(앰프),60cm 미만,2000,,15040943,https://www.data.go.kr/data/15040943/fileData.do
경기도,부천시,취미생활용품,스피커(앰프),60cm 이상,4000,,15040943,https://www.data.go.kr/data/15040943/fileData.do
경기도,부천시,취미생활용품,실내운동기구,"자전거, 근력운동기구 등",4000,,15040943,https://www.data.go.kr/data/15040943/fileData.do
경기도,부천시,취미생활용품,오르간(전자키보드),모든 규격,4000,,15040943,https://www.data.go.kr/data/15040943/fileData.do
경기도,부천시,취미생활용품,자전거,성인용,3000,,15040943,https://www.data.go.kr/data/15040943/fileData.do
경기도,부천시,취미생활용품,자전거,어린이용,2000,,15040943,https://www.data.go.kr/data/15040943/fileData.do
경기도,부천시,취미생활용품,탁구대,1대,14000,,15040943,https://www.data.go.kr/data/15040943/fileData.do
경기도,부천시,취미생활용품,텐트세트,4인용 이하,3000,,15040943,https://www.data.go.kr/data/15040943/fileData.do
경기도,부천시,취미생활용품,텐트세트,5인용 이상,5000,,15040943,https://www.data.go.kr/data/15040943/fileData.do
경기도,부천시,취미생활용품,피아노,그랜드,15000,,15040943,https://www.data.go.kr/data/15040943/fileData.do
경기도,부천시,취미생활용품,피아노,디지털피아노,7000,,15040943,https://www.data.go.kr/data/15040943/fileData.do
경기도,부천시,취미생활용품,피아노,어프라이트,10000,,15040943,https://www.data.go.kr/data/15040943/fileData.do
경기도,성남시,가구류,"거실장 (TV받침대, 문갑 등)",길이 100cm이상,8000,2026-01-16,15032526,https://www.data.go.kr/data/15032526/fileData.do
경기도,성남시,가구류,"거실장 (TV받침대, 문갑 등)",길이 50cm미만,4000,2026-01-16,15032526,https://www.data.go.kr/data/15032526/fileData.do
경기도,성남시,가구류,"거실장 (TV받침대, 문갑 등)",길이 50～100cm,6000,2026-01-16,15032526,https://www.data.go.kr/data/15032526/fileData.do
경기도,성남시,가구류,돌침대,1인용,25000,2026-01-16,15032526,https://www.data.go.kr/data/15032526/fileData.do
경기도,성남시,가구류,돌침대,2인용,30000,2026-01-16,15032526,https://www.data.go.kr/data/15032526/fileData.do
경기도,성남시,가구류,라텍스,,6000,2026-01-16,15032526,https://www.data.go.kr/data/15032526/fileData.do
경기도,성남시,가구류,매트리스,1인용,5000,2026-01-16,15032526,https://www.data.go.kr/data/15032526/fileData.do
경기도,성남시,가구류,매트리스,2인용,8000,2026-01-16,15032526,https://www.data.go.kr/data/15032526/fileData.do
경기도,성남시,가구류,매트리스,유아용,3000,2026-01-16,15032526,https://www.data.go.kr/data/15032526/fileData.do
경기도,성남시,가구류,문갑,,3000,2026-01-16,15032526,https://www.data.go.kr/data/15032526/fileData.do
경기도,성남시,가구류,서랍장,4단이하,3000,2026-01-16,15032526,https://www.data.go.kr/data/15032526/fileData.do
경기도,성남시,가구류,서랍장,5단이상,5000,2026-01-16,15032526,https://www.data.go.kr/data/15032526/fileData.do
경기도,성남시,가구류,쇼파,1인용(분리되는 개당),3000,2026-01-16,15032526,https://www.data.go.kr/data/15032526/fileData.do
경기도,성남시,가구류,쇼파,2～3인용(분리되는 개당),5000,2026-01-16,15032526,https://www.data.go.kr/data/15032526/fileData.do
경기도,성남시,가구류,쇼파,대형 4인이상(분리되는 개당),8000,2026-01-16,15032526,https://www.data.go.kr/data/15032526/fileData.do
경기도,성남시,가구류,신발장,높이 150cm 미만,2000,2026-01-16,15032526,https://www.data.go.kr/data/15032526/fileData.do
경기도,성남시,가구류,신발장,높이 150cm 이상,4000,2026-01-16,15032526,https://www.data.go.kr/data/15032526/fileData.do
경기도,성남시,가구류,오디오장식장,,3000,2026-01-16,15032526,https://www.data.go.kr/data/15032526/fileData.do
경기도,성남시,가구류,옷걸이,,2000,2026-01-16,15032526,https://www.data.go.kr/data/15032526/fileData.do
경기도,성남시,가구류,의자,1인 일반의자,2000,2026-01-16,15032526,https://www.data.go.kr/data/15032526/fileData.do
경기도,성남시,가구류,의자,1인 회전의자,3000,2026-01-16,15032526,https://www.data.go.kr/data/15032526/fileData.do
경기도,성남시,가구류,의자,보조의자(2～3인용),3000,2026-01-16,15032526,https://www.data.go.kr/data/15032526/fileData.do
경기도,성남시,가구류,의자,안마의자,7000,2026-01-16,15032526,https://www.data.go.kr/data/15032526/fileData.do
경기도,성남시,가구류,의자,장의자(4인용),8000,2026-01-16,15032526,https://www.data.go.kr/data/15032526/fileData.do
경기도,성남시,가구류,장롱,폭120cm미만1쪽,10000,2026-01-16,15032526,https://www.data.go.kr/data/15032526/fileData.do
경기도,성남시,가구류,장롱,폭120cm이상1쪽,15000,2026-01-16,15032526,https://www.data.go.kr/data/15032526/fileData.do
경기도,성남시,가구류,"장식장, 진열장",1㎡미만,3000,2026-01-16,15032526,https://www.data.go.kr/data/15032526/fileData.do
경기도,성남시,가구류,"장식장, 진열장",1㎡이상,6000,2026-01-16,15032526,https://www.data.go.kr/data/15032526/fileData.do
경기도,성남시,가구류,책꽂이,,3000,2026-01-16,15032526,https://www.data.go.kr/data/15032526/fileData.do
경기도,성남시,가구류,책상,"h형책상(상판,책장,서랍 포함)",10000,2026-01-16,15032526,https://www.data.go.kr/data/15032526/fileData.do
경기도,성남시,가구류,책상,양수(대형),5000,2026-01-16,15032526,https://www.data.go.kr/data/15032526/fileData.do
경기도,성남시,가구류,책상,책상상판,3000,2026-01-16,15032526,https://www.data.go.kr/data/15032526/fileData.do
경기도,성남시,가구류,책상,편수(소형),4000,2026-01-16,15032526,https://www.data.go.kr/data/15032526/fileData.do
경기도,성남시,가구류,책상,학원용책상,2000,2026-01-16,15032526,https://www.data.go.kr/data/15032526/fileData.do
경기도,성남시,가구류,책장,4단이하,3000,2026-01-16,15032526,https://www.data.go.kr/data/15032526/fileData.do
경기도,성남시,가구류,책장,5단이상,5000,2026-01-16,15032526,https://www.data.go.kr/data/15032526/fileData.do
경기도,성남시,가구류,책장,박스형(공간박스1개당),1000,2026-01-16,15032526,https://www.data.go.kr/data/15032526/fileData.do
경기도,성남시,가구류,"침대 (매트리스, 틀 포함)",1인용,10000,2026-01-16,15032526,https://www.data.go.kr/data/15032526/fileData.do
경기도,성남시,가구류,"침대 (매트리스, 틀 포함)",2인용,15000,2026-01-16,15032526,https://www.data.go.kr/data/15032526/fileData.do
경기도,성남시,가구류,"침대 (매트리스, 틀 포함)",유아용,6000,2026-01-16,15032526,https://www.data.go.kr/data/15032526/fileData.do
경기도,성남시,가구류,침대 헤드,2인용미만,2000,2026-01-16,15032526,https://www.data.go.kr/data/15032526/fileData.do
경기도,성남시,가구류,침대 헤드,2인용이상,3000,2026-01-16,15032526,https://www.data.go.kr/data/15032526/fileData.do
경기도,성남시,가구류,침대틀,1인용,5000,2026-01-16,15032526,https://www.data.go.kr/data/15032526/fileData.do
경기도,성남시,가구류,침대틀,2인용,7000,2026-01-16,15032526,https://www.data.go.kr/data/15032526/fileData.do
경기도,성남시,가구류,침대틀,유아용,3000,2026-01-16,15032526,https://www.data.go.kr/data/15032526/fileData.do
경기도,성남시,가구류,캐비넷,,4000,2026-01-16,15032526,https://www.data.go.kr/data/15032526/fileData.do
경기도,성남시,가구류,탁자,,3000,2026-01-16,15032526,https://www.data.go.kr/data/15032526/fileData.do
경기도,성남시,가구류,파티션,폭 100cm 미만,3000,2026-01-16,15032526,https://www.data.go.kr/data/15032526/fileData.do
경기도,성남시,가구류,파티션,폭 100cm 이상,4000,2026-01-16,15032526,https://www.data.go.kr/data/15032526/fileData.do
경기도,성남시,가구류,화일캐비넷,3단이하,3000,2026-01-16,15032526,https://www.data.go.kr/data/15032526/fileData.do
경기도,성남시,가구류,화일캐비넷,4단이상,4000,2026-01-16,15032526,https://www.data.go.kr/data/15032526/fileData.do
경기도,성남시,가구류,화장대,거울미포함,3000,2026-01-16,15032526,https://www.data.go.kr/data/15032526/fileData.do
경기도,성남시,가구류,화장대,거울포함,5000,2026-01-16,15032526,https://www.data.go.kr/data/15032526/fileData.do
경기도,성남시,가전제품,TV,모든규격,0,2026-01-16,15032526,https://www.data.go.kr/data/15032526/fileData.do
경기도,성남시,가전제품,가습기,모든규격,0,2026-01-16,15032526,https://www.data.go.kr/data/15032526/fileData.do
경기도,성남시,가전제품,개인용컴퓨터,모니터,0,2026-01-16,15032526,https://www.data.go.kr/data/15032526/fileData.do
경기도,성남시,가전제품,개인용컴퓨터,본체,0,2026-01-16,15032526,https://www.data.go.kr/data/15032526/fileData.do
경기도,성남시,가전제품,개인용컴퓨터,세트,0,2026-01-16,15032526,https://www.data.go.kr/data/15032526/fileData.do
경기도,성남시,가전제품,개인용컴퓨터,키보드,0,2026-01-16,15032526,https://www.data.go.kr/data/15032526/fileData.do
경기도,성남시,가전제품,공기청정기,모든규격,0,2026-01-16,15032526,https://www.data.go.kr/data/15032526/fileData.do
경기도,성남시,가전제품,냉장고,모든규격,0,2026-01-16,15032526,https://www.data.go.kr/data/15032526/fileData.do
경기도,성남시,가전제품,노래방기계,모든규격,5000,2026-01-16,15032526,https://www.data.go.kr/data/15032526/fileData.do
경기도,성남시,가전제품,다리미,모든규격,0,2026-01-16,15032526,https://www.data.go.kr/data/15032526/fileData.do
경기도,성남시,가전제품,복사기,모든규격,0,2026-01-16,15032526,https://www.data.go.kr/data/15032526/fileData.do
경기도,성남시,가전제품,비디오,모든규격,0,2026-01-16,15032526,https://www.data.go.kr/data/15032526/fileData.do
경기도,성남시,가전제품,세탁기,가정용,0,2026-01-16,15032526,https://www.data.go.kr/data/15032526/fileData.do
경기도,성남시,가전제품,스탠드,,0,2026-01-16,15032526,https://www.data.go.kr/data/15032526/fileData.do
경기도,성남시,가전제품,오디오(대형),높이1m이상,0,2026-01-16,15032526,https://www.data.go.kr/data/15032526/fileData.do
경기도,성남시,가전제품,오디오(대형),스피커1개,0,2026-01-16,15032526,https://www.data.go.kr/data/15032526/fileData.do
경기도,성남시,가전제품,오디오세트(소형),높이1m미만,0,2026-01-16,15032526,https://www.data.go.kr/data/15032526/fileData.do
경기도,성남시,가전제품,오락기 (사업장용),높이1m미만,0,2026-01-16,15032526,https://www.data.go.kr/data/15032526/fileData.do
경기도,성남시,가전제품,오락기 (사업장용),높이1m이상,0,2026-01-16,15032526,https://www.data.go.kr/data/15032526/fileData.do
경기도,성남시,가전제품,오락기(가정용),모든규격,0,2026-01-16,15032526,https://www.data.go.kr/data/15032526/fileData.do
경기도,성남시,가전제품,자동판매기,모든규격,0,2026-01-16,15032526,https://www.data.go.kr/data/15032526/fileData.do
경기도,성남시,가전제품,전기장판(담요),모든규격,3000,2026-01-16,15032526,https://www.data.go.kr/data/15032526/fileData.do
경기도,성남시,가전제품,청소기,가정용,0,2026-01-16,15032526,https://www.data.go.kr/data/15032526/fileData.do
경기도,성남시,가전제품,카세트녹음기,모든규격,0,2026-01-16,15032526,https://www.data.go.kr/data/15032526/fileData.do
경기도,성남시,가전제품,탈수기,가정용,0,2026-01-16,15032526,https://www.data.go.kr/data/15032526/fileData.do
경기도,성남시,가전제품,팩시밀리,모든규격,0,2026-01-16,15032526,https://www.data.go.kr/data/15032526/fileData.do
경기도,성남시,가전제품,프린터,가정용,0,2026-01-16,15032526,https://www.data.go.kr/data/15032526/fileData.do
경기도,성남시,가전제품,프린터,사무실용,0,2026-01-16,15032526,https://www.data.go.kr/data/15032526/fileData.do
경기도,성남시,가전제품,헤어드라이기,모든규격,0,2026-01-16,15032526,https://www.data.go.kr/data/15032526/fileData.do
경기도,성남시,기타,가방,골프 가방,5000,2026-01-16,15032526,https://www.data.go.kr/data/15032526/fileData.do
경기도,성남시,기타,가방,여행용 가방,4000,2026-01-16,15032526,https://www.data.go.kr/data/15032526/fileData.do
경기도,성남시,기타,간판,넓이2㎡미만,4000,2026-01-16,15032526,https://www.data.go.kr/data/15032526/fileData.do
경기도,성남시,기타,간판,넓이2㎡이상,7000,2026-01-16,15032526,https://www.data.go.kr/data/15032526/fileData.do
경기도,성남시,기타,"거울,액자",1㎡미만,1000,2026-01-16,15032526,https://www.data.go.kr/data/15032526/fileData.do
경기도,성남시,기타,"거울,액자",1㎡이상,2000,2026-01-16,15032526,https://www.data.go.kr/data/15032526/fileData.do
경기도,성남시,기타,고무대야,세숫대야,1000,2026-01-16,15032526,https://www.data.go.kr/data/15032526/fileData.do
경기도,성남시,기타,고무대야,지름 1m 이하(김장용),2000,2026-01-16,15032526,https://www.data.go.kr/data/15032526/fileData.do
경기도,성남시,기타,기계식비데,모든규격,2000,2026-01-16,15032526,https://www.data.go.kr/data/15032526/fileData.do
경기도,성남시,기타,다리미판,모든규격,3000,2026-01-16,15032526,https://www.data.go.kr/data/15032526/fileData.do
경기도,성남시,기타,"돗자리,대자리",4㎡미만,2000,2026-01-16,15032526,https://www.data.go.kr/data/15032526/fileData.do
경기도,성남시,기타,"돗자리,대자리",4㎡이상,3000,2026-01-16,15032526,https://www.data.go.kr/data/15032526/fileData.do
경기도,성남시,기타,문짝,창문,3000,2026-01-16,15032526,https://www.data.go.kr/data/15032526/fileData.do
경기도,성남시,기타,문짝,현관문,4000,2026-01-16,15032526,https://www.data.go.kr/data/15032526/fileData.do
경기도,성남시,기타,물탱크(저수조),2㎡미만,6000,2026-01-16,15032526,https://www.data.go.kr/data/15032526/fileData.do
경기도,성남시,기타,물탱크(저수조),2㎡초과～4㎡이하,10000,2026-01-16,15032526,https://www.data.go.kr/data/15032526/fileData.do
경기도,성남시,기타,바이올린 케이스,모든규격,2000,2026-01-16,15032526,https://www.data.go.kr/data/15032526/fileData.do
경기도,성남시,기타,버티칼/블라인드,모든규격(쪽당),2000,2026-01-16,15032526,https://www.data.go.kr/data/15032526/fileData.do
경기도,성남시,기타,벽시계,대형(1m이상),4000,2026-01-16,15032526,https://www.data.go.kr/data/15032526/fileData.do
경기도,성남시,기타,벽시계,중형(40cm이상),2000,2026-01-16,15032526,https://www.data.go.kr/data/15032526/fileData.do
경기도,성남시,기타,변기,양변기,4000,2026-01-16,15032526,https://www.data.go.kr/data/15032526/fileData.do
경기도,성남시,기타,변기,좌변기,2000,2026-01-16,15032526,https://www.data.go.kr/data/15032526/fileData.do
경기도,성남시,기타,변압기,,3000,2026-01-16,15032526,https://www.data.go.kr/data/15032526/fileData.do
경기도,성남시,기타,병풍,모든규격,3000,2026-01-16,15032526,https://www.data.go.kr/data/15032526/fileData.do
경기도,성남시,기타,"보행기,유모차",,2000,2026-01-16,15032526,https://www.data.go.kr/data/15032526/fileData.do
경기도,성남시,기타,볼링공,모든규격,3000,2026-01-16,15032526,https://www.data.go.kr/data/15032526/fileData.do
경기도,성남시,기타,비키니옷장,모든규격,3000,2026-01-16,15032526,https://www.data.go.kr/data/15032526/fileData.do
경기도,성남시,기타,빨래건조대,모든규격,2000,2026-01-16,15032526,https://www.data.go.kr/data/15032526/fileData.do
경기도,성남시,기타,세면대,모든규격,3000,2026-01-16,15032526,https://www.data.go.kr/data/15032526/fileData.do
경기도,성남시,기타,수조관 받침대,,3000,2026-01-16,15032526,https://www.data.go.kr/data/15032526/fileData.do
경기도,성남시,기타,수족관(가정용),대형(1m×1m),5000,2026-01-16,15032526,https://www.data.go.kr/data/15032526/fileData.do
경기도,성남시,기타,수족관(가정용),소형(1㎡미만),3000,2026-01-16,15032526,https://www.data.go.kr/data/15032526/fileData.do
경기도,성남시,기타,수족관(가정용),특대형(1m×2m이상),9000,2026-01-16,15032526,https://www.data.go.kr/data/15032526/fileData.do
경기도,성남시,기타,스키 및 보드세트,모든규격,4000,2026-01-16,15032526,https://www.data.go.kr/data/15032526/fileData.do
경기도,성남시,기타,실내운동기구,,5000,2026-01-16,15032526,https://www.data.go.kr/data/15032526/fileData.do
경기도,성남시,기타,앰프,모든규격,3000,2026-01-16,15032526,https://www.data.go.kr/data/15032526/fileData.do
경기도,성남시,기타,옥매트,,6000,2026-01-16,15032526,https://www.data.go.kr/data/15032526/fileData.do
경기도,성남시,기타,"완구, 장난감","미끄럼틀, 싱크대 등",5000,2026-01-16,15032526,https://www.data.go.kr/data/15032526/fileData.do
경기도,성남시,기타,"완구, 장난감",소형,2000,2026-01-16,15032526,https://www.data.go.kr/data/15032526/fileData.do
경기도,성남시,기타,욕조,2인이상,15000,2026-01-16,15032526,https://www.data.go.kr/data/15032526/fileData.do
경기도,성남시,기타,욕조,유아용,2000,2026-01-16,15032526,https://www.data.go.kr/data/15032526/fileData.do
경기도,성남시,기타,욕조,일반용,10000,2026-01-16,15032526,https://www.data.go.kr/data/15032526/fileData.do
경기도,성남시,기타,유아 전동차,,4000,2026-01-16,15032526,https://www.data.go.kr/data/15032526/fileData.do
경기도,성남시,기타,유아용 카시트,모든규격,3000,2026-01-16,15032526,https://www.data.go.kr/data/15032526/fileData.do
경기도,성남시,기타,인라인스케이트,모든규격,2000,2026-01-16,15032526,https://www.data.go.kr/data/15032526/fileData.do
경기도,성남시,기타,자전거,성인용,4000,2026-01-16,15032526,https://www.data.go.kr/data/15032526/fileData.do
경기도,성남시,기타,자전거,아동용,2000,2026-01-16,15032526,https://www.data.go.kr/data/15032526/fileData.do
경기도,성남시,기타,장롱받침목,모든규격,2000,2026-01-16,15032526,https://www.data.go.kr/data/15032526/fileData.do
경기도,성남시,기타,재봉틀,모든규격,4000,2026-01-16,15032526,https://www.data.go.kr/data/15032526/fileData.do
경기도,성남시,기타,전자식비데,모든규격,0,2026-01-16,15032526,https://www.data.go.kr/data/15032526/fileData.do
경기도,성남시,기타,조명기구,모든규격,2000,2026-01-16,15032526,https://www.data.go.kr/data/15032526/fileData.do
경기도,성남시,기타,진동베개,모든규격,3000,2026-01-16,15032526,https://www.data.go.kr/data/15032526/fileData.do
경기도,성남시,기타,카페트,6㎡미만,6000,2026-01-16,15032526,https://www.data.go.kr/data/15032526/fileData.do
경기도,성남시,기타,카페트,6㎡이상,10000,2026-01-16,15032526,https://www.data.go.kr/data/15032526/fileData.do
경기도,성남시,기타,캣타워,모든규격,3000,2026-01-16,15032526,https://www.data.go.kr/data/15032526/fileData.do
경기도,성남시,기타,타자기,모든규격,3000,2026-01-16,15032526,https://www.data.go.kr/data/15032526/fileData.do
경기도,성남시,기타,파라솔,모든규격,3000,2026-01-16,15032526,https://www.data.go.kr/data/15032526/fileData.do
경기도,성남시,기타,파레트,,4000,2026-01-16,15032526,https://www.data.go.kr/data/15032526/fileData.do
경기도,성남시,기타,폐목재,10kg,1000,2026-01-16,15032526,https://www.data.go.kr/data/15032526/fileData.do
경기도,성남시,기타,플라스틱 서랍장,4단 이하,2000,2026-01-16,15032526,https://www.data.go.kr/data/15032526/fileData.do
경기도,성남시,기타,플라스틱 서랍장,5단 이상,3000,2026-01-16,15032526,https://www.data.go.kr/data/15032526/fileData.do
경기도,성남시,기타,플라스틱 서랍장,탁상용,1000,2026-01-16,15032526,https://www.data.go.kr/data/15032526/fileData.do
경기도,성남시,기타,합판,모든규격,3000,2026-01-16,15032526,https://www.data.go.kr/data/15032526/fileData.do
경기도,성남시,기타,헬스기구,런닝머신,0,2026-01-16,15032526,https://www.data.go.kr/data/15032526/fileData.do
경기도,성남시,기타,헬스기구,싸이클,0,2026-01-16,15032526,https://www.data.go.kr/data/15032526/fileData.do
경기도,성남시,기타,화이트보드,,3000,2026-01-16,15032526,https://www.data.go.kr/data/15032526/fileData.do
경기도,성남시,기타,화한받침대,모든규격,2000,2026-01-16,15032526,https://www.data.go.kr/data/15032526/fileData.do
경기도,성남시,기타,화환,모든규격,3000,2026-01-16,15032526,https://www.data.go.kr/data/15032526/fileData.do
경기도,성남시,기타,휠체어,모든 규격,4000,2026-01-16,15032526,https://www.data.go.kr/data/15032526/fileData.do
경기도,성남시,기타,휠체어,모든규격,4000,2026-01-16,15032526,https://www.data.go.kr/data/15032526/fileData.do
경기도,성남시,냉난방용품,(전기)난로,대형,0,2026-01-16,15032526,https://www.data.go.kr/data/15032526/fileData.do
경기도,성남시,냉난방용품,(전기)난로,소형,0,2026-01-16,15032526,https://www.data.go.kr/data/15032526/fileData.do
경기도,성남시,냉난방용품,보일러,모든규격,0,2026-01-16,15032526,https://www.data.go.kr/data/15032526/fileData.do
경기도,성남시,냉난방용품,보일러 기름통,높이 1.5미터 이상,10000,2026-01-16,15032526,https://www.data.go.kr/data/15032526/fileData.do
경기도,성남시,냉난방용품,보일러 기름통,높이 1미터 미만,3000,2026-01-16,15032526,https://www.data.go.kr/data/15032526/fileData.do
경기도,성남시,냉난방용품,보일러 기름통,높이 1미터～1.5미터 미만,8000,2026-01-16,15032526,https://www.data.go.kr/data/15032526/fileData.do
경기도,성남시,냉난방용품,선풍기,가정용,0,2026-01-16,15032526,https://www.data.go.kr/data/15032526/fileData.do
경기도,성남시,냉난방용품,선풍기,사업장용(대형),0,2026-01-16,15032526,https://www.data.go.kr/data/15032526/fileData.do
경기도,성남시,냉난방용품,에어컨,모든규격,0,2026-01-16,15032526,https://www.data.go.kr/data/15032526/fileData.do
경기도,성남시,냉난방용품,전기온풍기(대형),264㎡ 이상 스탠드형,0,2026-01-16,15032526,https://www.data.go.kr/data/15032526/fileData.do
경기도,성남시,냉난방용품,전기온풍기(소형),66㎡ 미만,0,2026-01-16,15032526,https://www.data.go.kr/data/15032526/fileData.do
경기도,성남시,냉난방용품,전기온풍기(중형),66㎡이상 264㎡미만,0,2026-01-16,15032526,https://www.data.go.kr/data/15032526/fileData.do
경기도,성남시,냉난방용품,히터,모든규격,0,2026-01-16,15032526,https://www.data.go.kr/data/15032526/fileData.do
경기도,성남시,사무용가구,책상,상판길이 150cm 미만,7000,2026-01-16,15032526,https://www.data.go.kr/data/15032526/fileData.do
경기도,성남시,사무용가구,책상,상판길이 150cm 이상,8000,2026-01-16,15032526,https://www.data.go.kr/data/15032526/fileData.do
경기도,성남시,사무용가구,책상 서랍장,4단 이하,3000,2026-01-16,15032526,https://www.data.go.kr/data/15032526/fileData.do
경기도,성남시,사무용가구,책상 서랍장,5단 이상,5000,2026-01-16,15032526,https://www.data.go.kr/data/15032526/fileData.do
경기도,성남시,사무용가구,책상유리,책상유리 150cm 미만,3000,2026-01-16,15032526,https://www.data.go.kr/data/15032526/fileData.do
경기도,성남시,사무용가구,책상유리,책상유리 150cm 이상,4000,2026-01-16,15032526,https://www.data.go.kr/data/15032526/fileData.do
경기도,성남시,사무용가구,책장,높이 또는 폭(큰수) 100cm 미만,4000,2026-01-16,15032526,https://www.data.go.kr/data/15032526/fileData.do
경기도,성남시,사무용가구,책장,높이 또는 폭(큰수) 100cm 이상,6000,2026-01-16,15032526,https://www.data.go.kr/data/15032526/fileData.do
경기도,성남시,사무용가구,파티션,폭 120cm 미만,4000,2026-01-16,15032526,https://www.data.go.kr/data/15032526/fileData.do
경기도,성남시,사무용가구,파티션,폭 120cm 이상,5000,2026-01-16,15032526,https://www.data.go.kr/data/15032526/fileData.do
경기도,성남시,사무용가구,회의용 탁자,6인 이상,5000,2026-01-16,15032526,https://www.data.go.kr/data/15032526/fileData.do
경기도,성남시,사무용가구,회의용 탁자,6인 이하,4000,2026-01-16,15032526,https://www.data.go.kr/data/15032526/fileData.do
경기도,성남시,악기,(전자)오르간,모든규격,5000,2026-01-16,15032526,https://www.data.go.kr/data/15032526/fileData.do
경기도,성남시,악기,피아노,그랜드,15000,2026-01-16,15032526,https://www.data.go.kr/data/15032526/fileData.do
경기도,성남시,악기,피아노,업라이트이하,10000,2026-01-16,15032526,https://www.data.go.kr/data/15032526/fileData.do
경기도,성남시,주방용품,(교자)상,길이1m미만,2000,2026-01-16,15032526,https://www.data.go.kr/data/15032526/fileData.do
경기도,성남시,주방용품,(교자)상,길이1m이상,3000,2026-01-16,15032526,https://www.data.go.kr/data/15032526/fileData.do
경기도,성남시,주방용품,가스(오븐)렌지,높이1m미만,0,2026-01-16,15032526,https://www.data.go.kr/data/15032526/fileData.do
경기도,성남시,주방용품,가스(오븐)렌지,높이1m이상,0,2026-01-16,15032526,https://www.data.go.kr/data/15032526/fileData.do
경기도,성남시,주방용품,대리석 식탁,6인용미만,13000,2026-01-16,15032526,https://www.data.go.kr/data/15032526/fileData.do
경기도,성남시,주방용품,대리석 식탁,6인용이상,18000,2026-01-16,15032526,https://www.data.go.kr/data/15032526/fileData.do
경기도,성남시,주방용품,"믹서기,분쇄기",모든규격,0,2026-01-16,15032526,https://www.data.go.kr/data/15032526/fileData.do
경기도,성남시,주방용품,배기후드(가정용),모든규격,2000,2026-01-16,15032526,https://www.data.go.kr/data/15032526/fileData.do
경기도,성남시,주방용품,식기건조기,인공건조(동력),0,2026-01-16,15032526,https://www.data.go.kr/data/15032526/fileData.do
경기도,성남시,주방용품,식기건조대,자연건조(무동력),2000,2026-01-16,15032526,https://www.data.go.kr/data/15032526/fileData.do
경기도,성남시,주방용품,식기세척기,모든규격,0,2026-01-16,15032526,https://www.data.go.kr/data/15032526/fileData.do
경기도,성남시,주방용품,식탁,6인용미만,4000,2026-01-16,15032526,https://www.data.go.kr/data/15032526/fileData.do
경기도,성남시,주방용품,식탁,6인용이상,5000,2026-01-16,15032526,https://www.data.go.kr/data/15032526/fileData.do
경기도,성남시,주방용품,싱크대,상판(대리석) 120cm 미만,10000,2026-01-16,15032526,https://www.data.go.kr/data/15032526/fileData.do
경기도,성남시,주방용품,싱크대,상판(대리석) 120cm 이상,12000,2026-01-16,15032526,https://www.data.go.kr/data/15032526/fileData.do
경기도,성남시,주방용품,싱크대,상판길이 120cm 미만,4000,2026-01-16,15032526,https://www.data.go.kr/data/15032526/fileData.do
경기도,성남시,주방용품,싱크대,상판길이 120cm 이상,6000,2026-01-16,15032526,https://www.data.go.kr/data/15032526/fileData.do
경기도,성남시,주방용품,싱크대,싱크대 찬장 1쪽당,5000,2026-01-16,15032526,https://www.data.go.kr/data/15032526/fileData.do
경기도,성남시,주방용품,쌀통,모든규격,3000,2026-01-16,15032526,https://www.data.go.kr/data/15032526/fileData.do
경기도,성남시,주방용품,아이스박스,,2000,2026-01-16,15032526,https://www.data.go.kr/data/15032526/fileData.do
경기도,성남시,주방용품,에어프라이어,,0,2026-01-16,15032526,https://www.data.go.kr/data/15032526/fileData.do
경기도,성남시,주방용품,전기밥솥(통),모든규격,0,2026-01-16,15032526,https://www.data.go.kr/data/15032526/fileData.do
경기도,성남시,주방용품,전자렌지,모든규격,0,2026-01-16,15032526,https://www.data.go.kr/data/15032526/fileData.do
경기도,성남시,주방용품,정수기,스탠드형,0,2026-01-16,15032526,https://www.data.go.kr/data/15032526/fileData.do
경기도,성남시,주방용품,정수기,탁상형,0,2026-01-16,15032526,https://www.data.go.kr/data/15032526/fileData.do
경기도,안양시,가구류,문갑,110cm 미만,2000,2025-12-23,15069011,https://www.data.go.kr/data/15069011/fileData.do
경기도,안양시,가구류,문갑,110cm 이상,4000,2025-12-23,15069011,https://www.data.go.kr/data/15069011/fileData.do
경기도,안양시,가구류,서랍장(차단스),5단미만,3000,2025-12-23,15069011,https://www.data.go.kr/data/15069011/fileData.do
경기도,안양시,가구류,서랍장(차단스),5단이상,6000,2025-12-23,15069011,https://www.data.go.kr/data/15069011/fileData.do
경기도,안양시,가구류,소파,1인용,2000,2025-12-23,15069011,https://www.data.go.kr/data/15069011/fileData.do
경기도,안양시,가구류,소파,2인용,3000,2025-12-23,15069011,https://www.data.go.kr/data/15069011/fileData.do
경기도,안양시,가구류,소파,3인용,4000,2025-12-23,15069011,https://www.data.go.kr/data/15069011/fileData.do
경기도,안양시,가구류,소파,돌소파,20000,2025-12-23,15069011,https://www.data.go.kr/data/15069011/fileData.do
경기도,안양시,가구류,식탁,7인용 미만,4000,2025-12-23,15069011,https://www.data.go.kr/data/15069011/fileData.do
경기도,안양시,가구류,식탁,7인용 이상,5000,2025-12-23,15069011,https://www.data.go.kr/data/15069011/fileData.do
경기도,안양시,가구류,식탁,대리석식탁,15000,2025-12-23,15069011,https://www.data.go.kr/data/15069011/fileData.do
경기도,안양시,가구류,신발장,모든규격,2000,2025-12-23,15069011,https://www.data.go.kr/data/15069011/fileData.do
경기도,안양시,가구류,오디오장식장,모든규격,4000,2025-12-23,15069011,https://www.data.go.kr/data/15069011/fileData.do
경기도,안양시,가구류,의자,모든규격,2000,2025-12-23,15069011,https://www.data.go.kr/data/15069011/fileData.do
경기도,안양시,가구류,장롱,가로 110cm 미만 1쪽,10000,2025-12-23,15069011,https://www.data.go.kr/data/15069011/fileData.do
경기도,안양시,가구류,장롱,가로 110cm 이상 1쪽,15000,2025-12-23,15069011,https://www.data.go.kr/data/15069011/fileData.do
경기도,안양시,가구류,장롱,장롱받침목 1개,2000,2025-12-23,15069011,https://www.data.go.kr/data/15069011/fileData.do
경기도,안양시,가구류,장식장,모든규격,6000,2025-12-23,15069011,https://www.data.go.kr/data/15069011/fileData.do
경기도,안양시,가구류,쥬니어장,모든규격,10000,2025-12-23,15069011,https://www.data.go.kr/data/15069011/fileData.do
경기도,안양시,가구류,책상,양수책상,5000,2025-12-23,15069011,https://www.data.go.kr/data/15069011/fileData.do
경기도,안양시,가구류,책상,유아용 책상셋트,5000,2025-12-23,15069011,https://www.data.go.kr/data/15069011/fileData.do
경기도,안양시,가구류,책상,편수책상,4000,2025-12-23,15069011,https://www.data.go.kr/data/15069011/fileData.do
경기도,안양시,가구류,책장(책꽂이),5단 미만,3000,2025-12-23,15069011,https://www.data.go.kr/data/15069011/fileData.do
경기도,안양시,가구류,책장(책꽂이),5단 이상,6000,2025-12-23,15069011,https://www.data.go.kr/data/15069011/fileData.do
경기도,안양시,가구류,침대,1인용매트리스,5000,2025-12-23,15069011,https://www.data.go.kr/data/15069011/fileData.do
경기도,안양시,가구류,침대,1인용셋트,10000,2025-12-23,15069011,https://www.data.go.kr/data/15069011/fileData.do
경기도,안양시,가구류,침대,1인용침대틀,5000,2025-12-23,15069011,https://www.data.go.kr/data/15069011/fileData.do
경기도,안양시,가구류,침대,2인용매트리스,8000,2025-12-23,15069011,https://www.data.go.kr/data/15069011/fileData.do
경기도,안양시,가구류,침대,2인용셋트(더블),15000,2025-12-23,15069011,https://www.data.go.kr/data/15069011/fileData.do
경기도,안양시,가구류,침대,2인용침대틀,8000,2025-12-23,15069011,https://www.data.go.kr/data/15069011/fileData.do
경기도,안양시,가구류,침대,돌침대(1인),20000,2025-12-23,15069011,https://www.data.go.kr/data/15069011/fileData.do
경기도,안양시,가구류,침대,돌침대(2인),40000,2025-12-23,15069011,https://www.data.go.kr/data/15069011/fileData.do
경기도,안양시,가구류,침대,라텍스,6000,2025-12-23,15069011,https://www.data.go.kr/data/15069011/fileData.do
경기도,안양시,가구류,침대,아기침대매트리스,2000,2025-12-23,15069011,https://www.data.go.kr/data/15069011/fileData.do
경기도,안양시,가구류,침대,아기침대셋트,5000,2025-12-23,15069011,https://www.data.go.kr/data/15069011/fileData.do
경기도,안양시,가구류,침대,아기침대틀(목재),3000,2025-12-23,15069011,https://www.data.go.kr/data/15069011/fileData.do
경기도,안양시,가구류,캐비넷,130cm 미만,3000,2025-12-23,15069011,https://www.data.go.kr/data/15069011/fileData.do
경기도,안양시,가구류,캐비넷,130cm 이상,5000,2025-12-23,15069011,https://www.data.go.kr/data/15069011/fileData.do
경기도,안양시,가구류,컴퓨터 책상,가로 80cm 미만,4000,2025-12-23,15069011,https://www.data.go.kr/data/15069011/fileData.do
경기도,안양시,가구류,컴퓨터 책상,가로 80cm 이상,5000,2025-12-23,15069011,https://www.data.go.kr/data/15069011/fileData.do
경기도,안양시,가구류,화장대,모든규격,3000,2025-12-23,15069011,https://www.data.go.kr/data/15069011/fileData.do
경기도,안양시,가구류,화장실 장식장,모든규격,2000,2025-12-23,15069011,https://www.data.go.kr/data/15069011/fileData.do
경기도,안양시,가구류,회의용 책상,6인 미만,4000,2025-12-23,15069011,https://www.data.go.kr/data/15069011/fileData.do
경기도,안양시,가구류,회의용 책상,6인 이상,5000,2025-12-23,15069011,https://www.data.go.kr/data/15069011/fileData.do
경기도,안양시,가전제품,가습기,모든규격,2000,2025-12-23,15069011,https://www.data.go.kr/data/15069011/fileData.do
경기도,안양시,가전제품,공기청정기,1m이상,8000,2025-12-23,15069011,https://www.data.go.kr/data/15069011/fileData.do
경기도,안양시,가전제품,비데,모든규격,2000,2025-12-23,15069011,https://www.data.go.kr/data/15069011/fileData.do
경기도,안양시,가전제품,세탁기,모든규격,4000,2025-12-23,15069011,https://www.data.go.kr/data/15069011/fileData.do
경기도,안양시,가전제품,스탠드,모든규격,2000,2025-12-23,15069011,https://www.data.go.kr/data/15069011/fileData.do
경기도,안양시,가전제품,안마의자,모든규격,10000,2025-12-23,15069011,https://www.data.go.kr/data/15069011/fileData.do
경기도,안양시,가전제품,에어컨,20평 미만,3000,2025-12-23,15069011,https://www.data.go.kr/data/15069011/fileData.do
경기도,안양시,가전제품,에어컨,20평 이상,5000,2025-12-23,15069011,https://www.data.go.kr/data/15069011/fileData.do
경기도,안양시,가전제품,에어컨,80평 이상,8000,2025-12-23,15069011,https://www.data.go.kr/data/15069011/fileData.do
경기도,안양시,가전제품,오디오(전축),본체,4000,2025-12-23,15069011,https://www.data.go.kr/data/15069011/fileData.do
경기도,안양시,가전제품,오디오(전축),스피커1개당,2000,2025-12-23,15069011,https://www.data.go.kr/data/15069011/fileData.do
경기도,안양시,가전제품,온풍기(냉방기),20평 미만,3000,2025-12-23,15069011,https://www.data.go.kr/data/15069011/fileData.do
경기도,안양시,가전제품,온풍기(냉방기),20평 이상,5000,2025-12-23,15069011,https://www.data.go.kr/data/15069011/fileData.do
경기도,안양시,가전제품,온풍기(냉방기),80평 이상,8000,2025-12-23,15069011,https://www.data.go.kr/data/15069011/fileData.do
경기도,안양시,가전제품,전기밥솥,모든규격,2000,2025-12-23,15069011,https://www.data.go.kr/data/15069011/fileData.do
경기도,안양시,가전제품,전기장판,모든규격,4000,2025-12-23,15069011,https://www.data.go.kr/data/15069011/fileData.do
경기도,안양시,가전제품,컴퓨터,모니터,3000,2025-12-23,15069011,https://www.data.go.kr/data/15069011/fileData.do
경기도,안양시,가전제품,텔레비전,42인치 미만,3000,2025-12-23,15069011,https://www.data.go.kr/data/15069011/fileData.do
경기도,안양시,가전제품,텔레비전,42인치 이상,5000,2025-12-23,15069011,https://www.data.go.kr/data/15069011/fileData.do
경기도,안양시,기타,간판,"가로, 세로 1m 미만",4000,2025-12-23,15069011,https://www.data.go.kr/data/15069011/fileData.do
경기도,안양시,기타,간판,"가로, 세로 1m 이상",6000,2025-12-23,15069011,https://www.data.go.kr/data/15069011/fileData.do
경기도,안양시,기타,개집,모든규격,3000,2025-12-23,15069011,https://www.data.go.kr/data/15069011/fileData.do
경기도,안양시,기타,거울,모든규격,2000,2025-12-23,15069011,https://www.data.go.kr/data/15069011/fileData.do
경기도,안양시,기타,고무통,가로70cm×세로80cm 이하,2000,2025-12-23,15069011,https://www.data.go.kr/data/15069011/fileData.do
경기도,안양시,기타,고무통,가로90cm×세로100cm 미만,3000,2025-12-23,15069011,https://www.data.go.kr/data/15069011/fileData.do
경기도,안양시,기타,고무통,가로90cm×세로100cm 이상,4000,2025-12-23,15069011,https://www.data.go.kr/data/15069011/fileData.do
경기도,안양시,기타,금고,100cm 미만,10000,2025-12-23,15069011,https://www.data.go.kr/data/15069011/fileData.do
경기도,안양시,기타,금고,100cm 이상,15000,2025-12-23,15069011,https://www.data.go.kr/data/15069011/fileData.do
경기도,안양시,기타,다림질판,모든규격,2000,2025-12-23,15069011,https://www.data.go.kr/data/15069011/fileData.do
경기도,안양시,기타,돗자리(대자리),모든규격,2000,2025-12-23,15069011,https://www.data.go.kr/data/15069011/fileData.do
경기도,안양시,기타,러닝머신,모든규격,8000,2025-12-23,15069011,https://www.data.go.kr/data/15069011/fileData.do
경기도,안양시,기타,물탱크(옥상),20인조미만,5000,2025-12-23,15069011,https://www.data.go.kr/data/15069011/fileData.do
경기도,안양시,기타,물탱크(옥상),20인조이상,8000,2025-12-23,15069011,https://www.data.go.kr/data/15069011/fileData.do
경기도,안양시,기타,방문짝,유리없는문짝,2000,2025-12-23,15069011,https://www.data.go.kr/data/15069011/fileData.do
경기도,안양시,기타,방문짝,유리있는문짝,5000,2025-12-23,15069011,https://www.data.go.kr/data/15069011/fileData.do
경기도,안양시,기타,병풍,모든규격,4000,2025-12-23,15069011,https://www.data.go.kr/data/15069011/fileData.do
경기도,안양시,기타,보일러,높이 100cm 이상~150cm 미만,8000,2025-12-23,15069011,https://www.data.go.kr/data/15069011/fileData.do
경기도,안양시,기타,보일러,높이 150cm 이상,10000,2025-12-23,15069011,https://www.data.go.kr/data/15069011/fileData.do
경기도,안양시,기타,보행기,모든규격,2000,2025-12-23,15069011,https://www.data.go.kr/data/15069011/fileData.do
경기도,안양시,기타,블라인드,쪽당,3000,2025-12-23,15069011,https://www.data.go.kr/data/15069011/fileData.do
경기도,안양시,기타,빨래건조대,모든규격,2000,2025-12-23,15069011,https://www.data.go.kr/data/15069011/fileData.do
경기도,안양시,기타,세면대,모든규격,3000,2025-12-23,15069011,https://www.data.go.kr/data/15069011/fileData.do
경기도,안양시,기타,세발자전거,모든규격,2000,2025-12-23,15069011,https://www.data.go.kr/data/15069011/fileData.do
경기도,안양시,기타,수족관,"가로, 세로 1m 미만",3000,2025-12-23,15069011,https://www.data.go.kr/data/15069011/fileData.do
경기도,안양시,기타,수족관,"가로, 세로 1m 이상",5000,2025-12-23,15069011,https://www.data.go.kr/data/15069011/fileData.do
경기도,안양시,기타,수족관받침대,모든규격,3000,2025-12-23,15069011,https://www.data.go.kr/data/15069011/fileData.do
경기도,안양시,기타,스키(보드) 세트,모든규격,4000,2025-12-23,15069011,https://www.data.go.kr/data/15069011/fileData.do
경기도,안양시,기타,스테퍼,모든규격,4000,2025-12-23,15069011,https://www.data.go.kr/data/15069011/fileData.do
경기도,안양시,기타,시계,"가로, 세로 1m 이상",3000,2025-12-23,15069011,https://www.data.go.kr/data/15069011/fileData.do
경기도,안양시,기타,아이스박스,모든규격,3000,2025-12-23,15069011,https://www.data.go.kr/data/15069011/fileData.do
경기도,안양시,기타,액자,모든규격,2000,2025-12-23,15069011,https://www.data.go.kr/data/15069011/fileData.do
경기도,안양시,기타,양변기(변기통),모든규격,5000,2025-12-23,15069011,https://www.data.go.kr/data/15069011/fileData.do
경기도,안양시,기타,여행용가방,모든규격,2000,2025-12-23,15069011,https://www.data.go.kr/data/15069011/fileData.do
경기도,안양시,기타,오르간(풍금),모든규격,8000,2025-12-23,15069011,https://www.data.go.kr/data/15069011/fileData.do
경기도,안양시,기타,옷걸이,모든규격,2000,2025-12-23,15069011,https://www.data.go.kr/data/15069011/fileData.do
경기도,안양시,기타,욕조,모든규격,4000,2025-12-23,15069011,https://www.data.go.kr/data/15069011/fileData.do
경기도,안양시,기타,유리,"식탁유리, 깨진유리",3000,2025-12-23,15069011,https://www.data.go.kr/data/15069011/fileData.do
경기도,안양시,기타,유모차,모든규격,2000,2025-12-23,15069011,https://www.data.go.kr/data/15069011/fileData.do
경기도,안양시,기타,유아용변기,모든규격,2000,2025-12-23,15069011,https://www.data.go.kr/data/15069011/fileData.do
경기도,안양시,기타,유아용장난감,모든규격,2000,2025-12-23,15069011,https://www.data.go.kr/data/15069011/fileData.do
경기도,안양시,기타,이불류(동절기),모든규격,3000,2025-12-23,15069011,https://www.data.go.kr/data/15069011/fileData.do
경기도,안양시,기타,이불류(하절기),모든규격,2000,2025-12-23,15069011,https://www.data.go.kr/data/15069011/fileData.do
경기도,안양시,기타,인형류,모든규격,2000,2025-12-23,15069011,https://www.data.go.kr/data/15069011/fileData.do
경기도,안양시,기타,자전거,모든규격,4000,2025-12-23,15069011,https://www.data.go.kr/data/15069011/fileData.do
경기도,안양시,기타,장판묶음,방한칸기준,2000,2025-12-23,15069011,https://www.data.go.kr/data/15069011/fileData.do
경기도,안양시,기타,카시트,모든규격,3000,2025-12-23,15069011,https://www.data.go.kr/data/15069011/fileData.do
경기도,안양시,기타,카펫트,2×4m미만,6000,2025-12-23,15069011,https://www.data.go.kr/data/15069011/fileData.do
경기도,안양시,기타,카펫트,2×4m이상,8000,2025-12-23,15069011,https://www.data.go.kr/data/15069011/fileData.do
경기도,안양시,기타,캣타워,모든규격,3000,2025-12-23,15069011,https://www.data.go.kr/data/15069011/fileData.do
경기도,안양시,기타,커튼류,모든규격,2000,2025-12-23,15069011,https://www.data.go.kr/data/15069011/fileData.do
경기도,안양시,기타,콘솔박스,모든규격,3000,2025-12-23,15069011,https://www.data.go.kr/data/15069011/fileData.do
경기도,안양시,기타,타이어,모든규격,3000,2025-12-23,15069011,https://www.data.go.kr/data/15069011/fileData.do
경기도,안양시,기타,파렛트,길이 120cm 미만,2000,2025-12-23,15069011,https://www.data.go.kr/data/15069011/fileData.do
경기도,안양시,기타,파렛트,길이 120cm 이상,4000,2025-12-23,15069011,https://www.data.go.kr/data/15069011/fileData.do
경기도,안양시,기타,파티션,폭 100cm 미만,3000,2025-12-23,15069011,https://www.data.go.kr/data/15069011/fileData.do
경기도,안양시,기타,파티션,폭 100cm 이상,4000,2025-12-23,15069011,https://www.data.go.kr/data/15069011/fileData.do
경기도,안양시,기타,폐목재,20kg 이내(20kg 초과 시 10kg당 천원),2000,2025-12-23,15069011,https://www.data.go.kr/data/15069011/fileData.do
경기도,안양시,기타,폐소화기,3.3kg 미만,3000,2025-12-23,15069011,https://www.data.go.kr/data/15069011/fileData.do
경기도,안양시,기타,폐소화기,3.3kg 이상,5000,2025-12-23,15069011,https://www.data.go.kr/data/15069011/fileData.do
경기도,안양시,기타,피아노,그랜드,15000,2025-12-23,15069011,https://www.data.go.kr/data/15069011/fileData.do
경기도,안양시,기타,피아노,어프라이트,10000,2025-12-23,15069011,https://www.data.go.kr/data/15069011/fileData.do
경기도,안양시,기타,피아노,전자,5000,2025-12-23,15069011,https://www.data.go.kr/data/15069011/fileData.do
경기도,안양시,기타,휠체어,모든규격,4000,2025-12-23,15069011,https://www.data.go.kr/data/15069011/fileData.do
경기도,안양시,주방용품,가스렌지후드,모든규격,2000,2025-12-23,15069011,https://www.data.go.kr/data/15069011/fileData.do
경기도,안양시,주방용품,가스오븐렌지,높이 1m 이상,4000,2025-12-23,15069011,https://www.data.go.kr/data/15069011/fileData.do
경기도,안양시,주방용품,"개수대, 찬장",1쪽당,2000,2025-12-23,15069011,https://www.data.go.kr/data/15069011/fileData.do
경기도,안양시,주방용품,냉장고,300ℓ미만,4000,2025-12-23,15069011,https://www.data.go.kr/data/15069011/fileData.do
경기도,안양시,주방용품,냉장고,300ℓ이상,6000,2025-12-23,15069011,https://www.data.go.kr/data/15069011/fileData.do
경기도,안양시,주방용품,냉장고,500ℓ이상,8000,2025-12-23,15069011,https://www.data.go.kr/data/15069011/fileData.do
경기도,안양시,주방용품,밥상(교자상포함),"가로, 세로 1m 미만",2000,2025-12-23,15069011,https://www.data.go.kr/data/15069011/fileData.do
경기도,안양시,주방용품,밥상(교자상포함),"가로, 세로 1m 이상",3000,2025-12-23,15069011,https://www.data.go.kr/data/15069011/fileData.do
경기도,안양시,주방용품,빙수기,모든규격,2000,2025-12-23,15069011,https://www.data.go.kr/data/15069011/fileData.do
경기도,안양시,주방용품,식기건조대,60cm 미만,2000,2025-12-23,15069011,https://www.data.go.kr/data/15069011/fileData.do
경기도,안양시,주방용품,식기건조대,60cm 이상,6000,2025-12-23,15069011,https://www.data.go.kr/data/15069011/fileData.do
경기도,안양시,주방용품,식기세척기,모든규격,4000,2025-12-23,15069011,https://www.data.go.kr/data/15069011/fileData.do
경기도,안양시,주방용품,쌀통,모든규격,4000,2025-12-23,15069011,https://www.data.go.kr/data/15069011/fileData.do
경기도,안양시,주방용품,씽크대,1쪽당,2000,2025-12-23,15069011,https://www.data.go.kr/data/15069011/fileData.do
경기도,안양시,주방용품,응접셋트,7인 미만,5000,2025-12-23,15069011,https://www.data.go.kr/data/15069011/fileData.do
경기도,안양시,주방용품,응접셋트,7인 이상,8000,2025-12-23,15069011,https://www.data.go.kr/data/15069011/fileData.do
경기도,안양시,주방용품,커피메이트,모든규격,2000,2025-12-23,15069011,https://www.data.go.kr/data/15069011/fileData.do
경기도,양주시,,가스(전자)렌지,모든규격,2000,,15148661,https://www.data.go.kr/data/15148661/fileData.do
경기도,양주시,,가습기,모든규격,2000,,15148661,https://www.data.go.kr/data/15148661/fileData.do
경기도,양주시,,거실용 탁자,120cm 이상(대),4000,,15148661,https://www.data.go.kr/data/15148661/fileData.do
경기도,양주시,,거실용 탁자,120cm 이하(소),2000,,15148661,https://www.data.go.kr/data/15148661/fileData.do
경기도,양주시,,거울,1㎡ 이하,2000,,15148661,https://www.data.go.kr/data/15148661/fileData.do
경기도,양주시,,거울,1㎡ 초과,3000,,15148661,https://www.data.go.kr/data/15148661/fileData.do
경기도,양주시,,게임기,대형(높이 1m 초과),8000,,15148661,https://www.data.go.kr/data/15148661/fileData.do
경기도,양주시,,게임기,중소형(높이 1m 이하),4000,,15148661,https://www.data.go.kr/data/15148661/fileData.do
경기도,양주시,,골프가방,모든규격,3000,,15148661,https://www.data.go.kr/data/15148661/fileData.do
경기도,양주시,,공기청정기,99㎡ 이하,3000,,15148661,https://www.data.go.kr/data/15148661/fileData.do
경기도,양주시,,공기청정기,99㎡ 초과,5000,,15148661,https://www.data.go.kr/data/15148661/fileData.do
경기도,양주시,,교자상(밥상),1㎡ 이하,2000,,15148661,https://www.data.go.kr/data/15148661/fileData.do
경기도,양주시,,교자상(밥상),1㎡ 초과,3000,,15148661,https://www.data.go.kr/data/15148661/fileData.do
경기도,양주시,,기름통,모든규격,2000,,15148661,https://www.data.go.kr/data/15148661/fileData.do
경기도,양주시,,기타 소형악기,모든규격,2000,,15148661,https://www.data.go.kr/data/15148661/fileData.do
경기도,양주시,,김치냉장고,160ℓ 이하,4000,,15148661,https://www.data.go.kr/data/15148661/fileData.do
경기도,양주시,,김치냉장고,160ℓ 초과,6000,,15148661,https://www.data.go.kr/data/15148661/fileData.do
경기도,양주시,,냉난방기기,264㎡ 초과 (*실외기 별도),8000,,15148661,https://www.data.go.kr/data/15148661/fileData.do
경기도,양주시,,냉난방기기,66㎡ 이하 (*실외기 별도),3000,,15148661,https://www.data.go.kr/data/15148661/fileData.do
경기도,양주시,,냉난방기기,66㎡ 초과~264㎡ 이하 (*실외기 별도),5000,,15148661,https://www.data.go.kr/data/15148661/fileData.do
경기도,양주시,,냉온수기(정수기),대형(높이 1m 초과),4000,,15148661,https://www.data.go.kr/data/15148661/fileData.do
경기도,양주시,,냉온수기(정수기),중소형(높이 1m 이하),3000,,15148661,https://www.data.go.kr/data/15148661/fileData.do
경기도,양주시,,냉장고(냉동고),300ℓ이하,4000,,15148661,https://www.data.go.kr/data/15148661/fileData.do
경기도,양주시,,냉장고(냉동고),300ℓ초과~500ℓ 이하,6000,,15148661,https://www.data.go.kr/data/15148661/fileData.do
경기도,양주시,,다리미,모든규격,2000,,15148661,https://www.data.go.kr/data/15148661/fileData.do
경기도,양주시,,라텍스 매트/메모리폼 매트,1인용,5000,,15148661,https://www.data.go.kr/data/15148661/fileData.do
경기도,양주시,,라텍스 매트/메모리폼 매트,2인용,8000,,15148661,https://www.data.go.kr/data/15148661/fileData.do
경기도,양주시,,문갑(TV다이),모든규격,3000,,15148661,https://www.data.go.kr/data/15148661/fileData.do
경기도,양주시,,문짝,대(현관문),5000,,15148661,https://www.data.go.kr/data/15148661/fileData.do
경기도,양주시,,문짝,소(창문),3000,,15148661,https://www.data.go.kr/data/15148661/fileData.do
경기도,양주시,,믹서기(녹즙기),모든규격,2000,,15148661,https://www.data.go.kr/data/15148661/fileData.do
경기도,양주시,,보일러,높이 1m 이하,3000,,15148661,https://www.data.go.kr/data/15148661/fileData.do
경기도,양주시,,보일러,높이 1m 초과,5000,,15148661,https://www.data.go.kr/data/15148661/fileData.do
경기도,양주시,,복사기,모든규격,6000,,15148661,https://www.data.go.kr/data/15148661/fileData.do
경기도,양주시,,비데,모든규격,4000,,15148661,https://www.data.go.kr/data/15148661/fileData.do
경기도,양주시,,비디오,모든규격,2000,,15148661,https://www.data.go.kr/data/15148661/fileData.do
경기도,양주시,,비키니옷장,모든규격,3000,,15148661,https://www.data.go.kr/data/15148661/fileData.do
경기도,양주시,,사무용칸막이,1㎡당,2000,,15148661,https://www.data.go.kr/data/15148661/fileData.do
경기도,양주시,,샌드위치패널,2m×2m 이하,3000,,15148661,https://www.data.go.kr/data/15148661/fileData.do
경기도,양주시,,샌드위치패널,2m×2m 초과,5000,,15148661,https://www.data.go.kr/data/15148661/fileData.do
경기도,양주시,,서랍장,가로 90cm(3자) 5단 이하,5000,,15148661,https://www.data.go.kr/data/15148661/fileData.do
경기도,양주시,,서랍장,가로 90cm(3자) 5단 초과,7000,,15148661,https://www.data.go.kr/data/15148661/fileData.do
경기도,양주시,,선풍기,대형(최소높이 1m 초과),4000,,15148661,https://www.data.go.kr/data/15148661/fileData.do
경기도,양주시,,선풍기,중소형(최소높이 1m 이하),3000,,15148661,https://www.data.go.kr/data/15148661/fileData.do
경기도,양주시,,세면대,모든규격,3000,,15148661,https://www.data.go.kr/data/15148661/fileData.do
경기도,양주시,,세탁기,중소형(9kg 이하),4000,,15148661,https://www.data.go.kr/data/15148661/fileData.do
경기도,양주시,,세탁기,중소형(9kg 초과),6000,,15148661,https://www.data.go.kr/data/15148661/fileData.do
경기도,양주시,,소파,1인용,3000,,15148661,https://www.data.go.kr/data/15148661/fileData.do
경기도,양주시,,소파,2인용,4000,,15148661,https://www.data.go.kr/data/15148661/fileData.do
경기도,양주시,,소파,3인용,5000,,15148661,https://www.data.go.kr/data/15148661/fileData.do
경기도,양주시,,소파,4인용 이상,8000,,15148661,https://www.data.go.kr/data/15148661/fileData.do
경기도,양주시,,소파용 스툴,2~4인용,2000,,15148661,https://www.data.go.kr/data/15148661/fileData.do
경기도,양주시,,수족관(어항),1㎡ 이하,3000,,15148661,https://www.data.go.kr/data/15148661/fileData.do
경기도,양주시,,수족관(어항),1㎡ 초과,5000,,15148661,https://www.data.go.kr/data/15148661/fileData.do
경기도,양주시,,시계,벽걸이형,3000,,15148661,https://www.data.go.kr/data/15148661/fileData.do
경기도,양주시,,시계,스텐드형,5000,,15148661,https://www.data.go.kr/data/15148661/fileData.do
경기도,양주시,,식기세척(건조)기,4인용 이하,3000,,15148661,https://www.data.go.kr/data/15148661/fileData.do
경기도,양주시,,식기세척(건조)기,4인용 초과,4000,,15148661,https://www.data.go.kr/data/15148661/fileData.do
경기도,양주시,,식탁,대리석식탁 4인용 이하,10000,,15148661,https://www.data.go.kr/data/15148661/fileData.do
경기도,양주시,,식탁,대리석식탁 4인용 초과,15000,,15148661,https://www.data.go.kr/data/15148661/fileData.do
경기도,양주시,,식탁,일반식탁 4인용 이하,3000,,15148661,https://www.data.go.kr/data/15148661/fileData.do
경기도,양주시,,식탁,일반식탁 4인용 초과,4000,,15148661,https://www.data.go.kr/data/15148661/fileData.do
경기도,양주시,,신발장,1㎡ 이하,2000,,15148661,https://www.data.go.kr/data/15148661/fileData.do
경기도,양주시,,신발장,1㎡ 초과,3000,,15148661,https://www.data.go.kr/data/15148661/fileData.do
경기도,양주시,,싱크대,가스렌지 받침(개당),2000,,15148661,https://www.data.go.kr/data/15148661/fileData.do
경기도,양주시,,싱크대,가스렌지 후드/배기후드(개당),2000,,15148661,https://www.data.go.kr/data/15148661/fileData.do
경기도,양주시,,싱크대,개수대·찬장(개당),4000,,15148661,https://www.data.go.kr/data/15148661/fileData.do
경기도,양주시,,쌀통,다용도,3000,,15148661,https://www.data.go.kr/data/15148661/fileData.do
경기도,양주시,,쌀통,일반,2000,,15148661,https://www.data.go.kr/data/15148661/fileData.do
경기도,양주시,,안마의자,모든규격,10000,,15148661,https://www.data.go.kr/data/15148661/fileData.do
경기도,양주시,,액자,1㎡ 이하,2000,,15148661,https://www.data.go.kr/data/15148661/fileData.do
경기도,양주시,,액자,1㎡ 초과,3000,,15148661,https://www.data.go.kr/data/15148661/fileData.do
경기도,양주시,,에어프라이어,개당,3000,,15148661,https://www.data.go.kr/data/15148661/fileData.do
경기도,양주시,,오디오(전축),본체,4000,,15148661,https://www.data.go.kr/data/15148661/fileData.do
경기도,양주시,,오디오(전축),소형오디오세트(모든규격),3000,,15148661,https://www.data.go.kr/data/15148661/fileData.do
경기도,양주시,,오디오(전축),스피커(모든규격)/개당,3000,,15148661,https://www.data.go.kr/data/15148661/fileData.do
경기도,양주시,,오디오(전축),장식장(모든규격),4000,,15148661,https://www.data.go.kr/data/15148661/fileData.do
경기도,양주시,,욕조,모든규격,4000,,15148661,https://www.data.go.kr/data/15148661/fileData.do
경기도,양주시,,유리,1㎡당,2000,,15148661,https://www.data.go.kr/data/15148661/fileData.do
경기도,양주시,,응접탁자,모든규격,3000,,15148661,https://www.data.go.kr/data/15148661/fileData.do
경기도,양주시,,의자,1인용,2000,,15148661,https://www.data.go.kr/data/15148661/fileData.do
경기도,양주시,,의자,2인용 이상,5000,,15148661,https://www.data.go.kr/data/15148661/fileData.do
경기도,양주시,,의자,바퀴 달린 의자(대형),5000,,15148661,https://www.data.go.kr/data/15148661/fileData.do
경기도,양주시,,의자,바퀴 달린 의자(일반),3000,,15148661,https://www.data.go.kr/data/15148661/fileData.do
경기도,양주시,,이동식화장실,1인용,30000,,15148661,https://www.data.go.kr/data/15148661/fileData.do
경기도,양주시,,자동차범퍼,개당,5000,,15148661,https://www.data.go.kr/data/15148661/fileData.do
경기도,양주시,,자동차시트,소파1인용 준용,3000,,15148661,https://www.data.go.kr/data/15148661/fileData.do
경기도,양주시,,자동판매기,대형(높이 1m 초과),15000,,15148661,https://www.data.go.kr/data/15148661/fileData.do
경기도,양주시,,자동판매기,중소형(높이 1m 이하),5000,,15148661,https://www.data.go.kr/data/15148661/fileData.do
경기도,양주시,,장롱,가로120cm(4자) 이하(개당),10000,,15148661,https://www.data.go.kr/data/15148661/fileData.do
경기도,양주시,,장롱,가로120cm(4자) 초과(개당),15000,,15148661,https://www.data.go.kr/data/15148661/fileData.do
경기도,양주시,,장롱,가로90cm(3자) 이하(개당),7000,,15148661,https://www.data.go.kr/data/15148661/fileData.do
경기도,양주시,,장식장,가로 90cm(3자) 이하(개당),7000,,15148661,https://www.data.go.kr/data/15148661/fileData.do
경기도,양주시,,장식장,가로 90cm(3자) 초과(개당),10000,,15148661,https://www.data.go.kr/data/15148661/fileData.do
경기도,양주시,,장판류,1㎡당,2000,,15148661,https://www.data.go.kr/data/15148661/fileData.do
경기도,양주시,,전기(압력)밥솥,모든규격,3000,,15148661,https://www.data.go.kr/data/15148661/fileData.do
경기도,양주시,,전기스토브(커피메이커),모든규격,2000,,15148661,https://www.data.go.kr/data/15148661/fileData.do
경기도,양주시,,전기장판(담요),옥매트/자석요/온수매트(모든규격),4000,,15148661,https://www.data.go.kr/data/15148661/fileData.do
경기도,양주시,,전기장판(담요),일반장판/담요(모든규격),2000,,15148661,https://www.data.go.kr/data/15148661/fileData.do
경기도,양주시,,전자레인지 선반,개당,2000,,15148661,https://www.data.go.kr/data/15148661/fileData.do
경기도,양주시,,전화기,모든규격,2000,,15148661,https://www.data.go.kr/data/15148661/fileData.do
경기도,양주시,,접이식 라텍스 매트,모든규격,3000,,15148661,https://www.data.go.kr/data/15148661/fileData.do
경기도,양주시,,조명기구(스탠드),모든규격,2000,,15148661,https://www.data.go.kr/data/15148661/fileData.do
경기도,양주시,,책꽂이,1㎡ 이하,2000,,15148661,https://www.data.go.kr/data/15148661/fileData.do
경기도,양주시,,책꽂이,1㎡ 초과,3000,,15148661,https://www.data.go.kr/data/15148661/fileData.do
경기도,양주시,,책상,독서실 책상,6000,,15148661,https://www.data.go.kr/data/15148661/fileData.do
경기도,양주시,,책상,서랍없음 *유리별도,3000,,15148661,https://www.data.go.kr/data/15148661/fileData.do
경기도,양주시,,책상,세트(편수책상+책꽂이),6000,,15148661,https://www.data.go.kr/data/15148661/fileData.do
경기도,양주시,,책상,양수(양쪽서랍) *유리별도,5000,,15148661,https://www.data.go.kr/data/15148661/fileData.do
경기도,양주시,,책상,편수(한쪽서랍) *유리별도,4000,,15148661,https://www.data.go.kr/data/15148661/fileData.do
경기도,양주시,,책장,가로90cm(3자) 이하(개당),7000,,15148661,https://www.data.go.kr/data/15148661/fileData.do
경기도,양주시,,책장,가로90cm(3자) 초과(개당),10000,,15148661,https://www.data.go.kr/data/15148661/fileData.do
경기도,양주시,,청소기,모든규격,4000,,15148661,https://www.data.go.kr/data/15148661/fileData.do
경기도,양주시,,침대,1인용 돌침대 세트,20000,,15148661,https://www.data.go.kr/data/15148661/fileData.do
경기도,양주시,,침대,1인용침대 매트리스,5000,,15148661,https://www.data.go.kr/data/15148661/fileData.do
경기도,양주시,,침대,1인용침대 세트(매트리스+침대틀),10000,,15148661,https://www.data.go.kr/data/15148661/fileData.do
경기도,양주시,,침대,1인용침대 침대틀,5000,,15148661,https://www.data.go.kr/data/15148661/fileData.do
경기도,양주시,,침대,2인용 돌침대 세트,30000,,15148661,https://www.data.go.kr/data/15148661/fileData.do
경기도,양주시,,침대,2인용침대 매트리스,8000,,15148661,https://www.data.go.kr/data/15148661/fileData.do
경기도,양주시,,침대,2인용침대 세트(매트리스+침대틀),15000,,15148661,https://www.data.go.kr/data/15148661/fileData.do
경기도,양주시,,침대,2인용침대 침대틀,7000,,15148661,https://www.data.go.kr/data/15148661/fileData.do
경기도,양주시,,침대,2층 침대,15000,,15148661,https://www.data.go.kr/data/15148661/fileData.do
경기도,양주시,,침대,아기침대 매트리스,3000,,15148661,https://www.data.go.kr/data/15148661/fileData.do
경기도,양주시,,침대,아기침대 세트,5000,,15148661,https://www.data.go.kr/data/15148661/fileData.do
경기도,양주시,,침대,아기침대 틀,2000,,15148661,https://www.data.go.kr/data/15148661/fileData.do
경기도,양주시,,카세트,모든규격,2000,,15148661,https://www.data.go.kr/data/15148661/fileData.do
경기도,양주시,,캐비닛,대형(가로90cm×세로120cm)초과,5000,,15148661,https://www.data.go.kr/data/15148661/fileData.do
경기도,양주시,,캐비닛,중소형(가로90cm×세로120cm)이하,3000,,15148661,https://www.data.go.kr/data/15148661/fileData.do
경기도,양주시,,컴퓨터,노트북,2000,,15148661,https://www.data.go.kr/data/15148661/fileData.do
경기도,양주시,,컴퓨터,모니터,2000,,15148661,https://www.data.go.kr/data/15148661/fileData.do
경기도,양주시,,컴퓨터,본체,2000,,15148661,https://www.data.go.kr/data/15148661/fileData.do
경기도,양주시,,컴퓨터,스피커(개당),1000,,15148661,https://www.data.go.kr/data/15148661/fileData.do
경기도,양주시,,컴퓨터,키보드,2000,,15148661,https://www.data.go.kr/data/15148661/fileData.do
경기도,양주시,,컴퓨터,프린터(복합기),2000,,15148661,https://www.data.go.kr/data/15148661/fileData.do
경기도,양주시,,탁자(회의용),10인용 미만,5000,,15148661,https://www.data.go.kr/data/15148661/fileData.do
경기도,양주시,,탁자(회의용),10인용 이상,9000,,15148661,https://www.data.go.kr/data/15148661/fileData.do
경기도,양주시,,탈수기,모든규격,2000,,15148661,https://www.data.go.kr/data/15148661/fileData.do
경기도,양주시,,텐트,4인용 이하,3000,,15148661,https://www.data.go.kr/data/15148661/fileData.do
경기도,양주시,,텐트,5인용 이상,4000,,15148661,https://www.data.go.kr/data/15148661/fileData.do
경기도,양주시,,텔레비전,42인치 미만,3000,,15148661,https://www.data.go.kr/data/15148661/fileData.do
경기도,양주시,,텔레비전,42인치 이상,5000,,15148661,https://www.data.go.kr/data/15148661/fileData.do
경기도,양주시,,파티션,폭 100cm 미만,3000,,15148661,https://www.data.go.kr/data/15148661/fileData.do
경기도,양주시,,파티션,폭 100cm 초과,4000,,15148661,https://www.data.go.kr/data/15148661/fileData.do
경기도,양주시,,폐소화기,모든규격,3000,,15148661,https://www.data.go.kr/data/15148661/fileData.do
경기도,양주시,,폐타이어,모든규격,3000,,15148661,https://www.data.go.kr/data/15148661/fileData.do
경기도,양주시,,피아노,그랜드,15000,,15148661,https://www.data.go.kr/data/15148661/fileData.do
경기도,양주시,,피아노,디지털,4000,,15148661,https://www.data.go.kr/data/15148661/fileData.do
경기도,양주시,,피아노,업라이트,10000,,15148661,https://www.data.go.kr/data/15148661/fileData.do
경기도,양주시,,피아노,오르간,5000,,15148661,https://www.data.go.kr/data/15148661/fileData.do
경기도,양주시,,항아리류(화분),대형(높이 50cm 초과),3000,,15148661,https://www.data.go.kr/data/15148661/fileData.do
경기도,양주시,,항아리류(화분),중소형(높이 50cm 이하),2000,,15148661,https://www.data.go.kr/data/15148661/fileData.do
경기도,양주시,,호스,10m당(지름 30mm 이하),2000,,15148661,https://www.data.go.kr/data/15148661/fileData.do
경기도,양주시,,호스,10m당(지름 30mm 초과),4000,,15148661,https://www.data.go.kr/data/15148661/fileData.do
경기도,양주시,,화장대,모든규격 *거울별도,3000,,15148661,https://www.data.go.kr/data/15148661/fileData.do
경기도,양주시,,화환,개당,3000,,15148661,https://www.data.go.kr/data/15148661/fileData.do
경기도,양주시,,화환,모든규격,3000,,15148661,https://www.data.go.kr/data/15148661/fileData.do
경기도,양평군,가구류,"가스레인지,인덕션",모든 규격,0,2024-11-18,15061191,https://www.data.go.kr/data/15061191/fileData.do
경기도,양평군,가구류,가스오븐레인지,높이 1m 미만,0,2024-11-18,15061191,https://www.data.go.kr/data/15061191/fileData.do
경기도,양평군,가구류,가스오븐레인지,높이 1m 이상,0,2024-11-18,15061191,https://www.data.go.kr/data/15061191/fileData.do
경기도,양평군,가구류,교자상,대형(4인 이상),4000,2024-11-18,15061191,https://www.data.go.kr/data/15061191/fileData.do
경기도,양평군,가구류,교자상,소형(4인 미만),3000,2024-11-18,15061191,https://www.data.go.kr/data/15061191/fileData.do
경기도,양평군,가구류,매트리스,1인용,7000,2024-11-18,15061191,https://www.data.go.kr/data/15061191/fileData.do
경기도,양평군,가구류,매트리스,2인용 이상,10000,2024-11-18,15061191,https://www.data.go.kr/data/15061191/fileData.do
경기도,양평군,가구류,매트리스,유아용,3000,2024-11-18,15061191,https://www.data.go.kr/data/15061191/fileData.do
경기도,양평군,가구류,"문갑,화장대,TV거실장",(대리석)1m 미만,6000,2024-11-18,15061191,https://www.data.go.kr/data/15061191/fileData.do
경기도,양평군,가구류,"문갑,화장대,TV거실장",(대리석)1m 이상 2m 미만,8000,2024-11-18,15061191,https://www.data.go.kr/data/15061191/fileData.do
경기도,양평군,가구류,"문갑,화장대,TV거실장",(대리석)2m 이상,16000,2024-11-18,15061191,https://www.data.go.kr/data/15061191/fileData.do
경기도,양평군,가구류,"문갑,화장대,TV거실장",(원목)1m 이상 2m 미만,6000,2024-11-18,15061191,https://www.data.go.kr/data/15061191/fileData.do
경기도,양평군,가구류,"문갑,화장대,TV거실장",(원목)1m미만,4000,2024-11-18,15061191,https://www.data.go.kr/data/15061191/fileData.do
경기도,양평군,가구류,"문갑,화장대,TV거실장",(원목)2m 이상,8000,2024-11-18,15061191,https://www.data.go.kr/data/15061191/fileData.do
경기도,양평군,가구류,문짝,방문,4000,2024-11-18,15061191,https://www.data.go.kr/data/15061191/fileData.do
경기도,양평군,가구류,문짝,창문,3000,2024-11-18,15061191,https://www.data.go.kr/data/15061191/fileData.do
경기도,양평군,가구류,문짝,철제문,5000,2024-11-18,15061191,https://www.data.go.kr/data/15061191/fileData.do
경기도,양평군,가구류,"믹서기,분쇄기",모든 규격,0,2024-11-18,15061191,https://www.data.go.kr/data/15061191/fileData.do
경기도,양평군,가구류,서랍장,5단 미만,3000,2024-11-18,15061191,https://www.data.go.kr/data/15061191/fileData.do
경기도,양평군,가구류,서랍장,5단 이상,5000,2024-11-18,15061191,https://www.data.go.kr/data/15061191/fileData.do
경기도,양평군,가구류,소파,1인용,3000,2024-11-18,15061191,https://www.data.go.kr/data/15061191/fileData.do
경기도,양평군,가구류,소파,2인용,5000,2024-11-18,15061191,https://www.data.go.kr/data/15061191/fileData.do
경기도,양평군,가구류,소파,3인용 이상,8000,2024-11-18,15061191,https://www.data.go.kr/data/15061191/fileData.do
경기도,양평군,가구류,소파,돌·옥·황토소파(1인용),16000,2024-11-18,15061191,https://www.data.go.kr/data/15061191/fileData.do
경기도,양평군,가구류,소파,돌·옥·황토소파(2인용 이상),20000,2024-11-18,15061191,https://www.data.go.kr/data/15061191/fileData.do
경기도,양평군,가구류,식기건조기,인공건조(동력),0,2024-11-18,15061191,https://www.data.go.kr/data/15061191/fileData.do
경기도,양평군,가구류,식기건조기,자연건조(무동력),0,2024-11-18,15061191,https://www.data.go.kr/data/15061191/fileData.do
경기도,양평군,가구류,식기세척기,높이 1m 미만,0,2024-11-18,15061191,https://www.data.go.kr/data/15061191/fileData.do
경기도,양평군,가구류,식기세척기,높이 1m 이상,0,2024-11-18,15061191,https://www.data.go.kr/data/15061191/fileData.do
경기도,양평군,가구류,식탁,(대리석)6인용 미만,10000,2024-11-18,15061191,https://www.data.go.kr/data/15061191/fileData.do
경기도,양평군,가구류,식탁,(대리석)6인용 이상,13000,2024-11-18,15061191,https://www.data.go.kr/data/15061191/fileData.do
경기도,양평군,가구류,식탁,6인용 미만,5000,2024-11-18,15061191,https://www.data.go.kr/data/15061191/fileData.do
경기도,양평군,가구류,식탁,6인용 이상,6000,2024-11-18,15061191,https://www.data.go.kr/data/15061191/fileData.do
경기도,양평군,가구류,신발장,높이 1m 미만,3000,2024-11-18,15061191,https://www.data.go.kr/data/15061191/fileData.do
경기도,양평군,가구류,신발장,높이 1m 이상,5000,2024-11-18,15061191,https://www.data.go.kr/data/15061191/fileData.do
경기도,양평군,가구류,싱크대,(대리석)상판길이 120cm 미만,9000,2024-11-18,15061191,https://www.data.go.kr/data/15061191/fileData.do
경기도,양평군,가구류,싱크대,(대리석)상판길이 120cm 이상,11000,2024-11-18,15061191,https://www.data.go.kr/data/15061191/fileData.do
경기도,양평군,가구류,싱크대,상판길이 120cm 미만,5000,2024-11-18,15061191,https://www.data.go.kr/data/15061191/fileData.do
경기도,양평군,가구류,싱크대,상판길이 120cm 이상,7000,2024-11-18,15061191,https://www.data.go.kr/data/15061191/fileData.do
경기도,양평군,가구류,싱크대,싱크대찬장 1쪽당,3000,2024-11-18,15061191,https://www.data.go.kr/data/15061191/fileData.do
경기도,양평군,가구류,싱크대,싱크대후드,2000,2024-11-18,15061191,https://www.data.go.kr/data/15061191/fileData.do
경기도,양평군,가구류,쌀통,모든 규격,3000,2024-11-18,15061191,https://www.data.go.kr/data/15061191/fileData.do
경기도,양평군,가구류,오르간,모든 규격,6000,2024-11-18,15061191,https://www.data.go.kr/data/15061191/fileData.do
경기도,양평군,가구류,옷장,비키니 옷장,3000,2024-11-18,15061191,https://www.data.go.kr/data/15061191/fileData.do
경기도,양평군,가구류,옷장,스탠드형 옷걸이,3000,2024-11-18,15061191,https://www.data.go.kr/data/15061191/fileData.do
경기도,양평군,가구류,옷장,옷걸이(1묶음 20개),2000,2024-11-18,15061191,https://www.data.go.kr/data/15061191/fileData.do
경기도,양평군,가구류,옷장,행거,3000,2024-11-18,15061191,https://www.data.go.kr/data/15061191/fileData.do
경기도,양평군,가구류,의자,1인용 일반의자,2000,2024-11-18,15061191,https://www.data.go.kr/data/15061191/fileData.do
경기도,양평군,가구류,의자,1인용 회전의자,3000,2024-11-18,15061191,https://www.data.go.kr/data/15061191/fileData.do
경기도,양평군,가구류,의자,교회/로비 4인 미만,5000,2024-11-18,15061191,https://www.data.go.kr/data/15061191/fileData.do
경기도,양평군,가구류,의자,교회/로비 4인 이상,7000,2024-11-18,15061191,https://www.data.go.kr/data/15061191/fileData.do
경기도,양평군,가구류,의자,안마 의자,10000,2024-11-18,15061191,https://www.data.go.kr/data/15061191/fileData.do
경기도,양평군,가구류,장롱,폭 120cm 미만 1쪽,12000,2024-11-18,15061191,https://www.data.go.kr/data/15061191/fileData.do
경기도,양평군,가구류,장롱,폭 120cm 이상 1쪽,15000,2024-11-18,15061191,https://www.data.go.kr/data/15061191/fileData.do
경기도,양평군,가구류,장식장,길이 2m 미만,6000,2024-11-18,15061191,https://www.data.go.kr/data/15061191/fileData.do
경기도,양평군,가구류,장식장,길이 2m 이상,9000,2024-11-18,15061191,https://www.data.go.kr/data/15061191/fileData.do
경기도,양평군,가구류,전기밥솥,모든 규격,0,2024-11-18,15061191,https://www.data.go.kr/data/15061191/fileData.do
경기도,양평군,가구류,전자레인지,모든 규격,0,2024-11-18,15061191,https://www.data.go.kr/data/15061191/fileData.do
경기도,양평군,가구류,책꽃이,모든 규격,2000,2024-11-18,15061191,https://www.data.go.kr/data/15061191/fileData.do
경기도,양평군,가구류,책상,h형 책상,8000,2024-11-18,15061191,https://www.data.go.kr/data/15061191/fileData.do
경기도,양평군,가구류,책상,양수(대형)(서랍이 양쪽에 있는 것),6000,2024-11-18,15061191,https://www.data.go.kr/data/15061191/fileData.do
경기도,양평군,가구류,책상,책상 상판,3000,2024-11-18,15061191,https://www.data.go.kr/data/15061191/fileData.do
경기도,양평군,가구류,책상,편수(소형)(서랍이 한쪽만 있는 것),5000,2024-11-18,15061191,https://www.data.go.kr/data/15061191/fileData.do
경기도,양평군,가구류,책장,4단 미만,4000,2024-11-18,15061191,https://www.data.go.kr/data/15061191/fileData.do
경기도,양평군,가구류,책장,4단 이상,5000,2024-11-18,15061191,https://www.data.go.kr/data/15061191/fileData.do
경기도,양평군,가구류,책장,박스형(공간박스 1개당),1000,2024-11-18,15061191,https://www.data.go.kr/data/15061191/fileData.do
경기도,양평군,가구류,침구류,라텍스(1인용),5000,2024-11-18,15061191,https://www.data.go.kr/data/15061191/fileData.do
경기도,양평군,가구류,침구류,라텍스(2인용 이상),8000,2024-11-18,15061191,https://www.data.go.kr/data/15061191/fileData.do
경기도,양평군,가구류,침구류,베개(모든재질),1000,2024-11-18,15061191,https://www.data.go.kr/data/15061191/fileData.do
경기도,양평군,가구류,침구류,이불(동절기용 1장당),2000,2024-11-18,15061191,https://www.data.go.kr/data/15061191/fileData.do
경기도,양평군,가구류,침구류,이불(하절기용 1장당),1000,2024-11-18,15061191,https://www.data.go.kr/data/15061191/fileData.do
경기도,양평군,가구류,침대류,돌·옥·황토매트(1인용),20000,2024-11-18,15061191,https://www.data.go.kr/data/15061191/fileData.do
경기도,양평군,가구류,침대류,돌·옥·황토매트(2인용),25000,2024-11-18,15061191,https://www.data.go.kr/data/15061191/fileData.do
경기도,양평군,가구류,침대류,목재(1인용),10000,2024-11-18,15061191,https://www.data.go.kr/data/15061191/fileData.do
경기도,양평군,가구류,침대류,목재(2인용 이상),15000,2024-11-18,15061191,https://www.data.go.kr/data/15061191/fileData.do
경기도,양평군,가구류,침대류,목재(유아용),3000,2024-11-18,15061191,https://www.data.go.kr/data/15061191/fileData.do
경기도,양평군,가구류,침대류,침대틀(1인용),5000,2024-11-18,15061191,https://www.data.go.kr/data/15061191/fileData.do
경기도,양평군,가구류,침대류,침대틀(2인용 이상),7000,2024-11-18,15061191,https://www.data.go.kr/data/15061191/fileData.do
경기도,양평군,가구류,침대류,침대틀(유아용),3000,2024-11-18,15061191,https://www.data.go.kr/data/15061191/fileData.do
경기도,양평군,가구류,"칸막이,파티션",높이 또는 폭(큰수) 120㎝ 미만,4000,2024-11-18,15061191,https://www.data.go.kr/data/15061191/fileData.do
경기도,양평군,가구류,"칸막이,파티션",높이 또는 폭(큰수) 120㎝ 이상,8000,2024-11-18,15061191,https://www.data.go.kr/data/15061191/fileData.do
경기도,양평군,가구류,캐비닛,일반 캐비닛,5000,2024-11-18,15061191,https://www.data.go.kr/data/15061191/fileData.do
경기도,양평군,가구류,캐비닛,파일 캐비닛,3000,2024-11-18,15061191,https://www.data.go.kr/data/15061191/fileData.do
경기도,양평군,가구류,탁자,모든 규격,4000,2024-11-18,15061191,https://www.data.go.kr/data/15061191/fileData.do
경기도,양평군,가구류,피아노,그랜드,20000,2024-11-18,15061191,https://www.data.go.kr/data/15061191/fileData.do
경기도,양평군,가구류,피아노,디지털피아노,6000,2024-11-18,15061191,https://www.data.go.kr/data/15061191/fileData.do
경기도,양평군,가구류,피아노,업라이트,15000,2024-11-18,15061191,https://www.data.go.kr/data/15061191/fileData.do
경기도,양평군,가전제품류,(김치)냉장고,"1,000ℓ 이상",0,2024-11-18,15061191,https://www.data.go.kr/data/15061191/fileData.do
경기도,양평군,가전제품류,(김치)냉장고,300ℓ 이상,0,2024-11-18,15061191,https://www.data.go.kr/data/15061191/fileData.do
경기도,양평군,가전제품류,(김치)냉장고,300ℓ미만,0,2024-11-18,15061191,https://www.data.go.kr/data/15061191/fileData.do
경기도,양평군,가전제품류,(김치)냉장고,500ℓ 이상,0,2024-11-18,15061191,https://www.data.go.kr/data/15061191/fileData.do
경기도,양평군,가전제품류,가습기,모든 규격,0,2024-11-18,15061191,https://www.data.go.kr/data/15061191/fileData.do
경기도,양평군,가전제품류,개인용 컴퓨터,모니터,0,2024-11-18,15061191,https://www.data.go.kr/data/15061191/fileData.do
경기도,양평군,가전제품류,개인용 컴퓨터,본체,0,2024-11-18,15061191,https://www.data.go.kr/data/15061191/fileData.do
경기도,양평군,가전제품류,개인용 컴퓨터,스피커(대형),0,2024-11-18,15061191,https://www.data.go.kr/data/15061191/fileData.do
경기도,양평군,가전제품류,개인용 컴퓨터,스피커(소형),0,2024-11-18,15061191,https://www.data.go.kr/data/15061191/fileData.do
경기도,양평군,가전제품류,개인용 컴퓨터,키보드,0,2024-11-18,15061191,https://www.data.go.kr/data/15061191/fileData.do
경기도,양평군,가전제품류,개인용 컴퓨터,프린터,0,2024-11-18,15061191,https://www.data.go.kr/data/15061191/fileData.do
경기도,양평군,가전제품류,"계산기,전자사전,어학기,드라이기,토스터기,캠코더,전화기,휴대폰,충전기",모든 규격,0,2024-11-18,15061191,https://www.data.go.kr/data/15061191/fileData.do
경기도,양평군,가전제품류,공기청정기,높이 1m 미만,0,2024-11-18,15061191,https://www.data.go.kr/data/15061191/fileData.do
경기도,양평군,가전제품류,공기청정기,높이 1m 이상,0,2024-11-18,15061191,https://www.data.go.kr/data/15061191/fileData.do
경기도,양평군,가전제품류,다리미,모든 규격,0,2024-11-18,15061191,https://www.data.go.kr/data/15061191/fileData.do
경기도,양평군,가전제품류,복사기,모든 규격,0,2024-11-18,15061191,https://www.data.go.kr/data/15061191/fileData.do
경기도,양평군,가전제품류,비디오,모든 규격,0,2024-11-18,15061191,https://www.data.go.kr/data/15061191/fileData.do
경기도,양평군,가전제품류,선풍기,대형(높이 1m 이상),0,2024-11-18,15061191,https://www.data.go.kr/data/15061191/fileData.do
경기도,양평군,가전제품류,선풍기,중소형(높이 1m 이하),0,2024-11-18,15061191,https://www.data.go.kr/data/15061191/fileData.do
경기도,양평군,가전제품류,"세탁기,건조기",10kg 이상,0,2024-11-18,15061191,https://www.data.go.kr/data/15061191/fileData.do
경기도,양평군,가전제품류,"세탁기,건조기",5kg 미만,0,2024-11-18,15061191,https://www.data.go.kr/data/15061191/fileData.do
경기도,양평군,가전제품류,"세탁기,건조기",5kg 이상 10kg 미만,0,2024-11-18,15061191,https://www.data.go.kr/data/15061191/fileData.do
경기도,양평군,가전제품류,"에어컨,온풍기",66㎡ 미만,0,2024-11-18,15061191,https://www.data.go.kr/data/15061191/fileData.do
경기도,양평군,가전제품류,"에어컨,온풍기",66㎡ 이상,0,2024-11-18,15061191,https://www.data.go.kr/data/15061191/fileData.do
경기도,양평군,가전제품류,오디오,대형,0,2024-11-18,15061191,https://www.data.go.kr/data/15061191/fileData.do
경기도,양평군,가전제품류,오디오,소형,0,2024-11-18,15061191,https://www.data.go.kr/data/15061191/fileData.do
경기도,양평군,가전제품류,오락기,높이 1m 미만,0,2024-11-18,15061191,https://www.data.go.kr/data/15061191/fileData.do
경기도,양평군,가전제품류,오락기,높이 1m 이상,0,2024-11-18,15061191,https://www.data.go.kr/data/15061191/fileData.do
경기도,양평군,가전제품류,의류건조기,5벌 미만,0,2024-11-18,15061191,https://www.data.go.kr/data/15061191/fileData.do
경기도,양평군,가전제품류,의류건조기,5벌 이상,0,2024-11-18,15061191,https://www.data.go.kr/data/15061191/fileData.do
경기도,양평군,가전제품류,"전기히터,전기난로",모든 규격,0,2024-11-18,15061191,https://www.data.go.kr/data/15061191/fileData.do
경기도,양평군,가전제품류,정수기,스탠드형,0,2024-11-18,15061191,https://www.data.go.kr/data/15061191/fileData.do
경기도,양평군,가전제품류,정수기,탁자형,0,2024-11-18,15061191,https://www.data.go.kr/data/15061191/fileData.do
경기도,양평군,가전제품류,청소기,모든 규격,0,2024-11-18,15061191,https://www.data.go.kr/data/15061191/fileData.do
경기도,양평군,가전제품류,탈수기,모든 규격,0,2024-11-18,15061191,https://www.data.go.kr/data/15061191/fileData.do
경기도,양평군,가전제품류,텔레비전(TV),19인치 미만,0,2024-11-18,15061191,https://www.data.go.kr/data/15061191/fileData.do
경기도,양평군,가전제품류,텔레비전(TV),19인치 이상 42인치 미만,0,2024-11-18,15061191,https://www.data.go.kr/data/15061191/fileData.do
경기도,양평군,가전제품류,텔레비전(TV),42인치 이상,0,2024-11-18,15061191,https://www.data.go.kr/data/15061191/fileData.do
경기도,양평군,가전제품류,팩시밀리,모든 규격,0,2024-11-18,15061191,https://www.data.go.kr/data/15061191/fileData.do
경기도,양평군,기타,"TV케이스,오디오케이스",모든 규격,5000,2024-11-18,15061191,https://www.data.go.kr/data/15061191/fileData.do
경기도,양평군,기타,가방,골프용/여행용가방,3000,2024-11-18,15061191,https://www.data.go.kr/data/15061191/fileData.do
경기도,양평군,기타,가방,일반용가방,2000,2024-11-18,15061191,https://www.data.go.kr/data/15061191/fileData.do
경기도,양평군,기타,개집,모든 규격,3000,2024-11-18,15061191,https://www.data.go.kr/data/15061191/fileData.do
경기도,양평군,기타,거울,1㎡ 미만,2000,2024-11-18,15061191,https://www.data.go.kr/data/15061191/fileData.do
경기도,양평군,기타,거울,1㎡ 이상,3000,2024-11-18,15061191,https://www.data.go.kr/data/15061191/fileData.do
경기도,양평군,기타,골프채,1묶음(10개),3000,2024-11-18,15061191,https://www.data.go.kr/data/15061191/fileData.do
경기도,양평군,기타,금고,높이 또는 폭(큰수) 50㎝ 미만,10000,2024-11-18,15061191,https://www.data.go.kr/data/15061191/fileData.do
경기도,양평군,기타,금고,높이 또는 폭(큰수) 50㎝ 이상,15000,2024-11-18,15061191,https://www.data.go.kr/data/15061191/fileData.do
경기도,양평군,기타,"깨진 유리,항아리",㎏당,1000,2024-11-18,15061191,https://www.data.go.kr/data/15061191/fileData.do
경기도,양평군,기타,"놀이매트,체육관매트",1㎡당,1000,2024-11-18,15061191,https://www.data.go.kr/data/15061191/fileData.do
경기도,양평군,기타,다리미판,모든규격,1000,2024-11-18,15061191,https://www.data.go.kr/data/15061191/fileData.do
경기도,양평군,기타,돗자리(대자리),모든 규격,3000,2024-11-18,15061191,https://www.data.go.kr/data/15061191/fileData.do
경기도,양평군,기타,목욕탕 수건함,모든 규격,2000,2024-11-18,15061191,https://www.data.go.kr/data/15061191/fileData.do
경기도,양평군,기타,바비큐 그릴,가로세로 1m미만,2000,2024-11-18,15061191,https://www.data.go.kr/data/15061191/fileData.do
경기도,양평군,기타,바비큐 그릴,가로세로 1m이상,3000,2024-11-18,15061191,https://www.data.go.kr/data/15061191/fileData.do
경기도,양평군,기타,"버티컬, 블라인드",모든 규격,3000,2024-11-18,15061191,https://www.data.go.kr/data/15061191/fileData.do
경기도,양평군,기타,벽시계,가로세로 1m 미만,2000,2024-11-18,15061191,https://www.data.go.kr/data/15061191/fileData.do
경기도,양평군,기타,벽시계,가로세로 1m 이상,4000,2024-11-18,15061191,https://www.data.go.kr/data/15061191/fileData.do
경기도,양평군,기타,변기,모든 규격,5000,2024-11-18,15061191,https://www.data.go.kr/data/15061191/fileData.do
경기도,양평군,기타,병풍,모든 규격,3000,2024-11-18,15061191,https://www.data.go.kr/data/15061191/fileData.do
경기도,양평군,기타,보행기,모든 규격,2000,2024-11-18,15061191,https://www.data.go.kr/data/15061191/fileData.do
경기도,양평군,기타,비데,모든 규격,2000,2024-11-18,15061191,https://www.data.go.kr/data/15061191/fileData.do
경기도,양평군,기타,빔 프로젝트,모든 규격,2000,2024-11-18,15061191,https://www.data.go.kr/data/15061191/fileData.do
경기도,양평군,기타,빨래건조대,모든 규격,2000,2024-11-18,15061191,https://www.data.go.kr/data/15061191/fileData.do
경기도,양평군,기타,세면대,모든 규격,5000,2024-11-18,15061191,https://www.data.go.kr/data/15061191/fileData.do
경기도,양평군,기타,소화기,3.3kg 이하,2000,2024-11-18,15061191,https://www.data.go.kr/data/15061191/fileData.do
경기도,양평군,기타,소화기,3.3kg 초과 10kg 미만,4000,2024-11-18,15061191,https://www.data.go.kr/data/15061191/fileData.do
경기도,양평군,기타,수족관,1㎥ 미만,3000,2024-11-18,15061191,https://www.data.go.kr/data/15061191/fileData.do
경기도,양평군,기타,수족관,1㎥ 이상,5000,2024-11-18,15061191,https://www.data.go.kr/data/15061191/fileData.do
경기도,양평군,기타,"스키,스노보드","스키,보드 세트",3000,2024-11-18,15061191,https://www.data.go.kr/data/15061191/fileData.do
경기도,양평군,기타,아이스박스,모든 규격,2000,2024-11-18,15061191,https://www.data.go.kr/data/15061191/fileData.do
경기도,양평군,기타,액자,1㎡ 미만,2000,2024-11-18,15061191,https://www.data.go.kr/data/15061191/fileData.do
경기도,양평군,기타,액자,1㎡ 이상,3000,2024-11-18,15061191,https://www.data.go.kr/data/15061191/fileData.do
경기도,양평군,기타,욕조,모든 규격,7000,2024-11-18,15061191,https://www.data.go.kr/data/15061191/fileData.do
경기도,양평군,기타,운동기구,높이 또는 폭(큰수) 1m 미만,4000,2024-11-18,15061191,https://www.data.go.kr/data/15061191/fileData.do
경기도,양평군,기타,운동기구,높이 또는 폭(큰수) 1m 이상,8000,2024-11-18,15061191,https://www.data.go.kr/data/15061191/fileData.do
경기도,양평군,기타,유모차,모든 규격,3000,2024-11-18,15061191,https://www.data.go.kr/data/15061191/fileData.do
경기도,양평군,기타,유아용 카시트,모든 규격,3000,2024-11-18,15061191,https://www.data.go.kr/data/15061191/fileData.do
경기도,양평군,기타,유아용변기,모든 규격,3000,2024-11-18,15061191,https://www.data.go.kr/data/15061191/fileData.do
경기도,양평군,기타,유아용욕조,모든 규격,3000,2024-11-18,15061191,https://www.data.go.kr/data/15061191/fileData.do
경기도,양평군,기타,자전거,어린이용,3000,2024-11-18,15061191,https://www.data.go.kr/data/15061191/fileData.do
경기도,양평군,기타,자전거,일반용,4000,2024-11-18,15061191,https://www.data.go.kr/data/15061191/fileData.do
경기도,양평군,기타,장난감,㎏당,1000,2024-11-18,15061191,https://www.data.go.kr/data/15061191/fileData.do
경기도,양평군,기타,장판,3㎡당,1000,2024-11-18,15061191,https://www.data.go.kr/data/15061191/fileData.do
경기도,양평군,기타,재봉틀,모든 규격,4000,2024-11-18,15061191,https://www.data.go.kr/data/15061191/fileData.do
경기도,양평군,기타,조명 스탠드,모든 규격,2000,2024-11-18,15061191,https://www.data.go.kr/data/15061191/fileData.do
경기도,양평군,기타,체중계,가정용,2000,2024-11-18,15061191,https://www.data.go.kr/data/15061191/fileData.do
경기도,양평군,기타,체중계,업소용,5000,2024-11-18,15061191,https://www.data.go.kr/data/15061191/fileData.do
경기도,양평군,기타,"칠판,화이트보드,게시판",가로세로 1.5m 미만,2000,2024-11-18,15061191,https://www.data.go.kr/data/15061191/fileData.do
경기도,양평군,기타,"칠판,화이트보드,게시판",가로세로 1.5m 이상,3000,2024-11-18,15061191,https://www.data.go.kr/data/15061191/fileData.do
경기도,양평군,기타,"칠판,화이트보드,게시판",가로세로 3m 이상,6000,2024-11-18,15061191,https://www.data.go.kr/data/15061191/fileData.do
경기도,양평군,기타,카펫,10㎡ 미만,5000,2024-11-18,15061191,https://www.data.go.kr/data/15061191/fileData.do
경기도,양평군,기타,카펫,10㎡ 이상,7000,2024-11-18,15061191,https://www.data.go.kr/data/15061191/fileData.do
경기도,양평군,기타,캣 타워,모든 규격,3000,2024-11-18,15061191,https://www.data.go.kr/data/15061191/fileData.do
경기도,양평군,기타,파라솔,모든규격,3000,2024-11-18,15061191,https://www.data.go.kr/data/15061191/fileData.do
경기도,양평군,기타,파레트,모든규격,3000,2024-11-18,15061191,https://www.data.go.kr/data/15061191/fileData.do
경기도,양평군,기타,호스,10m당(지름 30㎜ 이하),2000,2024-11-18,15061191,https://www.data.go.kr/data/15061191/fileData.do
경기도,양평군,기타,호스,10m당(지름 30㎜ 초과),4000,2024-11-18,15061191,https://www.data.go.kr/data/15061191/fileData.do
경기도,양평군,기타,휠체어,모든 규격,3000,2024-11-18,15061191,https://www.data.go.kr/data/15061191/fileData.do
경기도,양평군,생활용품류,난로(전기난로 제외),높이 1m 미만,3000,2024-11-18,15061191,https://www.data.go.kr/data/15061191/fileData.do
경기도,양평군,생활용품류,난로(전기난로 제외),높이 1m 이상,5000,2024-11-18,15061191,https://www.data.go.kr/data/15061191/fileData.do
경기도,양평군,생활용품류,"보일러 등,유류통",높이 1m 미만,5000,2024-11-18,15061191,https://www.data.go.kr/data/15061191/fileData.do
경기도,양평군,생활용품류,"보일러 등,유류통",높이 1m 이상,8000,2024-11-18,15061191,https://www.data.go.kr/data/15061191/fileData.do
경기도,양평군,생활용품류,"전기매트,온수매트,옥매트",1인용,3000,2024-11-18,15061191,https://www.data.go.kr/data/15061191/fileData.do
경기도,양평군,생활용품류,"전기매트,온수매트,옥매트",2인용 이상,5000,2024-11-18,15061191,https://www.data.go.kr/data/15061191/fileData.do
경기도,오산시,,TV,19인치이상,5000,,15024724,https://www.data.go.kr/data/15024724/fileData.do
경기도,오산시,,TV·오디오케이스,모든규격,3000,,15024724,https://www.data.go.kr/data/15024724/fileData.do
경기도,오산시,,가스(오븐)렌지,높이1m이상,4000,,15024724,https://www.data.go.kr/data/15024724/fileData.do
경기도,오산시,,가정배출소량폐기물,20kg당,2000,,15024724,https://www.data.go.kr/data/15024724/fileData.do
경기도,오산시,,거울,1㎡미만,1000,,15024724,https://www.data.go.kr/data/15024724/fileData.do
경기도,오산시,,거울,1㎡이상,3000,,15024724,https://www.data.go.kr/data/15024724/fileData.do
경기도,오산시,,공기 청정기,높이 1m이상,5000,,15024724,https://www.data.go.kr/data/15024724/fileData.do
경기도,오산시,,교잣상,대형(4인이상),2000,,15024724,https://www.data.go.kr/data/15024724/fileData.do
경기도,오산시,,교잣상,소형(4인미만),1000,,15024724,https://www.data.go.kr/data/15024724/fileData.do
경기도,오산시,,"깨진유리,항아리",kg당,1000,,15024724,https://www.data.go.kr/data/15024724/fileData.do
경기도,오산시,,난로,대형,5000,,15024724,https://www.data.go.kr/data/15024724/fileData.do
경기도,오산시,,난로,소형,2000,,15024724,https://www.data.go.kr/data/15024724/fileData.do
경기도,오산시,,냉장고,300ℓ미만,4000,,15024724,https://www.data.go.kr/data/15024724/fileData.do
경기도,오산시,,냉장고,300ℓ이상,6000,,15024724,https://www.data.go.kr/data/15024724/fileData.do
경기도,오산시,,냉장고,500ℓ이상,8000,,15024724,https://www.data.go.kr/data/15024724/fileData.do
경기도,오산시,,다리미판,모든규격,1000,,15024724,https://www.data.go.kr/data/15024724/fileData.do
경기도,오산시,,매트리스,"더블,퀸사이즈",8000,,15024724,https://www.data.go.kr/data/15024724/fileData.do
경기도,오산시,,매트리스,싱글,5000,,15024724,https://www.data.go.kr/data/15024724/fileData.do
경기도,오산시,,"문갑, 화장대",모든규격,3000,,15024724,https://www.data.go.kr/data/15024724/fileData.do
경기도,오산시,,물탱크저수조,톤당,5000,,15024724,https://www.data.go.kr/data/15024724/fileData.do
경기도,오산시,,배기후드,모든규격,2000,,15024724,https://www.data.go.kr/data/15024724/fileData.do
경기도,오산시,,벽시계,대형,5000,,15024724,https://www.data.go.kr/data/15024724/fileData.do
경기도,오산시,,벽시계,소형,1000,,15024724,https://www.data.go.kr/data/15024724/fileData.do
경기도,오산시,,벽시계,중형,3000,,15024724,https://www.data.go.kr/data/15024724/fileData.do
경기도,오산시,,변기,양변기,10000,,15024724,https://www.data.go.kr/data/15024724/fileData.do
경기도,오산시,,변기,좌변기,5000,,15024724,https://www.data.go.kr/data/15024724/fileData.do
경기도,오산시,,보일러,20평미만,3000,,15024724,https://www.data.go.kr/data/15024724/fileData.do
경기도,오산시,,보일러등유류통,톤당,5000,,15024724,https://www.data.go.kr/data/15024724/fileData.do
경기도,오산시,,"보행기,유모차","보행기,유모차",2000,,15024724,https://www.data.go.kr/data/15024724/fileData.do
경기도,오산시,,복사기,복사기,15000,,15024724,https://www.data.go.kr/data/15024724/fileData.do
경기도,오산시,,비키니옷장,비키니옷장,2000,,15024724,https://www.data.go.kr/data/15024724/fileData.do
경기도,오산시,,서랍장,4단이상,4000,,15024724,https://www.data.go.kr/data/15024724/fileData.do
경기도,오산시,,서랍장,4단이하,2000,,15024724,https://www.data.go.kr/data/15024724/fileData.do
경기도,오산시,,선풍기,모든규격,2000,,15024724,https://www.data.go.kr/data/15024724/fileData.do
경기도,오산시,,세면대,모든규격,3000,,15024724,https://www.data.go.kr/data/15024724/fileData.do
경기도,오산시,,세탁기,세탁기,3000,,15024724,https://www.data.go.kr/data/15024724/fileData.do
경기도,오산시,,수족관,1㎡미만,3000,,15024724,https://www.data.go.kr/data/15024724/fileData.do
경기도,오산시,,수족관,1㎡이상,5000,,15024724,https://www.data.go.kr/data/15024724/fileData.do
경기도,오산시,,스피커,대형,2000,,15024724,https://www.data.go.kr/data/15024724/fileData.do
경기도,오산시,,스피커,소형,1000,,15024724,https://www.data.go.kr/data/15024724/fileData.do
경기도,오산시,,식기(세척)건조기,인공건조(동력),4000,,15024724,https://www.data.go.kr/data/15024724/fileData.do
경기도,오산시,,식기(세척)건조기,자연건조(무동력),2000,,15024724,https://www.data.go.kr/data/15024724/fileData.do
경기도,오산시,,식탁,6인미만,3000,,15024724,https://www.data.go.kr/data/15024724/fileData.do
경기도,오산시,,식탁,6인이상,5000,,15024724,https://www.data.go.kr/data/15024724/fileData.do
경기도,오산시,,신발장,모든규격,2000,,15024724,https://www.data.go.kr/data/15024724/fileData.do
경기도,오산시,,쌀통,모든규격,2000,,15024724,https://www.data.go.kr/data/15024724/fileData.do
경기도,오산시,,씽크대,1쪽,3000,,15024724,https://www.data.go.kr/data/15024724/fileData.do
경기도,오산시,,액자,1㎡미만,1000,,15024724,https://www.data.go.kr/data/15024724/fileData.do
경기도,오산시,,액자,1㎡이상,3000,,15024724,https://www.data.go.kr/data/15024724/fileData.do
경기도,오산시,,"에어컨,온풍기",264㎡이상,8000,,15024724,https://www.data.go.kr/data/15024724/fileData.do
경기도,오산시,,"에어컨,온풍기",66㎡미만,3000,,15024724,https://www.data.go.kr/data/15024724/fileData.do
경기도,오산시,,"에어컨,온풍기",66㎡이상,5000,,15024724,https://www.data.go.kr/data/15024724/fileData.do
경기도,오산시,,오디오,높이1m이상,5000,,15024724,https://www.data.go.kr/data/15024724/fileData.do
경기도,오산시,,오락기,높이 1m이상,10000,,15024724,https://www.data.go.kr/data/15024724/fileData.do
경기도,오산시,,올겐,올겐,4000,,15024724,https://www.data.go.kr/data/15024724/fileData.do
경기도,오산시,,옷걸이,모든규격,2000,,15024724,https://www.data.go.kr/data/15024724/fileData.do
경기도,오산시,,욕조,모든규격,5000,,15024724,https://www.data.go.kr/data/15024724/fileData.do
경기도,오산시,,우산,개당,1000,,15024724,https://www.data.go.kr/data/15024724/fileData.do
경기도,오산시,,의자,1인용,2000,,15024724,https://www.data.go.kr/data/15024724/fileData.do
경기도,오산시,,의자,2인용,3000,,15024724,https://www.data.go.kr/data/15024724/fileData.do
경기도,오산시,,의자,3인이상,5000,,15024724,https://www.data.go.kr/data/15024724/fileData.do
경기도,오산시,,이불,솜이불(장당),2000,,15024724,https://www.data.go.kr/data/15024724/fileData.do
경기도,오산시,,이불,홑이불(장당),1000,,15024724,https://www.data.go.kr/data/15024724/fileData.do
경기도,오산시,,자전거,어른용,4000,,15024724,https://www.data.go.kr/data/15024724/fileData.do
경기도,오산시,,자전거,어린이용,2000,,15024724,https://www.data.go.kr/data/15024724/fileData.do
경기도,오산시,,장농,쪽120cm미만1쪽,10000,,15024724,https://www.data.go.kr/data/15024724/fileData.do
경기도,오산시,,장농,쪽120cm이상1쪽,15000,,15024724,https://www.data.go.kr/data/15024724/fileData.do
경기도,오산시,,장식장,길이1m미만,4000,,15024724,https://www.data.go.kr/data/15024724/fileData.do
경기도,오산시,,장식장,길이1m이상,6000,,15024724,https://www.data.go.kr/data/15024724/fileData.do
경기도,오산시,,장판,3㎡당,1000,,15024724,https://www.data.go.kr/data/15024724/fileData.do
경기도,오산시,,전기담요,전기담요,2000,,15024724,https://www.data.go.kr/data/15024724/fileData.do
경기도,오산시,,책상,양수(대형),7000,,15024724,https://www.data.go.kr/data/15024724/fileData.do
경기도,오산시,,책상,편수(소형),4000,,15024724,https://www.data.go.kr/data/15024724/fileData.do
경기도,오산시,,책장,1m미만,2000,,15024724,https://www.data.go.kr/data/15024724/fileData.do
경기도,오산시,,책장,1m이상,4000,,15024724,https://www.data.go.kr/data/15024724/fileData.do
경기도,오산시,,침대,"더블,퀸사이즈",15000,,15024724,https://www.data.go.kr/data/15024724/fileData.do
경기도,오산시,,침대,싱글,10000,,15024724,https://www.data.go.kr/data/15024724/fileData.do
경기도,오산시,,"카페트,돗자리",1㎡미만,2000,,15024724,https://www.data.go.kr/data/15024724/fileData.do
경기도,오산시,,"카페트,돗자리",1㎡이상,4000,,15024724,https://www.data.go.kr/data/15024724/fileData.do
경기도,오산시,,캐비넷,모든규격,4000,,15024724,https://www.data.go.kr/data/15024724/fileData.do
경기도,오산시,,탁자,모든규격,3000,,15024724,https://www.data.go.kr/data/15024724/fileData.do
경기도,오산시,,플라스틱 장난감,대형,5000,,15024724,https://www.data.go.kr/data/15024724/fileData.do
경기도,오산시,,플라스틱 장난감,소형,1000,,15024724,https://www.data.go.kr/data/15024724/fileData.do
경기도,오산시,,피아노,피아노,15000,,15024724,https://www.data.go.kr/data/15024724/fileData.do
경기도,오산시,,화분,대형,2000,,15024724,https://www.data.go.kr/data/15024724/fileData.do
경기도,오산시,,화분,소형,1000,,15024724,https://www.data.go.kr/data/15024724/fileData.do
경기도,오산시,,화일캐비넷,3단이하,2000,,15024724,https://www.data.go.kr/data/15024724/fileData.do
경기도,오산시,,화일캐비넷,4단이상,3000,,15024724,https://www.data.go.kr/data/15024724/fileData.do
경기도,오산시,가구,문갑,대리석(높이 또는 폭 1.5m 미만),6000,2025-07-29,15097803,https://www.data.go.kr/data/15097803/fileData.do
경기도,오산시,가구,문갑,대리석(높이 또는 폭 1.5m~2m),12000,2025-07-29,15097803,https://www.data.go.kr/data/15097803/fileData.do
경기도,오산시,가구,문갑,대리석(높이 또는 폭 2m 이상),16000,2025-07-29,15097803,https://www.data.go.kr/data/15097803/fileData.do
경기도,오산시,가구,문갑,일반 규격,3000,2025-07-29,15097803,https://www.data.go.kr/data/15097803/fileData.do
경기도,오산시,가구,문짝,목 재,3000,2025-07-29,15097803,https://www.data.go.kr/data/15097803/fileData.do
경기도,오산시,가구,문짝,"철재, 유리",4000,2025-07-29,15097803,https://www.data.go.kr/data/15097803/fileData.do
경기도,오산시,가구,비키니옷장,모든 규격,2000,2025-07-29,15097803,https://www.data.go.kr/data/15097803/fileData.do
경기도,오산시,가구,서랍장,4단 미만,2000,2025-07-29,15097803,https://www.data.go.kr/data/15097803/fileData.do
경기도,오산시,가구,서랍장,4단 이상,4000,2025-07-29,15097803,https://www.data.go.kr/data/15097803/fileData.do
경기도,오산시,가구,소파,1인용,2000,2025-07-29,15097803,https://www.data.go.kr/data/15097803/fileData.do
경기도,오산시,가구,소파,2인용,3000,2025-07-29,15097803,https://www.data.go.kr/data/15097803/fileData.do
경기도,오산시,가구,소파,3인용 이상,5000,2025-07-29,15097803,https://www.data.go.kr/data/15097803/fileData.do
경기도,오산시,가구,소파,6인용 이상,8000,2025-07-29,15097803,https://www.data.go.kr/data/15097803/fileData.do
경기도,오산시,가구,소파,돌소파,15000,2025-07-29,15097803,https://www.data.go.kr/data/15097803/fileData.do
경기도,오산시,가구,식탁,대리석(6인용 미만),11000,2025-07-29,15097803,https://www.data.go.kr/data/15097803/fileData.do
경기도,오산시,가구,식탁,대리석(6인용 이상),16000,2025-07-29,15097803,https://www.data.go.kr/data/15097803/fileData.do
경기도,오산시,가구,식탁,일반(6인용 미만),3000,2025-07-29,15097803,https://www.data.go.kr/data/15097803/fileData.do
경기도,오산시,가구,식탁,일반(6인용 이상),5000,2025-07-29,15097803,https://www.data.go.kr/data/15097803/fileData.do
경기도,오산시,가구,신발장,모든 규격,2000,2025-07-29,15097803,https://www.data.go.kr/data/15097803/fileData.do
경기도,오산시,가구,씽크대,1쪽,3000,2025-07-29,15097803,https://www.data.go.kr/data/15097803/fileData.do
경기도,오산시,가구,오디오장(받침대),모든 규격,2000,2025-07-29,15097803,https://www.data.go.kr/data/15097803/fileData.do
경기도,오산시,가구,장롱,쪽 120cm 미만(1쪽당),10000,2025-07-29,15097803,https://www.data.go.kr/data/15097803/fileData.do
경기도,오산시,가구,장롱,쪽 120cm 이상(1쪽당),15000,2025-07-29,15097803,https://www.data.go.kr/data/15097803/fileData.do
경기도,오산시,가구,장식장,길이 1m 미만,4000,2025-07-29,15097803,https://www.data.go.kr/data/15097803/fileData.do
경기도,오산시,가구,장식장,길이 1m 이상,6000,2025-07-29,15097803,https://www.data.go.kr/data/15097803/fileData.do
경기도,오산시,가구,주니어장,양 문,10000,2025-07-29,15097803,https://www.data.go.kr/data/15097803/fileData.do
경기도,오산시,가구,주니어장,한쪽문,5000,2025-07-29,15097803,https://www.data.go.kr/data/15097803/fileData.do
경기도,오산시,가구,찬장,대형(4단이상),4000,2025-07-29,15097803,https://www.data.go.kr/data/15097803/fileData.do
경기도,오산시,가구,찬장,소형(4단미만),2000,2025-07-29,15097803,https://www.data.go.kr/data/15097803/fileData.do
경기도,오산시,가구,책상,양수(대형),7000,2025-07-29,15097803,https://www.data.go.kr/data/15097803/fileData.do
경기도,오산시,가구,책상,편수(소형),4000,2025-07-29,15097803,https://www.data.go.kr/data/15097803/fileData.do
경기도,오산시,가구,책장,1m 미만,2000,2025-07-29,15097803,https://www.data.go.kr/data/15097803/fileData.do
경기도,오산시,가구,책장,1m 이상,4000,2025-07-29,15097803,https://www.data.go.kr/data/15097803/fileData.do
경기도,오산시,가구,침대,돌침대(1인용),21000,2025-07-29,15097803,https://www.data.go.kr/data/15097803/fileData.do
경기도,오산시,가구,침대,돌침대(2인용),30000,2025-07-29,15097803,https://www.data.go.kr/data/15097803/fileData.do
경기도,오산시,가구,침대,"매트리스(더블, 퀸사이즈)",8000,2025-07-29,15097803,https://www.data.go.kr/data/15097803/fileData.do
경기도,오산시,가구,침대,매트리스(싱글),5000,2025-07-29,15097803,https://www.data.go.kr/data/15097803/fileData.do
경기도,오산시,가구,침대,어린이용(어린이 2층 침대),16000,2025-07-29,15097803,https://www.data.go.kr/data/15097803/fileData.do
경기도,오산시,가구,침대,어린이용(유아용 침대),4000,2025-07-29,15097803,https://www.data.go.kr/data/15097803/fileData.do
경기도,오산시,가구,침대,일 반(싱글),10000,2025-07-29,15097803,https://www.data.go.kr/data/15097803/fileData.do
경기도,오산시,가구,침대,일반(매트리스+프레임),15000,2025-07-29,15097803,https://www.data.go.kr/data/15097803/fileData.do
경기도,오산시,가구,컴퓨터책상,모든 규격,3000,2025-07-29,15097803,https://www.data.go.kr/data/15097803/fileData.do
경기도,오산시,가구,콘솔박스,모든 규격,2000,2025-07-29,15097803,https://www.data.go.kr/data/15097803/fileData.do
경기도,오산시,가구,탁자,12인용 이상,7000,2025-07-29,15097803,https://www.data.go.kr/data/15097803/fileData.do
경기도,오산시,가구,탁자,6인용 미만,4000,2025-07-29,15097803,https://www.data.go.kr/data/15097803/fileData.do
경기도,오산시,가구,탁자,6인용 이상,6000,2025-07-29,15097803,https://www.data.go.kr/data/15097803/fileData.do
경기도,오산시,가구,탁자,협 탁,2000,2025-07-29,15097803,https://www.data.go.kr/data/15097803/fileData.do
경기도,오산시,가구,텔레비전받침대,길이 1m 미만,2000,2025-07-29,15097803,https://www.data.go.kr/data/15097803/fileData.do
경기도,오산시,가구,텔레비전받침대,길이 1m 이상,3000,2025-07-29,15097803,https://www.data.go.kr/data/15097803/fileData.do
경기도,오산시,가구,파일캐비닛,3단 이하,2000,2025-07-29,15097803,https://www.data.go.kr/data/15097803/fileData.do
경기도,오산시,가구,파일캐비닛,4단 이상,3000,2025-07-29,15097803,https://www.data.go.kr/data/15097803/fileData.do
경기도,오산시,가구,파티션,모든 규격,3000,2025-07-29,15097803,https://www.data.go.kr/data/15097803/fileData.do
경기도,오산시,가구,평상,1.5mX1.5m 미만,6000,2025-07-29,15097803,https://www.data.go.kr/data/15097803/fileData.do
경기도,오산시,가구,평상,1.5mX1.5m 이상,7000,2025-07-29,15097803,https://www.data.go.kr/data/15097803/fileData.do
경기도,오산시,가구,화장대,폭 120cm 미만,3000,2025-07-29,15097803,https://www.data.go.kr/data/15097803/fileData.do
경기도,오산시,가구,화장대,폭 120cm 이상,4000,2025-07-29,15097803,https://www.data.go.kr/data/15097803/fileData.do
경기도,오산시,가전제품,(소형 가전제품),그 밖에 이에 준하는 소형 가전제품(1m 이상),2000,2025-07-29,15097803,https://www.data.go.kr/data/15097803/fileData.do
경기도,오산시,가전제품,TV,높이 또는 너비 1m이상,5000,2025-07-29,15097803,https://www.data.go.kr/data/15097803/fileData.do
경기도,오산시,가전제품,TV.오디오케이스,모든 규격,3000,2025-07-29,15097803,https://www.data.go.kr/data/15097803/fileData.do
경기도,오산시,가전제품,공기청정기,높이 1m이상,5000,2025-07-29,15097803,https://www.data.go.kr/data/15097803/fileData.do
경기도,오산시,가전제품,냉장고,300리터 미만,4000,2025-07-29,15097803,https://www.data.go.kr/data/15097803/fileData.do
경기도,오산시,가전제품,냉장고,300리터 이상,6000,2025-07-29,15097803,https://www.data.go.kr/data/15097803/fileData.do
경기도,오산시,가전제품,냉장고,500리터 이상,8000,2025-07-29,15097803,https://www.data.go.kr/data/15097803/fileData.do
경기도,오산시,가전제품,복사기(복합기),높이1m이상,15000,2025-07-29,15097803,https://www.data.go.kr/data/15097803/fileData.do
경기도,오산시,가전제품,빙수기,모든 규격,2000,2025-07-29,15097803,https://www.data.go.kr/data/15097803/fileData.do
경기도,오산시,가전제품,세단기,높이 1m이상,5000,2025-07-29,15097803,https://www.data.go.kr/data/15097803/fileData.do
경기도,오산시,가전제품,세탁기,모든 규격,3000,2025-07-29,15097803,https://www.data.go.kr/data/15097803/fileData.do
경기도,오산시,가전제품,스타일러,모든 규격,5000,2025-07-29,15097803,https://www.data.go.kr/data/15097803/fileData.do
경기도,오산시,가전제품,스탠드,높이 1m이상,2000,2025-07-29,15097803,https://www.data.go.kr/data/15097803/fileData.do
경기도,오산시,가전제품,식기(세척)건조기,높이 1m이상,4000,2025-07-29,15097803,https://www.data.go.kr/data/15097803/fileData.do
경기도,오산시,가전제품,안마기 (종아리용등),높이 또는 너비 1m이상,5000,2025-07-29,15097803,https://www.data.go.kr/data/15097803/fileData.do
경기도,오산시,가전제품,안마의자,모든 규격,10000,2025-07-29,15097803,https://www.data.go.kr/data/15097803/fileData.do
경기도,오산시,가전제품,"에어컨, 온풍기",264㎡ 이상,8000,2025-07-29,15097803,https://www.data.go.kr/data/15097803/fileData.do
경기도,오산시,가전제품,"에어컨, 온풍기",66㎡ 미만,3000,2025-07-29,15097803,https://www.data.go.kr/data/15097803/fileData.do
경기도,오산시,가전제품,"에어컨, 온풍기",66㎡ 이상,5000,2025-07-29,15097803,https://www.data.go.kr/data/15097803/fileData.do
경기도,오산시,가전제품,에어컨실외기,높이 1m이상,5000,2025-07-29,15097803,https://www.data.go.kr/data/15097803/fileData.do
경기도,오산시,가전제품,오디오,높이 1m이상,5000,2025-07-29,15097803,https://www.data.go.kr/data/15097803/fileData.do
경기도,오산시,가전제품,전기담요,모든 규격,2000,2025-07-29,15097803,https://www.data.go.kr/data/15097803/fileData.do
경기도,오산시,가전제품,전기장판,모든 규격,3000,2025-07-29,15097803,https://www.data.go.kr/data/15097803/fileData.do
경기도,오산시,가전제품,정수기,높이 1m이상,4000,2025-07-29,15097803,https://www.data.go.kr/data/15097803/fileData.do
경기도,오산시,가전제품,제습기,높이1m이상,4000,2025-07-29,15097803,https://www.data.go.kr/data/15097803/fileData.do
경기도,오산시,가전제품,조명기구,(형광등 제거 후),2000,2025-07-29,15097803,https://www.data.go.kr/data/15097803/fileData.do
경기도,오산시,가전제품,청소기,대형(업소용),3000,2025-07-29,15097803,https://www.data.go.kr/data/15097803/fileData.do
경기도,오산시,가전제품,탈수기,높이 1m이상,3000,2025-07-29,15097803,https://www.data.go.kr/data/15097803/fileData.do
경기도,오산시,기타,가방,"골프용, 낚시용",3000,2025-07-29,15097803,https://www.data.go.kr/data/15097803/fileData.do
경기도,오산시,기타,가방,대형 여행용(캐리어),3000,2025-07-29,15097803,https://www.data.go.kr/data/15097803/fileData.do
경기도,오산시,기타,가방,소형 여행용(캐리어),1000,2025-07-29,15097803,https://www.data.go.kr/data/15097803/fileData.do
경기도,오산시,기타,가방,중형 여행용(캐리어),2000,2025-07-29,15097803,https://www.data.go.kr/data/15097803/fileData.do
경기도,오산시,기타,가스(오븐)레인지,높이 또는 폭 1m이상,4000,2025-07-29,15097803,https://www.data.go.kr/data/15097803/fileData.do
경기도,오산시,기타,가스대(선반),1쪽(폭 60cm 이하 ),2000,2025-07-29,15097803,https://www.data.go.kr/data/15097803/fileData.do
경기도,오산시,기타,가정배출소량폐기물,20kg당,2000,2025-07-29,15097803,https://www.data.go.kr/data/15097803/fileData.do
경기도,오산시,기타,간판,0.6m x 1.8m 미만,4000,2025-07-29,15097803,https://www.data.go.kr/data/15097803/fileData.do
경기도,오산시,기타,간판,0.6m x 1.8m 이상,7000,2025-07-29,15097803,https://www.data.go.kr/data/15097803/fileData.do
경기도,오산시,기타,간판,입간판,2000,2025-07-29,15097803,https://www.data.go.kr/data/15097803/fileData.do
경기도,오산시,기타,개수대,1쪽,3000,2025-07-29,15097803,https://www.data.go.kr/data/15097803/fileData.do
경기도,오산시,기타,개집,모든 규격,3000,2025-07-29,15097803,https://www.data.go.kr/data/15097803/fileData.do
경기도,오산시,기타,거울,1㎡ 미만,1000,2025-07-29,15097803,https://www.data.go.kr/data/15097803/fileData.do
경기도,오산시,기타,거울,1㎡ 이상,3000,2025-07-29,15097803,https://www.data.go.kr/data/15097803/fileData.do
경기도,오산시,기타,건조대(빨래),모든 규격,2000,2025-07-29,15097803,https://www.data.go.kr/data/15097803/fileData.do
경기도,오산시,기타,게시판(칠판),"높이 또는 너비 2m이상, 스탠드포함",4000,2025-07-29,15097803,https://www.data.go.kr/data/15097803/fileData.do
경기도,오산시,기타,게시판(칠판),높이 또는 너비1m미만,1000,2025-07-29,15097803,https://www.data.go.kr/data/15097803/fileData.do
경기도,오산시,기타,게시판(칠판),높이 또는 너비1m이상,2000,2025-07-29,15097803,https://www.data.go.kr/data/15097803/fileData.do
경기도,오산시,기타,고무통,지름 100cm 이상,5000,2025-07-29,15097803,https://www.data.go.kr/data/15097803/fileData.do
경기도,오산시,기타,고무통,지름 50cm 미만,2000,2025-07-29,15097803,https://www.data.go.kr/data/15097803/fileData.do
경기도,오산시,기타,고무통,지름 50cm 이상,3000,2025-07-29,15097803,https://www.data.go.kr/data/15097803/fileData.do
경기도,오산시,기타,교자상,대형(4인 이상),2000,2025-07-29,15097803,https://www.data.go.kr/data/15097803/fileData.do
경기도,오산시,기타,교자상,소형(4인 미만),1000,2025-07-29,15097803,https://www.data.go.kr/data/15097803/fileData.do
경기도,오산시,기타,금고,높이 또는 너비 100cm 이상,7000,2025-07-29,15097803,https://www.data.go.kr/data/15097803/fileData.do
경기도,오산시,기타,금고,높이 또는 너비 50cm 미만,5000,2025-07-29,15097803,https://www.data.go.kr/data/15097803/fileData.do
경기도,오산시,기타,금고,높이 또는 너비 50cm 이상,6000,2025-07-29,15097803,https://www.data.go.kr/data/15097803/fileData.do
경기도,오산시,기타,기 타,"커피머신, 스피커, 팩스, 가습기, 카세트라디오, 다리미, 선풍기, 비데, VTR/DVD, 전화기, 족욕기, 헤어드라이기, 전기히터, 전자레인지, 전기밥솥 등 (1m 미만)",0,2025-07-29,15097803,https://www.data.go.kr/data/15097803/fileData.do
경기도,오산시,기타,"깨진 유리, 항아리",kg당,1000,2025-07-29,15097803,https://www.data.go.kr/data/15097803/fileData.do
경기도,오산시,기타,난로,대 형,5000,2025-07-29,15097803,https://www.data.go.kr/data/15097803/fileData.do
경기도,오산시,기타,난로,소 형,2000,2025-07-29,15097803,https://www.data.go.kr/data/15097803/fileData.do
경기도,오산시,기타,다리미판,모든 규격,1000,2025-07-29,15097803,https://www.data.go.kr/data/15097803/fileData.do
경기도,오산시,기타,도마,모든 규격,1000,2025-07-29,15097803,https://www.data.go.kr/data/15097803/fileData.do
경기도,오산시,기타,돗자리,모든 규격,1000,2025-07-29,15097803,https://www.data.go.kr/data/15097803/fileData.do
경기도,오산시,기타,마네킹,높이 1m미만,3000,2025-07-29,15097803,https://www.data.go.kr/data/15097803/fileData.do
경기도,오산시,기타,마네킹,높이 1m이상,4000,2025-07-29,15097803,https://www.data.go.kr/data/15097803/fileData.do
경기도,오산시,기타,물탱크저수조,톤 당,5000,2025-07-29,15097803,https://www.data.go.kr/data/15097803/fileData.do
경기도,오산시,기타,바비큐 그릴,모든 규격,3000,2025-07-29,15097803,https://www.data.go.kr/data/15097803/fileData.do
경기도,오산시,기타,방석,모든 규격,1000,2025-07-29,15097803,https://www.data.go.kr/data/15097803/fileData.do
경기도,오산시,기타,방충망,대형(출입문),3000,2025-07-29,15097803,https://www.data.go.kr/data/15097803/fileData.do
경기도,오산시,기타,방충망,소형(창 문),2000,2025-07-29,15097803,https://www.data.go.kr/data/15097803/fileData.do
경기도,오산시,기타,배기후드,모든 규격,2000,2025-07-29,15097803,https://www.data.go.kr/data/15097803/fileData.do
경기도,오산시,기타,"버티컬, 블라인드",1폭 미만,2000,2025-07-29,15097803,https://www.data.go.kr/data/15097803/fileData.do
경기도,오산시,기타,"버티컬, 블라인드",2폭 이상,3000,2025-07-29,15097803,https://www.data.go.kr/data/15097803/fileData.do
경기도,오산시,기타,베개,1인용,1000,2025-07-29,15097803,https://www.data.go.kr/data/15097803/fileData.do
경기도,오산시,기타,변기,양변기,5000,2025-07-29,15097803,https://www.data.go.kr/data/15097803/fileData.do
경기도,오산시,기타,병풍,모든 규격,3000,2025-07-29,15097803,https://www.data.go.kr/data/15097803/fileData.do
경기도,오산시,기타,보일러,30평 미만,3000,2025-07-29,15097803,https://www.data.go.kr/data/15097803/fileData.do
경기도,오산시,기타,보일러,30평 이상,5000,2025-07-29,15097803,https://www.data.go.kr/data/15097803/fileData.do
경기도,오산시,기타,보행기,모든 규격,2000,2025-07-29,15097803,https://www.data.go.kr/data/15097803/fileData.do
경기도,오산시,기타,세면대,모든 규격,3000,2025-07-29,15097803,https://www.data.go.kr/data/15097803/fileData.do
경기도,오산시,기타,소화기,대형(20kg 이상),7000,2025-07-29,15097803,https://www.data.go.kr/data/15097803/fileData.do
경기도,오산시,기타,소화기,소 형,2000,2025-07-29,15097803,https://www.data.go.kr/data/15097803/fileData.do
경기도,오산시,기타,쇼케이스,높이 또는 너비 1m이상,8000,2025-07-29,15097803,https://www.data.go.kr/data/15097803/fileData.do
경기도,오산시,기타,수도호스,10m당,2000,2025-07-29,15097803,https://www.data.go.kr/data/15097803/fileData.do
경기도,오산시,기타,수족관,1㎡ 미만,3000,2025-07-29,15097803,https://www.data.go.kr/data/15097803/fileData.do
경기도,오산시,기타,수족관,1㎡ 이상,5000,2025-07-29,15097803,https://www.data.go.kr/data/15097803/fileData.do
경기도,오산시,기타,수족관 받침대,모든 규격,2000,2025-07-29,15097803,https://www.data.go.kr/data/15097803/fileData.do
경기도,오산시,기타,"스키, 보드",모든 규격,3000,2025-07-29,15097803,https://www.data.go.kr/data/15097803/fileData.do
경기도,오산시,기타,시계,대형(1m 이상),5000,2025-07-29,15097803,https://www.data.go.kr/data/15097803/fileData.do
경기도,오산시,기타,시계,소형(50cm 미만),1000,2025-07-29,15097803,https://www.data.go.kr/data/15097803/fileData.do
경기도,오산시,기타,시계,중형(50cm 이상),3000,2025-07-29,15097803,https://www.data.go.kr/data/15097803/fileData.do
경기도,오산시,기타,식기건조대,모든 규격,1000,2025-07-29,15097803,https://www.data.go.kr/data/15097803/fileData.do
경기도,오산시,기타,쌀통,모든 규격,2000,2025-07-29,15097803,https://www.data.go.kr/data/15097803/fileData.do
경기도,오산시,기타,쓰레기통,가정용,1000,2025-07-29,15097803,https://www.data.go.kr/data/15097803/fileData.do
경기도,오산시,기타,쓰레기통,"사무실용, 옥외용",2000,2025-07-29,15097803,https://www.data.go.kr/data/15097803/fileData.do
경기도,오산시,기타,아이스박스,모든 규격,2000,2025-07-29,15097803,https://www.data.go.kr/data/15097803/fileData.do
경기도,오산시,기타,액자,1㎡ 미만,1000,2025-07-29,15097803,https://www.data.go.kr/data/15097803/fileData.do
경기도,오산시,기타,액자,1㎡ 이상,3000,2025-07-29,15097803,https://www.data.go.kr/data/15097803/fileData.do
경기도,오산시,기타,앰프,높이 1m이상,4000,2025-07-29,15097803,https://www.data.go.kr/data/15097803/fileData.do
경기도,오산시,기타,오락기,높이1m이상,10000,2025-07-29,15097803,https://www.data.go.kr/data/15097803/fileData.do
경기도,오산시,기타,오르간(풍금),모든규격,4000,2025-07-29,15097803,https://www.data.go.kr/data/15097803/fileData.do
경기도,오산시,기타,옥매트,모든규격,5000,2025-07-29,15097803,https://www.data.go.kr/data/15097803/fileData.do
경기도,오산시,기타,온수기,높이 1m이상,5000,2025-07-29,15097803,https://www.data.go.kr/data/15097803/fileData.do
경기도,오산시,기타,옷걸이,모든 규격,2000,2025-07-29,15097803,https://www.data.go.kr/data/15097803/fileData.do
경기도,오산시,기타,와인셀러,높이 1m이상,3000,2025-07-29,15097803,https://www.data.go.kr/data/15097803/fileData.do
경기도,오산시,기타,욕조,유아용,2000,2025-07-29,15097803,https://www.data.go.kr/data/15097803/fileData.do
경기도,오산시,기타,욕조,일반(모든 규격),5000,2025-07-29,15097803,https://www.data.go.kr/data/15097803/fileData.do
경기도,오산시,기타,우산,개 당,1000,2025-07-29,15097803,https://www.data.go.kr/data/15097803/fileData.do
경기도,오산시,기타,유류통,톤 당,5000,2025-07-29,15097803,https://www.data.go.kr/data/15097803/fileData.do
경기도,오산시,기타,유리,1㎡당,2000,2025-07-29,15097803,https://www.data.go.kr/data/15097803/fileData.do
경기도,오산시,기타,유모차,1인용,2000,2025-07-29,15097803,https://www.data.go.kr/data/15097803/fileData.do
경기도,오산시,기타,유모차,2인용 이상,4000,2025-07-29,15097803,https://www.data.go.kr/data/15097803/fileData.do
경기도,오산시,기타,유아매트,폭 2m 미만,2000,2025-07-29,15097803,https://www.data.go.kr/data/15097803/fileData.do
경기도,오산시,기타,유아매트,폭 2m 이상,3000,2025-07-29,15097803,https://www.data.go.kr/data/15097803/fileData.do
경기도,오산시,기타,유아용목마,모든 규격,1000,2025-07-29,15097803,https://www.data.go.kr/data/15097803/fileData.do
경기도,오산시,기타,유아용변기,모든 규격,1000,2025-07-29,15097803,https://www.data.go.kr/data/15097803/fileData.do
경기도,오산시,기타,의자,1인용,2000,2025-07-29,15097803,https://www.data.go.kr/data/15097803/fileData.do
경기도,오산시,기타,의자,2인용,3000,2025-07-29,15097803,https://www.data.go.kr/data/15097803/fileData.do
경기도,오산시,기타,의자,3인용 이상,5000,2025-07-29,15097803,https://www.data.go.kr/data/15097803/fileData.do
경기도,오산시,기타,이불,솜이불(장당),2000,2025-07-29,15097803,https://www.data.go.kr/data/15097803/fileData.do
경기도,오산시,기타,이불,홑이불(장당),1000,2025-07-29,15097803,https://www.data.go.kr/data/15097803/fileData.do
경기도,오산시,기타,이젤,높이 1m 이상,2000,2025-07-29,15097803,https://www.data.go.kr/data/15097803/fileData.do
경기도,오산시,기타,이젤,휴대용 또는 높이 1m 미만,1000,2025-07-29,15097803,https://www.data.go.kr/data/15097803/fileData.do
경기도,오산시,기타,인라인스케이트,모든 규격,2000,2025-07-29,15097803,https://www.data.go.kr/data/15097803/fileData.do
경기도,오산시,기타,자동판매기,소형(사무실용/1m 이상),4000,2025-07-29,15097803,https://www.data.go.kr/data/15097803/fileData.do
경기도,오산시,기타,자동판매기,중형(영업용),12000,2025-07-29,15097803,https://www.data.go.kr/data/15097803/fileData.do
경기도,오산시,기타,자전거,어른용,4000,2025-07-29,15097803,https://www.data.go.kr/data/15097803/fileData.do
경기도,오산시,기타,자전거,어린이용,2000,2025-07-29,15097803,https://www.data.go.kr/data/15097803/fileData.do
경기도,오산시,기타,장난감,대 형,5000,2025-07-29,15097803,https://www.data.go.kr/data/15097803/fileData.do
경기도,오산시,기타,장난감,소형(묶음 단위 20리터기준),1000,2025-07-29,15097803,https://www.data.go.kr/data/15097803/fileData.do
경기도,오산시,기타,장판,3㎡당,1000,2025-07-29,15097803,https://www.data.go.kr/data/15097803/fileData.do
경기도,오산시,기타,재봉틀,모든 규격(거치대 제외),2000,2025-07-29,15097803,https://www.data.go.kr/data/15097803/fileData.do
경기도,오산시,기타,죽부인,모든 규격,2000,2025-07-29,15097803,https://www.data.go.kr/data/15097803/fileData.do
경기도,오산시,기타,차광막,2㎡당,1000,2025-07-29,15097803,https://www.data.go.kr/data/15097803/fileData.do
경기도,오산시,기타,창문,모든 규격,3000,2025-07-29,15097803,https://www.data.go.kr/data/15097803/fileData.do
경기도,오산시,기타,천막,모든규격,6000,2025-07-29,15097803,https://www.data.go.kr/data/15097803/fileData.do
경기도,오산시,기타,체중계,대 형,3000,2025-07-29,15097803,https://www.data.go.kr/data/15097803/fileData.do
경기도,오산시,기타,체중계,소 형,1000,2025-07-29,15097803,https://www.data.go.kr/data/15097803/fileData.do
경기도,오산시,기타,카시트,모든 규격,3000,2025-07-29,15097803,https://www.data.go.kr/data/15097803/fileData.do
경기도,오산시,기타,카페트,1㎡ 미만,2000,2025-07-29,15097803,https://www.data.go.kr/data/15097803/fileData.do
경기도,오산시,기타,카페트,1㎡ 이상,4000,2025-07-29,15097803,https://www.data.go.kr/data/15097803/fileData.do
경기도,오산시,기타,캐비닛,모든 규격,4000,2025-07-29,15097803,https://www.data.go.kr/data/15097803/fileData.do
경기도,오산시,기타,캣타워,모든 규격,3000,2025-07-29,15097803,https://www.data.go.kr/data/15097803/fileData.do
경기도,오산시,기타,커튼 봉,모든 규격,2000,2025-07-29,15097803,https://www.data.go.kr/data/15097803/fileData.do
경기도,오산시,기타,쿠션,1인용,1000,2025-07-29,15097803,https://www.data.go.kr/data/15097803/fileData.do
경기도,오산시,기타,킥보드,어린이용,2000,2025-07-29,15097803,https://www.data.go.kr/data/15097803/fileData.do
경기도,오산시,기타,킥보드,"전동, 성인용",3000,2025-07-29,15097803,https://www.data.go.kr/data/15097803/fileData.do
경기도,오산시,기타,타이어,대형(휠 20인치이상),5000,2025-07-29,15097803,https://www.data.go.kr/data/15097803/fileData.do
경기도,오산시,기타,타이어,소형(휠 15인치 이하),3000,2025-07-29,15097803,https://www.data.go.kr/data/15097803/fileData.do
경기도,오산시,기타,타이어,중형(휠 16~19인치),4000,2025-07-29,15097803,https://www.data.go.kr/data/15097803/fileData.do
경기도,오산시,기타,타자기,모든 규격,2000,2025-07-29,15097803,https://www.data.go.kr/data/15097803/fileData.do
경기도,오산시,기타,"탁구대, 당구대",가정용,11000,2025-07-29,15097803,https://www.data.go.kr/data/15097803/fileData.do
경기도,오산시,기타,텐트,거실형,10000,2025-07-29,15097803,https://www.data.go.kr/data/15097803/fileData.do
경기도,오산시,기타,텐트,일반용(3인용 이하),3000,2025-07-29,15097803,https://www.data.go.kr/data/15097803/fileData.do
경기도,오산시,기타,텐트,일반용(4인용 이상),5000,2025-07-29,15097803,https://www.data.go.kr/data/15097803/fileData.do
경기도,오산시,기타,파라솔,모든 규격,3000,2025-07-29,15097803,https://www.data.go.kr/data/15097803/fileData.do
경기도,오산시,기타,파렛트,모든 규격,4000,2025-07-29,15097803,https://www.data.go.kr/data/15097803/fileData.do
경기도,오산시,기타,페인트통,30L 미만,1000,2025-07-29,15097803,https://www.data.go.kr/data/15097803/fileData.do
경기도,오산시,기타,페인트통,30L 이상,2000,2025-07-29,15097803,https://www.data.go.kr/data/15097803/fileData.do
경기도,오산시,기타,피아노,모든 규격,15000,2025-07-29,15097803,https://www.data.go.kr/data/15097803/fileData.do
경기도,오산시,기타,헬스기구,"런닝머신, 싸이클",7000,2025-07-29,15097803,https://www.data.go.kr/data/15097803/fileData.do
경기도,오산시,기타,화분,대 형,2000,2025-07-29,15097803,https://www.data.go.kr/data/15097803/fileData.do
경기도,오산시,기타,화분,소 형,1000,2025-07-29,15097803,https://www.data.go.kr/data/15097803/fileData.do
경기도,오산시,기타,화환,모든 규격,3000,2025-07-29,15097803,https://www.data.go.kr/data/15097803/fileData.do
경기도,오산시,기타,환풍기,모든 규격,2000,2025-07-29,15097803,https://www.data.go.kr/data/15097803/fileData.do
경기도,오산시,기타,휠체어,모든 규격,3000,2025-07-29,15097803,https://www.data.go.kr/data/15097803/fileData.do
경기도,의정부시,,TV,15인치이상30인치이하,3000,2026-05-31,15100221,https://www.data.go.kr/data/15100221/fileData.do
경기도,의정부시,,TV,42인치미만,4000,2026-05-31,15100221,https://www.data.go.kr/data/15100221/fileData.do
경기도,의정부시,,TV,42인치이상,5000,2026-05-31,15100221,https://www.data.go.kr/data/15100221/fileData.do
경기도,의정부시,,TV,TV받침대,2000,2026-05-31,15100221,https://www.data.go.kr/data/15100221/fileData.do
경기도,의정부시,,가건물벽,모든규격,9000,2026-05-31,15100221,https://www.data.go.kr/data/15100221/fileData.do
경기도,의정부시,,가방,모든규격,2000,2026-05-31,15100221,https://www.data.go.kr/data/15100221/fileData.do
경기도,의정부시,,가스오븐렌지,1m이상,4000,2026-05-31,15100221,https://www.data.go.kr/data/15100221/fileData.do
경기도,의정부시,,가스오븐렌지,가스렌지후드,2000,2026-05-31,15100221,https://www.data.go.kr/data/15100221/fileData.do
경기도,의정부시,,간판,"가로, 세로1m~3m미만",5000,2026-05-31,15100221,https://www.data.go.kr/data/15100221/fileData.do
경기도,의정부시,,간판,"가로, 세로1m미만",3000,2026-05-31,15100221,https://www.data.go.kr/data/15100221/fileData.do
경기도,의정부시,,간판,"가로, 세로3m이상",8000,2026-05-31,15100221,https://www.data.go.kr/data/15100221/fileData.do
경기도,의정부시,,간판,"에어간판, 풍선인형(업소용)",6000,2026-05-31,15100221,https://www.data.go.kr/data/15100221/fileData.do
경기도,의정부시,,거실용탁자,가로120cm이상,4000,2026-05-31,15100221,https://www.data.go.kr/data/15100221/fileData.do
경기도,의정부시,,거실용탁자,가로120cm이하,3000,2026-05-31,15100221,https://www.data.go.kr/data/15100221/fileData.do
경기도,의정부시,,거실용탁자,가로90cm이하,2000,2026-05-31,15100221,https://www.data.go.kr/data/15100221/fileData.do
경기도,의정부시,,건조기,가정용,4000,2026-05-31,15100221,https://www.data.go.kr/data/15100221/fileData.do
경기도,의정부시,,건조기,사업장용,8000,2026-05-31,15100221,https://www.data.go.kr/data/15100221/fileData.do
경기도,의정부시,,고무통,70×80cm이하,2000,2026-05-31,15100221,https://www.data.go.kr/data/15100221/fileData.do
경기도,의정부시,,고무통,90×100cm미만,3000,2026-05-31,15100221,https://www.data.go.kr/data/15100221/fileData.do
경기도,의정부시,,고무통,90×100cm이상,4000,2026-05-31,15100221,https://www.data.go.kr/data/15100221/fileData.do
경기도,의정부시,,공기청정기/제습기,높이 1m미만,2000,2026-05-31,15100221,https://www.data.go.kr/data/15100221/fileData.do
경기도,의정부시,,공기청정기/제습기,높이 1m이상,4000,2026-05-31,15100221,https://www.data.go.kr/data/15100221/fileData.do
경기도,의정부시,,금고,제일긴변대형(1m이상),20000,2026-05-31,15100221,https://www.data.go.kr/data/15100221/fileData.do
경기도,의정부시,,금고,제일긴변소형(60cm이하),10000,2026-05-31,15100221,https://www.data.go.kr/data/15100221/fileData.do
경기도,의정부시,,금고,제일긴변중형(1m이하),15000,2026-05-31,15100221,https://www.data.go.kr/data/15100221/fileData.do
경기도,의정부시,,나무묶음,직경1m길이1m미만,4000,2026-05-31,15100221,https://www.data.go.kr/data/15100221/fileData.do
경기도,의정부시,,나무묶음,직경20cm초과시,1000,2026-05-31,15100221,https://www.data.go.kr/data/15100221/fileData.do
경기도,의정부시,,나무묶음,직경50cm길이1m미만,2000,2026-05-31,15100221,https://www.data.go.kr/data/15100221/fileData.do
경기도,의정부시,,나무묶음,직경70cm길이1m미만,3000,2026-05-31,15100221,https://www.data.go.kr/data/15100221/fileData.do
경기도,의정부시,,나무판(화이트보드),제일긴변150cm이상,3000,2026-05-31,15100221,https://www.data.go.kr/data/15100221/fileData.do
경기도,의정부시,,나무판(화이트보드),제일긴변150cm이하,2000,2026-05-31,15100221,https://www.data.go.kr/data/15100221/fileData.do
경기도,의정부시,,나무판(화이트보드),제일긴변1m이하,1000,2026-05-31,15100221,https://www.data.go.kr/data/15100221/fileData.do
경기도,의정부시,,난로,가정용,2000,2026-05-31,15100221,https://www.data.go.kr/data/15100221/fileData.do
경기도,의정부시,,난로,사업장용,4000,2026-05-31,15100221,https://www.data.go.kr/data/15100221/fileData.do
경기도,의정부시,,냉온수기,모든규격,3000,2026-05-31,15100221,https://www.data.go.kr/data/15100221/fileData.do
경기도,의정부시,,냉장고,300L이하,4000,2026-05-31,15100221,https://www.data.go.kr/data/15100221/fileData.do
경기도,의정부시,,냉장고,600L이하,6000,2026-05-31,15100221,https://www.data.go.kr/data/15100221/fileData.do
경기도,의정부시,,냉장고,900L이하,8000,2026-05-31,15100221,https://www.data.go.kr/data/15100221/fileData.do
경기도,의정부시,,냉장고,업소용,20000,2026-05-31,15100221,https://www.data.go.kr/data/15100221/fileData.do
경기도,의정부시,,놀이방매트,가로세로1.5m미만,3000,2026-05-31,15100221,https://www.data.go.kr/data/15100221/fileData.do
경기도,의정부시,,놀이방매트,가로세로1m미만,2000,2026-05-31,15100221,https://www.data.go.kr/data/15100221/fileData.do
경기도,의정부시,,대리석가구,가로120cm이하,12000,2026-05-31,15100221,https://www.data.go.kr/data/15100221/fileData.do
경기도,의정부시,,대리석가구,가로150cm이하,16000,2026-05-31,15100221,https://www.data.go.kr/data/15100221/fileData.do
경기도,의정부시,,대리석가구,가로90cm이하,8000,2026-05-31,15100221,https://www.data.go.kr/data/15100221/fileData.do
경기도,의정부시,,대리석상판,2인용,3000,2026-05-31,15100221,https://www.data.go.kr/data/15100221/fileData.do
경기도,의정부시,,대리석상판,4인용,6000,2026-05-31,15100221,https://www.data.go.kr/data/15100221/fileData.do
경기도,의정부시,,대리석식탁,2인용,6000,2026-05-31,15100221,https://www.data.go.kr/data/15100221/fileData.do
경기도,의정부시,,대리석식탁,4인용,10000,2026-05-31,15100221,https://www.data.go.kr/data/15100221/fileData.do
경기도,의정부시,,대리석식탁,6인이상,15000,2026-05-31,15100221,https://www.data.go.kr/data/15100221/fileData.do
경기도,의정부시,,돗자리(카펫트),가벼운대자리,2000,2026-05-31,15100221,https://www.data.go.kr/data/15100221/fileData.do
경기도,의정부시,,돗자리(카펫트),무거운대자리(2x4m미만),4000,2026-05-31,15100221,https://www.data.go.kr/data/15100221/fileData.do
경기도,의정부시,,돗자리(카펫트),무거운대자리(2x4m이상),6000,2026-05-31,15100221,https://www.data.go.kr/data/15100221/fileData.do
경기도,의정부시,,마네킹,반신,2000,2026-05-31,15100221,https://www.data.go.kr/data/15100221/fileData.do
경기도,의정부시,,마네킹,전신,4000,2026-05-31,15100221,https://www.data.go.kr/data/15100221/fileData.do
경기도,의정부시,,문갑(거실장),120㎝이하,3000,2026-05-31,15100221,https://www.data.go.kr/data/15100221/fileData.do
경기도,의정부시,,문갑(거실장),150㎝이하,4000,2026-05-31,15100221,https://www.data.go.kr/data/15100221/fileData.do
경기도,의정부시,,문갑(거실장),180㎝이하,5000,2026-05-31,15100221,https://www.data.go.kr/data/15100221/fileData.do
경기도,의정부시,,문갑(거실장),90㎝이하,2000,2026-05-31,15100221,https://www.data.go.kr/data/15100221/fileData.do
경기도,의정부시,,문짝,나무,4000,2026-05-31,15100221,https://www.data.go.kr/data/15100221/fileData.do
경기도,의정부시,,문짝,나무-소형,2000,2026-05-31,15100221,https://www.data.go.kr/data/15100221/fileData.do
경기도,의정부시,,문짝,유리,5000,2026-05-31,15100221,https://www.data.go.kr/data/15100221/fileData.do
경기도,의정부시,,문짝,창문,2000,2026-05-31,15100221,https://www.data.go.kr/data/15100221/fileData.do
경기도,의정부시,,물탱크,1톤이하,10000,2026-05-31,15100221,https://www.data.go.kr/data/15100221/fileData.do
경기도,의정부시,,물탱크,2톤이하,15000,2026-05-31,15100221,https://www.data.go.kr/data/15100221/fileData.do
경기도,의정부시,,물탱크,4톤이하,20000,2026-05-31,15100221,https://www.data.go.kr/data/15100221/fileData.do
경기도,의정부시,,물탱크,FRP,30000,2026-05-31,15100221,https://www.data.go.kr/data/15100221/fileData.do
경기도,의정부시,,물탱크,PVC,15000,2026-05-31,15100221,https://www.data.go.kr/data/15100221/fileData.do
경기도,의정부시,,밥상교자상,"가로,세로1m미만",2000,2026-05-31,15100221,https://www.data.go.kr/data/15100221/fileData.do
경기도,의정부시,,밥상교자상,"가로,세로1m이상",3000,2026-05-31,15100221,https://www.data.go.kr/data/15100221/fileData.do
경기도,의정부시,,병풍,모든규격,3000,2026-05-31,15100221,https://www.data.go.kr/data/15100221/fileData.do
경기도,의정부시,,보일러,20평미만,3000,2026-05-31,15100221,https://www.data.go.kr/data/15100221/fileData.do
경기도,의정부시,,보일러,20평이상,5000,2026-05-31,15100221,https://www.data.go.kr/data/15100221/fileData.do
경기도,의정부시,,보일러,기름탱크,2000,2026-05-31,15100221,https://www.data.go.kr/data/15100221/fileData.do
경기도,의정부시,,복사기,모든규격,10000,2026-05-31,15100221,https://www.data.go.kr/data/15100221/fileData.do
경기도,의정부시,,빙수기,모든규격,2000,2026-05-31,15100221,https://www.data.go.kr/data/15100221/fileData.do
경기도,의정부시,,빨래건조대,모든규격,2000,2026-05-31,15100221,https://www.data.go.kr/data/15100221/fileData.do
경기도,의정부시,,사물함,모든규격,4000,2026-05-31,15100221,https://www.data.go.kr/data/15100221/fileData.do
경기도,의정부시,,서랍장,2단이하(소),2000,2026-05-31,15100221,https://www.data.go.kr/data/15100221/fileData.do
경기도,의정부시,,서랍장,4단이하(중),3000,2026-05-31,15100221,https://www.data.go.kr/data/15100221/fileData.do
경기도,의정부시,,서랍장,5단이상(대),4000,2026-05-31,15100221,https://www.data.go.kr/data/15100221/fileData.do
경기도,의정부시,,선반,120㎝이하,4000,2026-05-31,15100221,https://www.data.go.kr/data/15100221/fileData.do
경기도,의정부시,,선반,150㎝이하,6000,2026-05-31,15100221,https://www.data.go.kr/data/15100221/fileData.do
경기도,의정부시,,선반,90㎝이하,2000,2026-05-31,15100221,https://www.data.go.kr/data/15100221/fileData.do
경기도,의정부시,,세탁기,가정용,4000,2026-05-31,15100221,https://www.data.go.kr/data/15100221/fileData.do
경기도,의정부시,,세탁기,사업장용,8000,2026-05-31,15100221,https://www.data.go.kr/data/15100221/fileData.do
경기도,의정부시,,소화기,3.3㎏이상6.5㎏미만,3000,2026-05-31,15100221,https://www.data.go.kr/data/15100221/fileData.do
경기도,의정부시,,소화기,3.3㎏이하,2000,2026-05-31,15100221,https://www.data.go.kr/data/15100221/fileData.do
경기도,의정부시,,소화기,6.5㎏이상,5000,2026-05-31,15100221,https://www.data.go.kr/data/15100221/fileData.do
경기도,의정부시,,쇼케이스(유리진열장),120㎝미만,6000,2026-05-31,15100221,https://www.data.go.kr/data/15100221/fileData.do
경기도,의정부시,,쇼케이스(유리진열장),150㎝미만,8000,2026-05-31,15100221,https://www.data.go.kr/data/15100221/fileData.do
경기도,의정부시,,쇼케이스(유리진열장),150㎝이상,10000,2026-05-31,15100221,https://www.data.go.kr/data/15100221/fileData.do
경기도,의정부시,,쇼케이스(유리진열장),90㎝미만,4000,2026-05-31,15100221,https://www.data.go.kr/data/15100221/fileData.do
경기도,의정부시,,쇼파,1인용,2000,2026-05-31,15100221,https://www.data.go.kr/data/15100221/fileData.do
경기도,의정부시,,쇼파,2인용,3000,2026-05-31,15100221,https://www.data.go.kr/data/15100221/fileData.do
경기도,의정부시,,쇼파,3인용,4000,2026-05-31,15100221,https://www.data.go.kr/data/15100221/fileData.do
경기도,의정부시,,쇼파,4인용,5000,2026-05-31,15100221,https://www.data.go.kr/data/15100221/fileData.do
경기도,의정부시,,수족관(어항),120cm이하,6000,2026-05-31,15100221,https://www.data.go.kr/data/15100221/fileData.do
경기도,의정부시,,수족관(어항),150cm이하,8000,2026-05-31,15100221,https://www.data.go.kr/data/15100221/fileData.do
경기도,의정부시,,수족관(어항),60cm이하,2000,2026-05-31,15100221,https://www.data.go.kr/data/15100221/fileData.do
경기도,의정부시,,수족관(어항),90cm이하,4000,2026-05-31,15100221,https://www.data.go.kr/data/15100221/fileData.do
경기도,의정부시,,수족관(어항),받침대,3000,2026-05-31,15100221,https://www.data.go.kr/data/15100221/fileData.do
경기도,의정부시,,스텐드,모든규격,2000,2026-05-31,15100221,https://www.data.go.kr/data/15100221/fileData.do
경기도,의정부시,,시계,90cm미만,1000,2026-05-31,15100221,https://www.data.go.kr/data/15100221/fileData.do
경기도,의정부시,,시계,90cm이상,2000,2026-05-31,15100221,https://www.data.go.kr/data/15100221/fileData.do
경기도,의정부시,,시계,벽걸이괘종시계,2000,2026-05-31,15100221,https://www.data.go.kr/data/15100221/fileData.do
경기도,의정부시,,시계,스탠드형괘종시계,4000,2026-05-31,15100221,https://www.data.go.kr/data/15100221/fileData.do
경기도,의정부시,,시계,시계받침,2000,2026-05-31,15100221,https://www.data.go.kr/data/15100221/fileData.do
경기도,의정부시,,식기건조기,모든규격,2000,2026-05-31,15100221,https://www.data.go.kr/data/15100221/fileData.do
경기도,의정부시,,식기세척기,모든규격,4000,2026-05-31,15100221,https://www.data.go.kr/data/15100221/fileData.do
경기도,의정부시,,식탁,2인용,2000,2026-05-31,15100221,https://www.data.go.kr/data/15100221/fileData.do
경기도,의정부시,,식탁,4인용,3000,2026-05-31,15100221,https://www.data.go.kr/data/15100221/fileData.do
경기도,의정부시,,식탁,6인용,4000,2026-05-31,15100221,https://www.data.go.kr/data/15100221/fileData.do
경기도,의정부시,,식탁,6인용초과(특대),5000,2026-05-31,15100221,https://www.data.go.kr/data/15100221/fileData.do
경기도,의정부시,,신발장,120cm이하,3000,2026-05-31,15100221,https://www.data.go.kr/data/15100221/fileData.do
경기도,의정부시,,신발장,150cm이하,4000,2026-05-31,15100221,https://www.data.go.kr/data/15100221/fileData.do
경기도,의정부시,,신발장,90cm이하,2000,2026-05-31,15100221,https://www.data.go.kr/data/15100221/fileData.do
경기도,의정부시,,"싱크대(상,하)",120㎝이하,4000,2026-05-31,15100221,https://www.data.go.kr/data/15100221/fileData.do
경기도,의정부시,,"싱크대(상,하)",60㎝이하,2000,2026-05-31,15100221,https://www.data.go.kr/data/15100221/fileData.do
경기도,의정부시,,"싱크대(상,하)",90㎝이하,3000,2026-05-31,15100221,https://www.data.go.kr/data/15100221/fileData.do
경기도,의정부시,,쌀통(렌지대),150cm미만,3000,2026-05-31,15100221,https://www.data.go.kr/data/15100221/fileData.do
경기도,의정부시,,쌀통(렌지대),150cm이상,4000,2026-05-31,15100221,https://www.data.go.kr/data/15100221/fileData.do
경기도,의정부시,,아이스박스,모든규격,2000,2026-05-31,15100221,https://www.data.go.kr/data/15100221/fileData.do
경기도,의정부시,,에어컨,벽걸이용,2000,2026-05-31,15100221,https://www.data.go.kr/data/15100221/fileData.do
경기도,의정부시,,에어컨,직립형,4000,2026-05-31,15100221,https://www.data.go.kr/data/15100221/fileData.do
경기도,의정부시,,오디오(전축),높이1m이상,4000,2026-05-31,15100221,https://www.data.go.kr/data/15100221/fileData.do
경기도,의정부시,,오디오(전축),소형오디오(전체),3000,2026-05-31,15100221,https://www.data.go.kr/data/15100221/fileData.do
경기도,의정부시,,오디오(전축),스피커(높이1m미만),2000,2026-05-31,15100221,https://www.data.go.kr/data/15100221/fileData.do
경기도,의정부시,,오디오(전축),스피커(높이1m이상),3000,2026-05-31,15100221,https://www.data.go.kr/data/15100221/fileData.do
경기도,의정부시,,오디오(전축),스피커(높이30cm미만),1000,2026-05-31,15100221,https://www.data.go.kr/data/15100221/fileData.do
경기도,의정부시,,오디오(전축),케이스(대형),3000,2026-05-31,15100221,https://www.data.go.kr/data/15100221/fileData.do
경기도,의정부시,,오디오(전축),케이스(소형),2000,2026-05-31,15100221,https://www.data.go.kr/data/15100221/fileData.do
경기도,의정부시,,오락기,높이1m미만,4000,2026-05-31,15100221,https://www.data.go.kr/data/15100221/fileData.do
경기도,의정부시,,오락기,높이1m이상,8000,2026-05-31,15100221,https://www.data.go.kr/data/15100221/fileData.do
경기도,의정부시,,온풍기(냉방기),20평미만,4000,2026-05-31,15100221,https://www.data.go.kr/data/15100221/fileData.do
경기도,의정부시,,온풍기(냉방기),20평이상,7000,2026-05-31,15100221,https://www.data.go.kr/data/15100221/fileData.do
경기도,의정부시,,"옷걸이(목제,철제)",막대형,2000,2026-05-31,15100221,https://www.data.go.kr/data/15100221/fileData.do
경기도,의정부시,,"옷걸이(목제,철제)",수납장형(행거),2000,2026-05-31,15100221,https://www.data.go.kr/data/15100221/fileData.do
경기도,의정부시,,욕조,대형,4000,2026-05-31,15100221,https://www.data.go.kr/data/15100221/fileData.do
경기도,의정부시,,욕조,변기,6000,2026-05-31,15100221,https://www.data.go.kr/data/15100221/fileData.do
경기도,의정부시,,욕조,비데,3000,2026-05-31,15100221,https://www.data.go.kr/data/15100221/fileData.do
경기도,의정부시,,욕조,세면대(마블류),3000,2026-05-31,15100221,https://www.data.go.kr/data/15100221/fileData.do
경기도,의정부시,,욕조,소형,2000,2026-05-31,15100221,https://www.data.go.kr/data/15100221/fileData.do
경기도,의정부시,,욕조,아기용,1000,2026-05-31,15100221,https://www.data.go.kr/data/15100221/fileData.do
경기도,의정부시,,욕조,양변기,6000,2026-05-31,15100221,https://www.data.go.kr/data/15100221/fileData.do
경기도,의정부시,,운동기구,러닝머신,8000,2026-05-31,15100221,https://www.data.go.kr/data/15100221/fileData.do
경기도,의정부시,,운동기구,스테퍼,4000,2026-05-31,15100221,https://www.data.go.kr/data/15100221/fileData.do
경기도,의정부시,,운동기구,실내자전거,4000,2026-05-31,15100221,https://www.data.go.kr/data/15100221/fileData.do
경기도,의정부시,,"유리판,액자,거울",40㎝미만,1000,2026-05-31,15100221,https://www.data.go.kr/data/15100221/fileData.do
경기도,의정부시,,"유리판,액자,거울",대형(1m이상),4000,2026-05-31,15100221,https://www.data.go.kr/data/15100221/fileData.do
경기도,의정부시,,"유리판,액자,거울",소형(1m미만),2000,2026-05-31,15100221,https://www.data.go.kr/data/15100221/fileData.do
경기도,의정부시,,"유리판,액자,거울",액자소형묶음,2000,2026-05-31,15100221,https://www.data.go.kr/data/15100221/fileData.do
경기도,의정부시,,유모차,(모든규격)보행기포함,2000,2026-05-31,15100221,https://www.data.go.kr/data/15100221/fileData.do
경기도,의정부시,,유모차,유아카시트,2000,2026-05-31,15100221,https://www.data.go.kr/data/15100221/fileData.do
경기도,의정부시,,의자,교회의자(모든규격),5000,2026-05-31,15100221,https://www.data.go.kr/data/15100221/fileData.do
경기도,의정부시,,의자,사무용(회전의자),2000,2026-05-31,15100221,https://www.data.go.kr/data/15100221/fileData.do
경기도,의정부시,,의자,"샴푸의자, 안마의자(모든규격)",6000,2026-05-31,15100221,https://www.data.go.kr/data/15100221/fileData.do
경기도,의정부시,,의자,식탁용(소형),1000,2026-05-31,15100221,https://www.data.go.kr/data/15100221/fileData.do
경기도,의정부시,,이동식화장실,1인용,30000,2026-05-31,15100221,https://www.data.go.kr/data/15100221/fileData.do
경기도,의정부시,,이동식화장실,2인용,50000,2026-05-31,15100221,https://www.data.go.kr/data/15100221/fileData.do
경기도,의정부시,,인형및침구류,100L봉투기준,5000,2026-05-31,15100221,https://www.data.go.kr/data/15100221/fileData.do
경기도,의정부시,,인형및침구류,20L봉투기준,2000,2026-05-31,15100221,https://www.data.go.kr/data/15100221/fileData.do
경기도,의정부시,,인형및침구류,50L봉투기준,3000,2026-05-31,15100221,https://www.data.go.kr/data/15100221/fileData.do
경기도,의정부시,,자동판매기,가정용(소형),4000,2026-05-31,15100221,https://www.data.go.kr/data/15100221/fileData.do
경기도,의정부시,,자동판매기,영업용(대형),10000,2026-05-31,15100221,https://www.data.go.kr/data/15100221/fileData.do
경기도,의정부시,,자전거,모든규격,2000,2026-05-31,15100221,https://www.data.go.kr/data/15100221/fileData.do
경기도,의정부시,,장롱,100㎝이하,7000,2026-05-31,15100221,https://www.data.go.kr/data/15100221/fileData.do
경기도,의정부시,,장롱,120㎝이하,10000,2026-05-31,15100221,https://www.data.go.kr/data/15100221/fileData.do
경기도,의정부시,,장롱,150㎝이하,12000,2026-05-31,15100221,https://www.data.go.kr/data/15100221/fileData.do
경기도,의정부시,,장롱,가로 60㎝이하,5000,2026-05-31,15100221,https://www.data.go.kr/data/15100221/fileData.do
경기도,의정부시,,장롱,윗판(아래판),2000,2026-05-31,15100221,https://www.data.go.kr/data/15100221/fileData.do
경기도,의정부시,,장식장(차단스),120㎝이하1쪽,6000,2026-05-31,15100221,https://www.data.go.kr/data/15100221/fileData.do
경기도,의정부시,,장식장(차단스),150㎝이하1쪽,8000,2026-05-31,15100221,https://www.data.go.kr/data/15100221/fileData.do
경기도,의정부시,,장식장(차단스),90㎝이하1쪽,4000,2026-05-31,15100221,https://www.data.go.kr/data/15100221/fileData.do
경기도,의정부시,,장판,지름20cm기준,3000,2026-05-31,15100221,https://www.data.go.kr/data/15100221/fileData.do
경기도,의정부시,,재봉틀,모든규격,4000,2026-05-31,15100221,https://www.data.go.kr/data/15100221/fileData.do
경기도,의정부시,,전기담요,모든규격,2000,2026-05-31,15100221,https://www.data.go.kr/data/15100221/fileData.do
경기도,의정부시,,전기장판(옥매트),1인용,3000,2026-05-31,15100221,https://www.data.go.kr/data/15100221/fileData.do
경기도,의정부시,,전기장판(옥매트),2인용,5000,2026-05-31,15100221,https://www.data.go.kr/data/15100221/fileData.do
경기도,의정부시,,진열대(사업장용),120㎝이하,6000,2026-05-31,15100221,https://www.data.go.kr/data/15100221/fileData.do
경기도,의정부시,,진열대(사업장용),150㎝이하,8000,2026-05-31,15100221,https://www.data.go.kr/data/15100221/fileData.do
경기도,의정부시,,진열대(사업장용),180㎝이하,12000,2026-05-31,15100221,https://www.data.go.kr/data/15100221/fileData.do
경기도,의정부시,,진열대(사업장용),90㎝이하,4000,2026-05-31,15100221,https://www.data.go.kr/data/15100221/fileData.do
경기도,의정부시,,찬장,모든규격,3000,2026-05-31,15100221,https://www.data.go.kr/data/15100221/fileData.do
경기도,의정부시,,책꽂이,1단(소),2000,2026-05-31,15100221,https://www.data.go.kr/data/15100221/fileData.do
경기도,의정부시,,책꽂이,2단이상(대),3000,2026-05-31,15100221,https://www.data.go.kr/data/15100221/fileData.do
경기도,의정부시,,책상,소형(유아용),2000,2026-05-31,15100221,https://www.data.go.kr/data/15100221/fileData.do
경기도,의정부시,,책상,양수대형(가로 150㎝이상),5000,2026-05-31,15100221,https://www.data.go.kr/data/15100221/fileData.do
경기도,의정부시,,책상,책꽂이부착,6000,2026-05-31,15100221,https://www.data.go.kr/data/15100221/fileData.do
경기도,의정부시,,책상,"책상세트(책장,상판,서랍장)",7000,2026-05-31,15100221,https://www.data.go.kr/data/15100221/fileData.do
경기도,의정부시,,책상,책상판,2000,2026-05-31,15100221,https://www.data.go.kr/data/15100221/fileData.do
경기도,의정부시,,책상,컴퓨터책상,3000,2026-05-31,15100221,https://www.data.go.kr/data/15100221/fileData.do
경기도,의정부시,,책상,편수소형(가로 150㎝미만),4000,2026-05-31,15100221,https://www.data.go.kr/data/15100221/fileData.do
경기도,의정부시,,책장,120㎝이하,6000,2026-05-31,15100221,https://www.data.go.kr/data/15100221/fileData.do
경기도,의정부시,,책장,150㎝이하,8000,2026-05-31,15100221,https://www.data.go.kr/data/15100221/fileData.do
경기도,의정부시,,책장,90㎝이하,4000,2026-05-31,15100221,https://www.data.go.kr/data/15100221/fileData.do
경기도,의정부시,,침대,1인침대틀(머리판),2000,2026-05-31,15100221,https://www.data.go.kr/data/15100221/fileData.do
경기도,의정부시,,침대,1인침대틀(밑판),2000,2026-05-31,15100221,https://www.data.go.kr/data/15100221/fileData.do
경기도,의정부시,,침대,1인침대틀(옆틀),1000,2026-05-31,15100221,https://www.data.go.kr/data/15100221/fileData.do
경기도,의정부시,,침대,2인침대틀(머리판),2000,2026-05-31,15100221,https://www.data.go.kr/data/15100221/fileData.do
경기도,의정부시,,침대,2인침대틀(밑판),3000,2026-05-31,15100221,https://www.data.go.kr/data/15100221/fileData.do
경기도,의정부시,,침대,2인침대틀(옆틀),2000,2026-05-31,15100221,https://www.data.go.kr/data/15100221/fileData.do
경기도,의정부시,,침대,돌침대1인용,25000,2026-05-31,15100221,https://www.data.go.kr/data/15100221/fileData.do
경기도,의정부시,,침대,돌침대2인용,30000,2026-05-31,15100221,https://www.data.go.kr/data/15100221/fileData.do
경기도,의정부시,,침대,성인1인용매트리스,5000,2026-05-31,15100221,https://www.data.go.kr/data/15100221/fileData.do
경기도,의정부시,,침대,성인1인용침대틀,5000,2026-05-31,15100221,https://www.data.go.kr/data/15100221/fileData.do
경기도,의정부시,,침대,성인2인용매트리스,8000,2026-05-31,15100221,https://www.data.go.kr/data/15100221/fileData.do
경기도,의정부시,,침대,성인2인용침대틀,7000,2026-05-31,15100221,https://www.data.go.kr/data/15100221/fileData.do
경기도,의정부시,,침대,아기침대매트리스,3000,2026-05-31,15100221,https://www.data.go.kr/data/15100221/fileData.do
경기도,의정부시,,침대,아기침대틀(목재),2000,2026-05-31,15100221,https://www.data.go.kr/data/15100221/fileData.do
경기도,의정부시,,침대,침대밑판1인용,3000,2026-05-31,15100221,https://www.data.go.kr/data/15100221/fileData.do
경기도,의정부시,,침대,침대밑판2인용,5000,2026-05-31,15100221,https://www.data.go.kr/data/15100221/fileData.do
경기도,의정부시,,침대,침대서랍장,3000,2026-05-31,15100221,https://www.data.go.kr/data/15100221/fileData.do
경기도,의정부시,,칸막이,2m이하,4000,2026-05-31,15100221,https://www.data.go.kr/data/15100221/fileData.do
경기도,의정부시,,칸막이,90㎝미만,2000,2026-05-31,15100221,https://www.data.go.kr/data/15100221/fileData.do
경기도,의정부시,,칸막이,90㎝이상,3000,2026-05-31,15100221,https://www.data.go.kr/data/15100221/fileData.do
경기도,의정부시,,캐비닛(폭×넓이×높이)단위:㎝,40×120×120이하,4000,2026-05-31,15100221,https://www.data.go.kr/data/15100221/fileData.do
경기도,의정부시,,캐비닛(폭×넓이×높이)단위:㎝,40×120×180이하,5000,2026-05-31,15100221,https://www.data.go.kr/data/15100221/fileData.do
경기도,의정부시,,캐비닛(폭×넓이×높이)단위:㎝,40×90×120이하,2000,2026-05-31,15100221,https://www.data.go.kr/data/15100221/fileData.do
경기도,의정부시,,캐비닛(폭×넓이×높이)단위:㎝,40×90×180이하,3000,2026-05-31,15100221,https://www.data.go.kr/data/15100221/fileData.do
경기도,의정부시,,캣타워,대형(1m이상),4000,2026-05-31,15100221,https://www.data.go.kr/data/15100221/fileData.do
경기도,의정부시,,캣타워,소형(1m미만),3000,2026-05-31,15100221,https://www.data.go.kr/data/15100221/fileData.do
경기도,의정부시,,커튼,블라인드(자바라),3000,2026-05-31,15100221,https://www.data.go.kr/data/15100221/fileData.do
경기도,의정부시,,커피메이트,모든규격,2000,2026-05-31,15100221,https://www.data.go.kr/data/15100221/fileData.do
경기도,의정부시,,컴퓨터,모니터,2000,2026-05-31,15100221,https://www.data.go.kr/data/15100221/fileData.do
경기도,의정부시,,타이어,개당(대형),4000,2026-05-31,15100221,https://www.data.go.kr/data/15100221/fileData.do
경기도,의정부시,,타이어,개당(소형),2000,2026-05-31,15100221,https://www.data.go.kr/data/15100221/fileData.do
경기도,의정부시,,타자기,모든규격,2000,2026-05-31,15100221,https://www.data.go.kr/data/15100221/fileData.do
경기도,의정부시,,테이블,대형(1m이상),4000,2026-05-31,15100221,https://www.data.go.kr/data/15100221/fileData.do
경기도,의정부시,,테이블,소형(1m이하),2000,2026-05-31,15100221,https://www.data.go.kr/data/15100221/fileData.do
경기도,의정부시,,파일캐비닛,3단미만,3000,2026-05-31,15100221,https://www.data.go.kr/data/15100221/fileData.do
경기도,의정부시,,파일캐비닛,4단이상,4000,2026-05-31,15100221,https://www.data.go.kr/data/15100221/fileData.do
경기도,의정부시,,피아노,전자오르간(풍금),4000,2026-05-31,15100221,https://www.data.go.kr/data/15100221/fileData.do
경기도,의정부시,,피아노,피아노,15000,2026-05-31,15100221,https://www.data.go.kr/data/15100221/fileData.do
경기도,의정부시,,화장대,가정용(거울미포함),3000,2026-05-31,15100221,https://www.data.go.kr/data/15100221/fileData.do
경기도,의정부시,,화장대,사업장용,6000,2026-05-31,15100221,https://www.data.go.kr/data/15100221/fileData.do
경기도,의정부시,,화장대,화장대(거울포함),5000,2026-05-31,15100221,https://www.data.go.kr/data/15100221/fileData.do
경기도,의정부시,,화장실장식장,슬라이딩유리수납장,4000,2026-05-31,15100221,https://www.data.go.kr/data/15100221/fileData.do
경기도,의정부시,,화장실장식장,플라스틱수납장,2000,2026-05-31,15100221,https://www.data.go.kr/data/15100221/fileData.do
경기도,의정부시,,휠체어,수동휠체어,2000,2026-05-31,15100221,https://www.data.go.kr/data/15100221/fileData.do
경기도,의정부시,,휠체어,전동휠체어,6000,2026-05-31,15100221,https://www.data.go.kr/data/15100221/fileData.do
경기도,파주시,가구류,금고,모든 규격,20000,2024-01-02,15127968,https://www.data.go.kr/data/15127968/fileData.do
경기도,파주시,가구류,다리미판,모든 규격,1000,2024-01-02,15127968,https://www.data.go.kr/data/15127968/fileData.do
경기도,파주시,가구류,돌침대,1인용,20000,2024-01-02,15127968,https://www.data.go.kr/data/15127968/fileData.do
경기도,파주시,가구류,돌침대,2인용 이상,25000,2024-01-02,15127968,https://www.data.go.kr/data/15127968/fileData.do
경기도,파주시,가구류,돗자리,모든 규격,2000,2024-01-02,15127968,https://www.data.go.kr/data/15127968/fileData.do
경기도,파주시,가구류,매트류(두께 3cm이상),2㎡ 당,2000,2024-01-02,15127968,https://www.data.go.kr/data/15127968/fileData.do
경기도,파주시,가구류,매트리스 깔판,1세트,3000,2024-01-02,15127968,https://www.data.go.kr/data/15127968/fileData.do
경기도,파주시,가구류,매트리스 깔판,1인용,6000,2024-01-02,15127968,https://www.data.go.kr/data/15127968/fileData.do
경기도,파주시,가구류,매트리스 깔판,2인용 이상,8000,2024-01-02,15127968,https://www.data.go.kr/data/15127968/fileData.do
경기도,파주시,가구류,매트리스 깔판,유아용,3000,2024-01-02,15127968,https://www.data.go.kr/data/15127968/fileData.do
경기도,파주시,가구류,"무릎담요,신발 소형인형등 혼합",20L 당,1000,2024-01-02,15127968,https://www.data.go.kr/data/15127968/fileData.do
경기도,파주시,가구류,문갑(티비장),모든 규격,4000,2024-01-02,15127968,https://www.data.go.kr/data/15127968/fileData.do
경기도,파주시,가구류,"바닥요,토퍼",모든 규격,2000,2024-01-02,15127968,https://www.data.go.kr/data/15127968/fileData.do
경기도,파주시,가구류,바려견 집,모든 규격,2000,2024-01-02,15127968,https://www.data.go.kr/data/15127968/fileData.do
경기도,파주시,가구류,베개류,바디필로우,2000,2024-01-02,15127968,https://www.data.go.kr/data/15127968/fileData.do
경기도,파주시,가구류,베개류,"베개,쿠션",1000,2024-01-02,15127968,https://www.data.go.kr/data/15127968/fileData.do
경기도,파주시,가구류,병풍,모든 규격,3000,2024-01-02,15127968,https://www.data.go.kr/data/15127968/fileData.do
경기도,파주시,가구류,블라인드,모든 규격,2000,2024-01-02,15127968,https://www.data.go.kr/data/15127968/fileData.do
경기도,파주시,가구류,비키니옷장,모든 규격,2000,2024-01-02,15127968,https://www.data.go.kr/data/15127968/fileData.do
경기도,파주시,가구류,빨래건조대,모든 규격,2000,2024-01-02,15127968,https://www.data.go.kr/data/15127968/fileData.do
경기도,파주시,가구류,"서랍장,신발장 등(문,서랍 부착)",5단 미만,4000,2024-01-02,15127968,https://www.data.go.kr/data/15127968/fileData.do
경기도,파주시,가구류,"서랍장,신발장 등(문,서랍 부착)",5단 이상,5000,2024-01-02,15127968,https://www.data.go.kr/data/15127968/fileData.do
경기도,파주시,가구류,쇼파,"1인용,스툴",2000,2024-01-02,15127968,https://www.data.go.kr/data/15127968/fileData.do
경기도,파주시,가구류,쇼파,"2인용,카우치",3000,2024-01-02,15127968,https://www.data.go.kr/data/15127968/fileData.do
경기도,파주시,가구류,쇼파,3인용,5000,2024-01-02,15127968,https://www.data.go.kr/data/15127968/fileData.do
경기도,파주시,가구류,쇼파,4인용 이상,8000,2024-01-02,15127968,https://www.data.go.kr/data/15127968/fileData.do
경기도,파주시,가구류,수족관(어항),1m 미만,3000,2024-01-02,15127968,https://www.data.go.kr/data/15127968/fileData.do
경기도,파주시,가구류,수족관(어항),1m 이상,5000,2024-01-02,15127968,https://www.data.go.kr/data/15127968/fileData.do
경기도,파주시,가구류,시계,1m 이상,5000,2024-01-02,15127968,https://www.data.go.kr/data/15127968/fileData.do
경기도,파주시,가구류,시계,40cm 미만,2000,2024-01-02,15127968,https://www.data.go.kr/data/15127968/fileData.do
경기도,파주시,가구류,시계,40cm 이상,3000,2024-01-02,15127968,https://www.data.go.kr/data/15127968/fileData.do
경기도,파주시,가구류,안마의자,모든 규격,20000,2024-01-02,15127968,https://www.data.go.kr/data/15127968/fileData.do
경기도,파주시,가구류,여행용 가방(캐리어),모든 규격,2000,2024-01-02,15127968,https://www.data.go.kr/data/15127968/fileData.do
경기도,파주시,가구류,오디오장식장,모든 규격,4000,2024-01-02,15127968,https://www.data.go.kr/data/15127968/fileData.do
경기도,파주시,가구류,옥매트,모든 규격,4000,2024-01-02,15127968,https://www.data.go.kr/data/15127968/fileData.do
경기도,파주시,가구류,옷걸이,벽걸이,1000,2024-01-02,15127968,https://www.data.go.kr/data/15127968/fileData.do
경기도,파주시,가구류,옷걸이,스탠드형,2000,2024-01-02,15127968,https://www.data.go.kr/data/15127968/fileData.do
경기도,파주시,가구류,우산,모든 규격,1000,2024-01-02,15127968,https://www.data.go.kr/data/15127968/fileData.do
경기도,파주시,가구류,"유리,거울",2㎡ 당,2000,2024-01-02,15127968,https://www.data.go.kr/data/15127968/fileData.do
경기도,파주시,가구류,"유모차,보행기",1인용,2000,2024-01-02,15127968,https://www.data.go.kr/data/15127968/fileData.do
경기도,파주시,가구류,"유모차,보행기",2인용,4000,2024-01-02,15127968,https://www.data.go.kr/data/15127968/fileData.do
경기도,파주시,가구류,유아용 흔들말,모든 규격,1000,2024-01-02,15127968,https://www.data.go.kr/data/15127968/fileData.do
경기도,파주시,가구류,의자,1인용,2000,2024-01-02,15127968,https://www.data.go.kr/data/15127968/fileData.do
경기도,파주시,가구류,의자,2인용 이상,4000,2024-01-02,15127968,https://www.data.go.kr/data/15127968/fileData.do
경기도,파주시,가구류,의자,스툴,1000,2024-01-02,15127968,https://www.data.go.kr/data/15127968/fileData.do
경기도,파주시,가구류,이불류,"차렵,솜이불",2000,2024-01-02,15127968,https://www.data.go.kr/data/15127968/fileData.do
경기도,파주시,가구류,이불류,홑이불,1000,2024-01-02,15127968,https://www.data.go.kr/data/15127968/fileData.do
경기도,파주시,가구류,인형,1m 이상,3000,2024-01-02,15127968,https://www.data.go.kr/data/15127968/fileData.do
경기도,파주시,가구류,인형,30cm 이상,1000,2024-01-02,15127968,https://www.data.go.kr/data/15127968/fileData.do
경기도,파주시,가구류,장롱,폭 120cm미만,10000,2024-01-02,15127968,https://www.data.go.kr/data/15127968/fileData.do
경기도,파주시,가구류,장롱,폭 120cm이상,15000,2024-01-02,15127968,https://www.data.go.kr/data/15127968/fileData.do
경기도,파주시,가구류,장롱,폭 90cm미만,6000,2024-01-02,15127968,https://www.data.go.kr/data/15127968/fileData.do
경기도,파주시,가구류,장식장,모든 규격,5000,2024-01-02,15127968,https://www.data.go.kr/data/15127968/fileData.do
경기도,파주시,가구류,장판,3.3㎡ 당,2000,2024-01-02,15127968,https://www.data.go.kr/data/15127968/fileData.do
경기도,파주시,가구류,"전기장판,온수매트",부위별,2000,2024-01-02,15127968,https://www.data.go.kr/data/15127968/fileData.do
경기도,파주시,가구류,"전기장판,온수매트",전체,3000,2024-01-02,15127968,https://www.data.go.kr/data/15127968/fileData.do
경기도,파주시,가구류,조명(전구제거),스탠드형,2000,2024-01-02,15127968,https://www.data.go.kr/data/15127968/fileData.do
경기도,파주시,가구류,조명(전구제거),탁상용,1000,2024-01-02,15127968,https://www.data.go.kr/data/15127968/fileData.do
경기도,파주시,가구류,좌식 책상,모든 규격,3000,2024-01-02,15127968,https://www.data.go.kr/data/15127968/fileData.do
경기도,파주시,가구류,책꽂이.공간박스,1단,1000,2024-01-02,15127968,https://www.data.go.kr/data/15127968/fileData.do
경기도,파주시,가구류,책꽂이.공간박스,2단,2000,2024-01-02,15127968,https://www.data.go.kr/data/15127968/fileData.do
경기도,파주시,가구류,책상,서랍 미부착,5000,2024-01-02,15127968,https://www.data.go.kr/data/15127968/fileData.do
경기도,파주시,가구류,책상,서랍 부착,7000,2024-01-02,15127968,https://www.data.go.kr/data/15127968/fileData.do
경기도,파주시,가구류,"책장(문,서랍 부착)",5단 미만,3000,2024-01-02,15127968,https://www.data.go.kr/data/15127968/fileData.do
경기도,파주시,가구류,"책장(문,서랍 부착)",5단 이상,4000,2024-01-02,15127968,https://www.data.go.kr/data/15127968/fileData.do
경기도,파주시,가구류,침대 프레임,1인용,4000,2024-01-02,15127968,https://www.data.go.kr/data/15127968/fileData.do
경기도,파주시,가구류,침대 프레임,2인용 이상,7000,2024-01-02,15127968,https://www.data.go.kr/data/15127968/fileData.do
경기도,파주시,가구류,침대 프레임,유아용,2000,2024-01-02,15127968,https://www.data.go.kr/data/15127968/fileData.do
경기도,파주시,가구류,카펫트류,1m 미만,2000,2024-01-02,15127968,https://www.data.go.kr/data/15127968/fileData.do
경기도,파주시,가구류,카펫트류,1m 이상,5000,2024-01-02,15127968,https://www.data.go.kr/data/15127968/fileData.do
경기도,파주시,가구류,캐비닛,모든 규격,5000,2024-01-02,15127968,https://www.data.go.kr/data/15127968/fileData.do
경기도,파주시,가구류,캣타워,모든 규격,3000,2024-01-02,15127968,https://www.data.go.kr/data/15127968/fileData.do
경기도,파주시,가구류,텐트,4인용 미만,3000,2024-01-02,15127968,https://www.data.go.kr/data/15127968/fileData.do
경기도,파주시,가구류,텐트,4인용 이상,5000,2024-01-02,15127968,https://www.data.go.kr/data/15127968/fileData.do
경기도,파주시,가구류,파라솔,모든 규격,3000,2024-01-02,15127968,https://www.data.go.kr/data/15127968/fileData.do
경기도,파주시,가구류,파일캐비닛,4단 미만,3000,2024-01-02,15127968,https://www.data.go.kr/data/15127968/fileData.do
경기도,파주시,가구류,파일캐비닛,4단 이상,4000,2024-01-02,15127968,https://www.data.go.kr/data/15127968/fileData.do
경기도,파주시,가구류,파티션,모든 규격,2000,2024-01-02,15127968,https://www.data.go.kr/data/15127968/fileData.do
경기도,파주시,가구류,협탁,모든 규격,4000,2024-01-02,15127968,https://www.data.go.kr/data/15127968/fileData.do
경기도,파주시,가구류,화장대,모든 규격,4000,2024-01-02,15127968,https://www.data.go.kr/data/15127968/fileData.do
경기도,파주시,가구류,회의용탁자,6인용 미만,4000,2024-01-02,15127968,https://www.data.go.kr/data/15127968/fileData.do
경기도,파주시,가구류,회의용탁자,6인용 이상,5000,2024-01-02,15127968,https://www.data.go.kr/data/15127968/fileData.do
경기도,파주시,가구류,휠체어,모든 규격,3000,2024-01-02,15127968,https://www.data.go.kr/data/15127968/fileData.do
경기도,파주시,그 외 품목,간이화장실,모든 규격(분뇨제외),15000,2024-01-02,15127968,https://www.data.go.kr/data/15127968/fileData.do
경기도,파주시,그 외 품목,간판,180cm 미만,4000,2024-01-02,15127968,https://www.data.go.kr/data/15127968/fileData.do
경기도,파주시,그 외 품목,간판,180cm 이상,7000,2024-01-02,15127968,https://www.data.go.kr/data/15127968/fileData.do
경기도,파주시,그 외 품목,간판,입간판,3000,2024-01-02,15127968,https://www.data.go.kr/data/15127968/fileData.do
경기도,파주시,그 외 품목,고무통,,2000,2024-01-02,15127968,https://www.data.go.kr/data/15127968/fileData.do
경기도,파주시,그 외 품목,그 외 불연성,40kg 기준,6000,2024-01-02,15127968,https://www.data.go.kr/data/15127968/fileData.do
경기도,파주시,그 외 품목,나무묶음,직경 40cm,2000,2024-01-02,15127968,https://www.data.go.kr/data/15127968/fileData.do
경기도,파주시,그 외 품목,나무판자,2m 미만,2000,2024-01-02,15127968,https://www.data.go.kr/data/15127968/fileData.do
경기도,파주시,그 외 품목,나무판자,2m 이상,3000,2024-01-02,15127968,https://www.data.go.kr/data/15127968/fileData.do
경기도,파주시,그 외 품목,농업 부산물,40kg 마대,1000,2024-01-02,15127968,https://www.data.go.kr/data/15127968/fileData.do
경기도,파주시,그 외 품목,문짝,창문,3000,2024-01-02,15127968,https://www.data.go.kr/data/15127968/fileData.do
경기도,파주시,그 외 품목,문짝,"현관문,방문",4000,2024-01-02,15127968,https://www.data.go.kr/data/15127968/fileData.do
경기도,파주시,그 외 품목,보온덮개,1롤 당,3000,2024-01-02,15127968,https://www.data.go.kr/data/15127968/fileData.do
경기도,파주시,그 외 품목,보일러,모든 규격,4000,2024-01-02,15127968,https://www.data.go.kr/data/15127968/fileData.do
경기도,파주시,그 외 품목,보일러 기름탱크,모든 규격,2000,2024-01-02,15127968,https://www.data.go.kr/data/15127968/fileData.do
경기도,파주시,그 외 품목,소화기,3.33kg 이하,2000,2024-01-02,15127968,https://www.data.go.kr/data/15127968/fileData.do
경기도,파주시,그 외 품목,소화기,3.33kg 초과,5000,2024-01-02,15127968,https://www.data.go.kr/data/15127968/fileData.do
경기도,파주시,그 외 품목,차광막,1롤 당,3000,2024-01-02,15127968,https://www.data.go.kr/data/15127968/fileData.do
경기도,파주시,그 외 품목,타이어,모든 규격,3000,2024-01-02,15127968,https://www.data.go.kr/data/15127968/fileData.do
경기도,파주시,그 외 품목,팔레트,모든 규격,2000,2024-01-02,15127968,https://www.data.go.kr/data/15127968/fileData.do
경기도,파주시,그 외 품목,현수막,모든 규격,3000,2024-01-02,15127968,https://www.data.go.kr/data/15127968/fileData.do
경기도,파주시,그 외 품목,화분,50cm 미만,1000,2024-01-02,15127968,https://www.data.go.kr/data/15127968/fileData.do
경기도,파주시,그 외 품목,화분,50cm 이상,2000,2024-01-02,15127968,https://www.data.go.kr/data/15127968/fileData.do
경기도,파주시,그 외 품목,화환,모든 규격,2000,2024-01-02,15127968,https://www.data.go.kr/data/15127968/fileData.do
경기도,파주시,대형 폐가전,"공기청정기,냉온수기,전기오븐",모든 규격,4000,2024-01-02,15127968,https://www.data.go.kr/data/15127968/fileData.do
경기도,파주시,대형 폐가전,냉장고,500L 미만,6000,2024-01-02,15127968,https://www.data.go.kr/data/15127968/fileData.do
경기도,파주시,대형 폐가전,냉장고,500L 이상,8000,2024-01-02,15127968,https://www.data.go.kr/data/15127968/fileData.do
경기도,파주시,대형 폐가전,런닝머신,모든 규격,6000,2024-01-02,15127968,https://www.data.go.kr/data/15127968/fileData.do
경기도,파주시,대형 폐가전,"세탁기,텔레비전,오디오세트,복사기,건조기,식기세척기,식기건조기",모든 규격,5000,2024-01-02,15127968,https://www.data.go.kr/data/15127968/fileData.do
경기도,파주시,대형 폐가전,에어컨,264㎡형 이상,8000,2024-01-02,15127968,https://www.data.go.kr/data/15127968/fileData.do
경기도,파주시,대형 폐가전,에어컨,66㎡형 미만,4000,2024-01-02,15127968,https://www.data.go.kr/data/15127968/fileData.do
경기도,파주시,대형 폐가전,에어컨,66㎡형 이상,5000,2024-01-02,15127968,https://www.data.go.kr/data/15127968/fileData.do
경기도,파주시,욕실용품,물탱크,용량 1톤 당,5000,2024-01-02,15127968,https://www.data.go.kr/data/15127968/fileData.do
경기도,파주시,욕실용품,변기,양변기,8000,2024-01-02,15127968,https://www.data.go.kr/data/15127968/fileData.do
경기도,파주시,욕실용품,변기,재래식 좌변기,5000,2024-01-02,15127968,https://www.data.go.kr/data/15127968/fileData.do
경기도,파주시,욕실용품,비데,모든 규격,2000,2024-01-02,15127968,https://www.data.go.kr/data/15127968/fileData.do
경기도,파주시,욕실용품,세면대,모든 규격,5000,2024-01-02,15127968,https://www.data.go.kr/data/15127968/fileData.do
경기도,파주시,욕실용품,욕조,1인용 이상,8000,2024-01-02,15127968,https://www.data.go.kr/data/15127968/fileData.do
경기도,파주시,욕실용품,욕조,소형(반신욕),4000,2024-01-02,15127968,https://www.data.go.kr/data/15127968/fileData.do
경기도,파주시,욕실용품,호스,10m 당,2000,2024-01-02,15127968,https://www.data.go.kr/data/15127968/fileData.do
경기도,파주시,"운동,취미 관련 용품",기타(악기),모든 규격,2000,2024-01-02,15127968,https://www.data.go.kr/data/15127968/fileData.do
경기도,파주시,"운동,취미 관련 용품",사이클,모든 규격,5000,2024-01-02,15127968,https://www.data.go.kr/data/15127968/fileData.do
경기도,파주시,"운동,취미 관련 용품","스키,보드",모든 규격,3000,2024-01-02,15127968,https://www.data.go.kr/data/15127968/fileData.do
경기도,파주시,"운동,취미 관련 용품",스텝퍼,모든 규격,2000,2024-01-02,15127968,https://www.data.go.kr/data/15127968/fileData.do
경기도,파주시,"운동,취미 관련 용품",오르간,모든 규격,6000,2024-01-02,15127968,https://www.data.go.kr/data/15127968/fileData.do
경기도,파주시,"운동,취미 관련 용품",요가매트,모든 규격,1000,2024-01-02,15127968,https://www.data.go.kr/data/15127968/fileData.do
경기도,파주시,"운동,취미 관련 용품",인라인,모든 규격,2000,2024-01-02,15127968,https://www.data.go.kr/data/15127968/fileData.do
경기도,파주시,"운동,취미 관련 용품",자전거,모든 규격,2000,2024-01-02,15127968,https://www.data.go.kr/data/15127968/fileData.do
경기도,파주시,"운동,취미 관련 용품",전자피아노,모든 규격,6000,2024-01-02,15127968,https://www.data.go.kr/data/15127968/fileData.do
경기도,파주시,"운동,취미 관련 용품",치닝디핑(철봉),모든 규격,4000,2024-01-02,15127968,https://www.data.go.kr/data/15127968/fileData.do
경기도,파주시,"운동,취미 관련 용품",킥보드,모든 규격,2000,2024-01-02,15127968,https://www.data.go.kr/data/15127968/fileData.do
경기도,파주시,"운동,취미 관련 용품",트램블린,모든 규격,3000,2024-01-02,15127968,https://www.data.go.kr/data/15127968/fileData.do
경기도,파주시,"운동,취미 관련 용품",피아노,모든 규격,15000,2024-01-02,15127968,https://www.data.go.kr/data/15127968/fileData.do
경기도,파주시,"운동,취미 관련 용품",헬멧,모든 규격,1000,2024-01-02,15127968,https://www.data.go.kr/data/15127968/fileData.do
경기도,파주시,주방용품 및 가구,가스레인지,모든 규격,2000,2024-01-02,15127968,https://www.data.go.kr/data/15127968/fileData.do
경기도,파주시,주방용품 및 가구,가스오븐레인지,모든 규격,4000,2024-01-02,15127968,https://www.data.go.kr/data/15127968/fileData.do
경기도,파주시,주방용품 및 가구,교자상,모든 규격,2000,2024-01-02,15127968,https://www.data.go.kr/data/15127968/fileData.do
경기도,파주시,주방용품 및 가구,도마,모든 규격,1000,2024-01-02,15127968,https://www.data.go.kr/data/15127968/fileData.do
경기도,파주시,주방용품 및 가구,배기후드,모든 규격,2000,2024-01-02,15127968,https://www.data.go.kr/data/15127968/fileData.do
경기도,파주시,주방용품 및 가구,식탁(테이블),6인용 미만,4000,2024-01-02,15127968,https://www.data.go.kr/data/15127968/fileData.do
경기도,파주시,주방용품 및 가구,식탁(테이블),6인용 이상,5000,2024-01-02,15127968,https://www.data.go.kr/data/15127968/fileData.do
경기도,파주시,주방용품 및 가구,식탁(테이블),대리석,10000,2024-01-02,15127968,https://www.data.go.kr/data/15127968/fileData.do
경기도,파주시,주방용품 및 가구,싱크대,60cm 미만,2000,2024-01-02,15127968,https://www.data.go.kr/data/15127968/fileData.do
경기도,파주시,주방용품 및 가구,싱크대,60cm 이상,3000,2024-01-02,15127968,https://www.data.go.kr/data/15127968/fileData.do
경기도,파주시,주방용품 및 가구,쌀통,모든 규격,3000,2024-01-02,15127968,https://www.data.go.kr/data/15127968/fileData.do
경기도,파주시,주방용품 및 가구,아이스 박스,50리터 미만,2000,2024-01-02,15127968,https://www.data.go.kr/data/15127968/fileData.do
경기도,파주시,주방용품 및 가구,아이스 박스,50리터 이상,3000,2024-01-02,15127968,https://www.data.go.kr/data/15127968/fileData.do
경기도,파주시,주방용품 및 가구,항아리,높이 50cm 미만,2000,2024-01-02,15127968,https://www.data.go.kr/data/15127968/fileData.do
경기도,파주시,주방용품 및 가구,항아리,높이 50cm 이상,4000,2024-01-02,15127968,https://www.data.go.kr/data/15127968/fileData.do
경기도,파주시,주방용품 및 가구,환풍기,모든 규격,2000,2024-01-02,15127968,https://www.data.go.kr/data/15127968/fileData.do
경기도,포천시,,TV 다이,모든 규격,2000,2026-07-01,15061842,https://www.data.go.kr/data/15061842/fileData.do
경기도,포천시,,가스오븐레인지,높이 1m 미만,2000,2026-07-01,15061842,https://www.data.go.kr/data/15061842/fileData.do
경기도,포천시,,가스오븐레인지,높이 1m 이상,4000,2026-07-01,15061842,https://www.data.go.kr/data/15061842/fileData.do
경기도,포천시,,가습기,모든 규격,2000,2026-07-01,15061842,https://www.data.go.kr/data/15061842/fileData.do
경기도,포천시,,간판,60×180㎝ 미만,5000,2026-07-01,15061842,https://www.data.go.kr/data/15061842/fileData.do
경기도,포천시,,간판,60×180㎝ 이상,8000,2026-07-01,15061842,https://www.data.go.kr/data/15061842/fileData.do
경기도,포천시,,간판,입간판,3000,2026-07-01,15061842,https://www.data.go.kr/data/15061842/fileData.do
경기도,포천시,,거울,모든 규격,2000,2026-07-01,15061842,https://www.data.go.kr/data/15061842/fileData.do
경기도,포천시,,건조대,모든 규격,2000,2026-07-01,15061842,https://www.data.go.kr/data/15061842/fileData.do
경기도,포천시,,고무통,70×80㎝ 이하,3000,2026-07-01,15061842,https://www.data.go.kr/data/15061842/fileData.do
경기도,포천시,,고무통,90×100㎝ 미만,4000,2026-07-01,15061842,https://www.data.go.kr/data/15061842/fileData.do
경기도,포천시,,고무통,90×100㎝ 이상,5000,2026-07-01,15061842,https://www.data.go.kr/data/15061842/fileData.do
경기도,포천시,,공기청정기,모든 규격,3000,2026-07-01,15061842,https://www.data.go.kr/data/15061842/fileData.do
경기도,포천시,,교자상,90×100㎝ 미만,3000,2026-07-01,15061842,https://www.data.go.kr/data/15061842/fileData.do
경기도,포천시,,교자상,90×100㎝ 이상,4000,2026-07-01,15061842,https://www.data.go.kr/data/15061842/fileData.do
경기도,포천시,,나무파레트,모든 규격,2000,2026-07-01,15061842,https://www.data.go.kr/data/15061842/fileData.do
경기도,포천시,,난로,모든 규격,5000,2026-07-01,15061842,https://www.data.go.kr/data/15061842/fileData.do
경기도,포천시,,냉장고,300ℓ 미만,4000,2026-07-01,15061842,https://www.data.go.kr/data/15061842/fileData.do
경기도,포천시,,냉장고,300ℓ 이상,6000,2026-07-01,15061842,https://www.data.go.kr/data/15061842/fileData.do
경기도,포천시,,냉장고,500ℓ 이상,8000,2026-07-01,15061842,https://www.data.go.kr/data/15061842/fileData.do
경기도,포천시,,녹즙기(믹서기),모든 규격,2000,2026-07-01,15061842,https://www.data.go.kr/data/15061842/fileData.do
경기도,포천시,,돌침대,1인용,25000,2026-07-01,15061842,https://www.data.go.kr/data/15061842/fileData.do
경기도,포천시,,돌침대,2인용,30000,2026-07-01,15061842,https://www.data.go.kr/data/15061842/fileData.do
경기도,포천시,,매트리스,1인용,5000,2026-07-01,15061842,https://www.data.go.kr/data/15061842/fileData.do
경기도,포천시,,매트리스,2인용,8000,2026-07-01,15061842,https://www.data.go.kr/data/15061842/fileData.do
경기도,포천시,,문갑,모든 규격,4000,2026-07-01,15061842,https://www.data.go.kr/data/15061842/fileData.do
경기도,포천시,,문짝,대(현관문),5000,2026-07-01,15061842,https://www.data.go.kr/data/15061842/fileData.do
경기도,포천시,,문짝,소(창문),3000,2026-07-01,15061842,https://www.data.go.kr/data/15061842/fileData.do
경기도,포천시,,물탱크,FRP,30000,2026-07-01,15061842,https://www.data.go.kr/data/15061842/fileData.do
경기도,포천시,,물탱크,PVC,15000,2026-07-01,15061842,https://www.data.go.kr/data/15061842/fileData.do
경기도,포천시,,밥통,모든 규격,2000,2026-07-01,15061842,https://www.data.go.kr/data/15061842/fileData.do
경기도,포천시,,배관재,10m당,2000,2026-07-01,15061842,https://www.data.go.kr/data/15061842/fileData.do
경기도,포천시,,배기후드,모든 규격,2000,2026-07-01,15061842,https://www.data.go.kr/data/15061842/fileData.do
경기도,포천시,,벽시계,대형,5000,2026-07-01,15061842,https://www.data.go.kr/data/15061842/fileData.do
경기도,포천시,,벽시계,소형,2000,2026-07-01,15061842,https://www.data.go.kr/data/15061842/fileData.do
경기도,포천시,,벽시계,중형,3000,2026-07-01,15061842,https://www.data.go.kr/data/15061842/fileData.do
경기도,포천시,,변기,양변기,10000,2026-07-01,15061842,https://www.data.go.kr/data/15061842/fileData.do
경기도,포천시,,변기,좌변기,5000,2026-07-01,15061842,https://www.data.go.kr/data/15061842/fileData.do
경기도,포천시,,변압기,모든 규격,2000,2026-07-01,15061842,https://www.data.go.kr/data/15061842/fileData.do
경기도,포천시,,병풍,모든 규격,3000,2026-07-01,15061842,https://www.data.go.kr/data/15061842/fileData.do
경기도,포천시,,보행기,모든 규격,2000,2026-07-01,15061842,https://www.data.go.kr/data/15061842/fileData.do
경기도,포천시,,복사기,모든 규격,10000,2026-07-01,15061842,https://www.data.go.kr/data/15061842/fileData.do
경기도,포천시,,브라이드(커텐),모든 규격,3000,2026-07-01,15061842,https://www.data.go.kr/data/15061842/fileData.do
경기도,포천시,,비디오,모든 규격,3000,2026-07-01,15061842,https://www.data.go.kr/data/15061842/fileData.do
경기도,포천시,,비키니옷장,모든 규격,2000,2026-07-01,15061842,https://www.data.go.kr/data/15061842/fileData.do
경기도,포천시,,서랍장,4단 이하,3000,2026-07-01,15061842,https://www.data.go.kr/data/15061842/fileData.do
경기도,포천시,,서랍장,5단 이상,5000,2026-07-01,15061842,https://www.data.go.kr/data/15061842/fileData.do
경기도,포천시,,선풍기,모든 규격,2000,2026-07-01,15061842,https://www.data.go.kr/data/15061842/fileData.do
경기도,포천시,,세면대,모든 규격,2000,2026-07-01,15061842,https://www.data.go.kr/data/15061842/fileData.do
경기도,포천시,,세탁기,모든규격,4000,2026-07-01,15061842,https://www.data.go.kr/data/15061842/fileData.do
경기도,포천시,,소화기,10kg 이상,7000,2026-07-01,15061842,https://www.data.go.kr/data/15061842/fileData.do
경기도,포천시,,소화기,3.3kg 이하,2000,2026-07-01,15061842,https://www.data.go.kr/data/15061842/fileData.do
경기도,포천시,,소화기,3.3kg이상 10kg이하,5000,2026-07-01,15061842,https://www.data.go.kr/data/15061842/fileData.do
경기도,포천시,,수족관,1m 미만,3000,2026-07-01,15061842,https://www.data.go.kr/data/15061842/fileData.do
경기도,포천시,,수족관,1m 이상,5000,2026-07-01,15061842,https://www.data.go.kr/data/15061842/fileData.do
경기도,포천시,,수족관,2m 이상,8000,2026-07-01,15061842,https://www.data.go.kr/data/15061842/fileData.do
경기도,포천시,,스피커,모든 규격,2000,2026-07-01,15061842,https://www.data.go.kr/data/15061842/fileData.do
경기도,포천시,,식탁,6인용 미만,4000,2026-07-01,15061842,https://www.data.go.kr/data/15061842/fileData.do
경기도,포천시,,식탁,6인용 이상,5000,2026-07-01,15061842,https://www.data.go.kr/data/15061842/fileData.do
경기도,포천시,,신발장,모든 규격,3000,2026-07-01,15061842,https://www.data.go.kr/data/15061842/fileData.do
경기도,포천시,,싱크대,60㎝ 1짝당,3000,2026-07-01,15061842,https://www.data.go.kr/data/15061842/fileData.do
경기도,포천시,,쌀통,다용도,3000,2026-07-01,15061842,https://www.data.go.kr/data/15061842/fileData.do
경기도,포천시,,쌀통,일반,2000,2026-07-01,15061842,https://www.data.go.kr/data/15061842/fileData.do
경기도,포천시,,아기/접이식 침대,모든 규격,5000,2026-07-01,15061842,https://www.data.go.kr/data/15061842/fileData.do
경기도,포천시,,아이스박스,모든 규격,2000,2026-07-01,15061842,https://www.data.go.kr/data/15061842/fileData.do
경기도,포천시,,아이스박스,모든 규격,2000,2026-07-01,15061842,https://www.data.go.kr/data/15061842/fileData.do
경기도,포천시,,안마의자,모든 규격,10000,2026-07-01,15061842,https://www.data.go.kr/data/15061842/fileData.do
경기도,포천시,,액자,1m 미만,2000,2026-07-01,15061842,https://www.data.go.kr/data/15061842/fileData.do
경기도,포천시,,액자,1m 이상,3000,2026-07-01,15061842,https://www.data.go.kr/data/15061842/fileData.do
경기도,포천시,,앰프,모든 규격,4000,2026-07-01,15061842,https://www.data.go.kr/data/15061842/fileData.do
경기도,포천시,,에어컨/난방기,264㎡형 이상,8000,2026-07-01,15061842,https://www.data.go.kr/data/15061842/fileData.do
경기도,포천시,,에어컨/난방기,66㎡형 미만,3000,2026-07-01,15061842,https://www.data.go.kr/data/15061842/fileData.do
경기도,포천시,,에어컨/난방기,66㎡형 이상,5000,2026-07-01,15061842,https://www.data.go.kr/data/15061842/fileData.do
경기도,포천시,,여행용 가방,모든 규격,2000,2026-07-01,15061842,https://www.data.go.kr/data/15061842/fileData.do
경기도,포천시,,오디오,대형,5000,2026-07-01,15061842,https://www.data.go.kr/data/15061842/fileData.do
경기도,포천시,,오디오,중·소형,3000,2026-07-01,15061842,https://www.data.go.kr/data/15061842/fileData.do
경기도,포천시,,오디오케이스,모든 규격,4000,2026-07-01,15061842,https://www.data.go.kr/data/15061842/fileData.do
경기도,포천시,,오락기,20인치 이하,6000,2026-07-01,15061842,https://www.data.go.kr/data/15061842/fileData.do
경기도,포천시,,오락기,29인치 미만,8000,2026-07-01,15061842,https://www.data.go.kr/data/15061842/fileData.do
경기도,포천시,,오락기,29인치 이상,10000,2026-07-01,15061842,https://www.data.go.kr/data/15061842/fileData.do
경기도,포천시,,올겐,모든 규격,4000,2026-07-01,15061842,https://www.data.go.kr/data/15061842/fileData.do
경기도,포천시,,욕조,모든 규격,5000,2026-07-01,15061842,https://www.data.go.kr/data/15061842/fileData.do
경기도,포천시,,유리(판유리),1㎥당,2000,2026-07-01,15061842,https://www.data.go.kr/data/15061842/fileData.do
경기도,포천시,,유모차,모든 규격,2000,2026-07-01,15061842,https://www.data.go.kr/data/15061842/fileData.do
경기도,포천시,,유아용 미끄럼틀,,4000,2026-07-01,15061842,https://www.data.go.kr/data/15061842/fileData.do
경기도,포천시,,응접세트,쇼파(2인이하),3000,2026-07-01,15061842,https://www.data.go.kr/data/15061842/fileData.do
경기도,포천시,,응접세트,쇼파(3인이상),5000,2026-07-01,15061842,https://www.data.go.kr/data/15061842/fileData.do
경기도,포천시,,의자,모든 규격,2000,2026-07-01,15061842,https://www.data.go.kr/data/15061842/fileData.do
경기도,포천시,,"이불(담요,솜이불)",장당,2000,2026-07-01,15061842,https://www.data.go.kr/data/15061842/fileData.do
경기도,포천시,,인형·장난감류,모든 규격,2000,2026-07-01,15061842,https://www.data.go.kr/data/15061842/fileData.do
경기도,포천시,,자전거,성인용,4000,2026-07-01,15061842,https://www.data.go.kr/data/15061842/fileData.do
경기도,포천시,,자전거,어린이용,2000,2026-07-01,15061842,https://www.data.go.kr/data/15061842/fileData.do
경기도,포천시,,장농,120㎝미만 1쪽,10000,2026-07-01,15061842,https://www.data.go.kr/data/15061842/fileData.do
경기도,포천시,,장농,120㎝이상 1쪽,15000,2026-07-01,15061842,https://www.data.go.kr/data/15061842/fileData.do
경기도,포천시,,장식장,모든 규격,5000,2026-07-01,15061842,https://www.data.go.kr/data/15061842/fileData.do
경기도,포천시,,재봉틀,모든 규격,4000,2026-07-01,15061842,https://www.data.go.kr/data/15061842/fileData.do
경기도,포천시,,전기스토브,모든 규격,2000,2026-07-01,15061842,https://www.data.go.kr/data/15061842/fileData.do
경기도,포천시,,전자레인지,모든 규격,2000,2026-07-01,15061842,https://www.data.go.kr/data/15061842/fileData.do
경기도,포천시,,전화기,모든 규격,2000,2026-07-01,15061842,https://www.data.go.kr/data/15061842/fileData.do
경기도,포천시,,정수기,모든 규격,3000,2026-07-01,15061842,https://www.data.go.kr/data/15061842/fileData.do
경기도,포천시,,진열대,모든 규격,4000,2026-07-01,15061842,https://www.data.go.kr/data/15061842/fileData.do
경기도,포천시,,책꽂이,2단 이하,2000,2026-07-01,15061842,https://www.data.go.kr/data/15061842/fileData.do
경기도,포천시,,책꽂이,3단 이상,3000,2026-07-01,15061842,https://www.data.go.kr/data/15061842/fileData.do
경기도,포천시,,책상,양수책상,7000,2026-07-01,15061842,https://www.data.go.kr/data/15061842/fileData.do
경기도,포천시,,책상,편수책상,4000,2026-07-01,15061842,https://www.data.go.kr/data/15061842/fileData.do
경기도,포천시,,청소기,모든 규격,2000,2026-07-01,15061842,https://www.data.go.kr/data/15061842/fileData.do
경기도,포천시,,침대(매트리스포함),1인용,10000,2026-07-01,15061842,https://www.data.go.kr/data/15061842/fileData.do
경기도,포천시,,침대(매트리스포함),2인용,15000,2026-07-01,15061842,https://www.data.go.kr/data/15061842/fileData.do
경기도,포천시,,카페트,150㎝ 이하,4000,2026-07-01,15061842,https://www.data.go.kr/data/15061842/fileData.do
경기도,포천시,,카페트,210㎝ 미만,6000,2026-07-01,15061842,https://www.data.go.kr/data/15061842/fileData.do
경기도,포천시,,카페트,210㎝ 이상,8000,2026-07-01,15061842,https://www.data.go.kr/data/15061842/fileData.do
경기도,포천시,,캐리어,모든 규격,3000,2026-07-01,15061842,https://www.data.go.kr/data/15061842/fileData.do
경기도,포천시,,캐비넷,모든 규격,5000,2026-07-01,15061842,https://www.data.go.kr/data/15061842/fileData.do
경기도,포천시,,컴퓨터,모니터,3000,2026-07-01,15061842,https://www.data.go.kr/data/15061842/fileData.do
경기도,포천시,,컴퓨터,본체,4000,2026-07-01,15061842,https://www.data.go.kr/data/15061842/fileData.do
경기도,포천시,,컴퓨터,키보드,2000,2026-07-01,15061842,https://www.data.go.kr/data/15061842/fileData.do
경기도,포천시,,탁자,모든 규격,3000,2026-07-01,15061842,https://www.data.go.kr/data/15061842/fileData.do
경기도,포천시,,탈수기,모든 규격,3000,2026-07-01,15061842,https://www.data.go.kr/data/15061842/fileData.do
경기도,포천시,,텔레비전,25인치 미만,3000,2026-07-01,15061842,https://www.data.go.kr/data/15061842/fileData.do
경기도,포천시,,텔레비전,25인치 이상,5000,2026-07-01,15061842,https://www.data.go.kr/data/15061842/fileData.do
경기도,포천시,,파티션,모든 규격,2000,2026-07-01,15061842,https://www.data.go.kr/data/15061842/fileData.do
경기도,포천시,,팩스기기,모든 규격,3000,2026-07-01,15061842,https://www.data.go.kr/data/15061842/fileData.do
경기도,포천시,,프린터기,대형,3000,2026-07-01,15061842,https://www.data.go.kr/data/15061842/fileData.do
경기도,포천시,,프린터기,소형,2000,2026-07-01,15061842,https://www.data.go.kr/data/15061842/fileData.do
경기도,포천시,,피아노,그랜드,15000,2026-07-01,15061842,https://www.data.go.kr/data/15061842/fileData.do
경기도,포천시,,피아노,업라이트,10000,2026-07-01,15061842,https://www.data.go.kr/data/15061842/fileData.do
경기도,포천시,,항아리,50㎝ 미만,2000,2026-07-01,15061842,https://www.data.go.kr/data/15061842/fileData.do
경기도,포천시,,항아리,50㎝ 이상,3000,2026-07-01,15061842,https://www.data.go.kr/data/15061842/fileData.do
경기도,포천시,,화분,모든 규격,2000,2026-07-01,15061842,https://www.data.go.kr/data/15061842/fileData.do
경기도,포천시,,화일캐비넷,3단 이하,3000,2026-07-01,15061842,https://www.data.go.kr/data/15061842/fileData.do
경기도,포천시,,화일캐비넷,4단 이상,4000,2026-07-01,15061842,https://www.data.go.kr/data/15061842/fileData.do
경기도,포천시,,화장대,모든 규격,4000,2026-07-01,15061842,https://www.data.go.kr/data/15061842/fileData.do
경기도,포천시,,휠체어,모든 규격,2000,2026-07-01,15061842,https://www.data.go.kr/data/15061842/fileData.do
경기도,하남시,,2층 침대(매트리스 포함),,19000,2025-07-21,15144694,https://www.data.go.kr/data/15144694/fileData.do
경기도,하남시,,PVC관 (흉관),,1000,2025-07-21,15144694,https://www.data.go.kr/data/15144694/fileData.do
경기도,하남시,,가방,,2000,2025-07-21,15144694,https://www.data.go.kr/data/15144694/fileData.do
경기도,하남시,,가방,,3000,2025-07-21,15144694,https://www.data.go.kr/data/15144694/fileData.do
경기도,하남시,,가방,,3000,2025-07-21,15144694,https://www.data.go.kr/data/15144694/fileData.do
경기도,하남시,,"가스, 전자 레인지",,3000,2025-07-21,15144694,https://www.data.go.kr/data/15144694/fileData.do
경기도,하남시,,가스오븐레인지,,3000,2025-07-21,15144694,https://www.data.go.kr/data/15144694/fileData.do
경기도,하남시,,가스오븐레인지,,5000,2025-07-21,15144694,https://www.data.go.kr/data/15144694/fileData.do
경기도,하남시,,간판,,2000,2025-07-21,15144694,https://www.data.go.kr/data/15144694/fileData.do
경기도,하남시,,간판,,4000,2025-07-21,15144694,https://www.data.go.kr/data/15144694/fileData.do
경기도,하남시,,간판,,5000,2025-07-21,15144694,https://www.data.go.kr/data/15144694/fileData.do
경기도,하남시,,간판,,8000,2025-07-21,15144694,https://www.data.go.kr/data/15144694/fileData.do
경기도,하남시,,개집,,3000,2025-07-21,15144694,https://www.data.go.kr/data/15144694/fileData.do
경기도,하남시,,"거실장 (문갑,  TV 받침)",,10000,2025-07-21,15144694,https://www.data.go.kr/data/15144694/fileData.do
경기도,하남시,,"거실장 (문갑,  TV 받침)",,15000,2025-07-21,15144694,https://www.data.go.kr/data/15144694/fileData.do
경기도,하남시,,"거실장(문갑, TV 받침)",,4000,2025-07-21,15144694,https://www.data.go.kr/data/15144694/fileData.do
경기도,하남시,,"거실장(문갑, TV 받침)",,6000,2025-07-21,15144694,https://www.data.go.kr/data/15144694/fileData.do
경기도,하남시,,거울,,2000,2025-07-21,15144694,https://www.data.go.kr/data/15144694/fileData.do
경기도,하남시,,거울,,3000,2025-07-21,15144694,https://www.data.go.kr/data/15144694/fileData.do
경기도,하남시,,고무통,,2000,2025-07-21,15144694,https://www.data.go.kr/data/15144694/fileData.do
경기도,하남시,,고무통,,5000,2025-07-21,15144694,https://www.data.go.kr/data/15144694/fileData.do
경기도,하남시,,골프채,,1000,2025-07-21,15144694,https://www.data.go.kr/data/15144694/fileData.do
경기도,하남시,,공기청정기,,2000,2025-07-21,15144694,https://www.data.go.kr/data/15144694/fileData.do
경기도,하남시,,공기청정기,,5000,2025-07-21,15144694,https://www.data.go.kr/data/15144694/fileData.do
경기도,하남시,,금고,,10000,2025-07-21,15144694,https://www.data.go.kr/data/15144694/fileData.do
경기도,하남시,,금고,,15000,2025-07-21,15144694,https://www.data.go.kr/data/15144694/fileData.do
경기도,하남시,,금고,,20000,2025-07-21,15144694,https://www.data.go.kr/data/15144694/fileData.do
경기도,하남시,,기타 생활용품,,2000,2025-07-21,15144694,https://www.data.go.kr/data/15144694/fileData.do
경기도,하남시,,기타 생활용품,,3000,2025-07-21,15144694,https://www.data.go.kr/data/15144694/fileData.do
경기도,하남시,,기타 헬스기구,,3000,2025-07-21,15144694,https://www.data.go.kr/data/15144694/fileData.do
경기도,하남시,,기타 헬스기구,,7000,2025-07-21,15144694,https://www.data.go.kr/data/15144694/fileData.do
경기도,하남시,,"냉장고,김치냉장고",,5000,2025-07-21,15144694,https://www.data.go.kr/data/15144694/fileData.do
경기도,하남시,,"냉장고,김치냉장고",,7000,2025-07-21,15144694,https://www.data.go.kr/data/15144694/fileData.do
경기도,하남시,,"냉장고,김치냉장고",,9000,2025-07-21,15144694,https://www.data.go.kr/data/15144694/fileData.do
경기도,하남시,,"냉장고,김치냉장고",,11000,2025-07-21,15144694,https://www.data.go.kr/data/15144694/fileData.do
경기도,하남시,,"냉장고,김치냉장고",,20000,2025-07-21,15144694,https://www.data.go.kr/data/15144694/fileData.do
경기도,하남시,,노래방기계,,4000,2025-07-21,15144694,https://www.data.go.kr/data/15144694/fileData.do
경기도,하남시,,놀이기구,,5000,2025-07-21,15144694,https://www.data.go.kr/data/15144694/fileData.do
경기도,하남시,,대리석 식탁,,15000,2025-07-21,15144694,https://www.data.go.kr/data/15144694/fileData.do
경기도,하남시,,대리석 식탁,,20000,2025-07-21,15144694,https://www.data.go.kr/data/15144694/fileData.do
경기도,하남시,,"돌침대(흙, 황토)",,25000,2025-07-21,15144694,https://www.data.go.kr/data/15144694/fileData.do
경기도,하남시,,"돌침대(흙, 황토)",,35000,2025-07-21,15144694,https://www.data.go.kr/data/15144694/fileData.do
경기도,하남시,,"돗자리(대자리,텐트)",,3000,2025-07-21,15144694,https://www.data.go.kr/data/15144694/fileData.do
경기도,하남시,,러닝머신,,10000,2025-07-21,15144694,https://www.data.go.kr/data/15144694/fileData.do
경기도,하남시,,마네킹,,5000,2025-07-21,15144694,https://www.data.go.kr/data/15144694/fileData.do
경기도,하남시,,"모노륨,카펫,장판",,2000,2025-07-21,15144694,https://www.data.go.kr/data/15144694/fileData.do
경기도,하남시,,문짝,,3000,2025-07-21,15144694,https://www.data.go.kr/data/15144694/fileData.do
경기도,하남시,,문짝,,4000,2025-07-21,15144694,https://www.data.go.kr/data/15144694/fileData.do
경기도,하남시,,문짝,,6000,2025-07-21,15144694,https://www.data.go.kr/data/15144694/fileData.do
경기도,하남시,,문짝,,8000,2025-07-21,15144694,https://www.data.go.kr/data/15144694/fileData.do
경기도,하남시,,물탱크(저수조),,10000,2025-07-21,15144694,https://www.data.go.kr/data/15144694/fileData.do
경기도,하남시,,방충망,,2000,2025-07-21,15144694,https://www.data.go.kr/data/15144694/fileData.do
경기도,하남시,,방충망,,3000,2025-07-21,15144694,https://www.data.go.kr/data/15144694/fileData.do
경기도,하남시,,벽시계,,2000,2025-07-21,15144694,https://www.data.go.kr/data/15144694/fileData.do
경기도,하남시,,벽시계,,3000,2025-07-21,15144694,https://www.data.go.kr/data/15144694/fileData.do
경기도,하남시,,변기,,5000,2025-07-21,15144694,https://www.data.go.kr/data/15144694/fileData.do
경기도,하남시,,변기,,8000,2025-07-21,15144694,https://www.data.go.kr/data/15144694/fileData.do
경기도,하남시,,보일러통,,3000,2025-07-21,15144694,https://www.data.go.kr/data/15144694/fileData.do
경기도,하남시,,보일러통,,6000,2025-07-21,15144694,https://www.data.go.kr/data/15144694/fileData.do
경기도,하남시,,보일러통,,9000,2025-07-21,15144694,https://www.data.go.kr/data/15144694/fileData.do
경기도,하남시,,보행기,,3000,2025-07-21,15144694,https://www.data.go.kr/data/15144694/fileData.do
경기도,하남시,,복사기,,15000,2025-07-21,15144694,https://www.data.go.kr/data/15144694/fileData.do
경기도,하남시,,볼링공,,2000,2025-07-21,15144694,https://www.data.go.kr/data/15144694/fileData.do
경기도,하남시,,블라인드,,3000,2025-07-21,15144694,https://www.data.go.kr/data/15144694/fileData.do
경기도,하남시,,선풍기,,3000,2025-07-21,15144694,https://www.data.go.kr/data/15144694/fileData.do
경기도,하남시,,세면대,,3000,2025-07-21,15144694,https://www.data.go.kr/data/15144694/fileData.do
경기도,하남시,,"세탁기,건조기",,4000,2025-07-21,15144694,https://www.data.go.kr/data/15144694/fileData.do
경기도,하남시,,"세탁기,건조기",,5000,2025-07-21,15144694,https://www.data.go.kr/data/15144694/fileData.do
경기도,하남시,,"세탁기,건조기",,8000,2025-07-21,15144694,https://www.data.go.kr/data/15144694/fileData.do
경기도,하남시,,소파,,3000,2025-07-21,15144694,https://www.data.go.kr/data/15144694/fileData.do
경기도,하남시,,소파,,3000,2025-07-21,15144694,https://www.data.go.kr/data/15144694/fileData.do
경기도,하남시,,소파,,5000,2025-07-21,15144694,https://www.data.go.kr/data/15144694/fileData.do
경기도,하남시,,소파,,7000,2025-07-21,15144694,https://www.data.go.kr/data/15144694/fileData.do
경기도,하남시,,소파,,9000,2025-07-21,15144694,https://www.data.go.kr/data/15144694/fileData.do
경기도,하남시,,소화기,,2000,2025-07-21,15144694,https://www.data.go.kr/data/15144694/fileData.do
경기도,하남시,,소화기,,3000,2025-07-21,15144694,https://www.data.go.kr/data/15144694/fileData.do
경기도,하남시,,소화기,,5000,2025-07-21,15144694,https://www.data.go.kr/data/15144694/fileData.do
경기도,하남시,,수도호스,,1000,2025-07-21,15144694,https://www.data.go.kr/data/15144694/fileData.do
경기도,하남시,,수도호스,,2000,2025-07-21,15144694,https://www.data.go.kr/data/15144694/fileData.do
경기도,하남시,,수족관,,2000,2025-07-21,15144694,https://www.data.go.kr/data/15144694/fileData.do
경기도,하남시,,수족관,,3000,2025-07-21,15144694,https://www.data.go.kr/data/15144694/fileData.do
경기도,하남시,,수족관,,5000,2025-07-21,15144694,https://www.data.go.kr/data/15144694/fileData.do
경기도,하남시,,수족관,,9000,2025-07-21,15144694,https://www.data.go.kr/data/15144694/fileData.do
경기도,하남시,,"스키, 인라인 세트",,3000,2025-07-21,15144694,https://www.data.go.kr/data/15144694/fileData.do
경기도,하남시,,식기세척기,,3000,2025-07-21,15144694,https://www.data.go.kr/data/15144694/fileData.do
경기도,하남시,,식기세척기,,4000,2025-07-21,15144694,https://www.data.go.kr/data/15144694/fileData.do
경기도,하남시,,식탁(상),,2000,2025-07-21,15144694,https://www.data.go.kr/data/15144694/fileData.do
경기도,하남시,,식탁(상),,4000,2025-07-21,15144694,https://www.data.go.kr/data/15144694/fileData.do
경기도,하남시,,식탁(상),,6000,2025-07-21,15144694,https://www.data.go.kr/data/15144694/fileData.do
경기도,하남시,,싱크대,,3000,2025-07-21,15144694,https://www.data.go.kr/data/15144694/fileData.do
경기도,하남시,,싱크대,,4000,2025-07-21,15144694,https://www.data.go.kr/data/15144694/fileData.do
경기도,하남시,,싱크대,,5000,2025-07-21,15144694,https://www.data.go.kr/data/15144694/fileData.do
경기도,하남시,,싱크대,,6000,2025-07-21,15144694,https://www.data.go.kr/data/15144694/fileData.do
경기도,하남시,,싱크대 대리석 상판,,10000,2025-07-21,15144694,https://www.data.go.kr/data/15144694/fileData.do
경기도,하남시,,싱크대 대리석 상판,,12000,2025-07-21,15144694,https://www.data.go.kr/data/15144694/fileData.do
경기도,하남시,,쌀통,,3000,2025-07-21,15144694,https://www.data.go.kr/data/15144694/fileData.do
경기도,하남시,,아이스박스,,3000,2025-07-21,15144694,https://www.data.go.kr/data/15144694/fileData.do
경기도,하남시,,액자,,2000,2025-07-21,15144694,https://www.data.go.kr/data/15144694/fileData.do
경기도,하남시,,액자,,3000,2025-07-21,15144694,https://www.data.go.kr/data/15144694/fileData.do
경기도,하남시,,에어컨(온풍기),,3000,2025-07-21,15144694,https://www.data.go.kr/data/15144694/fileData.do
경기도,하남시,,에어컨(온풍기),,3000,2025-07-21,15144694,https://www.data.go.kr/data/15144694/fileData.do
경기도,하남시,,에어컨(온풍기),,6000,2025-07-21,15144694,https://www.data.go.kr/data/15144694/fileData.do
경기도,하남시,,에어컨(온풍기),,9000,2025-07-21,15144694,https://www.data.go.kr/data/15144694/fileData.do
경기도,하남시,,오락기,,4000,2025-07-21,15144694,https://www.data.go.kr/data/15144694/fileData.do
경기도,하남시,,오락기,,8000,2025-07-21,15144694,https://www.data.go.kr/data/15144694/fileData.do
경기도,하남시,,옥매트,,4000,2025-07-21,15144694,https://www.data.go.kr/data/15144694/fileData.do
경기도,하남시,,옥매트,,5000,2025-07-21,15144694,https://www.data.go.kr/data/15144694/fileData.do
경기도,하남시,,옷걸이,,2000,2025-07-21,15144694,https://www.data.go.kr/data/15144694/fileData.do
경기도,하남시,,욕조,,3000,2025-07-21,15144694,https://www.data.go.kr/data/15144694/fileData.do
경기도,하남시,,욕조,,4000,2025-07-21,15144694,https://www.data.go.kr/data/15144694/fileData.do
경기도,하남시,,욕조,,4000,2025-07-21,15144694,https://www.data.go.kr/data/15144694/fileData.do
경기도,하남시,,욕조,,5000,2025-07-21,15144694,https://www.data.go.kr/data/15144694/fileData.do
경기도,하남시,,우산,,1000,2025-07-21,15144694,https://www.data.go.kr/data/15144694/fileData.do
경기도,하남시,,유리,,3000,2025-07-21,15144694,https://www.data.go.kr/data/15144694/fileData.do
경기도,하남시,,유리,,4000,2025-07-21,15144694,https://www.data.go.kr/data/15144694/fileData.do
경기도,하남시,,유모차,,3000,2025-07-21,15144694,https://www.data.go.kr/data/15144694/fileData.do
경기도,하남시,,유모차,,4000,2025-07-21,15144694,https://www.data.go.kr/data/15144694/fileData.do
경기도,하남시,,유아용 놀이매트,,2000,2025-07-21,15144694,https://www.data.go.kr/data/15144694/fileData.do
경기도,하남시,,유아용 전동차,,5000,2025-07-21,15144694,https://www.data.go.kr/data/15144694/fileData.do
경기도,하남시,,의류관리기,,5000,2025-07-21,15144694,https://www.data.go.kr/data/15144694/fileData.do
경기도,하남시,,의자,,2000,2025-07-21,15144694,https://www.data.go.kr/data/15144694/fileData.do
경기도,하남시,,의자,,4000,2025-07-21,15144694,https://www.data.go.kr/data/15144694/fileData.do
경기도,하남시,,의자,,15000,2025-07-21,15144694,https://www.data.go.kr/data/15144694/fileData.do
경기도,하남시,,이불,,1000,2025-07-21,15144694,https://www.data.go.kr/data/15144694/fileData.do
경기도,하남시,,이불,,2000,2025-07-21,15144694,https://www.data.go.kr/data/15144694/fileData.do
경기도,하남시,,이불,,3000,2025-07-21,15144694,https://www.data.go.kr/data/15144694/fileData.do
경기도,하남시,,"인형, 장난감류",,2000,2025-07-21,15144694,https://www.data.go.kr/data/15144694/fileData.do
경기도,하남시,,자동판매기,,4000,2025-07-21,15144694,https://www.data.go.kr/data/15144694/fileData.do
경기도,하남시,,자동판매기,,12000,2025-07-21,15144694,https://www.data.go.kr/data/15144694/fileData.do
경기도,하남시,,자전거,,3000,2025-07-21,15144694,https://www.data.go.kr/data/15144694/fileData.do
경기도,하남시,,자전거,,4000,2025-07-21,15144694,https://www.data.go.kr/data/15144694/fileData.do
경기도,하남시,,장롱 (붙박이장포함),,12000,2025-07-21,15144694,https://www.data.go.kr/data/15144694/fileData.do
경기도,하남시,,장롱(붙박이장 포함),,15000,2025-07-21,15144694,https://www.data.go.kr/data/15144694/fileData.do
경기도,하남시,,장롱(붙박이장 포함),,18000,2025-07-21,15144694,https://www.data.go.kr/data/15144694/fileData.do
경기도,하남시,,전기난로,,4000,2025-07-21,15144694,https://www.data.go.kr/data/15144694/fileData.do
경기도,하남시,,전기장판(온수매트),,1000,2025-07-21,15144694,https://www.data.go.kr/data/15144694/fileData.do
경기도,하남시,,전기장판(온수매트),,2000,2025-07-21,15144694,https://www.data.go.kr/data/15144694/fileData.do
경기도,하남시,,전기장판(온수매트),,3000,2025-07-21,15144694,https://www.data.go.kr/data/15144694/fileData.do
경기도,하남시,,정수기,,3000,2025-07-21,15144694,https://www.data.go.kr/data/15144694/fileData.do
경기도,하남시,,정수기,,5000,2025-07-21,15144694,https://www.data.go.kr/data/15144694/fileData.do
경기도,하남시,,책상,,2000,2025-07-21,15144694,https://www.data.go.kr/data/15144694/fileData.do
경기도,하남시,,책상,,3000,2025-07-21,15144694,https://www.data.go.kr/data/15144694/fileData.do
경기도,하남시,,책상,,3000,2025-07-21,15144694,https://www.data.go.kr/data/15144694/fileData.do
경기도,하남시,,책상,,5000,2025-07-21,15144694,https://www.data.go.kr/data/15144694/fileData.do
경기도,하남시,,책상,,7000,2025-07-21,15144694,https://www.data.go.kr/data/15144694/fileData.do
경기도,하남시,,책상,,7000,2025-07-21,15144694,https://www.data.go.kr/data/15144694/fileData.do
경기도,하남시,,"책장, 서랍장, 장식장, 캐비닛, 신발장",,2000,2025-07-21,15144694,https://www.data.go.kr/data/15144694/fileData.do
경기도,하남시,,"책장, 서랍장, 장식장, 캐비닛, 신발장",,3000,2025-07-21,15144694,https://www.data.go.kr/data/15144694/fileData.do
경기도,하남시,,"책장, 서랍장, 장식장, 캐비닛, 신발장",,4000,2025-07-21,15144694,https://www.data.go.kr/data/15144694/fileData.do
경기도,하남시,,"책장, 서랍장, 장식장, 캐비닛, 신발장",,4000,2025-07-21,15144694,https://www.data.go.kr/data/15144694/fileData.do
경기도,하남시,,"책장, 서랍장, 장식장, 캐비닛, 신발장",,5000,2025-07-21,15144694,https://www.data.go.kr/data/15144694/fileData.do
경기도,하남시,,"책장, 서랍장, 장식장, 캐비닛, 신발장",,5000,2025-07-21,15144694,https://www.data.go.kr/data/15144694/fileData.do
경기도,하남시,,"책장, 서랍장, 장식장, 캐비닛, 신발장",,6000,2025-07-21,15144694,https://www.data.go.kr/data/15144694/fileData.do
경기도,하남시,,천막 보온덮개,,5000,2025-07-21,15144694,https://www.data.go.kr/data/15144694/fileData.do
경기도,하남시,,청소기,,3000,2025-07-21,15144694,https://www.data.go.kr/data/15144694/fileData.do
경기도,하남시,,침대 매트리스(라텍스 포함),,3000,2025-07-21,15144694,https://www.data.go.kr/data/15144694/fileData.do
경기도,하남시,,침대 매트리스(라텍스 포함),,6000,2025-07-21,15144694,https://www.data.go.kr/data/15144694/fileData.do
경기도,하남시,,침대 매트리스(라텍스 포함),,9000,2025-07-21,15144694,https://www.data.go.kr/data/15144694/fileData.do
경기도,하남시,,침대 틀(프레임),,3000,2025-07-21,15144694,https://www.data.go.kr/data/15144694/fileData.do
경기도,하남시,,침대 틀(프레임),,6000,2025-07-21,15144694,https://www.data.go.kr/data/15144694/fileData.do
경기도,하남시,,침대 틀(프레임),,9000,2025-07-21,15144694,https://www.data.go.kr/data/15144694/fileData.do
경기도,하남시,,카시트,,3000,2025-07-21,15144694,https://www.data.go.kr/data/15144694/fileData.do
경기도,하남시,,칸막이(파티션),,4000,2025-07-21,15144694,https://www.data.go.kr/data/15144694/fileData.do
경기도,하남시,,캣타워,,3000,2025-07-21,15144694,https://www.data.go.kr/data/15144694/fileData.do
경기도,하남시,,킥보드,,2000,2025-07-21,15144694,https://www.data.go.kr/data/15144694/fileData.do
경기도,하남시,,킥보드,,3000,2025-07-21,15144694,https://www.data.go.kr/data/15144694/fileData.do
경기도,하남시,,킥보드,,5000,2025-07-21,15144694,https://www.data.go.kr/data/15144694/fileData.do
경기도,하남시,,탁구대,,15000,2025-07-21,15144694,https://www.data.go.kr/data/15144694/fileData.do
경기도,하남시,,탁자,,3000,2025-07-21,15144694,https://www.data.go.kr/data/15144694/fileData.do
경기도,하남시,,탁자,,5000,2025-07-21,15144694,https://www.data.go.kr/data/15144694/fileData.do
경기도,하남시,,탈수기,,3000,2025-07-21,15144694,https://www.data.go.kr/data/15144694/fileData.do
경기도,하남시,,탈수기,,5000,2025-07-21,15144694,https://www.data.go.kr/data/15144694/fileData.do
경기도,하남시,,텔레비전,,5000,2025-07-21,15144694,https://www.data.go.kr/data/15144694/fileData.do
경기도,하남시,,텔레비전,,7000,2025-07-21,15144694,https://www.data.go.kr/data/15144694/fileData.do
경기도,하남시,,파렛트,,3000,2025-07-21,15144694,https://www.data.go.kr/data/15144694/fileData.do
경기도,하남시,,"폐목재, 나뭇가지 등 일반용 종량제 봉투에 담기 어려운 가연성 폐기물(19kg이하 분리배출)",,1000,2025-07-21,15144694,https://www.data.go.kr/data/15144694/fileData.do
경기도,하남시,,"폐목재, 나뭇가지 등 일반용 종량제 봉투에 담기 어려운 가연성 폐기물(19kg이하 분리배출)",,3000,2025-07-21,15144694,https://www.data.go.kr/data/15144694/fileData.do
경기도,하남시,,폐타이어,,3000,2025-07-21,15144694,https://www.data.go.kr/data/15144694/fileData.do
경기도,하남시,,폐타이어,,4000,2025-07-21,15144694,https://www.data.go.kr/data/15144694/fileData.do
경기도,하남시,,폐타이어,,5000,2025-07-21,15144694,https://www.data.go.kr/data/15144694/fileData.do
경기도,하남시,,플라스틱 서랍장,,1000,2025-07-21,15144694,https://www.data.go.kr/data/15144694/fileData.do
경기도,하남시,,플라스틱 서랍장,,2000,2025-07-21,15144694,https://www.data.go.kr/data/15144694/fileData.do
경기도,하남시,,플라스틱 서랍장,,3000,2025-07-21,15144694,https://www.data.go.kr/data/15144694/fileData.do
경기도,하남시,,플라스틱 서랍장,,3000,2025-07-21,15144694,https://www.data.go.kr/data/15144694/fileData.do
경기도,하남시,,플라스틱 서랍장,,4000,2025-07-21,15144694,https://www.data.go.kr/data/15144694/fileData.do
경기도,하남시,,플라스틱 서랍장,,4000,2025-07-21,15144694,https://www.data.go.kr/data/15144694/fileData.do
경기도,하남시,,플라스틱 서랍장,,5000,2025-07-21,15144694,https://www.data.go.kr/data/15144694/fileData.do
경기도,하남시,,피아노,,5000,2025-07-21,15144694,https://www.data.go.kr/data/15144694/fileData.do
경기도,하남시,,피아노,,5000,2025-07-21,15144694,https://www.data.go.kr/data/15144694/fileData.do
경기도,하남시,,피아노,,12000,2025-07-21,15144694,https://www.data.go.kr/data/15144694/fileData.do
경기도,하남시,,피아노,,18000,2025-07-21,15144694,https://www.data.go.kr/data/15144694/fileData.do
경기도,하남시,,항아리,,2000,2025-07-21,15144694,https://www.data.go.kr/data/15144694/fileData.do
경기도,하남시,,항아리,,4000,2025-07-21,15144694,https://www.data.go.kr/data/15144694/fileData.do
경기도,하남시,,헬맷,,1000,2025-07-21,15144694,https://www.data.go.kr/data/15144694/fileData.do
경기도,하남시,,화분(흙 별도),,2000,2025-07-21,15144694,https://www.data.go.kr/data/15144694/fileData.do
경기도,하남시,,화분(흙 별도),,4000,2025-07-21,15144694,https://www.data.go.kr/data/15144694/fileData.do
경기도,하남시,,화장대,,3000,2025-07-21,15144694,https://www.data.go.kr/data/15144694/fileData.do
경기도,하남시,,화장대,,5000,2025-07-21,15144694,https://www.data.go.kr/data/15144694/fileData.do
경기도,하남시,,"화환, 조화",,5000,2025-07-21,15144694,https://www.data.go.kr/data/15144694/fileData.do
경기도,하남시,,휠체어,,5000,2025-07-21,15144694,https://www.data.go.kr/data/15144694/fileData.do
경기도,하남시,,휠체어,,15000,2025-07-21,15144694,https://www.data.go.kr/data/15144694/fileData.do
경기도,화성시,가구류,TV 받침,모든 규격,3000,,15153007,https://www.data.go.kr/data/15153007/fileData.do
경기도,화성시,가구류,가스대,개당,2000,2026-02-20,15042373,https://www.data.go.kr/data/15042373/fileData.do
경기도,화성시,가구류,개수대,모든규격,3000,2026-02-20,15042373,https://www.data.go.kr/data/15042373/fileData.do
경기도,화성시,가구류,다림이판,모든 규격,1000,,15153007,https://www.data.go.kr/data/15153007/fileData.do
경기도,화성시,가구류,라텍스,가로 세로1m(큰수)이상,6000,2026-02-20,15042373,https://www.data.go.kr/data/15042373/fileData.do
경기도,화성시,가구류,라텍스,가로 세로2m(큰수)미만,4000,2026-02-20,15042373,https://www.data.go.kr/data/15042373/fileData.do
경기도,화성시,가구류,문갑,100cm 미만,2000,,15153007,https://www.data.go.kr/data/15153007/fileData.do
경기도,화성시,가구류,문갑,100cm 이상,4000,,15153007,https://www.data.go.kr/data/15153007/fileData.do
경기도,화성시,가구류,문갑,대리석 높이또는 폭(큰수)1.5m미만,6000,2026-02-20,15042373,https://www.data.go.kr/data/15042373/fileData.do
경기도,화성시,가구류,문갑,대리석 높이또는 폭(큰수)1.5m이상~2m미만,12000,2026-02-20,15042373,https://www.data.go.kr/data/15042373/fileData.do
경기도,화성시,가구류,문갑,대리석 높이또는 폭(큰수)2m이상,16000,2026-02-20,15042373,https://www.data.go.kr/data/15042373/fileData.do
경기도,화성시,가구류,문갑,모든규격,4000,2026-02-20,15042373,https://www.data.go.kr/data/15042373/fileData.do
경기도,화성시,가구류,문짝,모든규격,4000,2026-02-20,15042373,https://www.data.go.kr/data/15042373/fileData.do
경기도,화성시,가구류,문짝,목재류,3000,,15153007,https://www.data.go.kr/data/15153007/fileData.do
경기도,화성시,가구류,밥상,3인 이하,1000,,15153007,https://www.data.go.kr/data/15153007/fileData.do
경기도,화성시,가구류,밥상,4인 이상,2000,,15153007,https://www.data.go.kr/data/15153007/fileData.do
경기도,화성시,가구류,비키니 옷장,모든 규격,2000,,15153007,https://www.data.go.kr/data/15153007/fileData.do
경기도,화성시,가구류,서랍,모든규격,2000,2026-02-20,15042373,https://www.data.go.kr/data/15042373/fileData.do
경기도,화성시,가구류,서랍장,4단 이하,3000,,15153007,https://www.data.go.kr/data/15153007/fileData.do
경기도,화성시,가구류,서랍장,4단미만,3000,2026-02-20,15042373,https://www.data.go.kr/data/15042373/fileData.do
경기도,화성시,가구류,서랍장,4단이상,5000,2026-02-20,15042373,https://www.data.go.kr/data/15042373/fileData.do
경기도,화성시,가구류,서랍장,5단 이상,5000,,15153007,https://www.data.go.kr/data/15153007/fileData.do
경기도,화성시,가구류,세면대,모든규격,3000,2026-02-20,15042373,https://www.data.go.kr/data/15042373/fileData.do
경기도,화성시,가구류,소파(응접세트),1인용,2000,2026-02-20,15042373,https://www.data.go.kr/data/15042373/fileData.do
경기도,화성시,가구류,소파(응접세트),2인용,3000,2026-02-20,15042373,https://www.data.go.kr/data/15042373/fileData.do
경기도,화성시,가구류,소파(응접세트),3인용,5000,2026-02-20,15042373,https://www.data.go.kr/data/15042373/fileData.do
경기도,화성시,가구류,소파(응접세트),4인용,6000,2026-02-20,15042373,https://www.data.go.kr/data/15042373/fileData.do
경기도,화성시,가구류,소파(응접세트),5인용,7000,2026-02-20,15042373,https://www.data.go.kr/data/15042373/fileData.do
경기도,화성시,가구류,소파(응접세트),6인용,8000,2026-02-20,15042373,https://www.data.go.kr/data/15042373/fileData.do
경기도,화성시,가구류,소파(응접세트),돌소파,15000,2026-02-20,15042373,https://www.data.go.kr/data/15042373/fileData.do
경기도,화성시,가구류,소파(응접세트),보조의자,1000,2026-02-20,15042373,https://www.data.go.kr/data/15042373/fileData.do
경기도,화성시,가구류,소파(응접세트),응접테이블,3000,2026-02-20,15042373,https://www.data.go.kr/data/15042373/fileData.do
경기도,화성시,가구류,쇼케이스,120cm미만,6000,2026-02-20,15042373,https://www.data.go.kr/data/15042373/fileData.do
경기도,화성시,가구류,쇼케이스,120cm이상,8000,2026-02-20,15042373,https://www.data.go.kr/data/15042373/fileData.do
경기도,화성시,가구류,쇼케이스,90cm이하,4000,2026-02-20,15042373,https://www.data.go.kr/data/15042373/fileData.do
경기도,화성시,가구류,쇼파,1인용,3000,,15153007,https://www.data.go.kr/data/15153007/fileData.do
경기도,화성시,가구류,쇼파,2인용,5000,,15153007,https://www.data.go.kr/data/15153007/fileData.do
경기도,화성시,가구류,쇼파,3인용,7000,,15153007,https://www.data.go.kr/data/15153007/fileData.do
경기도,화성시,가구류,쇼파,4인용 이상,10000,,15153007,https://www.data.go.kr/data/15153007/fileData.do
경기도,화성시,가구류,수족관,가로0.5m미만,3000,2026-02-20,15042373,https://www.data.go.kr/data/15042373/fileData.do
경기도,화성시,가구류,수족관,가로0.5m이상1m미만,4000,2026-02-20,15042373,https://www.data.go.kr/data/15042373/fileData.do
경기도,화성시,가구류,수족관,가로1m이상,5000,2026-02-20,15042373,https://www.data.go.kr/data/15042373/fileData.do
경기도,화성시,가구류,수족관받침대,모든규격,2000,2026-02-20,15042373,https://www.data.go.kr/data/15042373/fileData.do
경기도,화성시,가구류,식탁(테이블),3인용 이하,2000,,15153007,https://www.data.go.kr/data/15153007/fileData.do
경기도,화성시,가구류,식탁(테이블),4인용 이상,5000,,15153007,https://www.data.go.kr/data/15153007/fileData.do
경기도,화성시,가구류,식탁(테이블),4인용 이하(대리석),8000,,15153007,https://www.data.go.kr/data/15153007/fileData.do
경기도,화성시,가구류,식탁(테이블),5인용 이상(대리석),12000,,15153007,https://www.data.go.kr/data/15153007/fileData.do
경기도,화성시,가구류,식탁(테이블),6인용미만,4000,2026-02-20,15042373,https://www.data.go.kr/data/15042373/fileData.do
경기도,화성시,가구류,식탁(테이블),6인용이상,5000,2026-02-20,15042373,https://www.data.go.kr/data/15042373/fileData.do
경기도,화성시,가구류,식탁(테이블),대리석 6인용미만,13000,2026-02-20,15042373,https://www.data.go.kr/data/15042373/fileData.do
경기도,화성시,가구류,식탁(테이블),대리석 6인용이상,18000,2026-02-20,15042373,https://www.data.go.kr/data/15042373/fileData.do
경기도,화성시,가구류,신발장,1m미만,2000,,15153007,https://www.data.go.kr/data/15153007/fileData.do
경기도,화성시,가구류,신발장,1m이상,5000,,15153007,https://www.data.go.kr/data/15153007/fileData.do
경기도,화성시,가구류,신발장,가로1m미만,3000,2026-02-20,15042373,https://www.data.go.kr/data/15042373/fileData.do
경기도,화성시,가구류,신발장,가로1m이상,5000,2026-02-20,15042373,https://www.data.go.kr/data/15042373/fileData.do
경기도,화성시,가구류,싱크대,60cm 1짝당,3000,,15153007,https://www.data.go.kr/data/15153007/fileData.do
경기도,화성시,가구류,싱크대,길이120cm(4자)미만,4000,2026-02-20,15042373,https://www.data.go.kr/data/15042373/fileData.do
경기도,화성시,가구류,싱크대,길이120cm(4자)이상,6000,2026-02-20,15042373,https://www.data.go.kr/data/15042373/fileData.do
경기도,화성시,가구류,싱크대,대리석 길이120cm(4자)미만,10000,2026-02-20,15042373,https://www.data.go.kr/data/15042373/fileData.do
경기도,화성시,가구류,싱크대,대리석 길이120cm(4자)이상,12000,2026-02-20,15042373,https://www.data.go.kr/data/15042373/fileData.do
경기도,화성시,가구류,싱크찬장,가로50cm당,3000,2026-02-20,15042373,https://www.data.go.kr/data/15042373/fileData.do
경기도,화성시,가구류,쌀통,다용도,2000,2026-02-20,15042373,https://www.data.go.kr/data/15042373/fileData.do
경기도,화성시,가구류,쌀통,일반용,2000,2026-02-20,15042373,https://www.data.go.kr/data/15042373/fileData.do
경기도,화성시,가구류,아기침대,아기침대 매트리스,3000,2026-02-20,15042373,https://www.data.go.kr/data/15042373/fileData.do
경기도,화성시,가구류,아기침대,아기침대 세트,5000,2026-02-20,15042373,https://www.data.go.kr/data/15042373/fileData.do
경기도,화성시,가구류,아기침대,아기침대틀(매트제외),2000,2026-02-20,15042373,https://www.data.go.kr/data/15042373/fileData.do
경기도,화성시,가구류,오디오받침대,모든규격,2000,2026-02-20,15042373,https://www.data.go.kr/data/15042373/fileData.do
경기도,화성시,가구류,오디오장,모든규격,3000,2026-02-20,15042373,https://www.data.go.kr/data/15042373/fileData.do
경기도,화성시,가구류,오디오장식장,모든 규격,3000,,15153007,https://www.data.go.kr/data/15153007/fileData.do
경기도,화성시,가구류,오르간,모든규격,4000,2026-02-20,15042373,https://www.data.go.kr/data/15042373/fileData.do
경기도,화성시,가구류,옷걸이,모든 규격,2000,,15153007,https://www.data.go.kr/data/15153007/fileData.do
경기도,화성시,가구류,의자,1인용,2000,2026-02-20,15042373,https://www.data.go.kr/data/15042373/fileData.do
경기도,화성시,가구류,의자,1인용,2000,,15153007,https://www.data.go.kr/data/15153007/fileData.do
경기도,화성시,가구류,의자,2인용,3000,2026-02-20,15042373,https://www.data.go.kr/data/15042373/fileData.do
경기도,화성시,가구류,의자,3인용이상,5000,2026-02-20,15042373,https://www.data.go.kr/data/15042373/fileData.do
경기도,화성시,가구류,의자,교회로비의자,8000,2026-02-20,15042373,https://www.data.go.kr/data/15042373/fileData.do
경기도,화성시,가구류,의자,바퀴달린의자(대형),5000,,15153007,https://www.data.go.kr/data/15153007/fileData.do
경기도,화성시,가구류,의자,바퀴달린의자(일반),4000,,15153007,https://www.data.go.kr/data/15153007/fileData.do
경기도,화성시,가구류,의자,장의자,3000,,15153007,https://www.data.go.kr/data/15153007/fileData.do
경기도,화성시,가구류,일반침대,1인용 매트리스,5000,2026-02-20,15042373,https://www.data.go.kr/data/15042373/fileData.do
경기도,화성시,가구류,일반침대,1인용 세트,10000,2026-02-20,15042373,https://www.data.go.kr/data/15042373/fileData.do
경기도,화성시,가구류,일반침대,1인용 침대틀(매트제외),5000,2026-02-20,15042373,https://www.data.go.kr/data/15042373/fileData.do
경기도,화성시,가구류,일반침대,2인용 매트리스,8000,2026-02-20,15042373,https://www.data.go.kr/data/15042373/fileData.do
경기도,화성시,가구류,일반침대,2인용 세트,15000,2026-02-20,15042373,https://www.data.go.kr/data/15042373/fileData.do
경기도,화성시,가구류,일반침대,2인용 침대틀(매트제외),7000,2026-02-20,15042373,https://www.data.go.kr/data/15042373/fileData.do
경기도,화성시,가구류,장롱,100cm미만 1쪽,10000,,15153007,https://www.data.go.kr/data/15153007/fileData.do
경기도,화성시,가구류,장롱,100cm이상 1쪽,15000,,15153007,https://www.data.go.kr/data/15153007/fileData.do
경기도,화성시,가구류,장롱,120cm(4자)이상 1쪽,15000,2026-02-20,15042373,https://www.data.go.kr/data/15042373/fileData.do
경기도,화성시,가구류,장롱,60cm(2자)미만,4000,2026-02-20,15042373,https://www.data.go.kr/data/15042373/fileData.do
경기도,화성시,가구류,장롱,60cm(2자)이상 120cm(4자)미만 1쪽,10000,2026-02-20,15042373,https://www.data.go.kr/data/15042373/fileData.do
경기도,화성시,가구류,장롱,비키니옷장,2000,2026-02-20,15042373,https://www.data.go.kr/data/15042373/fileData.do
경기도,화성시,가구류,장롱,쥬니어장,10000,2026-02-20,15042373,https://www.data.go.kr/data/15042373/fileData.do
경기도,화성시,가구류,장식장,100cm 미만,6000,,15153007,https://www.data.go.kr/data/15153007/fileData.do
경기도,화성시,가구류,장식장,100cm 이상,9000,,15153007,https://www.data.go.kr/data/15153007/fileData.do
경기도,화성시,가구류,장식장,90*180cm이상,8000,2026-02-20,15042373,https://www.data.go.kr/data/15042373/fileData.do
경기도,화성시,가구류,장식장,90*181cm미만,6000,2026-02-20,15042373,https://www.data.go.kr/data/15042373/fileData.do
경기도,화성시,가구류,장식장,화장실 장식장,2000,2026-02-20,15042373,https://www.data.go.kr/data/15042373/fileData.do
경기도,화성시,가구류,진열대,120cm미만,7000,2026-02-20,15042373,https://www.data.go.kr/data/15042373/fileData.do
경기도,화성시,가구류,진열대,120cm이상,9000,2026-02-20,15042373,https://www.data.go.kr/data/15042373/fileData.do
경기도,화성시,가구류,진열대,90cm이하,4000,2026-02-20,15042373,https://www.data.go.kr/data/15042373/fileData.do
경기도,화성시,가구류,진열대,모든 규격,3000,,15153007,https://www.data.go.kr/data/15153007/fileData.do
경기도,화성시,가구류,차탁자,모든 규격,2000,,15153007,https://www.data.go.kr/data/15153007/fileData.do
경기도,화성시,가구류,차탁자(교자상),대형(4인이상),4000,2026-02-20,15042373,https://www.data.go.kr/data/15042373/fileData.do
경기도,화성시,가구류,차탁자(교자상),소형(4인미만),3000,2026-02-20,15042373,https://www.data.go.kr/data/15042373/fileData.do
경기도,화성시,가구류,찬장,90*180cm미만,5000,2026-02-20,15042373,https://www.data.go.kr/data/15042373/fileData.do
경기도,화성시,가구류,찬장,90*180cm이상,6000,2026-02-20,15042373,https://www.data.go.kr/data/15042373/fileData.do
경기도,화성시,가구류,창문짝,모든규격,2000,,15153007,https://www.data.go.kr/data/15153007/fileData.do
경기도,화성시,가구류,책꽂이,2단 이하,2000,,15153007,https://www.data.go.kr/data/15153007/fileData.do
경기도,화성시,가구류,책꽂이,4단 이하,4000,,15153007,https://www.data.go.kr/data/15153007/fileData.do
경기도,화성시,가구류,책꽂이,모든규격,2000,2026-02-20,15042373,https://www.data.go.kr/data/15042373/fileData.do
경기도,화성시,가구류,책상,양수책상,7000,,15153007,https://www.data.go.kr/data/15153007/fileData.do
경기도,화성시,가구류,책상,"컴퓨터용 책상, 서랍없음",3000,,15153007,https://www.data.go.kr/data/15153007/fileData.do
경기도,화성시,가구류,책상,편수책상,4000,,15153007,https://www.data.go.kr/data/15153007/fileData.do
경기도,화성시,가구류,책장,100cm 미만,5000,,15153007,https://www.data.go.kr/data/15153007/fileData.do
경기도,화성시,가구류,책장,100cm 이상,8000,,15153007,https://www.data.go.kr/data/15153007/fileData.do
경기도,화성시,가구류,책장,4단미만,3000,2026-02-20,15042373,https://www.data.go.kr/data/15042373/fileData.do
경기도,화성시,가구류,책장,4단이상,5000,2026-02-20,15042373,https://www.data.go.kr/data/15042373/fileData.do
경기도,화성시,가구류,책장,소형,2000,2026-02-20,15042373,https://www.data.go.kr/data/15042373/fileData.do
경기도,화성시,가구류,책장,양수책상,7000,2026-02-20,15042373,https://www.data.go.kr/data/15042373/fileData.do
경기도,화성시,가구류,책장,유아용 책상세트,5000,2026-02-20,15042373,https://www.data.go.kr/data/15042373/fileData.do
경기도,화성시,가구류,책장,편수책상,4000,2026-02-20,15042373,https://www.data.go.kr/data/15042373/fileData.do
경기도,화성시,가구류,침대,1인용 돌침대 세트,25000,,15153007,https://www.data.go.kr/data/15153007/fileData.do
경기도,화성시,가구류,침대,1인용 세트 (매트리스1개+틀),10000,,15153007,https://www.data.go.kr/data/15153007/fileData.do
경기도,화성시,가구류,침대,1인용(매트리스),5000,,15153007,https://www.data.go.kr/data/15153007/fileData.do
경기도,화성시,가구류,침대,2인용 돌침대 세트,30000,,15153007,https://www.data.go.kr/data/15153007/fileData.do
경기도,화성시,가구류,침대,2인용 세트 (매트리스1개+틀),15000,,15153007,https://www.data.go.kr/data/15153007/fileData.do
경기도,화성시,가구류,침대,2인용(매트리스),8000,,15153007,https://www.data.go.kr/data/15153007/fileData.do
경기도,화성시,가구류,침대,어린이 2층 침대,20000,,15153007,https://www.data.go.kr/data/15153007/fileData.do
경기도,화성시,가구류,침대,유아용 침대,3000,,15153007,https://www.data.go.kr/data/15153007/fileData.do
경기도,화성시,가구류,"침대(옥,돌,황토)",1인용,10000,2026-02-20,15042373,https://www.data.go.kr/data/15042373/fileData.do
경기도,화성시,가구류,"침대(옥,돌,황토)",2인용,15000,2026-02-20,15042373,https://www.data.go.kr/data/15042373/fileData.do
경기도,화성시,가구류,침대(헤드),헤드만 배출시,3000,2026-02-20,15042373,https://www.data.go.kr/data/15042373/fileData.do
경기도,화성시,가구류,"칸막이,파티션",90cm미만,1000,2026-02-20,15042373,https://www.data.go.kr/data/15042373/fileData.do
경기도,화성시,가구류,"칸막이,파티션",90cm이상,2000,2026-02-20,15042373,https://www.data.go.kr/data/15042373/fileData.do
경기도,화성시,가구류,"칸막이,파티션",내부 석고 등,3000,2026-02-20,15042373,https://www.data.go.kr/data/15042373/fileData.do
경기도,화성시,가구류,"캐비닛 (철재,목재)",1.2m*1.8 미만,3000,2026-02-20,15042373,https://www.data.go.kr/data/15042373/fileData.do
경기도,화성시,가구류,"캐비닛 (철재,목재)",1.2m*1.8 이상,5000,2026-02-20,15042373,https://www.data.go.kr/data/15042373/fileData.do
경기도,화성시,가구류,컴퓨터 책상,가로70cm 미만,4000,2026-02-20,15042373,https://www.data.go.kr/data/15042373/fileData.do
경기도,화성시,가구류,컴퓨터 책상,가로70cm 이상,6000,2026-02-20,15042373,https://www.data.go.kr/data/15042373/fileData.do
경기도,화성시,가구류,탁구대,모든규격,9000,2026-02-20,15042373,https://www.data.go.kr/data/15042373/fileData.do
경기도,화성시,가구류,탁자,높이 1m미만,3000,2026-02-20,15042373,https://www.data.go.kr/data/15042373/fileData.do
경기도,화성시,가구류,탁자,높이 1m이상,4000,2026-02-20,15042373,https://www.data.go.kr/data/15042373/fileData.do
경기도,화성시,가구류,텔레비전 받침대,모든규격,2000,2026-02-20,15042373,https://www.data.go.kr/data/15042373/fileData.do
경기도,화성시,가구류,텔레비전 장,모든규격,3000,2026-02-20,15042373,https://www.data.go.kr/data/15042373/fileData.do
경기도,화성시,가구류,평상,3.3㎡ (1평) 미만,3000,2026-02-20,15042373,https://www.data.go.kr/data/15042373/fileData.do
경기도,화성시,가구류,평상,3.3㎡ (1평) 이상,4000,2026-02-20,15042373,https://www.data.go.kr/data/15042373/fileData.do
경기도,화성시,가구류,피아노,그랜드,14000,2026-02-20,15042373,https://www.data.go.kr/data/15042373/fileData.do
경기도,화성시,가구류,피아노,디지털,10000,2026-02-20,15042373,https://www.data.go.kr/data/15042373/fileData.do
경기도,화성시,가구류,피아노,어프라이트,10000,2026-02-20,15042373,https://www.data.go.kr/data/15042373/fileData.do
경기도,화성시,가구류,화일캐비닛,4단미만,3000,2026-02-20,15042373,https://www.data.go.kr/data/15042373/fileData.do
경기도,화성시,가구류,화일캐비닛,4단이상,5000,2026-02-20,15042373,https://www.data.go.kr/data/15042373/fileData.do
경기도,화성시,가구류,화장대,1m 미만,4000,2026-02-20,15042373,https://www.data.go.kr/data/15042373/fileData.do
경기도,화성시,가구류,화장대,1m 이상,5000,2026-02-20,15042373,https://www.data.go.kr/data/15042373/fileData.do
경기도,화성시,가구류,화장대,모든규격,5000,,15153007,https://www.data.go.kr/data/15153007/fileData.do
경기도,화성시,가구류,회의용 탁자,12인용 이상,9000,,15153007,https://www.data.go.kr/data/15153007/fileData.do
경기도,화성시,가구류,회의용 탁자,8인용 미만,5000,,15153007,https://www.data.go.kr/data/15153007/fileData.do
경기도,화성시,가구류,회의용 탁자,8인용 이상,7000,,15153007,https://www.data.go.kr/data/15153007/fileData.do
경기도,화성시,가전제품류,DVD,모든규격,2000,2026-02-20,15042373,https://www.data.go.kr/data/15042373/fileData.do
경기도,화성시,가전제품류,가스레인지,모든규격,2000,2026-02-20,15042373,https://www.data.go.kr/data/15042373/fileData.do
경기도,화성시,가전제품류,가스오븐레인지,높이1m미만,3000,2026-02-20,15042373,https://www.data.go.kr/data/15042373/fileData.do
경기도,화성시,가전제품류,가스오븐레인지,높이1m이상,4000,2026-02-20,15042373,https://www.data.go.kr/data/15042373/fileData.do
경기도,화성시,가전제품류,가스오븐렌지,높이 1m이상,5000,,15153007,https://www.data.go.kr/data/15153007/fileData.do
경기도,화성시,가전제품류,가스히터,모든규격,2000,2026-02-20,15042373,https://www.data.go.kr/data/15042373/fileData.do
경기도,화성시,가전제품류,공기청정기,높이 1m이상,5000,,15153007,https://www.data.go.kr/data/15153007/fileData.do
경기도,화성시,가전제품류,공기청정기,높이1m미만,2000,2026-02-20,15042373,https://www.data.go.kr/data/15042373/fileData.do
경기도,화성시,가전제품류,공기청정기,높이1m이상,3000,2026-02-20,15042373,https://www.data.go.kr/data/15042373/fileData.do
경기도,화성시,가전제품류,김치냉장고,130ℓ 미만,3000,,15153007,https://www.data.go.kr/data/15153007/fileData.do
경기도,화성시,가전제품류,김치냉장고,130ℓ 이상,5000,,15153007,https://www.data.go.kr/data/15153007/fileData.do
경기도,화성시,가전제품류,난로,석유난로,3000,,15153007,https://www.data.go.kr/data/15153007/fileData.do
경기도,화성시,가전제품류,난로,전기난로,2000,2026-02-20,15042373,https://www.data.go.kr/data/15042373/fileData.do
경기도,화성시,가전제품류,냉장고,1000L 이상,12000,2026-02-20,15042373,https://www.data.go.kr/data/15042373/fileData.do
경기도,화성시,가전제품류,냉장고,300L 미만,4000,2026-02-20,15042373,https://www.data.go.kr/data/15042373/fileData.do
경기도,화성시,가전제품류,냉장고,300L 이상,6000,2026-02-20,15042373,https://www.data.go.kr/data/15042373/fileData.do
경기도,화성시,가전제품류,냉장고,300ℓ미만,4000,,15153007,https://www.data.go.kr/data/15153007/fileData.do
경기도,화성시,가전제품류,냉장고,300ℓ이상,6000,,15153007,https://www.data.go.kr/data/15153007/fileData.do
경기도,화성시,가전제품류,냉장고,500L 이상,8000,2026-02-20,15042373,https://www.data.go.kr/data/15042373/fileData.do
경기도,화성시,가전제품류,냉장고,500ℓ이상,8000,,15153007,https://www.data.go.kr/data/15153007/fileData.do
경기도,화성시,가전제품류,냉장고,양문형 냉장고(600ℓ이상),12000,,15153007,https://www.data.go.kr/data/15153007/fileData.do
경기도,화성시,가전제품류,냉장고,양문형 냉장고(700ℓ이상),15000,,15153007,https://www.data.go.kr/data/15153007/fileData.do
경기도,화성시,가전제품류,노래방기계,마이크,1000,2026-02-20,15042373,https://www.data.go.kr/data/15042373/fileData.do
경기도,화성시,가전제품류,노래방기계,모니터,4000,2026-02-20,15042373,https://www.data.go.kr/data/15042373/fileData.do
경기도,화성시,가전제품류,노래방기계,앰프,4000,2026-02-20,15042373,https://www.data.go.kr/data/15042373/fileData.do
경기도,화성시,가전제품류,미건의료기,개당,5000,2026-02-20,15042373,https://www.data.go.kr/data/15042373/fileData.do
경기도,화성시,가전제품류,벽시계,길이1m미만,2000,2026-02-20,15042373,https://www.data.go.kr/data/15042373/fileData.do
경기도,화성시,가전제품류,벽시계,길이1m이상,3000,2026-02-20,15042373,https://www.data.go.kr/data/15042373/fileData.do
경기도,화성시,가전제품류,보일러,"16,000cal/h미만",8000,,15153007,https://www.data.go.kr/data/15153007/fileData.do
경기도,화성시,가전제품류,보일러,"16,000cal/h이상",12000,,15153007,https://www.data.go.kr/data/15153007/fileData.do
경기도,화성시,가전제품류,"복사기(복합기,스캐너 포함)",모든규격,8000,2026-02-20,15042373,https://www.data.go.kr/data/15042373/fileData.do
경기도,화성시,가전제품류,비데,모든규격,4000,2026-02-20,15042373,https://www.data.go.kr/data/15042373/fileData.do
경기도,화성시,가전제품류,비디오플레이어,모든규격,2000,2026-02-20,15042373,https://www.data.go.kr/data/15042373/fileData.do
경기도,화성시,가전제품류,선풍기,모든규격,3000,2026-02-20,15042373,https://www.data.go.kr/data/15042373/fileData.do
경기도,화성시,가전제품류,선풍기,업소용(대형),3000,,15153007,https://www.data.go.kr/data/15153007/fileData.do
경기도,화성시,가전제품류,세단기,모든규격,6000,2026-02-20,15042373,https://www.data.go.kr/data/15042373/fileData.do
경기도,화성시,가전제품류,세탁기,10kg 미만,3000,,15153007,https://www.data.go.kr/data/15153007/fileData.do
경기도,화성시,가전제품류,세탁기,10kg 이상,5000,,15153007,https://www.data.go.kr/data/15153007/fileData.do
경기도,화성시,가전제품류,세탁기,10kg이상,8000,2026-02-20,15042373,https://www.data.go.kr/data/15042373/fileData.do
경기도,화성시,가전제품류,세탁기,5kg미만,4000,2026-02-20,15042373,https://www.data.go.kr/data/15042373/fileData.do
경기도,화성시,가전제품류,세탁기,5kg이상 10kg미만,5000,2026-02-20,15042373,https://www.data.go.kr/data/15042373/fileData.do
경기도,화성시,가전제품류,소형 가전제품류,"드라이기,라디오,믹서기,분쇄기,밥솥(밥통),빔프로젝터,빙수기,에어프라이어,연수기,음식물처리",2000,2026-02-20,15042373,https://www.data.go.kr/data/15042373/fileData.do
경기도,화성시,가전제품류,스타일러,모든규격,4000,2026-02-20,15042373,https://www.data.go.kr/data/15042373/fileData.do
경기도,화성시,가전제품류,스탠드,대형,5000,2026-02-20,15042373,https://www.data.go.kr/data/15042373/fileData.do
경기도,화성시,가전제품류,스탠드,소형,2000,2026-02-20,15042373,https://www.data.go.kr/data/15042373/fileData.do
경기도,화성시,가전제품류,시계,길이1m미만,2000,2026-02-20,15042373,https://www.data.go.kr/data/15042373/fileData.do
경기도,화성시,가전제품류,시계,길이1m이상,3000,2026-02-20,15042373,https://www.data.go.kr/data/15042373/fileData.do
경기도,화성시,가전제품류,식기건조기,모든규격,2000,2026-02-20,15042373,https://www.data.go.kr/data/15042373/fileData.do
경기도,화성시,가전제품류,식기세척기,높이1m미만,3000,2026-02-20,15042373,https://www.data.go.kr/data/15042373/fileData.do
경기도,화성시,가전제품류,식기세척기,높이1m이상,4000,2026-02-20,15042373,https://www.data.go.kr/data/15042373/fileData.do
경기도,화성시,가전제품류,안마기(종아리용 등),모든규격,2000,2026-02-20,15042373,https://www.data.go.kr/data/15042373/fileData.do
경기도,화성시,가전제품류,안마의자,모든규격,15000,2026-02-20,15042373,https://www.data.go.kr/data/15042373/fileData.do
경기도,화성시,가전제품류,앰프,모든규격,4000,2026-02-20,15042373,https://www.data.go.kr/data/15042373/fileData.do
경기도,화성시,가전제품류,에어컨,264㎡이상,8000,,15153007,https://www.data.go.kr/data/15153007/fileData.do
경기도,화성시,가전제품류,에어컨,66㎡미만,3000,,15153007,https://www.data.go.kr/data/15153007/fileData.do
경기도,화성시,가전제품류,에어컨,66㎡이상,5000,,15153007,https://www.data.go.kr/data/15153007/fileData.do
경기도,화성시,가전제품류,에어컨(실외기 별도),264㎡(80평) 이상,8000,2026-02-20,15042373,https://www.data.go.kr/data/15042373/fileData.do
경기도,화성시,가전제품류,에어컨(실외기 별도),66㎡(20평) 미만,3000,2026-02-20,15042373,https://www.data.go.kr/data/15042373/fileData.do
경기도,화성시,가전제품류,에어컨(실외기 별도),66㎡(20평) 이상 264㎡(80평) 미만,5000,2026-02-20,15042373,https://www.data.go.kr/data/15042373/fileData.do
경기도,화성시,가전제품류,에어컨(실외기 별도),실외기,2000,2026-02-20,15042373,https://www.data.go.kr/data/15042373/fileData.do
경기도,화성시,가전제품류,오디오,본체(높이 1m 이상),5000,,15153007,https://www.data.go.kr/data/15153007/fileData.do
경기도,화성시,가전제품류,오디오,스피커(높이 1m 이상),1000,,15153007,https://www.data.go.kr/data/15153007/fileData.do
경기도,화성시,가전제품류,오디오 스피커,개당,2000,2026-02-20,15042373,https://www.data.go.kr/data/15042373/fileData.do
경기도,화성시,가전제품류,오디오세트,대형,5000,2026-02-20,15042373,https://www.data.go.kr/data/15042373/fileData.do
경기도,화성시,가전제품류,오디오세트,소형 컴포넌트,3000,2026-02-20,15042373,https://www.data.go.kr/data/15042373/fileData.do
경기도,화성시,가전제품류,오락기,20인치 미만,4000,2026-02-20,15042373,https://www.data.go.kr/data/15042373/fileData.do
경기도,화성시,가전제품류,오락기,20인치 이상 29인치 미만,6000,2026-02-20,15042373,https://www.data.go.kr/data/15042373/fileData.do
경기도,화성시,가전제품류,오락기,29인치 이상,8000,2026-02-20,15042373,https://www.data.go.kr/data/15042373/fileData.do
경기도,화성시,가전제품류,오락기,가정용,2000,2026-02-20,15042373,https://www.data.go.kr/data/15042373/fileData.do
경기도,화성시,가전제품류,오락기,영업용,8000,2026-02-20,15042373,https://www.data.go.kr/data/15042373/fileData.do
경기도,화성시,가전제품류,온수매트,일반매트,2000,2026-02-20,15042373,https://www.data.go.kr/data/15042373/fileData.do
경기도,화성시,가전제품류,온풍기,264㎡(80평) 이상,8000,2026-02-20,15042373,https://www.data.go.kr/data/15042373/fileData.do
경기도,화성시,가전제품류,온풍기,264㎡이상,8000,,15153007,https://www.data.go.kr/data/15153007/fileData.do
경기도,화성시,가전제품류,온풍기,66㎡(20평) 미만,3000,2026-02-20,15042373,https://www.data.go.kr/data/15042373/fileData.do
경기도,화성시,가전제품류,온풍기,66㎡(20평) 이상 264㎡(80평) 미만,5000,2026-02-20,15042373,https://www.data.go.kr/data/15042373/fileData.do
경기도,화성시,가전제품류,온풍기,66㎡미만,3000,,15153007,https://www.data.go.kr/data/15153007/fileData.do
경기도,화성시,가전제품류,온풍기,66㎡이상,5000,,15153007,https://www.data.go.kr/data/15153007/fileData.do
경기도,화성시,가전제품류,와인셀러,모든규격,3000,2026-02-20,15042373,https://www.data.go.kr/data/15042373/fileData.do
경기도,화성시,가전제품류,자동판매기,대형,12000,2026-02-20,15042373,https://www.data.go.kr/data/15042373/fileData.do
경기도,화성시,가전제품류,자동판매기,소형,4000,2026-02-20,15042373,https://www.data.go.kr/data/15042373/fileData.do
경기도,화성시,가전제품류,자동판매기,"음료, 담배 등",15000,,15153007,https://www.data.go.kr/data/15153007/fileData.do
경기도,화성시,가전제품류,자동판매기,"자가, 소형",3000,,15153007,https://www.data.go.kr/data/15153007/fileData.do
경기도,화성시,가전제품류,재봉틀,모든규격,3000,2026-02-20,15042373,https://www.data.go.kr/data/15042373/fileData.do
경기도,화성시,가전제품류,전기요,모든규격,2000,2026-02-20,15042373,https://www.data.go.kr/data/15042373/fileData.do
경기도,화성시,가전제품류,전기장판,옥매트,5000,2026-02-20,15042373,https://www.data.go.kr/data/15042373/fileData.do
경기도,화성시,가전제품류,전기장판,일반매트,2000,2026-02-20,15042373,https://www.data.go.kr/data/15042373/fileData.do
경기도,화성시,가전제품류,전자레인지,모든규격,3000,2026-02-20,15042373,https://www.data.go.kr/data/15042373/fileData.do
경기도,화성시,가전제품류,정수기,높이 1m이상,5000,,15153007,https://www.data.go.kr/data/15153007/fileData.do
경기도,화성시,가전제품류,정수기,스탠드형,4000,2026-02-20,15042373,https://www.data.go.kr/data/15042373/fileData.do
경기도,화성시,가전제품류,정수기,탁상형,3000,2026-02-20,15042373,https://www.data.go.kr/data/15042373/fileData.do
경기도,화성시,가전제품류,청소기,가정용,2000,2026-02-20,15042373,https://www.data.go.kr/data/15042373/fileData.do
경기도,화성시,가전제품류,청소기,업소용,3000,2026-02-20,15042373,https://www.data.go.kr/data/15042373/fileData.do
경기도,화성시,가전제품류,컴퓨터,노트북 컴퓨터,3000,2026-02-20,15042373,https://www.data.go.kr/data/15042373/fileData.do
경기도,화성시,가전제품류,컴퓨터,컴퓨터 모니터,3000,2026-02-20,15042373,https://www.data.go.kr/data/15042373/fileData.do
경기도,화성시,가전제품류,컴퓨터,컴퓨터 본체,3000,2026-02-20,15042373,https://www.data.go.kr/data/15042373/fileData.do
경기도,화성시,가전제품류,컴퓨터,컴퓨터 세트,7000,2026-02-20,15042373,https://www.data.go.kr/data/15042373/fileData.do
경기도,화성시,가전제품류,컴퓨터,컴퓨터 키보드,1000,2026-02-20,15042373,https://www.data.go.kr/data/15042373/fileData.do
경기도,화성시,가전제품류,컴퓨터 스피커,대형,3000,2026-02-20,15042373,https://www.data.go.kr/data/15042373/fileData.do
경기도,화성시,가전제품류,컴퓨터 스피커,소형,2000,2026-02-20,15042373,https://www.data.go.kr/data/15042373/fileData.do
경기도,화성시,가전제품류,컴퓨터 오락기,"DDR(본체,모니터,DDR기 포함)",7000,2026-02-20,15042373,https://www.data.go.kr/data/15042373/fileData.do
경기도,화성시,가전제품류,컴퓨터 오락기,오락기 모니터,3000,2026-02-20,15042373,https://www.data.go.kr/data/15042373/fileData.do
경기도,화성시,가전제품류,컴퓨터 오락기,오락기 본체,3000,2026-02-20,15042373,https://www.data.go.kr/data/15042373/fileData.do
경기도,화성시,가전제품류,컴퓨터 프린터,대형,3000,2026-02-20,15042373,https://www.data.go.kr/data/15042373/fileData.do
경기도,화성시,가전제품류,컴퓨터 프린터,소형,2000,2026-02-20,15042373,https://www.data.go.kr/data/15042373/fileData.do
경기도,화성시,가전제품류,탈수기,가정용,3000,2026-02-20,15042373,https://www.data.go.kr/data/15042373/fileData.do
경기도,화성시,가전제품류,탈수기,사업장용,5000,2026-02-20,15042373,https://www.data.go.kr/data/15042373/fileData.do
경기도,화성시,가전제품류,텔레비전,25인치 미만,3000,2026-02-20,15042373,https://www.data.go.kr/data/15042373/fileData.do
경기도,화성시,가전제품류,텔레비전,25인치 미만,3000,,15153007,https://www.data.go.kr/data/15153007/fileData.do
경기도,화성시,가전제품류,텔레비전,25인치 이상,5000,,15153007,https://www.data.go.kr/data/15153007/fileData.do
경기도,화성시,가전제품류,텔레비전,25인치 이상 42인치 미만,5000,2026-02-20,15042373,https://www.data.go.kr/data/15042373/fileData.do
경기도,화성시,가전제품류,텔레비전,42인치 이상,7000,2026-02-20,15042373,https://www.data.go.kr/data/15042373/fileData.do
경기도,화성시,가전제품류,텔레비전,42인치 이상,7000,,15153007,https://www.data.go.kr/data/15153007/fileData.do
경기도,화성시,가전제품류,텔레비전,TV받침일체형(40인치 미만),7000,,15153007,https://www.data.go.kr/data/15153007/fileData.do
경기도,화성시,가전제품류,팩시밀리,모든규격,3000,2026-02-20,15042373,https://www.data.go.kr/data/15042373/fileData.do
경기도,화성시,가전제품류,팬히터,모든규격,3000,2026-02-20,15042373,https://www.data.go.kr/data/15042373/fileData.do
경기도,화성시,가전제품류,환풍기,가정용,2000,,15153007,https://www.data.go.kr/data/15153007/fileData.do
경기도,화성시,가전제품류,환풍기,업소용,3000,,15153007,https://www.data.go.kr/data/15153007/fileData.do
경기도,화성시,기타,가방,"골프용, 낚시용",3000,2026-02-20,15042373,https://www.data.go.kr/data/15042373/fileData.do
경기도,화성시,기타,가방,여행용(캐리어),3000,2026-02-20,15042373,https://www.data.go.kr/data/15042373/fileData.do
경기도,화성시,기타,가방,일반용,2000,2026-02-20,15042373,https://www.data.go.kr/data/15042373/fileData.do
경기도,화성시,기타,간판,1m미만,4000,2026-02-20,15042373,https://www.data.go.kr/data/15042373/fileData.do
경기도,화성시,기타,간판,1m이상,6000,2026-02-20,15042373,https://www.data.go.kr/data/15042373/fileData.do
경기도,화성시,기타,간판,입간판,2000,2026-02-20,15042373,https://www.data.go.kr/data/15042373/fileData.do
경기도,화성시,기타,거울,1m미만,2000,2026-02-20,15042373,https://www.data.go.kr/data/15042373/fileData.do
경기도,화성시,기타,거울,1m이상,3000,2026-02-20,15042373,https://www.data.go.kr/data/15042373/fileData.do
경기도,화성시,기타,고무통,70×80㎝이하,2000,2026-02-20,15042373,https://www.data.go.kr/data/15042373/fileData.do
경기도,화성시,기타,고무통,90x100cm미만,3000,2026-02-20,15042373,https://www.data.go.kr/data/15042373/fileData.do
경기도,화성시,기타,고무통,90×100㎝이상,4000,2026-02-20,15042373,https://www.data.go.kr/data/15042373/fileData.do
경기도,화성시,기타,금고,대형(70×100cm이상),7000,2026-02-20,15042373,https://www.data.go.kr/data/15042373/fileData.do
경기도,화성시,기타,금고,소형(50×60cm미만),5000,2026-02-20,15042373,https://www.data.go.kr/data/15042373/fileData.do
경기도,화성시,기타,금고,중형(60×100cm미만),6000,2026-02-20,15042373,https://www.data.go.kr/data/15042373/fileData.do
경기도,화성시,기타,기타,"게시판(칠판),나무묶음(30㎏당),다리미판,돗자리(대자리),블라인드,버티칼,빨래건조대,배기",2000,2026-02-20,15042373,https://www.data.go.kr/data/15042373/fileData.do
경기도,화성시,기타,난로,대형,5000,2026-02-20,15042373,https://www.data.go.kr/data/15042373/fileData.do
경기도,화성시,기타,난로,소형,2000,2026-02-20,15042373,https://www.data.go.kr/data/15042373/fileData.do
경기도,화성시,기타,난로,중형,3000,2026-02-20,15042373,https://www.data.go.kr/data/15042373/fileData.do
경기도,화성시,기타,당구대,모든규격,9000,2026-02-20,15042373,https://www.data.go.kr/data/15042373/fileData.do
경기도,화성시,기타,도마,모든규격,1000,2026-02-20,15042373,https://www.data.go.kr/data/15042373/fileData.do
경기도,화성시,기타,뜀틀,모든규격,4000,2026-02-20,15042373,https://www.data.go.kr/data/15042373/fileData.do
경기도,화성시,기타,마네킹,모든규격,4000,2026-02-20,15042373,https://www.data.go.kr/data/15042373/fileData.do
경기도,화성시,기타,물탱크,1톤당,4000,2026-02-20,15042373,https://www.data.go.kr/data/15042373/fileData.do
경기도,화성시,기타,바비큐그릴,"가로,세로,1m(큰수)미만",2000,2026-02-20,15042373,https://www.data.go.kr/data/15042373/fileData.do
경기도,화성시,기타,바비큐그릴,"가로,세로,1m(큰수)이상",3000,2026-02-20,15042373,https://www.data.go.kr/data/15042373/fileData.do
경기도,화성시,기타,바운서,개당,3000,2026-02-20,15042373,https://www.data.go.kr/data/15042373/fileData.do
경기도,화성시,기타,밥상,90×90㎝미만,2000,2026-02-20,15042373,https://www.data.go.kr/data/15042373/fileData.do
경기도,화성시,기타,밥상,90×90㎝이상,3000,2026-02-20,15042373,https://www.data.go.kr/data/15042373/fileData.do
경기도,화성시,기타,배드민턴라켓,개당,500,2026-02-20,15042373,https://www.data.go.kr/data/15042373/fileData.do
경기도,화성시,기타,베개,개당,1000,2026-02-20,15042373,https://www.data.go.kr/data/15042373/fileData.do
경기도,화성시,기타,변기통,양변기,5000,2026-02-20,15042373,https://www.data.go.kr/data/15042373/fileData.do
경기도,화성시,기타,변기통,좌변기,3000,2026-02-20,15042373,https://www.data.go.kr/data/15042373/fileData.do
경기도,화성시,기타,병풍,모든규격,3000,2026-02-20,15042373,https://www.data.go.kr/data/15042373/fileData.do
경기도,화성시,기타,보일러등 기름탱크,높이1.5m이상,8000,2026-02-20,15042373,https://www.data.go.kr/data/15042373/fileData.do
경기도,화성시,기타,보일러등 기름탱크,높이1m미만,3000,2026-02-20,15042373,https://www.data.go.kr/data/15042373/fileData.do
경기도,화성시,기타,보일러등 기름탱크,높이1m이상 1.5m미만,5000,2026-02-20,15042373,https://www.data.go.kr/data/15042373/fileData.do
경기도,화성시,기타,볼링공,개당,2000,2026-02-20,15042373,https://www.data.go.kr/data/15042373/fileData.do
경기도,화성시,기타,빈백,1인용,3000,2026-02-20,15042373,https://www.data.go.kr/data/15042373/fileData.do
경기도,화성시,기타,소화기,19kg이하,4000,2026-02-20,15042373,https://www.data.go.kr/data/15042373/fileData.do
경기도,화성시,기타,소화기,20kg이상,6000,2026-02-20,15042373,https://www.data.go.kr/data/15042373/fileData.do
경기도,화성시,기타,소화기,3.3kg이하,2000,2026-02-20,15042373,https://www.data.go.kr/data/15042373/fileData.do
경기도,화성시,기타,스키용구류(스노우보드포함),모든규격,4000,2026-02-20,15042373,https://www.data.go.kr/data/15042373/fileData.do
경기도,화성시,기타,액자,1m미만,2000,2026-02-20,15042373,https://www.data.go.kr/data/15042373/fileData.do
경기도,화성시,기타,액자,1m이상,3000,2026-02-20,15042373,https://www.data.go.kr/data/15042373/fileData.do
경기도,화성시,기타,어린이 전동자동차,1인용,3000,2026-02-20,15042373,https://www.data.go.kr/data/15042373/fileData.do
경기도,화성시,기타,"옷, 신발",많으면 비닐봉투 50리터 기준3000원 적으면 작게 잘라서 소각용봉투,3000,2026-02-20,15042373,https://www.data.go.kr/data/15042373/fileData.do
경기도,화성시,기타,옷걸이,스탠드형,2000,2026-02-20,15042373,https://www.data.go.kr/data/15042373/fileData.do
경기도,화성시,기타,옷걸이,행거,1000,2026-02-20,15042373,https://www.data.go.kr/data/15042373/fileData.do
경기도,화성시,기타,욕조,모든규격,5000,2026-02-20,15042373,https://www.data.go.kr/data/15042373/fileData.do
경기도,화성시,기타,욕조,유아용,2000,2026-02-20,15042373,https://www.data.go.kr/data/15042373/fileData.do
경기도,화성시,기타,우산,모든규격,1000,2026-02-20,15042373,https://www.data.go.kr/data/15042373/fileData.do
경기도,화성시,기타,유리,1m미만,2000,2026-02-20,15042373,https://www.data.go.kr/data/15042373/fileData.do
경기도,화성시,기타,유리,1m이상,4000,2026-02-20,15042373,https://www.data.go.kr/data/15042373/fileData.do
경기도,화성시,기타,유모차,1인용,2000,2026-02-20,15042373,https://www.data.go.kr/data/15042373/fileData.do
경기도,화성시,기타,유모차,2인용 이상,4000,2026-02-20,15042373,https://www.data.go.kr/data/15042373/fileData.do
경기도,화성시,기타,유아용매트(소음방지),1인용 매트리스 크기기준 3000원,3000,2026-02-20,15042373,https://www.data.go.kr/data/15042373/fileData.do
경기도,화성시,기타,유아용킥보드,모든규격,3000,2026-02-20,15042373,https://www.data.go.kr/data/15042373/fileData.do
경기도,화성시,기타,유아용품,"그네, 목마, 보행기, 자동차, 변기, 장난감 등",2000,2026-02-20,15042373,https://www.data.go.kr/data/15042373/fileData.do
경기도,화성시,기타,음식물쓰레기통,120L 미만,2000,2026-02-20,15042373,https://www.data.go.kr/data/15042373/fileData.do
경기도,화성시,기타,음식물쓰레기통,120L 이상,3000,2026-02-20,15042373,https://www.data.go.kr/data/15042373/fileData.do
경기도,화성시,기타,이동식화장실(분뇨제거후),모든규격,50000,2026-02-20,15042373,https://www.data.go.kr/data/15042373/fileData.do
경기도,화성시,기타,"이불, 요",장당,2000,2026-02-20,15042373,https://www.data.go.kr/data/15042373/fileData.do
경기도,화성시,기타,인라인스케이트,모든규격,2000,2026-02-20,15042373,https://www.data.go.kr/data/15042373/fileData.do
경기도,화성시,기타,자전거,어린이용,3000,2026-02-20,15042373,https://www.data.go.kr/data/15042373/fileData.do
경기도,화성시,기타,자전거,일반용,4000,2026-02-20,15042373,https://www.data.go.kr/data/15042373/fileData.do
경기도,화성시,기타,장판,5m당,2000,2026-02-20,15042373,https://www.data.go.kr/data/15042373/fileData.do
경기도,화성시,기타,"종량제봉투에 담기 어려운쓰레기(이사,집수리,현수막 등)",50kg포대,3000,2026-02-20,15042373,https://www.data.go.kr/data/15042373/fileData.do
경기도,화성시,기타,카시트,모든규격,3000,2026-02-20,15042373,https://www.data.go.kr/data/15042373/fileData.do
경기도,화성시,기타,카페트,3.3㎡ (1평)당,2000,2026-02-20,15042373,https://www.data.go.kr/data/15042373/fileData.do
경기도,화성시,기타,캣타워,모든규격,3000,2026-02-20,15042373,https://www.data.go.kr/data/15042373/fileData.do
경기도,화성시,기타,크리스마스트리,"1m 이상 4000원, 1m 미만 3000원",3000,2026-02-20,15042373,https://www.data.go.kr/data/15042373/fileData.do
경기도,화성시,기타,타이어,대형(사이즈20이상),5000,2026-02-20,15042373,https://www.data.go.kr/data/15042373/fileData.do
경기도,화성시,기타,타이어,소형(사이즈15미만),3000,2026-02-20,15042373,https://www.data.go.kr/data/15042373/fileData.do
경기도,화성시,기타,타이어,중형(사이즈15이상 20미만),4000,2026-02-20,15042373,https://www.data.go.kr/data/15042373/fileData.do
경기도,화성시,기타,테니스라켓,개당,500,2026-02-20,15042373,https://www.data.go.kr/data/15042373/fileData.do
경기도,화성시,기타,텐트,모든규격,3000,2026-02-20,15042373,https://www.data.go.kr/data/15042373/fileData.do
경기도,화성시,기타,파라솔,모든규격,3000,2026-02-20,15042373,https://www.data.go.kr/data/15042373/fileData.do
경기도,화성시,기타,파렛트,모든규격,4000,2026-02-20,15042373,https://www.data.go.kr/data/15042373/fileData.do
경기도,화성시,기타,패러글라이딩,개당,3000,2026-02-20,15042373,https://www.data.go.kr/data/15042373/fileData.do
경기도,화성시,기타,페인트통,20L미만,2000,2026-02-20,15042373,https://www.data.go.kr/data/15042373/fileData.do
경기도,화성시,기타,페인트통,20L이상,3000,2026-02-20,15042373,https://www.data.go.kr/data/15042373/fileData.do
경기도,화성시,기타,합판,1장당,2000,2026-02-20,15042373,https://www.data.go.kr/data/15042373/fileData.do
경기도,화성시,기타,항아리(단지),높이1m미만,2000,2026-02-20,15042373,https://www.data.go.kr/data/15042373/fileData.do
경기도,화성시,기타,항아리(단지),높이1m이상,3000,2026-02-20,15042373,https://www.data.go.kr/data/15042373/fileData.do
경기도,화성시,기타,헬멧,개당,1000,2026-02-20,15042373,https://www.data.go.kr/data/15042373/fileData.do
경기도,화성시,기타,헬스기구,러닝머신,5000,2026-02-20,15042373,https://www.data.go.kr/data/15042373/fileData.do
경기도,화성시,기타,헬스기구,스텝퍼,3000,2026-02-20,15042373,https://www.data.go.kr/data/15042373/fileData.do
경기도,화성시,기타,헬스기구,헬스싸이클,3000,2026-02-20,15042373,https://www.data.go.kr/data/15042373/fileData.do
경기도,화성시,기타,형광등(갓포함),일반용,2000,2026-02-20,15042373,https://www.data.go.kr/data/15042373/fileData.do
경기도,화성시,기타,형광등(갓포함),장식용,3000,2026-02-20,15042373,https://www.data.go.kr/data/15042373/fileData.do
경기도,화성시,기타,화분,대형 50cm 이상,2000,2026-02-20,15042373,https://www.data.go.kr/data/15042373/fileData.do
경기도,화성시,기타,화분,소형 50cm 미만,1000,2026-02-20,15042373,https://www.data.go.kr/data/15042373/fileData.do
경기도,화성시,기타,화환,모든규격,4000,2026-02-20,15042373,https://www.data.go.kr/data/15042373/fileData.do
경기도,화성시,기타,휠체어,모든규격,3000,2026-02-20,15042373,https://www.data.go.kr/data/15042373/fileData.do
경기도,화성시,기타생활용품,가방류,가로 50cm 미만,2000,,15153007,https://www.data.go.kr/data/15153007/fileData.do
경기도,화성시,기타생활용품,가방류,가로 50cm 이상,3000,,15153007,https://www.data.go.kr/data/15153007/fileData.do
경기도,화성시,기타생활용품,가방류,골프 가방,3000,,15153007,https://www.data.go.kr/data/15153007/fileData.do
경기도,화성시,기타생활용품,고무통,지름100cm이상,5000,,15153007,https://www.data.go.kr/data/15153007/fileData.do
경기도,화성시,기타생활용품,고무통,지름50cm미만,2000,,15153007,https://www.data.go.kr/data/15153007/fileData.do
경기도,화성시,기타생활용품,고무통,지름50cm이상,3000,,15153007,https://www.data.go.kr/data/15153007/fileData.do
경기도,화성시,기타생활용품,기타 목재,5kg 당,2000,,15153007,https://www.data.go.kr/data/15153007/fileData.do
경기도,화성시,기타생활용품,기타 프라스틱류,5kg 당,2000,,15153007,https://www.data.go.kr/data/15153007/fileData.do
경기도,화성시,기타생활용품,러닝머신,모든 규격,10000,,15153007,https://www.data.go.kr/data/15153007/fileData.do
경기도,화성시,기타생활용품,목욕탕 수건함,모든 규격,1000,,15153007,https://www.data.go.kr/data/15153007/fileData.do
경기도,화성시,기타생활용품,배기후드,모든 규격,2000,,15153007,https://www.data.go.kr/data/15153007/fileData.do
경기도,화성시,기타생활용품,변기,양변기,8000,,15153007,https://www.data.go.kr/data/15153007/fileData.do
경기도,화성시,기타생활용품,변기,좌변기,5000,,15153007,https://www.data.go.kr/data/15153007/fileData.do
경기도,화성시,기타생활용품,병풍,2폭당,1000,,15153007,https://www.data.go.kr/data/15153007/fileData.do
경기도,화성시,기타생활용품,보드,모든 규격,2000,,15153007,https://www.data.go.kr/data/15153007/fileData.do
경기도,화성시,기타생활용품,빨래건조대,모든 규격,2000,,15153007,https://www.data.go.kr/data/15153007/fileData.do
경기도,화성시,기타생활용품,세면대,모든 규격,3000,,15153007,https://www.data.go.kr/data/15153007/fileData.do
경기도,화성시,기타생활용품,스키,모든 규격,2000,,15153007,https://www.data.go.kr/data/15153007/fileData.do
경기도,화성시,기타생활용품,시계,높이 1m이상,3000,,15153007,https://www.data.go.kr/data/15153007/fileData.do
경기도,화성시,기타생활용품,쌀통,모든규격,3000,,15153007,https://www.data.go.kr/data/15153007/fileData.do
경기도,화성시,기타생활용품,쓰레기통,가정용,1000,,15153007,https://www.data.go.kr/data/15153007/fileData.do
경기도,화성시,기타생활용품,쓰레기통,"사무실용, 옥외용",2000,,15153007,https://www.data.go.kr/data/15153007/fileData.do
경기도,화성시,기타생활용품,아이스박스,대형,2000,,15153007,https://www.data.go.kr/data/15153007/fileData.do
경기도,화성시,기타생활용품,아이스박스,소형,1000,,15153007,https://www.data.go.kr/data/15153007/fileData.do
경기도,화성시,기타생활용품,액자,높이 1m이상,3000,,15153007,https://www.data.go.kr/data/15153007/fileData.do
경기도,화성시,기타생활용품,액자,높이 50cm 미만,1000,,15153007,https://www.data.go.kr/data/15153007/fileData.do
경기도,화성시,기타생활용품,액자,높이 50cm~1m,2000,,15153007,https://www.data.go.kr/data/15153007/fileData.do
경기도,화성시,기타생활용품,어항,1m 미만,3000,,15153007,https://www.data.go.kr/data/15153007/fileData.do
경기도,화성시,기타생활용품,어항,1m 이상,5000,,15153007,https://www.data.go.kr/data/15153007/fileData.do
경기도,화성시,기타생활용품,어항,2m 이상,9000,,15153007,https://www.data.go.kr/data/15153007/fileData.do
경기도,화성시,기타생활용품,옥매트,1인용,4000,,15153007,https://www.data.go.kr/data/15153007/fileData.do
경기도,화성시,기타생활용품,옥매트,2인용,7000,,15153007,https://www.data.go.kr/data/15153007/fileData.do
경기도,화성시,기타생활용품,욕조,유아용,3000,,15153007,https://www.data.go.kr/data/15153007/fileData.do
경기도,화성시,기타생활용품,욕조,일반용,5000,,15153007,https://www.data.go.kr/data/15153007/fileData.do
경기도,화성시,기타생활용품,"유리(거울,판유리)",1㎡당,2000,,15153007,https://www.data.go.kr/data/15153007/fileData.do
경기도,화성시,기타생활용품,유모차(보행기),모든규격,3000,,15153007,https://www.data.go.kr/data/15153007/fileData.do
경기도,화성시,기타생활용품,이불,모든규격,2000,,15153007,https://www.data.go.kr/data/15153007/fileData.do
경기도,화성시,기타생활용품,"인형, 장난감류","대형(미끄럼틀, 놀이집 등)",2000,,15153007,https://www.data.go.kr/data/15153007/fileData.do
경기도,화성시,기타생활용품,"인형, 장난감류",소형(3kg당),1000,,15153007,https://www.data.go.kr/data/15153007/fileData.do
경기도,화성시,기타생활용품,자전거,성인용,3000,,15153007,https://www.data.go.kr/data/15153007/fileData.do
경기도,화성시,기타생활용품,자전거,아동용(2륜),3000,,15153007,https://www.data.go.kr/data/15153007/fileData.do
경기도,화성시,기타생활용품,자전거,아동용(3륜),2000,,15153007,https://www.data.go.kr/data/15153007/fileData.do
경기도,화성시,기타생활용품,장판,3.3㎡당,2000,,15153007,https://www.data.go.kr/data/15153007/fileData.do
경기도,화성시,기타생활용품,재봉틀,모든 규격,2000,,15153007,https://www.data.go.kr/data/15153007/fileData.do
경기도,화성시,기타생활용품,카페트,3.3㎡당,2000,,15153007,https://www.data.go.kr/data/15153007/fileData.do
경기도,화성시,기타생활용품,캐비넷,모든규격,4000,,15153007,https://www.data.go.kr/data/15153007/fileData.do
경기도,화성시,기타생활용품,피아노,디지털(오르간 포함),5000,,15153007,https://www.data.go.kr/data/15153007/fileData.do
경기도,화성시,기타생활용품,피아노,일반,15000,,15153007,https://www.data.go.kr/data/15153007/fileData.do
경기도,화성시,기타생활용품,항아리,100ℓ 미만(중형),3000,,15153007,https://www.data.go.kr/data/15153007/fileData.do
경기도,화성시,기타생활용품,항아리,100ℓ 이상(대형),5000,,15153007,https://www.data.go.kr/data/15153007/fileData.do
경기도,화성시,기타생활용품,항아리,30ℓ 미만(소형),2000,,15153007,https://www.data.go.kr/data/15153007/fileData.do
경기도,화성시,기타생활용품,화분,높이 50cm미만,1000,,15153007,https://www.data.go.kr/data/15153007/fileData.do
경기도,화성시,기타생활용품,화분,높이 50cm이상,2000,,15153007,https://www.data.go.kr/data/15153007/fileData.do
경기도,화성시,기타생활용품,화일캐비넷,4단 미만,3000,,15153007,https://www.data.go.kr/data/15153007/fileData.do
경기도,화성시,기타생활용품,화일캐비넷,4단 이상,4000,,15153007,https://www.data.go.kr/data/15153007/fileData.do
경상남도,밀양시,가구,문갑,폭 1.0m 미만,3000,2021-10-20,15093329,https://www.data.go.kr/data/15093329/fileData.do
경상남도,밀양시,가구,문갑,폭 1.0m 이상,5000,2021-10-20,15093329,https://www.data.go.kr/data/15093329/fileData.do
경상남도,밀양시,가구,문짝,0.9m×1.8m 미만,2000,2021-10-20,15093329,https://www.data.go.kr/data/15093329/fileData.do
경상남도,밀양시,가구,문짝,0.9m×1.8m 이상,3000,2021-10-20,15093329,https://www.data.go.kr/data/15093329/fileData.do
경상남도,밀양시,가구,보통의자,업소용 의자,3000,2021-10-20,15093329,https://www.data.go.kr/data/15093329/fileData.do
경상남도,밀양시,가구,보통의자,학생용 의자,2000,2021-10-20,15093329,https://www.data.go.kr/data/15093329/fileData.do
경상남도,밀양시,가구,서랍장,1단 추가시,1000,2021-10-20,15093329,https://www.data.go.kr/data/15093329/fileData.do
경상남도,밀양시,가구,서랍장,1단기준,3000,2021-10-20,15093329,https://www.data.go.kr/data/15093329/fileData.do
경상남도,밀양시,가구,소파,1인용,5000,2021-10-20,15093329,https://www.data.go.kr/data/15093329/fileData.do
경상남도,밀양시,가구,소파,2인용,10000,2021-10-20,15093329,https://www.data.go.kr/data/15093329/fileData.do
경상남도,밀양시,가구,소파,3인용,15000,2021-10-20,15093329,https://www.data.go.kr/data/15093329/fileData.do
경상남도,밀양시,가구,식탁세트,"4인용 미만(테이블,의자)",7000,2021-10-20,15093329,https://www.data.go.kr/data/15093329/fileData.do
경상남도,밀양시,가구,식탁세트,"4인용 이상(테이블,의자)",9000,2021-10-20,15093329,https://www.data.go.kr/data/15093329/fileData.do
경상남도,밀양시,가구,신발장,"폭0.6m,높이1.0m미만",2000,2021-10-20,15093329,https://www.data.go.kr/data/15093329/fileData.do
경상남도,밀양시,가구,신발장,"폭0.6m,높이1.0m이상",4000,2021-10-20,15093329,https://www.data.go.kr/data/15093329/fileData.do
경상남도,밀양시,가구,씽크대,1쪽당,3000,2021-10-20,15093329,https://www.data.go.kr/data/15093329/fileData.do
경상남도,밀양시,가구,응접세트,3인용 미만 의자,5000,2021-10-20,15093329,https://www.data.go.kr/data/15093329/fileData.do
경상남도,밀양시,가구,응접세트,3인용 이상 의자,8000,2021-10-20,15093329,https://www.data.go.kr/data/15093329/fileData.do
경상남도,밀양시,가구,응접세트,테이블,5000,2021-10-20,15093329,https://www.data.go.kr/data/15093329/fileData.do
경상남도,밀양시,가구,장롱,가로 120㎝ 미만 1쪽당,17000,2021-10-20,15093329,https://www.data.go.kr/data/15093329/fileData.do
경상남도,밀양시,가구,장롱,가로 120㎝ 이상 1쪽당,23000,2021-10-20,15093329,https://www.data.go.kr/data/15093329/fileData.do
경상남도,밀양시,가구,장식장 찬장,폭 1m 미만,7000,2021-10-20,15093329,https://www.data.go.kr/data/15093329/fileData.do
경상남도,밀양시,가구,장식장 찬장,폭 1m 이상,9000,2021-10-20,15093329,https://www.data.go.kr/data/15093329/fileData.do
경상남도,밀양시,가구,쥬니어장,모든규격,10000,2021-10-20,15093329,https://www.data.go.kr/data/15093329/fileData.do
경상남도,밀양시,가구,책상,폭 1.5m 미만,7000,2021-10-20,15093329,https://www.data.go.kr/data/15093329/fileData.do
경상남도,밀양시,가구,책상,폭 1.5m 이상,9000,2021-10-20,15093329,https://www.data.go.kr/data/15093329/fileData.do
경상남도,밀양시,가구,책장 책꽂이,5단 미만,3000,2021-10-20,15093329,https://www.data.go.kr/data/15093329/fileData.do
경상남도,밀양시,가구,책장 책꽂이,5단 이상,6000,2021-10-20,15093329,https://www.data.go.kr/data/15093329/fileData.do
경상남도,밀양시,가구,침대,1인용 매트리스,9000,2021-10-20,15093329,https://www.data.go.kr/data/15093329/fileData.do
경상남도,밀양시,가구,침대,1인용 셋트,17000,2021-10-20,15093329,https://www.data.go.kr/data/15093329/fileData.do
경상남도,밀양시,가구,침대,1인용 침대 받침대,8000,2021-10-20,15093329,https://www.data.go.kr/data/15093329/fileData.do
경상남도,밀양시,가구,침대,2인용 매트리스,14000,2021-10-20,15093329,https://www.data.go.kr/data/15093329/fileData.do
경상남도,밀양시,가구,침대,2인용 셋트,26000,2021-10-20,15093329,https://www.data.go.kr/data/15093329/fileData.do
경상남도,밀양시,가구,침대,2인용 침대 받침대,12000,2021-10-20,15093329,https://www.data.go.kr/data/15093329/fileData.do
경상남도,밀양시,가구,캐비닛,높이 1.0m 미만,5000,2021-10-20,15093329,https://www.data.go.kr/data/15093329/fileData.do
경상남도,밀양시,가구,캐비닛,높이 1.0m 이상,6000,2021-10-20,15093329,https://www.data.go.kr/data/15093329/fileData.do
경상남도,밀양시,가구,캐비닛,높이 1.5m 이상,7000,2021-10-20,15093329,https://www.data.go.kr/data/15093329/fileData.do
경상남도,밀양시,가구,컴퓨터책상,가로 80㎝ 미만,4000,2021-10-20,15093329,https://www.data.go.kr/data/15093329/fileData.do
경상남도,밀양시,가구,컴퓨터책상,가로 80㎝ 이상,5000,2021-10-20,15093329,https://www.data.go.kr/data/15093329/fileData.do
경상남도,밀양시,가구,콘솔박스,모든규격,3000,2021-10-20,15093329,https://www.data.go.kr/data/15093329/fileData.do
경상남도,밀양시,가구,파일캐비닛,높이 1.0m 미만,3000,2021-10-20,15093329,https://www.data.go.kr/data/15093329/fileData.do
경상남도,밀양시,가구,파일캐비닛,높이 1.0m 이상,5000,2021-10-20,15093329,https://www.data.go.kr/data/15093329/fileData.do
경상남도,밀양시,가구,화장대,모든규격,5000,2021-10-20,15093329,https://www.data.go.kr/data/15093329/fileData.do
경상남도,밀양시,가구,화장실 장식장,모든규격,2000,2021-10-20,15093329,https://www.data.go.kr/data/15093329/fileData.do
경상남도,밀양시,기타,가스렌지후드,모든규격,2000,2021-10-20,15093329,https://www.data.go.kr/data/15093329/fileData.do
경상남도,밀양시,기타,가스오븐렌지,높이 1m 미만,3000,2021-10-20,15093329,https://www.data.go.kr/data/15093329/fileData.do
경상남도,밀양시,기타,가스오븐렌지,높이 1m 이상,7000,2021-10-20,15093329,https://www.data.go.kr/data/15093329/fileData.do
경상남도,밀양시,기타,가습기,모든규격,2000,2021-10-20,15093329,https://www.data.go.kr/data/15093329/fileData.do
경상남도,밀양시,기타,가정용오락기,모든규격,2000,2021-10-20,15093329,https://www.data.go.kr/data/15093329/fileData.do
경상남도,밀양시,기타,간판,1.0㎡ 미만,2000,2021-10-20,15093329,https://www.data.go.kr/data/15093329/fileData.do
경상남도,밀양시,기타,간판,1.0㎡ 이상,3000,2021-10-20,15093329,https://www.data.go.kr/data/15093329/fileData.do
경상남도,밀양시,기타,간판,10.0㎡ 이상,20000,2021-10-20,15093329,https://www.data.go.kr/data/15093329/fileData.do
경상남도,밀양시,기타,간판,3.5㎡ 이상,5000,2021-10-20,15093329,https://www.data.go.kr/data/15093329/fileData.do
경상남도,밀양시,기타,간판,5.0㎡ 이상,10000,2021-10-20,15093329,https://www.data.go.kr/data/15093329/fileData.do
경상남도,밀양시,기타,공기청정기,높이 1m 미만,3000,2021-10-20,15093329,https://www.data.go.kr/data/15093329/fileData.do
경상남도,밀양시,기타,공기청정기,높이 1m 이상,4000,2021-10-20,15093329,https://www.data.go.kr/data/15093329/fileData.do
경상남도,밀양시,기타,냉장고,300L 미만,7000,2021-10-20,15093329,https://www.data.go.kr/data/15093329/fileData.do
경상남도,밀양시,기타,냉장고,300L 이상,10000,2021-10-20,15093329,https://www.data.go.kr/data/15093329/fileData.do
경상남도,밀양시,기타,냉장고,500L 이상,14000,2021-10-20,15093329,https://www.data.go.kr/data/15093329/fileData.do
경상남도,밀양시,기타,물탱크(FRP),1톤 미만,15000,2021-10-20,15093329,https://www.data.go.kr/data/15093329/fileData.do
경상남도,밀양시,기타,물탱크(FRP),1톤 이상,25000,2021-10-20,15093329,https://www.data.go.kr/data/15093329/fileData.do
경상남도,밀양시,기타,믹서기,모든규격,2000,2021-10-20,15093329,https://www.data.go.kr/data/15093329/fileData.do
경상남도,밀양시,기타,병풍,모든규격,7000,2021-10-20,15093329,https://www.data.go.kr/data/15093329/fileData.do
경상남도,밀양시,기타,비디오,모든규격,4000,2021-10-20,15093329,https://www.data.go.kr/data/15093329/fileData.do
경상남도,밀양시,기타,빙수기,모든규격,3000,2021-10-20,15093329,https://www.data.go.kr/data/15093329/fileData.do
경상남도,밀양시,기타,세면대,모든규격,3000,2021-10-20,15093329,https://www.data.go.kr/data/15093329/fileData.do
경상남도,밀양시,기타,세탁기,10㎏ 미만,6000,2021-10-20,15093329,https://www.data.go.kr/data/15093329/fileData.do
경상남도,밀양시,기타,세탁기,10㎏ 이상,9000,2021-10-20,15093329,https://www.data.go.kr/data/15093329/fileData.do
경상남도,밀양시,기타,소화기,3.3kg 이하,3000,2021-10-20,15093329,https://www.data.go.kr/data/15093329/fileData.do
경상남도,밀양시,기타,소화기,3.3kg 초과,5000,2021-10-20,15093329,https://www.data.go.kr/data/15093329/fileData.do
경상남도,밀양시,기타,수족관,"가로,세로1m미만",5000,2021-10-20,15093329,https://www.data.go.kr/data/15093329/fileData.do
경상남도,밀양시,기타,수족관,"가로,세로1m이상",8000,2021-10-20,15093329,https://www.data.go.kr/data/15093329/fileData.do
경상남도,밀양시,기타,수족관받침대,모든규격,3000,2021-10-20,15093329,https://www.data.go.kr/data/15093329/fileData.do
경상남도,밀양시,기타,스텐드,모든규격,2000,2021-10-20,15093329,https://www.data.go.kr/data/15093329/fileData.do
경상남도,밀양시,기타,시계,벽걸이용,1000,2021-10-20,15093329,https://www.data.go.kr/data/15093329/fileData.do
경상남도,밀양시,기타,시계,입식용,3000,2021-10-20,15093329,https://www.data.go.kr/data/15093329/fileData.do
경상남도,밀양시,기타,식기건조기,폭 60㎝ 미만,3000,2021-10-20,15093329,https://www.data.go.kr/data/15093329/fileData.do
경상남도,밀양시,기타,식기건조기,폭 60㎝ 이상,5000,2021-10-20,15093329,https://www.data.go.kr/data/15093329/fileData.do
경상남도,밀양시,기타,식기세척기,모든규격,6000,2021-10-20,15093329,https://www.data.go.kr/data/15093329/fileData.do
경상남도,밀양시,기타,식탁유리,모든규격,3000,2021-10-20,15093329,https://www.data.go.kr/data/15093329/fileData.do
경상남도,밀양시,기타,안마의자,모든규격,10000,2021-10-20,15093329,https://www.data.go.kr/data/15093329/fileData.do
경상남도,밀양시,기타,양변기,모든규격,5000,2021-10-20,15093329,https://www.data.go.kr/data/15093329/fileData.do
경상남도,밀양시,기타,오디오(장식장),모든규격,4000,2021-10-20,15093329,https://www.data.go.kr/data/15093329/fileData.do
경상남도,밀양시,기타,오디오(전축),본체,7000,2021-10-20,15093329,https://www.data.go.kr/data/15093329/fileData.do
경상남도,밀양시,기타,오디오(전축),스피커 1개당,2000,2021-10-20,15093329,https://www.data.go.kr/data/15093329/fileData.do
경상남도,밀양시,기타,오락기(업소용),"모니터,소형오락기",3000,2021-10-20,15093329,https://www.data.go.kr/data/15093329/fileData.do
경상남도,밀양시,기타,오락기(업소용),본체,3000,2021-10-20,15093329,https://www.data.go.kr/data/15093329/fileData.do
경상남도,밀양시,기타,오락기(업소용),셋트,6000,2021-10-20,15093329,https://www.data.go.kr/data/15093329/fileData.do
경상남도,밀양시,기타,올겐,모든규격,7000,2021-10-20,15093329,https://www.data.go.kr/data/15093329/fileData.do
경상남도,밀양시,기타,욕조,모든규격,10000,2021-10-20,15093329,https://www.data.go.kr/data/15093329/fileData.do
경상남도,밀양시,기타,자동판매기,폭 1m 미만,8000,2021-10-20,15093329,https://www.data.go.kr/data/15093329/fileData.do
경상남도,밀양시,기타,자동판매기,폭 1m 이상,10000,2021-10-20,15093329,https://www.data.go.kr/data/15093329/fileData.do
경상남도,밀양시,기타,장판,평당,1000,2021-10-20,15093329,https://www.data.go.kr/data/15093329/fileData.do
경상남도,밀양시,기타,재봉틀,모든규격,4000,2021-10-20,15093329,https://www.data.go.kr/data/15093329/fileData.do
경상남도,밀양시,기타,전자렌지,모든규격,4000,2021-10-20,15093329,https://www.data.go.kr/data/15093329/fileData.do
경상남도,밀양시,기타,정수기,모든규격,4000,2021-10-20,15093329,https://www.data.go.kr/data/15093329/fileData.do
경상남도,밀양시,기타,진공청소기,모든규격,3000,2021-10-20,15093329,https://www.data.go.kr/data/15093329/fileData.do
경상남도,밀양시,기타,카세트,모든규격,2000,2021-10-20,15093329,https://www.data.go.kr/data/15093329/fileData.do
경상남도,밀양시,기타,카펫,2.0×4.0m 이상,8000,2021-10-20,15093329,https://www.data.go.kr/data/15093329/fileData.do
경상남도,밀양시,기타,커피메이트,모든규격,2000,2021-10-20,15093329,https://www.data.go.kr/data/15093329/fileData.do
경상남도,밀양시,기타,컴포넌트,모든규격,4000,2021-10-20,15093329,https://www.data.go.kr/data/15093329/fileData.do
경상남도,밀양시,기타,컴퓨터,모니터,3000,2021-10-20,15093329,https://www.data.go.kr/data/15093329/fileData.do
경상남도,밀양시,기타,컴퓨터,본체,3000,2021-10-20,15093329,https://www.data.go.kr/data/15093329/fileData.do
경상남도,밀양시,기타,컴퓨터,셋트,8000,2021-10-20,15093329,https://www.data.go.kr/data/15093329/fileData.do
경상남도,밀양시,기타,컴퓨터,키보드,2000,2021-10-20,15093329,https://www.data.go.kr/data/15093329/fileData.do
경상남도,밀양시,기타,케펫,2.0×4.0m 미만,6000,2021-10-20,15093329,https://www.data.go.kr/data/15093329/fileData.do
경상남도,밀양시,기타,타이어,8톤 미만 및 승용차,3000,2021-10-20,15093329,https://www.data.go.kr/data/15093329/fileData.do
경상남도,밀양시,기타,타이어,8톤 이상 화물,6000,2021-10-20,15093329,https://www.data.go.kr/data/15093329/fileData.do
경상남도,밀양시,기타,타자기,모든규격,2000,2021-10-20,15093329,https://www.data.go.kr/data/15093329/fileData.do
경상남도,밀양시,기타,탈수기,모든규격,3000,2021-10-20,15093329,https://www.data.go.kr/data/15093329/fileData.do
경상남도,밀양시,기타,텔레비젼,30인치 미만,5000,2021-10-20,15093329,https://www.data.go.kr/data/15093329/fileData.do
경상남도,밀양시,기타,텔레비젼,30인치 이상,9000,2021-10-20,15093329,https://www.data.go.kr/data/15093329/fileData.do
경상남도,밀양시,기타,피아노,그랜드,23000,2021-10-20,15093329,https://www.data.go.kr/data/15093329/fileData.do
경상남도,밀양시,기타,피아노,어프라이트,17000,2021-10-20,15093329,https://www.data.go.kr/data/15093329/fileData.do
경상남도,밀양시,기타,환풍기,모든규격,2000,2021-10-20,15093329,https://www.data.go.kr/data/15093329/fileData.do
경상남도,밀양시,기타,휠체어,모든규격,4000,2021-10-20,15093329,https://www.data.go.kr/data/15093329/fileData.do
경상남도,밀양시,냉난방용품,냉난방기,벽면 부착형,5000,2021-10-20,15093329,https://www.data.go.kr/data/15093329/fileData.do
경상남도,밀양시,냉난방용품,냉난방기,입식형 66㎡ 미만,9000,2021-10-20,15093329,https://www.data.go.kr/data/15093329/fileData.do
경상남도,밀양시,냉난방용품,냉난방기,입식형 66㎡ 이상,14000,2021-10-20,15093329,https://www.data.go.kr/data/15093329/fileData.do
경상남도,밀양시,냉난방용품,석유난로,모든규격,5000,2021-10-20,15093329,https://www.data.go.kr/data/15093329/fileData.do
경상남도,밀양시,냉난방용품,선풍기,높이 1m이상,3000,2021-10-20,15093329,https://www.data.go.kr/data/15093329/fileData.do
경상남도,밀양시,냉난방용품,선풍기,높이 1m이상,5000,2021-10-20,15093329,https://www.data.go.kr/data/15093329/fileData.do
경상남도,밀양시,냉난방용품,전기난로,모든규격,2000,2021-10-20,15093329,https://www.data.go.kr/data/15093329/fileData.do
경상남도,밀양시,냉난방용품,전기장판,모든규격,4000,2021-10-20,15093329,https://www.data.go.kr/data/15093329/fileData.do
경상남도,밀양시,냉난방용품,팬히터,모든규격,2000,2021-10-20,15093329,https://www.data.go.kr/data/15093329/fileData.do
경상남도,밀양시,생활용품,거울 액자,㎡당,1000,2021-10-20,15093329,https://www.data.go.kr/data/15093329/fileData.do
경상남도,밀양시,생활용품,돗자리,모든규격,5000,2021-10-20,15093329,https://www.data.go.kr/data/15093329/fileData.do
경상남도,밀양시,생활용품,빨래건조대,모든규격,3000,2021-10-20,15093329,https://www.data.go.kr/data/15093329/fileData.do
경상남도,밀양시,생활용품,여행용가방,모든규격,3000,2021-10-20,15093329,https://www.data.go.kr/data/15093329/fileData.do
경상남도,밀양시,생활용품,옷걸이(입식형),모든규격,3000,2021-10-20,15093329,https://www.data.go.kr/data/15093329/fileData.do
경상남도,밀양시,생활용품,이불,솜이불,5000,2021-10-20,15093329,https://www.data.go.kr/data/15093329/fileData.do
경상남도,밀양시,생활용품,이불,"홑이불, 담요",2000,2021-10-20,15093329,https://www.data.go.kr/data/15093329/fileData.do
경상남도,밀양시,운동기구,세발자전거,모든규격,3000,2021-10-20,15093329,https://www.data.go.kr/data/15093329/fileData.do
경상남도,밀양시,운동기구,자전거,모든규격,5000,2021-10-20,15093329,https://www.data.go.kr/data/15093329/fileData.do
경상남도,밀양시,유아용품,보행기,모든규격,2000,2021-10-20,15093329,https://www.data.go.kr/data/15093329/fileData.do
경상남도,밀양시,유아용품,유모차,모든규격,2000,2021-10-20,15093329,https://www.data.go.kr/data/15093329/fileData.do
경상남도,밀양시,유아용품,유아용변기,모든규격,2000,2021-10-20,15093329,https://www.data.go.kr/data/15093329/fileData.do
경상남도,밀양시,유아용품,유아용욕조,모든규격,2000,2021-10-20,15093329,https://www.data.go.kr/data/15093329/fileData.do
경상남도,밀양시,주방용품,밥상,4인용 미만,2000,2021-10-20,15093329,https://www.data.go.kr/data/15093329/fileData.do
경상남도,밀양시,주방용품,밥상,4인용 이상,3000,2021-10-20,15093329,https://www.data.go.kr/data/15093329/fileData.do
경상남도,밀양시,주방용품,밥통 밥솥,모든규격,3000,2021-10-20,15093329,https://www.data.go.kr/data/15093329/fileData.do
경상남도,밀양시,주방용품,쌀통,모든규격,5000,2021-10-20,15093329,https://www.data.go.kr/data/15093329/fileData.do
경상남도,창녕군,,FRP물통,200ℓ당,2000,,15014580,https://www.data.go.kr/data/15014580/fileData.do
경상남도,창녕군,,VTR,모든규격,2000,,15014580,https://www.data.go.kr/data/15014580/fileData.do
경상남도,창녕군,,가스오븐렌지,가스렌지,2000,,15014580,https://www.data.go.kr/data/15014580/fileData.do
경상남도,창녕군,,가스오븐렌지,오븐렌지,4000,,15014580,https://www.data.go.kr/data/15014580/fileData.do
경상남도,창녕군,,가습기,모든규격,1000,,15014580,https://www.data.go.kr/data/15014580/fileData.do
경상남도,창녕군,,간판,m당,2000,,15014580,https://www.data.go.kr/data/15014580/fileData.do
경상남도,창녕군,,거울,㎡당,1000,,15014580,https://www.data.go.kr/data/15014580/fileData.do
경상남도,창녕군,,공기청정기,높이 1m미만,2000,,15014580,https://www.data.go.kr/data/15014580/fileData.do
경상남도,창녕군,,공기청정기,높이 1m이상,3000,,15014580,https://www.data.go.kr/data/15014580/fileData.do
경상남도,창녕군,,기타잡품목,PP포대당,2000,,15014580,https://www.data.go.kr/data/15014580/fileData.do
경상남도,창녕군,,난로,모든규격,2000,,15014580,https://www.data.go.kr/data/15014580/fileData.do
경상남도,창녕군,,냉·난방기,벽면부착형,3000,,15014580,https://www.data.go.kr/data/15014580/fileData.do
경상남도,창녕군,,냉·난방기,세로형(폭50cm당),5000,,15014580,https://www.data.go.kr/data/15014580/fileData.do
경상남도,창녕군,,냉·난방기,환풍기(팬),3000,,15014580,https://www.data.go.kr/data/15014580/fileData.do
경상남도,창녕군,,냉온수기,높이 1m미만,2000,,15014580,https://www.data.go.kr/data/15014580/fileData.do
경상남도,창녕군,,냉온수기,높이 1m이상,3000,,15014580,https://www.data.go.kr/data/15014580/fileData.do
경상남도,창녕군,,냉장고,100ℓ미만,2000,,15014580,https://www.data.go.kr/data/15014580/fileData.do
경상남도,창녕군,,냉장고,300ℓ미만,4000,,15014580,https://www.data.go.kr/data/15014580/fileData.do
경상남도,창녕군,,냉장고,300ℓ이상,6000,,15014580,https://www.data.go.kr/data/15014580/fileData.do
경상남도,창녕군,,냉장고,500ℓ이상,8000,,15014580,https://www.data.go.kr/data/15014580/fileData.do
경상남도,창녕군,,노트북,모든규격,2000,,15014580,https://www.data.go.kr/data/15014580/fileData.do
경상남도,창녕군,,당구대,모든규격,10000,,15014580,https://www.data.go.kr/data/15014580/fileData.do
경상남도,창녕군,,돌침대,1인용,20000,,15014580,https://www.data.go.kr/data/15014580/fileData.do
경상남도,창녕군,,돌침대,2인용,30000,,15014580,https://www.data.go.kr/data/15014580/fileData.do
경상남도,창녕군,,라텍스 매트,1인용,3000,,15014580,https://www.data.go.kr/data/15014580/fileData.do
경상남도,창녕군,,라텍스 매트,2인용,4000,,15014580,https://www.data.go.kr/data/15014580/fileData.do
경상남도,창녕군,,러닝머신,모든규격,10000,,15014580,https://www.data.go.kr/data/15014580/fileData.do
경상남도,창녕군,,모니터,모든규격,2000,,15014580,https://www.data.go.kr/data/15014580/fileData.do
경상남도,창녕군,,문갑,폭 1.5m이상,5000,,15014580,https://www.data.go.kr/data/15014580/fileData.do
경상남도,창녕군,,문갑,폭 1.5m이하,4000,,15014580,https://www.data.go.kr/data/15014580/fileData.do
경상남도,창녕군,,문짝,0.9m×1.8m당,3000,,15014580,https://www.data.go.kr/data/15014580/fileData.do
경상남도,창녕군,,벤치프레스,모든규격,3000,,15014580,https://www.data.go.kr/data/15014580/fileData.do
경상남도,창녕군,,변기,모든규격,3000,,15014580,https://www.data.go.kr/data/15014580/fileData.do
경상남도,창녕군,,병풍,모든규격,2000,,15014580,https://www.data.go.kr/data/15014580/fileData.do
경상남도,창녕군,,보일러,모든규격,4000,,15014580,https://www.data.go.kr/data/15014580/fileData.do
경상남도,창녕군,,본체,모든규격,2000,,15014580,https://www.data.go.kr/data/15014580/fileData.do
경상남도,창녕군,,사물함,㎡당(가로X세로),3000,,15014580,https://www.data.go.kr/data/15014580/fileData.do
경상남도,창녕군,,서랍장,1단당,1000,,15014580,https://www.data.go.kr/data/15014580/fileData.do
경상남도,창녕군,,선풍기,모든규격,1000,,15014580,https://www.data.go.kr/data/15014580/fileData.do
경상남도,창녕군,,세면기,모든규격,2000,,15014580,https://www.data.go.kr/data/15014580/fileData.do
경상남도,창녕군,,세탁기,모든규격,4000,,15014580,https://www.data.go.kr/data/15014580/fileData.do
경상남도,창녕군,,소파,1인,3000,,15014580,https://www.data.go.kr/data/15014580/fileData.do
경상남도,창녕군,,소파,1인씩 추가,2000,,15014580,https://www.data.go.kr/data/15014580/fileData.do
경상남도,창녕군,,수족관,1m당,3000,,15014580,https://www.data.go.kr/data/15014580/fileData.do
경상남도,창녕군,,식기 건조기,모든규격,2000,,15014580,https://www.data.go.kr/data/15014580/fileData.do
경상남도,창녕군,,식탁,4인용 미만,3000,,15014580,https://www.data.go.kr/data/15014580/fileData.do
경상남도,창녕군,,식탁,4인용 이상,4000,,15014580,https://www.data.go.kr/data/15014580/fileData.do
경상남도,창녕군,,식탁,교자상,2000,,15014580,https://www.data.go.kr/data/15014580/fileData.do
경상남도,창녕군,,신발장,㎡당(가로X세로),3000,,15014580,https://www.data.go.kr/data/15014580/fileData.do
경상남도,창녕군,,쌀통,모든규격,2000,,15014580,https://www.data.go.kr/data/15014580/fileData.do
경상남도,창녕군,,씽크대,1쪽당,2000,,15014580,https://www.data.go.kr/data/15014580/fileData.do
경상남도,창녕군,,씽크대,찬장1m당,3000,,15014580,https://www.data.go.kr/data/15014580/fileData.do
경상남도,창녕군,,안마의자,모든규격,8000,,15014580,https://www.data.go.kr/data/15014580/fileData.do
경상남도,창녕군,,어린이용품,보행기,1000,,15014580,https://www.data.go.kr/data/15014580/fileData.do
경상남도,창녕군,,어린이용품,붕붕차,1000,,15014580,https://www.data.go.kr/data/15014580/fileData.do
경상남도,창녕군,,어린이용품,유모차,2000,,15014580,https://www.data.go.kr/data/15014580/fileData.do
경상남도,창녕군,,업소(사무)용 의자,모든규격,2000,,15014580,https://www.data.go.kr/data/15014580/fileData.do
경상남도,창녕군,,오디오,스피커 1쪽,2000,,15014580,https://www.data.go.kr/data/15014580/fileData.do
경상남도,창녕군,,오디오,일체형,3000,,15014580,https://www.data.go.kr/data/15014580/fileData.do
경상남도,창녕군,,오디오,장식장,2000,,15014580,https://www.data.go.kr/data/15014580/fileData.do
경상남도,창녕군,,오디오,조합형 1단,2000,,15014580,https://www.data.go.kr/data/15014580/fileData.do
경상남도,창녕군,,오락기계,대형(일반용),8000,,15014580,https://www.data.go.kr/data/15014580/fileData.do
경상남도,창녕군,,오락기계,소형,3000,,15014580,https://www.data.go.kr/data/15014580/fileData.do
경상남도,창녕군,,오르간,모든규격,4000,,15014580,https://www.data.go.kr/data/15014580/fileData.do
경상남도,창녕군,,옷걸이,모든규격,1000,,15014580,https://www.data.go.kr/data/15014580/fileData.do
경상남도,창녕군,,옷장,폭 30cm당,2000,,15014580,https://www.data.go.kr/data/15014580/fileData.do
경상남도,창녕군,,욕조,모든규격,3000,,15014580,https://www.data.go.kr/data/15014580/fileData.do
경상남도,창녕군,,유리,㎡당,1000,,15014580,https://www.data.go.kr/data/15014580/fileData.do
경상남도,창녕군,,이동식 화장실,모든규격,10000,,15014580,https://www.data.go.kr/data/15014580/fileData.do
경상남도,창녕군,,자전거,성인용,2000,,15014580,https://www.data.go.kr/data/15014580/fileData.do
경상남도,창녕군,,자전거,어린이용,1000,,15014580,https://www.data.go.kr/data/15014580/fileData.do
경상남도,창녕군,,장독,20ℓ당,1000,,15014580,https://www.data.go.kr/data/15014580/fileData.do
경상남도,창녕군,,장롱,120cm장1쪽,12000,,15014580,https://www.data.go.kr/data/15014580/fileData.do
경상남도,창녕군,,장롱,90cm장1쪽,9000,,15014580,https://www.data.go.kr/data/15014580/fileData.do
경상남도,창녕군,,장식장,폭 1.5m이상,8000,,15014580,https://www.data.go.kr/data/15014580/fileData.do
경상남도,창녕군,,장식장,폭 1m미만,4000,,15014580,https://www.data.go.kr/data/15014580/fileData.do
경상남도,창녕군,,장식장,폭 1m이상,6000,,15014580,https://www.data.go.kr/data/15014580/fileData.do
경상남도,창녕군,,재봉틀,모든규격,2000,,15014580,https://www.data.go.kr/data/15014580/fileData.do
경상남도,창녕군,,전기밥솥,모든규격,1000,,15014580,https://www.data.go.kr/data/15014580/fileData.do
경상남도,창녕군,,전기장판,1인용,2000,,15014580,https://www.data.go.kr/data/15014580/fileData.do
경상남도,창녕군,,전기장판,2인용,3000,,15014580,https://www.data.go.kr/data/15014580/fileData.do
경상남도,창녕군,,전자레인지,모든규격,2000,,15014580,https://www.data.go.kr/data/15014580/fileData.do
경상남도,창녕군,,전자복사기,모든규격,5000,,15014580,https://www.data.go.kr/data/15014580/fileData.do
경상남도,창녕군,,전화기,모든규격,1000,,15014580,https://www.data.go.kr/data/15014580/fileData.do
경상남도,창녕군,,정수기,높이 1m미만,2000,,15014580,https://www.data.go.kr/data/15014580/fileData.do
경상남도,창녕군,,정수기,높이 1m이상,3000,,15014580,https://www.data.go.kr/data/15014580/fileData.do
경상남도,창녕군,,찬장,폭 1.5m이상,8000,,15014580,https://www.data.go.kr/data/15014580/fileData.do
경상남도,창녕군,,찬장,폭 1m미만,4000,,15014580,https://www.data.go.kr/data/15014580/fileData.do
경상남도,창녕군,,찬장,폭 1m이상,6000,,15014580,https://www.data.go.kr/data/15014580/fileData.do
경상남도,창녕군,,책상,"서랍장, 상판, 책장, 유리 포함",8000,,15014580,https://www.data.go.kr/data/15014580/fileData.do
경상남도,창녕군,,책상,양수(대형),5000,,15014580,https://www.data.go.kr/data/15014580/fileData.do
경상남도,창녕군,,책상,책꽂이,2000,,15014580,https://www.data.go.kr/data/15014580/fileData.do
경상남도,창녕군,,책상,편수(소형),4000,,15014580,https://www.data.go.kr/data/15014580/fileData.do
경상남도,창녕군,,청소기,모든규격,2000,,15014580,https://www.data.go.kr/data/15014580/fileData.do
경상남도,창녕군,,칠판,대형,4000,,15014580,https://www.data.go.kr/data/15014580/fileData.do
경상남도,창녕군,,칠판,소형,2000,,15014580,https://www.data.go.kr/data/15014580/fileData.do
경상남도,창녕군,,침대(어린이용),1층조합,6000,,15014580,https://www.data.go.kr/data/15014580/fileData.do
경상남도,창녕군,,침대(어린이용),2층조합,10000,,15014580,https://www.data.go.kr/data/15014580/fileData.do
경상남도,창녕군,,침대(어린이용),매트리스,3000,,15014580,https://www.data.go.kr/data/15014580/fileData.do
경상남도,창녕군,,침대(일반용),1인용,10000,,15014580,https://www.data.go.kr/data/15014580/fileData.do
경상남도,창녕군,,침대(일반용),1인용매트리스,5000,,15014580,https://www.data.go.kr/data/15014580/fileData.do
경상남도,창녕군,,침대(일반용),2인용,15000,,15014580,https://www.data.go.kr/data/15014580/fileData.do
경상남도,창녕군,,침대(일반용),2인용매트리스,8000,,15014580,https://www.data.go.kr/data/15014580/fileData.do
경상남도,창녕군,,카세트라디오,모든규격,1000,,15014580,https://www.data.go.kr/data/15014580/fileData.do
경상남도,창녕군,,카페트,평당,2000,,15014580,https://www.data.go.kr/data/15014580/fileData.do
경상남도,창녕군,,캐비닛,대형,5000,,15014580,https://www.data.go.kr/data/15014580/fileData.do
경상남도,창녕군,,캐비닛,소형(금고형),3000,,15014580,https://www.data.go.kr/data/15014580/fileData.do
경상남도,창녕군,,캐비닛,중형(일반형),4000,,15014580,https://www.data.go.kr/data/15014580/fileData.do
경상남도,창녕군,,컴퓨터키보드,모든규격,1000,,15014580,https://www.data.go.kr/data/15014580/fileData.do
경상남도,창녕군,,타자기,모든규격,2000,,15014580,https://www.data.go.kr/data/15014580/fileData.do
경상남도,창녕군,,탁구대,모든규격,6000,,15014580,https://www.data.go.kr/data/15014580/fileData.do
경상남도,창녕군,,탈수기,모든규격,2000,,15014580,https://www.data.go.kr/data/15014580/fileData.do
경상남도,창녕군,,텔레비전,20인치 미만,3000,,15014580,https://www.data.go.kr/data/15014580/fileData.do
경상남도,창녕군,,텔레비전,20인치이상 시 10인치당,2000,,15014580,https://www.data.go.kr/data/15014580/fileData.do
경상남도,창녕군,,텔레비전 장식대,모든규격,2000,,15014580,https://www.data.go.kr/data/15014580/fileData.do
경상남도,창녕군,,팩스기,모든규격,3000,,15014580,https://www.data.go.kr/data/15014580/fileData.do
경상남도,창녕군,,폐소화기,소형(3.3Kg이하),2000,,15014580,https://www.data.go.kr/data/15014580/fileData.do
경상남도,창녕군,,폐소화기,"중,대형(3.4Kg이상)",3000,,15014580,https://www.data.go.kr/data/15014580/fileData.do
경상남도,창녕군,,프린트,모든규격,2000,,15014580,https://www.data.go.kr/data/15014580/fileData.do
경상남도,창녕군,,피아노,그랜드,15000,,15014580,https://www.data.go.kr/data/15014580/fileData.do
경상남도,창녕군,,피아노,어프라이트,10000,,15014580,https://www.data.go.kr/data/15014580/fileData.do
경상남도,창녕군,,학생용의자,모든규격,1000,,15014580,https://www.data.go.kr/data/15014580/fileData.do
경상남도,창녕군,,화일캐비닛,높이 1m미만,2000,,15014580,https://www.data.go.kr/data/15014580/fileData.do
경상남도,창녕군,,화일캐비닛,높이 1m이상,3000,,15014580,https://www.data.go.kr/data/15014580/fileData.do
경상남도,창녕군,,화장대,모든규격,3000,,15014580,https://www.data.go.kr/data/15014580/fileData.do
경상남도,함양군,가구류,대리석식탁,1제곱미터 당,8000,2024-10-07,15094078,https://www.data.go.kr/data/15094078/fileData.do
경상남도,함양군,가구류,상(床),모든 규격,2000,2024-10-07,15094078,https://www.data.go.kr/data/15094078/fileData.do
경상남도,함양군,가구류,서랍장,1단 당,1000,2024-10-07,15094078,https://www.data.go.kr/data/15094078/fileData.do
경상남도,함양군,가구류,소파,1인용 당,3000,2024-10-07,15094078,https://www.data.go.kr/data/15094078/fileData.do
경상남도,함양군,가구류,소파,스툴,2000,2024-10-07,15094078,https://www.data.go.kr/data/15094078/fileData.do
경상남도,함양군,가구류,식탁,4인용 미만,4000,2024-10-07,15094078,https://www.data.go.kr/data/15094078/fileData.do
경상남도,함양군,가구류,식탁,4인용 이상,6000,2024-10-07,15094078,https://www.data.go.kr/data/15094078/fileData.do
경상남도,함양군,가구류,씽크대,60센티미터 이하 1쪽 당,3000,2024-10-07,15094078,https://www.data.go.kr/data/15094078/fileData.do
경상남도,함양군,가구류,의자(소파 이외),바의자,2000,2024-10-07,15094078,https://www.data.go.kr/data/15094078/fileData.do
경상남도,함양군,가구류,의자(소파 이외),식탁의자,2000,2024-10-07,15094078,https://www.data.go.kr/data/15094078/fileData.do
경상남도,함양군,가구류,의자(소파 이외),안마의자,15000,2024-10-07,15094078,https://www.data.go.kr/data/15094078/fileData.do
경상남도,함양군,가구류,의자(소파 이외),폭 또는 높이 1.2미터 미만,3000,2024-10-07,15094078,https://www.data.go.kr/data/15094078/fileData.do
경상남도,함양군,가구류,의자(소파 이외),폭 또는 높이 1.2미터 이상,5000,2024-10-07,15094078,https://www.data.go.kr/data/15094078/fileData.do
경상남도,함양군,가구류,장롱,폭 1미터미만(1쪽 당),11000,2024-10-07,15094078,https://www.data.go.kr/data/15094078/fileData.do
경상남도,함양군,가구류,장롱,폭 1미터이상(1쪽 당),17000,2024-10-07,15094078,https://www.data.go.kr/data/15094078/fileData.do
경상남도,함양군,가구류,진열장류(책장+장식장+신발장+찬장+렌지대+문갑+TV받침대 등),문이 없는 것 폭 또는 높이 1미터 미만,4000,2024-10-07,15094078,https://www.data.go.kr/data/15094078/fileData.do
경상남도,함양군,가구류,진열장류(책장+장식장+신발장+찬장+렌지대+문갑+TV받침대 등),문이 있는 것 폭 또는 높이 1미터 이상,8000,2024-10-07,15094078,https://www.data.go.kr/data/15094078/fileData.do
경상남도,함양군,가구류,책상,상판 1미터 당,2000,2024-10-07,15094078,https://www.data.go.kr/data/15094078/fileData.do
경상남도,함양군,가구류,책상,양수(대형),6000,2024-10-07,15094078,https://www.data.go.kr/data/15094078/fileData.do
경상남도,함양군,가구류,책상,편수(소형),4000,2024-10-07,15094078,https://www.data.go.kr/data/15094078/fileData.do
경상남도,함양군,가구류,침대(옥+돌+황토),1인용,15000,2024-10-07,15094078,https://www.data.go.kr/data/15094078/fileData.do
경상남도,함양군,가구류,침대(옥+돌+황토),2인용 이상,20000,2024-10-07,15094078,https://www.data.go.kr/data/15094078/fileData.do
경상남도,함양군,가구류,침대받침대,1인용,5000,2024-10-07,15094078,https://www.data.go.kr/data/15094078/fileData.do
경상남도,함양군,가구류,침대받침대,2인용 이상,6000,2024-10-07,15094078,https://www.data.go.kr/data/15094078/fileData.do
경상남도,함양군,가구류,침대받침대,유아용,3000,2024-10-07,15094078,https://www.data.go.kr/data/15094078/fileData.do
경상남도,함양군,가구류,캐비닛,높이 1미터 미만,4000,2024-10-07,15094078,https://www.data.go.kr/data/15094078/fileData.do
경상남도,함양군,가구류,캐비닛,높이 1미터 이상,6000,2024-10-07,15094078,https://www.data.go.kr/data/15094078/fileData.do
경상남도,함양군,가구류,화장대,모든 규격,6000,2024-10-07,15094078,https://www.data.go.kr/data/15094078/fileData.do
경상남도,함양군,가전제품류,공기청정기,높이 1미터 미만,2000,2024-10-07,15094078,https://www.data.go.kr/data/15094078/fileData.do
경상남도,함양군,가전제품류,공기청정기,높이 1미터 이상,4000,2024-10-07,15094078,https://www.data.go.kr/data/15094078/fileData.do
경상남도,함양군,가전제품류,난로,전기난로,3000,2024-10-07,15094078,https://www.data.go.kr/data/15094078/fileData.do
경상남도,함양군,가전제품류,냉장고,1000리터이상,12000,2024-10-07,15094078,https://www.data.go.kr/data/15094078/fileData.do
경상남도,함양군,가전제품류,냉장고,300리터 이상 500리터 미만,7000,2024-10-07,15094078,https://www.data.go.kr/data/15094078/fileData.do
경상남도,함양군,가전제품류,냉장고,300리터미만,4000,2024-10-07,15094078,https://www.data.go.kr/data/15094078/fileData.do
경상남도,함양군,가전제품류,냉장고,500리터 이상 1000리터미만,9000,2024-10-07,15094078,https://www.data.go.kr/data/15094078/fileData.do
경상남도,함양군,가전제품류,비디오+DVD 플레이어,모든 규격,2000,2024-10-07,15094078,https://www.data.go.kr/data/15094078/fileData.do
경상남도,함양군,가전제품류,선풍기,모든 규격,2000,2024-10-07,15094078,https://www.data.go.kr/data/15094078/fileData.do
경상남도,함양군,가전제품류,세탁기,10킬로그램 이하,5000,2024-10-07,15094078,https://www.data.go.kr/data/15094078/fileData.do
경상남도,함양군,가전제품류,세탁기,10킬로그램 초과,7000,2024-10-07,15094078,https://www.data.go.kr/data/15094078/fileData.do
경상남도,함양군,가전제품류,소형가전제품(가습기+전화기+카세트라디오+토스트기+빙수기+헤어드라이기+족욕기+믹서+소형변압기 등),모든 규격,2000,2024-10-07,15094078,https://www.data.go.kr/data/15094078/fileData.do
경상남도,함양군,가전제품류,식기건조기,모든 규격,3000,2024-10-07,15094078,https://www.data.go.kr/data/15094078/fileData.do
경상남도,함양군,가전제품류,식기세척기,모든 규격,3000,2024-10-07,15094078,https://www.data.go.kr/data/15094078/fileData.do
경상남도,함양군,가전제품류,에어컨 실외기,모든 규격,3000,2024-10-07,15094078,https://www.data.go.kr/data/15094078/fileData.do
경상남도,함양군,가전제품류,에어컨+냉난방기,264제곱미터 이상,9000,2024-10-07,15094078,https://www.data.go.kr/data/15094078/fileData.do
경상남도,함양군,가전제품류,에어컨+냉난방기,66제곱미터 미만,3000,2024-10-07,15094078,https://www.data.go.kr/data/15094078/fileData.do
경상남도,함양군,가전제품류,에어컨+냉난방기,66제곱미터 이상 264제곱미터 미만,6000,2024-10-07,15094078,https://www.data.go.kr/data/15094078/fileData.do
경상남도,함양군,가전제품류,오디오,스피커,2000,2024-10-07,15094078,https://www.data.go.kr/data/15094078/fileData.do
경상남도,함양군,가전제품류,오디오,폭 1미터 미만,3000,2024-10-07,15094078,https://www.data.go.kr/data/15094078/fileData.do
경상남도,함양군,가전제품류,오디오,폭 1미터 이상,5000,2024-10-07,15094078,https://www.data.go.kr/data/15094078/fileData.do
경상남도,함양군,가전제품류,의류관리기,모든 규격,8000,2024-10-07,15094078,https://www.data.go.kr/data/15094078/fileData.do
경상남도,함양군,가전제품류,전기밥솥,모든 규격,2000,2024-10-07,15094078,https://www.data.go.kr/data/15094078/fileData.do
경상남도,함양군,가전제품류,정수기(냉온수기),폭 또는 높이 1미터 미만,3000,2024-10-07,15094078,https://www.data.go.kr/data/15094078/fileData.do
경상남도,함양군,가전제품류,정수기(냉온수기),폭 또는 높이 1미터 이상,4000,2024-10-07,15094078,https://www.data.go.kr/data/15094078/fileData.do
경상남도,함양군,가전제품류,청소기,가정용,2000,2024-10-07,15094078,https://www.data.go.kr/data/15094078/fileData.do
경상남도,함양군,가전제품류,청소기,업소용,3000,2024-10-07,15094078,https://www.data.go.kr/data/15094078/fileData.do
경상남도,함양군,가전제품류,컴퓨터,노트북,2000,2024-10-07,15094078,https://www.data.go.kr/data/15094078/fileData.do
경상남도,함양군,가전제품류,컴퓨터,본체+모니터+프린트(소형),3000,2024-10-07,15094078,https://www.data.go.kr/data/15094078/fileData.do
경상남도,함양군,가전제품류,탈수기,모든 규격,3000,2024-10-07,15094078,https://www.data.go.kr/data/15094078/fileData.do
경상남도,함양군,가전제품류,텔레비전,20인치 미만,3000,2024-10-07,15094078,https://www.data.go.kr/data/15094078/fileData.do
경상남도,함양군,가전제품류,텔레비전,20인치 이상 42인치 미만,4000,2024-10-07,15094078,https://www.data.go.kr/data/15094078/fileData.do
경상남도,함양군,가전제품류,텔레비전,42인치 이상,6000,2024-10-07,15094078,https://www.data.go.kr/data/15094078/fileData.do
경상남도,함양군,기타,가방,레저류 가방,4000,2024-10-07,15094078,https://www.data.go.kr/data/15094078/fileData.do
경상남도,함양군,기타,가방,여행가방 20인치 미만,2000,2024-10-07,15094078,https://www.data.go.kr/data/15094078/fileData.do
경상남도,함양군,기타,가방,여행가방 20인치 이상,3000,2024-10-07,15094078,https://www.data.go.kr/data/15094078/fileData.do
경상남도,함양군,기타,간판,1제곱미터 당,3000,2024-10-07,15094078,https://www.data.go.kr/data/15094078/fileData.do
경상남도,함양군,기타,거울+액자+유리,1제곱미터 당,1000,2024-10-07,15094078,https://www.data.go.kr/data/15094078/fileData.do
경상남도,함양군,기타,그 밖의 잡 품목,PP포대 당(25킬로그램),3000,2024-10-07,15094078,https://www.data.go.kr/data/15094078/fileData.do
경상남도,함양군,기타,라텍스,두께 15센티미터 미만,4000,2024-10-07,15094078,https://www.data.go.kr/data/15094078/fileData.do
경상남도,함양군,기타,라텍스,두께 15센티미터 이상,8000,2024-10-07,15094078,https://www.data.go.kr/data/15094078/fileData.do
경상남도,함양군,기타,마네킹,높이 1.5미터 당,4000,2024-10-07,15094078,https://www.data.go.kr/data/15094078/fileData.do
경상남도,함양군,기타,매트리스,1인용,5000,2024-10-07,15094078,https://www.data.go.kr/data/15094078/fileData.do
경상남도,함양군,기타,매트리스,2인용 이상,9000,2024-10-07,15094078,https://www.data.go.kr/data/15094078/fileData.do
경상남도,함양군,기타,문짝,1제곱미터 당,2000,2024-10-07,15094078,https://www.data.go.kr/data/15094078/fileData.do
경상남도,함양군,기타,물통(PE+FRP),1톤 당,10000,2024-10-07,15094078,https://www.data.go.kr/data/15094078/fileData.do
경상남도,함양군,기타,변기,모든 규격,4000,2024-10-07,15094078,https://www.data.go.kr/data/15094078/fileData.do
경상남도,함양군,기타,병풍,개 당,3000,2024-10-07,15094078,https://www.data.go.kr/data/15094078/fileData.do
경상남도,함양군,기타,보일러,모든 규격,5000,2024-10-07,15094078,https://www.data.go.kr/data/15094078/fileData.do
경상남도,함양군,기타,빨래건조대,1미터 당,2000,2024-10-07,15094078,https://www.data.go.kr/data/15094078/fileData.do
경상남도,함양군,기타,세단기,모든 규격,5000,2024-10-07,15094078,https://www.data.go.kr/data/15094078/fileData.do
경상남도,함양군,기타,세면기,모든 규격,3000,2024-10-07,15094078,https://www.data.go.kr/data/15094078/fileData.do
경상남도,함양군,기타,수족관,폭 또는 높이 1미터 당,3000,2024-10-07,15094078,https://www.data.go.kr/data/15094078/fileData.do
경상남도,함양군,기타,승용 타이어,폭 195밀리미터 미만,3000,2024-10-07,15094078,https://www.data.go.kr/data/15094078/fileData.do
경상남도,함양군,기타,승용 타이어,폭 195밀리미터 이상,4000,2024-10-07,15094078,https://www.data.go.kr/data/15094078/fileData.do
경상남도,함양군,기타,시계,벽걸이,1000,2024-10-07,15094078,https://www.data.go.kr/data/15094078/fileData.do
경상남도,함양군,기타,시계,입식,2000,2024-10-07,15094078,https://www.data.go.kr/data/15094078/fileData.do
경상남도,함양군,기타,쓰레기통류,폭 또는 높이 40센티미터 당,2000,2024-10-07,15094078,https://www.data.go.kr/data/15094078/fileData.do
경상남도,함양군,기타,아이스박스,모든 규격,2000,2024-10-07,15094078,https://www.data.go.kr/data/15094078/fileData.do
경상남도,함양군,기타,어린이용품,유모차+보행기+붕붕차+카시트,2000,2024-10-07,15094078,https://www.data.go.kr/data/15094078/fileData.do
경상남도,함양군,기타,오락기계,대형(업소용),7000,2024-10-07,15094078,https://www.data.go.kr/data/15094078/fileData.do
경상남도,함양군,기타,오락기계,소형(가정용),3000,2024-10-07,15094078,https://www.data.go.kr/data/15094078/fileData.do
경상남도,함양군,기타,옥매트(건강매트),모든 규격,4000,2024-10-07,15094078,https://www.data.go.kr/data/15094078/fileData.do
경상남도,함양군,기타,욕조,모든 규격,6000,2024-10-07,15094078,https://www.data.go.kr/data/15094078/fileData.do
경상남도,함양군,기타,운동기구,폭 또는 높이 1미터 당,4000,2024-10-07,15094078,https://www.data.go.kr/data/15094078/fileData.do
경상남도,함양군,기타,유아매트,3.3제곱미터 당,1000,2024-10-07,15094078,https://www.data.go.kr/data/15094078/fileData.do
경상남도,함양군,기타,유아용 미끄럼틀,폭 또는 높이 1미터 당,3000,2024-10-07,15094078,https://www.data.go.kr/data/15094078/fileData.do
경상남도,함양군,기타,의료기기,폭 또는 높이 1미터 당,4000,2024-10-07,15094078,https://www.data.go.kr/data/15094078/fileData.do
경상남도,함양군,기타,이불,180센티미터×220센티미터 1장당,2000,2024-10-07,15094078,https://www.data.go.kr/data/15094078/fileData.do
경상남도,함양군,기타,자동판매기,폭 또는 높이 1미터 미만,11000,2024-10-07,15094078,https://www.data.go.kr/data/15094078/fileData.do
경상남도,함양군,기타,자동판매기,폭 또는 높이 1미터 이상,17000,2024-10-07,15094078,https://www.data.go.kr/data/15094078/fileData.do
경상남도,함양군,기타,자전거,유아용 자전거,2000,2024-10-07,15094078,https://www.data.go.kr/data/15094078/fileData.do
경상남도,함양군,기타,자전거,자전거,4000,2024-10-07,15094078,https://www.data.go.kr/data/15094078/fileData.do
경상남도,함양군,기타,장독,모든 규격,2000,2024-10-07,15094078,https://www.data.go.kr/data/15094078/fileData.do
경상남도,함양군,기타,장판류,3.3제곱미터 당,1000,2024-10-07,15094078,https://www.data.go.kr/data/15094078/fileData.do
경상남도,함양군,기타,재봉틀,모든 규격,3000,2024-10-07,15094078,https://www.data.go.kr/data/15094078/fileData.do
경상남도,함양군,기타,전기장판,모든 규격,2000,2024-10-07,15094078,https://www.data.go.kr/data/15094078/fileData.do
경상남도,함양군,기타,전자복사기,폭 또는 높이 1미터 이상,6000,2024-10-07,15094078,https://www.data.go.kr/data/15094078/fileData.do
경상남도,함양군,기타,정화조(PE+FRP),1톤 당,10000,2024-10-07,15094078,https://www.data.go.kr/data/15094078/fileData.do
경상남도,함양군,기타,창틀,1제곱미터 당,2000,2024-10-07,15094078,https://www.data.go.kr/data/15094078/fileData.do
경상남도,함양군,기타,카펫,2미터×4미터 미만,4000,2024-10-07,15094078,https://www.data.go.kr/data/15094078/fileData.do
경상남도,함양군,기타,카펫,2미터×4미터 이상,6000,2024-10-07,15094078,https://www.data.go.kr/data/15094078/fileData.do
경상남도,함양군,기타,타악기류,모든 규격,5000,2024-10-07,15094078,https://www.data.go.kr/data/15094078/fileData.do
경상남도,함양군,기타,타자기,모든 규격,3000,2024-10-07,15094078,https://www.data.go.kr/data/15094078/fileData.do
경상남도,함양군,기타,팩스기,모든 규격,3000,2024-10-07,15094078,https://www.data.go.kr/data/15094078/fileData.do
경상남도,함양군,기타,팬+후드,모든 규격,2000,2024-10-07,15094078,https://www.data.go.kr/data/15094078/fileData.do
경상남도,함양군,기타,폐소화기,모든 규격,3000,2024-10-07,15094078,https://www.data.go.kr/data/15094078/fileData.do
경상남도,함양군,기타,피아노류,그랜드,17000,2024-10-07,15094078,https://www.data.go.kr/data/15094078/fileData.do
경상남도,함양군,기타,피아노류,디지털,7000,2024-10-07,15094078,https://www.data.go.kr/data/15094078/fileData.do
경상남도,함양군,기타,피아노류,업라이트,11000,2024-10-07,15094078,https://www.data.go.kr/data/15094078/fileData.do
경상남도,함양군,기타,피아노류,오르간,5000,2024-10-07,15094078,https://www.data.go.kr/data/15094078/fileData.do
경상남도,함양군,기타,현악기류,모든 규격,3000,2024-10-07,15094078,https://www.data.go.kr/data/15094078/fileData.do
경상남도,함양군,기타,휠체어,모든 규격,3000,2024-10-07,15094078,https://www.data.go.kr/data/15094078/fileData.do
경상남도,함양군,생활용품류,난로,가스난로,4000,2024-10-07,15094078,https://www.data.go.kr/data/15094078/fileData.do
경상남도,함양군,생활용품류,난로,석유난로,4000,2024-10-07,15094078,https://www.data.go.kr/data/15094078/fileData.do
경상남도,함양군,생활용품류,쌀통,모든 규격,3000,2024-10-07,15094078,https://www.data.go.kr/data/15094078/fileData.do
경상남도,함양군,생활용품류,오븐렌지,폭 또는 높이 1미터 미만,2000,2024-10-07,15094078,https://www.data.go.kr/data/15094078/fileData.do
경상남도,함양군,생활용품류,오븐렌지,폭 또는 높이 1미터 이상,4000,2024-10-07,15094078,https://www.data.go.kr/data/15094078/fileData.do
경상남도,함양군,생활용품류,옷걸이,모든 규격,1000,2024-10-07,15094078,https://www.data.go.kr/data/15094078/fileData.do
경상남도,함양군,생활용품류,전자+가스레인지,모든 규격,2000,2024-10-07,15094078,https://www.data.go.kr/data/15094078/fileData.do
경상남도,함양군,생활용품류,조명+스탠드,모든 규격,2000,2024-10-07,15094078,https://www.data.go.kr/data/15094078/fileData.do
경상북도,고령군,가구류,매트리스,"더블,퀸사이즈",8000,2026-01-02,15140993,https://www.data.go.kr/data/15140993/fileData.do
경상북도,고령군,가구류,매트리스,싱글,5000,2026-01-02,15140993,https://www.data.go.kr/data/15140993/fileData.do
경상북도,고령군,가구류,"문갑,회장대",모든 규격,3000,2026-01-02,15140993,https://www.data.go.kr/data/15140993/fileData.do
경상북도,고령군,가구류,서랍장,4단 미만,2000,2026-01-02,15140993,https://www.data.go.kr/data/15140993/fileData.do
경상북도,고령군,가구류,서랍장,4단 이상,4000,2026-01-02,15140993,https://www.data.go.kr/data/15140993/fileData.do
경상북도,고령군,가구류,쇼파,1인용,2000,2026-01-02,15140993,https://www.data.go.kr/data/15140993/fileData.do
경상북도,고령군,가구류,쇼파,4인용 미만,3000,2026-01-02,15140993,https://www.data.go.kr/data/15140993/fileData.do
경상북도,고령군,가구류,쇼파,4인용 이상,5000,2026-01-02,15140993,https://www.data.go.kr/data/15140993/fileData.do
경상북도,고령군,가구류,신발장,모든 규격,2000,2026-01-02,15140993,https://www.data.go.kr/data/15140993/fileData.do
경상북도,고령군,가구류,안마의자,모든 규격,20000,2026-01-02,15140993,https://www.data.go.kr/data/15140993/fileData.do
경상북도,고령군,가구류,옷걸이,스탠드형,2000,2026-01-02,15140993,https://www.data.go.kr/data/15140993/fileData.do
경상북도,고령군,가구류,의자,모든 규격,2000,2026-01-02,15140993,https://www.data.go.kr/data/15140993/fileData.do
경상북도,고령군,가구류,장롱,120㎝ 미만 1쪽,10000,2026-01-02,15140993,https://www.data.go.kr/data/15140993/fileData.do
경상북도,고령군,가구류,장롱,120㎝ 이상 1쪽,15000,2026-01-02,15140993,https://www.data.go.kr/data/15140993/fileData.do
경상북도,고령군,가구류,장식장(폭또는높이),1m 미만,4000,2026-01-02,15140993,https://www.data.go.kr/data/15140993/fileData.do
경상북도,고령군,가구류,장식장(폭또는높이),1m 이상,6000,2026-01-02,15140993,https://www.data.go.kr/data/15140993/fileData.do
경상북도,고령군,가구류,책상,양수(대형),5000,2026-01-02,15140993,https://www.data.go.kr/data/15140993/fileData.do
경상북도,고령군,가구류,책상,편수(소형),4000,2026-01-02,15140993,https://www.data.go.kr/data/15140993/fileData.do
경상북도,고령군,가구류,책장(폭또는높이),1m 미만,2000,2026-01-02,15140993,https://www.data.go.kr/data/15140993/fileData.do
경상북도,고령군,가구류,책장(폭또는높이),1m 이상,4000,2026-01-02,15140993,https://www.data.go.kr/data/15140993/fileData.do
경상북도,고령군,가구류,"침대(돌,옥,황토)",1인용,30000,2026-01-02,15140993,https://www.data.go.kr/data/15140993/fileData.do
경상북도,고령군,가구류,"침대(돌,옥,황토)",2인용,30000,2026-01-02,15140993,https://www.data.go.kr/data/15140993/fileData.do
경상북도,고령군,가구류,침대(매트리스포함),"더블,퀸사이즈",15000,2026-01-02,15140993,https://www.data.go.kr/data/15140993/fileData.do
경상북도,고령군,가구류,침대(매트리스포함),싱글,10000,2026-01-02,15140993,https://www.data.go.kr/data/15140993/fileData.do
경상북도,고령군,가구류,캐비닛,모든 규격,4000,2026-01-02,15140993,https://www.data.go.kr/data/15140993/fileData.do
경상북도,고령군,가구류,탁자,모든 규격,3000,2026-01-02,15140993,https://www.data.go.kr/data/15140993/fileData.do
경상북도,고령군,가구류,화일캐비닛,4단 이상,3000,2026-01-02,15140993,https://www.data.go.kr/data/15140993/fileData.do
경상북도,고령군,가구류,화일캐비닛,4단 이하,2000,2026-01-02,15140993,https://www.data.go.kr/data/15140993/fileData.do
경상북도,고령군,가전제품,TV,25인치 미만,3000,2026-01-02,15140993,https://www.data.go.kr/data/15140993/fileData.do
경상북도,고령군,가전제품,TV,25인치 이상,5000,2026-01-02,15140993,https://www.data.go.kr/data/15140993/fileData.do
경상북도,고령군,가전제품,개인용컴퓨터,모니터,2000,2026-01-02,15140993,https://www.data.go.kr/data/15140993/fileData.do
경상북도,고령군,가전제품,개인용컴퓨터,본체,2000,2026-01-02,15140993,https://www.data.go.kr/data/15140993/fileData.do
경상북도,고령군,가전제품,개인용컴퓨터,스피커,1000,2026-01-02,15140993,https://www.data.go.kr/data/15140993/fileData.do
경상북도,고령군,가전제품,개인용컴퓨터,키보드,1000,2026-01-02,15140993,https://www.data.go.kr/data/15140993/fileData.do
경상북도,고령군,가전제품,개인용컴퓨터,프린터기,2000,2026-01-02,15140993,https://www.data.go.kr/data/15140993/fileData.do
경상북도,고령군,가전제품,공기청정기,높이1m 미만,2000,2026-01-02,15140993,https://www.data.go.kr/data/15140993/fileData.do
경상북도,고령군,가전제품,공기청정기,높이1m 이상,4000,2026-01-02,15140993,https://www.data.go.kr/data/15140993/fileData.do
경상북도,고령군,가전제품,냉장고,300ℓ 미만,4000,2026-01-02,15140993,https://www.data.go.kr/data/15140993/fileData.do
경상북도,고령군,가전제품,냉장고,300ℓ 이상,6000,2026-01-02,15140993,https://www.data.go.kr/data/15140993/fileData.do
경상북도,고령군,가전제품,냉장고,500ℓ 이상,8000,2026-01-02,15140993,https://www.data.go.kr/data/15140993/fileData.do
경상북도,고령군,가전제품,다리미,모든규격,1000,2026-01-02,15140993,https://www.data.go.kr/data/15140993/fileData.do
경상북도,고령군,가전제품,복사기,모든규격,15000,2026-01-02,15140993,https://www.data.go.kr/data/15140993/fileData.do
경상북도,고령군,가전제품,"선풍기,가습기,청소기",모든규격,2000,2026-01-02,15140993,https://www.data.go.kr/data/15140993/fileData.do
경상북도,고령군,가전제품,"세탁기,건조기",모든규격,4000,2026-01-02,15140993,https://www.data.go.kr/data/15140993/fileData.do
경상북도,고령군,가전제품,"에어컨,온풍기",264㎡형 이상,8000,2026-01-02,15140993,https://www.data.go.kr/data/15140993/fileData.do
경상북도,고령군,가전제품,"에어컨,온풍기",66㎡형 미만,3000,2026-01-02,15140993,https://www.data.go.kr/data/15140993/fileData.do
경상북도,고령군,가전제품,"에어컨,온풍기",66㎡형 이상,5000,2026-01-02,15140993,https://www.data.go.kr/data/15140993/fileData.do
경상북도,고령군,가전제품,"오디오,비디오",모든 규격,3000,2026-01-02,15140993,https://www.data.go.kr/data/15140993/fileData.do
경상북도,고령군,가전제품,전가오락기(게임기),높이1m 미만,5000,2026-01-02,15140993,https://www.data.go.kr/data/15140993/fileData.do
경상북도,고령군,가전제품,전가오락기(게임기),높이1m 이상,10000,2026-01-02,15140993,https://www.data.go.kr/data/15140993/fileData.do
경상북도,고령군,가전제품,팩시미리,모든규격,3000,2026-01-02,15140993,https://www.data.go.kr/data/15140993/fileData.do
경상북도,고령군,기타,가시트,모든규격,3000,2026-01-02,15140993,https://www.data.go.kr/data/15140993/fileData.do
경상북도,고령군,기타,거울,1㎡미만,1000,2026-01-02,15140993,https://www.data.go.kr/data/15140993/fileData.do
경상북도,고령군,기타,거울,1㎡이상,3000,2026-01-02,15140993,https://www.data.go.kr/data/15140993/fileData.do
경상북도,고령군,기타,"문갑,회장대",실내문,3000,2026-01-02,15140993,https://www.data.go.kr/data/15140993/fileData.do
경상북도,고령군,기타,"문갑,회장대",유리문,15000,2026-01-02,15140993,https://www.data.go.kr/data/15140993/fileData.do
경상북도,고령군,기타,"문갑,회장대",철문,5000,2026-01-02,15140993,https://www.data.go.kr/data/15140993/fileData.do
경상북도,고령군,기타,물탱크저수조,1톤당,10000,2026-01-02,15140993,https://www.data.go.kr/data/15140993/fileData.do
경상북도,고령군,기타,배기후드,모든규격,2000,2026-01-02,15140993,https://www.data.go.kr/data/15140993/fileData.do
경상북도,고령군,기타,벽시계,대형(1m이상),5000,2026-01-02,15140993,https://www.data.go.kr/data/15140993/fileData.do
경상북도,고령군,기타,벽시계,소형(0.5m미만),1000,2026-01-02,15140993,https://www.data.go.kr/data/15140993/fileData.do
경상북도,고령군,기타,벽시계,중형(0.5m이상 1m미만),3000,2026-01-02,15140993,https://www.data.go.kr/data/15140993/fileData.do
경상북도,고령군,기타,변기,비데,3000,2026-01-02,15140993,https://www.data.go.kr/data/15140993/fileData.do
경상북도,고령군,기타,변기,양변기,10000,2026-01-02,15140993,https://www.data.go.kr/data/15140993/fileData.do
경상북도,고령군,기타,변기,좌변기,5000,2026-01-02,15140993,https://www.data.go.kr/data/15140993/fileData.do
경상북도,고령군,기타,보일러,20평미만,3000,2026-01-02,15140993,https://www.data.go.kr/data/15140993/fileData.do
경상북도,고령군,기타,"보행기,유모차",모든규격,2000,2026-01-02,15140993,https://www.data.go.kr/data/15140993/fileData.do
경상북도,고령군,기타,수족과,1㎥미만,3000,2026-01-02,15140993,https://www.data.go.kr/data/15140993/fileData.do
경상북도,고령군,기타,수족관,1㎥이상,5000,2026-01-02,15140993,https://www.data.go.kr/data/15140993/fileData.do
경상북도,고령군,기타,스티로폼(폐건축자재및재활용불가품),0.1㎥마다,1000,2026-01-02,15140993,https://www.data.go.kr/data/15140993/fileData.do
경상북도,고령군,기타,스티로폼(폐건축자재및재활용불가품),1㎥ 기준,10000,2026-01-02,15140993,https://www.data.go.kr/data/15140993/fileData.do
경상북도,고령군,기타,액자,1㎡미만,1000,2026-01-02,15140993,https://www.data.go.kr/data/15140993/fileData.do
경상북도,고령군,기타,액자,1㎡이상,3000,2026-01-02,15140993,https://www.data.go.kr/data/15140993/fileData.do
경상북도,고령군,기타,여행용가방,모든규격,2000,2026-01-02,15140993,https://www.data.go.kr/data/15140993/fileData.do
경상북도,고령군,기타,옷장,모든 규격,2000,2026-01-02,15140993,https://www.data.go.kr/data/15140993/fileData.do
경상북도,고령군,기타,욕조,모든 규격,5000,2026-01-02,15140993,https://www.data.go.kr/data/15140993/fileData.do
경상북도,고령군,기타,이불,솜이불(장당),2000,2026-01-02,15140993,https://www.data.go.kr/data/15140993/fileData.do
경상북도,고령군,기타,이불,홑이불(장당),1000,2026-01-02,15140993,https://www.data.go.kr/data/15140993/fileData.do
경상북도,고령군,기타,자전거,모든규격,3000,2026-01-02,15140993,https://www.data.go.kr/data/15140993/fileData.do
경상북도,고령군,기타,장판,1㎥당,1000,2026-01-02,15140993,https://www.data.go.kr/data/15140993/fileData.do
경상북도,고령군,기타,전화기,모든규격,1000,2026-01-02,15140993,https://www.data.go.kr/data/15140993/fileData.do
경상북도,고령군,기타,카펫,1㎡미만,2000,2026-01-02,15140993,https://www.data.go.kr/data/15140993/fileData.do
경상북도,고령군,기타,카펫,1㎡이상,4000,2026-01-02,15140993,https://www.data.go.kr/data/15140993/fileData.do
경상북도,고령군,기타,타이어,림외경19인치미만,3000,2026-01-02,15140993,https://www.data.go.kr/data/15140993/fileData.do
경상북도,고령군,기타,타이어,림외경19인치이상,5000,2026-01-02,15140993,https://www.data.go.kr/data/15140993/fileData.do
경상북도,고령군,기타,파티션,2m 미만,4000,2026-01-02,15140993,https://www.data.go.kr/data/15140993/fileData.do
경상북도,고령군,기타,파티션,2m 이상,5000,2026-01-02,15140993,https://www.data.go.kr/data/15140993/fileData.do
경상북도,고령군,기타,폐소화기(규격기준),15㎏ 이상,7000,2026-01-02,15140993,https://www.data.go.kr/data/15140993/fileData.do
경상북도,고령군,기타,폐소화기(규격기준),3.3㎏ 미만,2000,2026-01-02,15140993,https://www.data.go.kr/data/15140993/fileData.do
경상북도,고령군,기타,폐소화기(규격기준),3.3㎏ 이상,3000,2026-01-02,15140993,https://www.data.go.kr/data/15140993/fileData.do
경상북도,고령군,기타,폐소화기(규격기준),7㎏이상 15㎏미만,5000,2026-01-02,15140993,https://www.data.go.kr/data/15140993/fileData.do
경상북도,고령군,기타,화분,높이 50㎝미만,1000,2026-01-02,15140993,https://www.data.go.kr/data/15140993/fileData.do
경상북도,고령군,기타,화분,높이 50㎝이상,2000,2026-01-02,15140993,https://www.data.go.kr/data/15140993/fileData.do
경상북도,고령군,난방용품,난로,대형,5000,2026-01-02,15140993,https://www.data.go.kr/data/15140993/fileData.do
경상북도,고령군,난방용품,난로,소형,2000,2026-01-02,15140993,https://www.data.go.kr/data/15140993/fileData.do
경상북도,고령군,난방용품,보일러등유류통,1톤당,5000,2026-01-02,15140993,https://www.data.go.kr/data/15140993/fileData.do
경상북도,고령군,난방용품,전기스토브,모든규격,2000,2026-01-02,15140993,https://www.data.go.kr/data/15140993/fileData.do
경상북도,고령군,난방용품,전기장판온수매트,모든규격,4000,2026-01-02,15140993,https://www.data.go.kr/data/15140993/fileData.do
경상북도,고령군,악기,오르간,모든 규격,5000,2026-01-02,15140993,https://www.data.go.kr/data/15140993/fileData.do
경상북도,고령군,악기,피아노,대형,15000,2026-01-02,15140993,https://www.data.go.kr/data/15140993/fileData.do
경상북도,고령군,악기,피아노,소형,10000,2026-01-02,15140993,https://www.data.go.kr/data/15140993/fileData.do
경상북도,고령군,주방용품,가스(오븐)레인지,높이1m 미만,2000,2026-01-02,15140993,https://www.data.go.kr/data/15140993/fileData.do
경상북도,고령군,주방용품,가스(오븐)레인지,높이1m 이상,4000,2026-01-02,15140993,https://www.data.go.kr/data/15140993/fileData.do
경상북도,고령군,주방용품,교자상,대형(4인 이상),2000,2026-01-02,15140993,https://www.data.go.kr/data/15140993/fileData.do
경상북도,고령군,주방용품,교자상,소형(4인 미만),1000,2026-01-02,15140993,https://www.data.go.kr/data/15140993/fileData.do
경상북도,고령군,주방용품,"믹서기,분쇄기",모든 규격,1000,2026-01-02,15140993,https://www.data.go.kr/data/15140993/fileData.do
경상북도,고령군,주방용품,식기(세척)건조기,인공건조(동력),4000,2026-01-02,15140993,https://www.data.go.kr/data/15140993/fileData.do
경상북도,고령군,주방용품,식탁,6인 미만,4000,2026-01-02,15140993,https://www.data.go.kr/data/15140993/fileData.do
경상북도,고령군,주방용품,식탁,6인 이상,5000,2026-01-02,15140993,https://www.data.go.kr/data/15140993/fileData.do
경상북도,고령군,주방용품,싱크대,1쪽,3000,2026-01-02,15140993,https://www.data.go.kr/data/15140993/fileData.do
경상북도,고령군,주방용품,쌀통,모든 규격,2000,2026-01-02,15140993,https://www.data.go.kr/data/15140993/fileData.do
경상북도,고령군,주방용품,전기(압력)밥솥,모든 규격,2000,2026-01-02,15140993,https://www.data.go.kr/data/15140993/fileData.do
경상북도,고령군,주방용품,전자레인지,모든 규격,3000,2026-01-02,15140993,https://www.data.go.kr/data/15140993/fileData.do
경상북도,김천시,,(매트리스포함),,10000,2026-08-21,15093130,https://www.data.go.kr/data/15093130/fileData.do
경상북도,김천시,,(장식장 추가),,3000,2026-08-21,15093130,https://www.data.go.kr/data/15093130/fileData.do
경상북도,김천시,,PVC파이프,,5000,2026-08-21,15093130,https://www.data.go.kr/data/15093130/fileData.do
경상북도,김천시,,가방류,,1000,2026-08-21,15093130,https://www.data.go.kr/data/15093130/fileData.do
경상북도,김천시,,가스오븐렌지,,2000,2026-08-21,15093130,https://www.data.go.kr/data/15093130/fileData.do
경상북도,김천시,,가스오븐렌지,,4000,2026-08-21,15093130,https://www.data.go.kr/data/15093130/fileData.do
경상북도,김천시,,가습기,,2000,2026-08-21,15093130,https://www.data.go.kr/data/15093130/fileData.do
경상북도,김천시,,공기청정기,,2000,2026-08-21,15093130,https://www.data.go.kr/data/15093130/fileData.do
경상북도,김천시,,공기청정기,,4000,2026-08-21,15093130,https://www.data.go.kr/data/15093130/fileData.do
경상북도,김천시,,기름탱크,,4000,2026-08-21,15093130,https://www.data.go.kr/data/15093130/fileData.do
경상북도,김천시,,기름탱크,,5000,2026-08-21,15093130,https://www.data.go.kr/data/15093130/fileData.do
경상북도,김천시,,"깨진 유리, 이사, 집수리, 정원손질, 부산물 등 쓰레기봉투에 담기 어려운 가정배출 대형폐기물",,3000,2026-08-21,15093130,https://www.data.go.kr/data/15093130/fileData.do
경상북도,김천시,,난로,,2000,2026-08-21,15093130,https://www.data.go.kr/data/15093130/fileData.do
경상북도,김천시,,냉장고,,4000,2026-08-21,15093130,https://www.data.go.kr/data/15093130/fileData.do
경상북도,김천시,,냉장고,,6000,2026-08-21,15093130,https://www.data.go.kr/data/15093130/fileData.do
경상북도,김천시,,냉장고,,8000,2026-08-21,15093130,https://www.data.go.kr/data/15093130/fileData.do
경상북도,김천시,,다리미,,1000,2026-08-21,15093130,https://www.data.go.kr/data/15093130/fileData.do
경상북도,김천시,,다리미판,,1000,2026-08-21,15093130,https://www.data.go.kr/data/15093130/fileData.do
경상북도,김천시,,드럼통,,1000,2026-08-21,15093130,https://www.data.go.kr/data/15093130/fileData.do
경상북도,김천시,,매트리스,,5000,2026-08-21,15093130,https://www.data.go.kr/data/15093130/fileData.do
경상북도,김천시,,매트리스,,8000,2026-08-21,15093130,https://www.data.go.kr/data/15093130/fileData.do
경상북도,김천시,,문,,3000,2026-08-21,15093130,https://www.data.go.kr/data/15093130/fileData.do
경상북도,김천시,,문,,4000,2026-08-21,15093130,https://www.data.go.kr/data/15093130/fileData.do
경상북도,김천시,,문갑,,3000,2026-08-21,15093130,https://www.data.go.kr/data/15093130/fileData.do
경상북도,김천시,,물탱크(FRP),,10000,2026-08-21,15093130,https://www.data.go.kr/data/15093130/fileData.do
경상북도,김천시,,물탱크(FRP),,15000,2026-08-21,15093130,https://www.data.go.kr/data/15093130/fileData.do
경상북도,김천시,,밥상,,2000,2026-08-21,15093130,https://www.data.go.kr/data/15093130/fileData.do
경상북도,김천시,,밥상,,3000,2026-08-21,15093130,https://www.data.go.kr/data/15093130/fileData.do
경상북도,김천시,,벽시계,,2000,2026-08-21,15093130,https://www.data.go.kr/data/15093130/fileData.do
경상북도,김천시,,벽시계,,3000,2026-08-21,15093130,https://www.data.go.kr/data/15093130/fileData.do
경상북도,김천시,,벽시계,,5000,2026-08-21,15093130,https://www.data.go.kr/data/15093130/fileData.do
경상북도,김천시,,변기,,5000,2026-08-21,15093130,https://www.data.go.kr/data/15093130/fileData.do
경상북도,김천시,,변기,,10000,2026-08-21,15093130,https://www.data.go.kr/data/15093130/fileData.do
경상북도,김천시,,보일러,,5000,2026-08-21,15093130,https://www.data.go.kr/data/15093130/fileData.do
경상북도,김천시,,보일러,,10000,2026-08-21,15093130,https://www.data.go.kr/data/15093130/fileData.do
경상북도,김천시,,"보행기, 유모차, 유아카시트",,2000,2026-08-21,15093130,https://www.data.go.kr/data/15093130/fileData.do
경상북도,김천시,,복사기,,10000,2026-08-21,15093130,https://www.data.go.kr/data/15093130/fileData.do
경상북도,김천시,,"비디오, 청소기, 정수기, 탈수기, 팩스밀리, 선풍기, 쌀통, 녹즙기, 배기후드",,2000,2026-08-21,15093130,https://www.data.go.kr/data/15093130/fileData.do
경상북도,김천시,,비키니옷장,,2000,2026-08-21,15093130,https://www.data.go.kr/data/15093130/fileData.do
경상북도,김천시,,서랍장,,4000,2026-08-21,15093130,https://www.data.go.kr/data/15093130/fileData.do
경상북도,김천시,,세면대,,5000,2026-08-21,15093130,https://www.data.go.kr/data/15093130/fileData.do
경상북도,김천시,,세탁기,,3000,2026-08-21,15093130,https://www.data.go.kr/data/15093130/fileData.do
경상북도,김천시,,세탁기,,4000,2026-08-21,15093130,https://www.data.go.kr/data/15093130/fileData.do
경상북도,김천시,,소화기,,2000,2026-08-21,15093130,https://www.data.go.kr/data/15093130/fileData.do
경상북도,김천시,,소화기,,4000,2026-08-21,15093130,https://www.data.go.kr/data/15093130/fileData.do
경상북도,김천시,,소화기,,6000,2026-08-21,15093130,https://www.data.go.kr/data/15093130/fileData.do
경상북도,김천시,,쇼파,,3000,2026-08-21,15093130,https://www.data.go.kr/data/15093130/fileData.do
경상북도,김천시,,쇼파,,6000,2026-08-21,15093130,https://www.data.go.kr/data/15093130/fileData.do
경상북도,김천시,,쇼파,,9000,2026-08-21,15093130,https://www.data.go.kr/data/15093130/fileData.do
경상북도,김천시,,수도호스,,2000,2026-08-21,15093130,https://www.data.go.kr/data/15093130/fileData.do
경상북도,김천시,,수족관(어항),,8000,2026-08-21,15093130,https://www.data.go.kr/data/15093130/fileData.do
경상북도,김천시,,수족관(어항),,10000,2026-08-21,15093130,https://www.data.go.kr/data/15093130/fileData.do
경상북도,김천시,,수족관(어항),,15000,2026-08-21,15093130,https://www.data.go.kr/data/15093130/fileData.do
경상북도,김천시,,스티로폼ㆍ목재류,,2000,2026-08-21,15093130,https://www.data.go.kr/data/15093130/fileData.do
경상북도,김천시,,식탁,,4000,2026-08-21,15093130,https://www.data.go.kr/data/15093130/fileData.do
경상북도,김천시,,식탁,,5000,2026-08-21,15093130,https://www.data.go.kr/data/15093130/fileData.do
경상북도,김천시,,"신발장, 진열대",,2000,2026-08-21,15093130,https://www.data.go.kr/data/15093130/fileData.do
경상북도,김천시,,"신발장, 진열대",,4000,2026-08-21,15093130,https://www.data.go.kr/data/15093130/fileData.do
경상북도,김천시,,쌀통,,2000,2026-08-21,15093130,https://www.data.go.kr/data/15093130/fileData.do
경상북도,김천시,,씽크대,,4000,2026-08-21,15093130,https://www.data.go.kr/data/15093130/fileData.do
경상북도,김천시,,씽크대,,5000,2026-08-21,15093130,https://www.data.go.kr/data/15093130/fileData.do
경상북도,김천시,,씽크찬장,,2000,2026-08-21,15093130,https://www.data.go.kr/data/15093130/fileData.do
경상북도,김천시,,씽크찬장,,3000,2026-08-21,15093130,https://www.data.go.kr/data/15093130/fileData.do
경상북도,김천시,,액자,,1000,2026-08-21,15093130,https://www.data.go.kr/data/15093130/fileData.do
경상북도,김천시,,액자,,2000,2026-08-21,15093130,https://www.data.go.kr/data/15093130/fileData.do
경상북도,김천시,,에어컨,,3000,2026-08-21,15093130,https://www.data.go.kr/data/15093130/fileData.do
경상북도,김천시,,에어컨,,5000,2026-08-21,15093130,https://www.data.go.kr/data/15093130/fileData.do
경상북도,김천시,,에어컨,,8000,2026-08-21,15093130,https://www.data.go.kr/data/15093130/fileData.do
경상북도,김천시,,오디오장식장,,3000,2026-08-21,15093130,https://www.data.go.kr/data/15093130/fileData.do
경상북도,김천시,,옷걸이,,4000,2026-08-21,15093130,https://www.data.go.kr/data/15093130/fileData.do
경상북도,김천시,,욕조,,5000,2026-08-21,15093130,https://www.data.go.kr/data/15093130/fileData.do
경상북도,김천시,,의자,,2000,2026-08-21,15093130,https://www.data.go.kr/data/15093130/fileData.do
경상북도,김천시,,의자,,5000,2026-08-21,15093130,https://www.data.go.kr/data/15093130/fileData.do
경상북도,김천시,,이불,,2000,2026-08-21,15093130,https://www.data.go.kr/data/15093130/fileData.do
경상북도,김천시,,인형ㆍ장난감류,,2000,2026-08-21,15093130,https://www.data.go.kr/data/15093130/fileData.do
경상북도,김천시,,자전거,,2000,2026-08-21,15093130,https://www.data.go.kr/data/15093130/fileData.do
경상북도,김천시,,자전거,,3000,2026-08-21,15093130,https://www.data.go.kr/data/15093130/fileData.do
경상북도,김천시,,장롱,,10000,2026-08-21,15093130,https://www.data.go.kr/data/15093130/fileData.do
경상북도,김천시,,장롱,,15000,2026-08-21,15093130,https://www.data.go.kr/data/15093130/fileData.do
경상북도,김천시,,장식장,,4000,2026-08-21,15093130,https://www.data.go.kr/data/15093130/fileData.do
경상북도,김천시,,장판,,2000,2026-08-21,15093130,https://www.data.go.kr/data/15093130/fileData.do
경상북도,김천시,,재봉틀,,3000,2026-08-21,15093130,https://www.data.go.kr/data/15093130/fileData.do
경상북도,김천시,,전기담요,,3000,2026-08-21,15093130,https://www.data.go.kr/data/15093130/fileData.do
경상북도,김천시,,전동안마기,,3000,2026-08-21,15093130,https://www.data.go.kr/data/15093130/fileData.do
경상북도,김천시,,전동안마기,,20000,2026-08-21,15093130,https://www.data.go.kr/data/15093130/fileData.do
경상북도,김천시,,전자오르간,,4000,2026-08-21,15093130,https://www.data.go.kr/data/15093130/fileData.do
경상북도,김천시,,전축(스피커 포함),,4000,2026-08-21,15093130,https://www.data.go.kr/data/15093130/fileData.do
경상북도,김천시,,전축(스피커 포함),,5000,2026-08-21,15093130,https://www.data.go.kr/data/15093130/fileData.do
경상북도,김천시,,전화기,,1000,2026-08-21,15093130,https://www.data.go.kr/data/15093130/fileData.do
경상북도,김천시,,정화조,,10000,2026-08-21,15093130,https://www.data.go.kr/data/15093130/fileData.do
경상북도,김천시,,정화조,,15000,2026-08-21,15093130,https://www.data.go.kr/data/15093130/fileData.do
경상북도,김천시,,책꽂이,,2000,2026-08-21,15093130,https://www.data.go.kr/data/15093130/fileData.do
경상북도,김천시,,책상,,4000,2026-08-21,15093130,https://www.data.go.kr/data/15093130/fileData.do
경상북도,김천시,,책상,,7000,2026-08-21,15093130,https://www.data.go.kr/data/15093130/fileData.do
경상북도,김천시,,침대,,15000,2026-08-21,15093130,https://www.data.go.kr/data/15093130/fileData.do
경상북도,김천시,,카펫,,1000,2026-08-21,15093130,https://www.data.go.kr/data/15093130/fileData.do
경상북도,김천시,,캐비닛,,4000,2026-08-21,15093130,https://www.data.go.kr/data/15093130/fileData.do
경상북도,김천시,,컴퓨터(모니터),,3000,2026-08-21,15093130,https://www.data.go.kr/data/15093130/fileData.do
경상북도,김천시,,컴퓨터(본체),,4000,2026-08-21,15093130,https://www.data.go.kr/data/15093130/fileData.do
경상북도,김천시,,컴퓨터(키보드),,1000,2026-08-21,15093130,https://www.data.go.kr/data/15093130/fileData.do
경상북도,김천시,,타이어,,4000,2026-08-21,15093130,https://www.data.go.kr/data/15093130/fileData.do
경상북도,김천시,,타이어,,7000,2026-08-21,15093130,https://www.data.go.kr/data/15093130/fileData.do
경상북도,김천시,,텔레비젼,,3000,2026-08-21,15093130,https://www.data.go.kr/data/15093130/fileData.do
경상북도,김천시,,텔레비젼,,4000,2026-08-21,15093130,https://www.data.go.kr/data/15093130/fileData.do
경상북도,김천시,,텔레비젼,,5000,2026-08-21,15093130,https://www.data.go.kr/data/15093130/fileData.do
경상북도,김천시,,텔레비젼장식장,,3000,2026-08-21,15093130,https://www.data.go.kr/data/15093130/fileData.do
경상북도,김천시,,파렛트,,2000,2026-08-21,15093130,https://www.data.go.kr/data/15093130/fileData.do
경상북도,김천시,,평상,,4000,2026-08-21,15093130,https://www.data.go.kr/data/15093130/fileData.do
경상북도,김천시,,평상,,6000,2026-08-21,15093130,https://www.data.go.kr/data/15093130/fileData.do
경상북도,김천시,,"프린터, 전자레인지, 가스레인지, 식기건조(세척기), 전기밥솥, 전기스토브",,3000,2026-08-21,15093130,https://www.data.go.kr/data/15093130/fileData.do
경상북도,김천시,,피아노,,15000,2026-08-21,15093130,https://www.data.go.kr/data/15093130/fileData.do
경상북도,김천시,,항아리,,2000,2026-08-21,15093130,https://www.data.go.kr/data/15093130/fileData.do
경상북도,김천시,,형광등류,,2000,2026-08-21,15093130,https://www.data.go.kr/data/15093130/fileData.do
경상북도,김천시,,형광등류,,3000,2026-08-21,15093130,https://www.data.go.kr/data/15093130/fileData.do
경상북도,김천시,,화분(폭또는 높이),,1000,2026-08-21,15093130,https://www.data.go.kr/data/15093130/fileData.do
경상북도,김천시,,화분(폭또는 높이),,2000,2026-08-21,15093130,https://www.data.go.kr/data/15093130/fileData.do
경상북도,김천시,,화일캐비넷,,2000,2026-08-21,15093130,https://www.data.go.kr/data/15093130/fileData.do
경상북도,김천시,,화일캐비넷,,3000,2026-08-21,15093130,https://www.data.go.kr/data/15093130/fileData.do
경상북도,김천시,,화장대,,4000,2026-08-21,15093130,https://www.data.go.kr/data/15093130/fileData.do
경상북도,문경시,가구류,매트리스,"더블, 퀸사이즈",8000,2022-10-26,15092378,https://www.data.go.kr/data/15092378/fileData.do
경상북도,문경시,가구류,매트리스,싱글,5000,2022-10-26,15092378,https://www.data.go.kr/data/15092378/fileData.do
경상북도,문경시,가구류,"문갑, 화장대",모든규격,3000,2022-10-26,15092378,https://www.data.go.kr/data/15092378/fileData.do
경상북도,문경시,가구류,서랍장,3단이하,2000,2022-10-26,15092378,https://www.data.go.kr/data/15092378/fileData.do
경상북도,문경시,가구류,서랍장,4단이상,4000,2022-10-26,15092378,https://www.data.go.kr/data/15092378/fileData.do
경상북도,문경시,가구류,쇼파,1인용,2000,2022-10-26,15092378,https://www.data.go.kr/data/15092378/fileData.do
경상북도,문경시,가구류,쇼파,3인용이하,3000,2022-10-26,15092378,https://www.data.go.kr/data/15092378/fileData.do
경상북도,문경시,가구류,쇼파,4인용이상,5000,2022-10-26,15092378,https://www.data.go.kr/data/15092378/fileData.do
경상북도,문경시,가구류,신발장,모든규격,2000,2022-10-26,15092378,https://www.data.go.kr/data/15092378/fileData.do
경상북도,문경시,가구류,옷걸이,모든규격,2000,2022-10-26,15092378,https://www.data.go.kr/data/15092378/fileData.do
경상북도,문경시,가구류,의자,모든규격,2000,2022-10-26,15092378,https://www.data.go.kr/data/15092378/fileData.do
경상북도,문경시,가구류,장농,120㎝미만 1쪽,10000,2022-10-26,15092378,https://www.data.go.kr/data/15092378/fileData.do
경상북도,문경시,가구류,장농,120㎝이상 1쪽,15000,2022-10-26,15092378,https://www.data.go.kr/data/15092378/fileData.do
경상북도,문경시,가구류,장식장,길이 1m미만,4000,2022-10-26,15092378,https://www.data.go.kr/data/15092378/fileData.do
경상북도,문경시,가구류,장식장,길이 1m이상,6000,2022-10-26,15092378,https://www.data.go.kr/data/15092378/fileData.do
경상북도,문경시,가구류,책상,양수(대형),5000,2022-10-26,15092378,https://www.data.go.kr/data/15092378/fileData.do
경상북도,문경시,가구류,책상,편수(소형),4000,2022-10-26,15092378,https://www.data.go.kr/data/15092378/fileData.do
경상북도,문경시,가구류,책장,1m미만,2000,2022-10-26,15092378,https://www.data.go.kr/data/15092378/fileData.do
경상북도,문경시,가구류,책장,1m이상,4000,2022-10-26,15092378,https://www.data.go.kr/data/15092378/fileData.do
경상북도,문경시,가구류,침대(매트리스 포함),"더블, 퀸사이즈",15000,2022-10-26,15092378,https://www.data.go.kr/data/15092378/fileData.do
경상북도,문경시,가구류,침대(매트리스 포함),싱글,10000,2022-10-26,15092378,https://www.data.go.kr/data/15092378/fileData.do
경상북도,문경시,가구류,캐비닛,모든규격,4000,2022-10-26,15092378,https://www.data.go.kr/data/15092378/fileData.do
경상북도,문경시,가구류,탁자,모든규격,3000,2022-10-26,15092378,https://www.data.go.kr/data/15092378/fileData.do
경상북도,문경시,가구류,화일캐비넷,3단이하,2000,2022-10-26,15092378,https://www.data.go.kr/data/15092378/fileData.do
경상북도,문경시,가구류,화일캐비넷,4단이상,3000,2022-10-26,15092378,https://www.data.go.kr/data/15092378/fileData.do
경상북도,문경시,가전제품,TV,25인치 미만,3000,2022-10-26,15092378,https://www.data.go.kr/data/15092378/fileData.do
경상북도,문경시,가전제품,TV,25인치 이상,5000,2022-10-26,15092378,https://www.data.go.kr/data/15092378/fileData.do
경상북도,문경시,가전제품,TV.오디오케이스,모든규격,3000,2022-10-26,15092378,https://www.data.go.kr/data/15092378/fileData.do
경상북도,문경시,가전제품,가습기,모든규격,2000,2022-10-26,15092378,https://www.data.go.kr/data/15092378/fileData.do
경상북도,문경시,가전제품,개인용 컴퓨터,모니터,2000,2022-10-26,15092378,https://www.data.go.kr/data/15092378/fileData.do
경상북도,문경시,가전제품,개인용 컴퓨터,본체,2000,2022-10-26,15092378,https://www.data.go.kr/data/15092378/fileData.do
경상북도,문경시,가전제품,개인용 컴퓨터,스피커(대형),2000,2022-10-26,15092378,https://www.data.go.kr/data/15092378/fileData.do
경상북도,문경시,가전제품,개인용 컴퓨터,스피커(소형),1000,2022-10-26,15092378,https://www.data.go.kr/data/15092378/fileData.do
경상북도,문경시,가전제품,개인용 컴퓨터,키보드,1000,2022-10-26,15092378,https://www.data.go.kr/data/15092378/fileData.do
경상북도,문경시,가전제품,개인용 컴퓨터,프린터기,2000,2022-10-26,15092378,https://www.data.go.kr/data/15092378/fileData.do
경상북도,문경시,가전제품,공기청정기,높이1m미만,2000,2022-10-26,15092378,https://www.data.go.kr/data/15092378/fileData.do
경상북도,문경시,가전제품,공기청정기,높이1m이상,4000,2022-10-26,15092378,https://www.data.go.kr/data/15092378/fileData.do
경상북도,문경시,가전제품,냉장고,300ℓ미만,4000,2022-10-26,15092378,https://www.data.go.kr/data/15092378/fileData.do
경상북도,문경시,가전제품,냉장고,300ℓ이상,6000,2022-10-26,15092378,https://www.data.go.kr/data/15092378/fileData.do
경상북도,문경시,가전제품,냉장고,500ℓ이상,8000,2022-10-26,15092378,https://www.data.go.kr/data/15092378/fileData.do
경상북도,문경시,가전제품,다리미,모든규격,1000,2022-10-26,15092378,https://www.data.go.kr/data/15092378/fileData.do
경상북도,문경시,가전제품,복사기,모든규격,15000,2022-10-26,15092378,https://www.data.go.kr/data/15092378/fileData.do
경상북도,문경시,가전제품,비디오,모든규격,2000,2022-10-26,15092378,https://www.data.go.kr/data/15092378/fileData.do
경상북도,문경시,가전제품,선풍기,모든규격,2000,2022-10-26,15092378,https://www.data.go.kr/data/15092378/fileData.do
경상북도,문경시,가전제품,세탁기,모든규격,4000,2022-10-26,15092378,https://www.data.go.kr/data/15092378/fileData.do
경상북도,문경시,가전제품,"에어컨, 온풍기",264㎥이상,8000,2022-10-26,15092378,https://www.data.go.kr/data/15092378/fileData.do
경상북도,문경시,가전제품,"에어컨, 온풍기",66㎥미만,3000,2022-10-26,15092378,https://www.data.go.kr/data/15092378/fileData.do
경상북도,문경시,가전제품,"에어컨, 온풍기",66㎥이상,5000,2022-10-26,15092378,https://www.data.go.kr/data/15092378/fileData.do
경상북도,문경시,가전제품,오디오,대형,5000,2022-10-26,15092378,https://www.data.go.kr/data/15092378/fileData.do
경상북도,문경시,가전제품,오디오,소형,3000,2022-10-26,15092378,https://www.data.go.kr/data/15092378/fileData.do
경상북도,문경시,가전제품,오락기,높이1m미만,5000,2022-10-26,15092378,https://www.data.go.kr/data/15092378/fileData.do
경상북도,문경시,가전제품,오락기,높이1m이상,10000,2022-10-26,15092378,https://www.data.go.kr/data/15092378/fileData.do
경상북도,문경시,가전제품,전기담요,,2000,2022-10-26,15092378,https://www.data.go.kr/data/15092378/fileData.do
경상북도,문경시,가전제품,청소기,모든규격,2000,2022-10-26,15092378,https://www.data.go.kr/data/15092378/fileData.do
경상북도,문경시,가전제품,탈수기,모든규격,2000,2022-10-26,15092378,https://www.data.go.kr/data/15092378/fileData.do
경상북도,문경시,가전제품,팩시밀리,모든규격,3000,2022-10-26,15092378,https://www.data.go.kr/data/15092378/fileData.do
경상북도,문경시,기타,거울,1㎡미만,1000,2022-10-26,15092378,https://www.data.go.kr/data/15092378/fileData.do
경상북도,문경시,기타,거울,1㎡이상,3000,2022-10-26,15092378,https://www.data.go.kr/data/15092378/fileData.do
경상북도,문경시,기타,"깨진유리, 항아리 등 쓰레기 봉투에 담기 어려운 생활 폐기물",20kg 또는 20ℓ당(마대자루에 배출),1000,2022-10-26,15092378,https://www.data.go.kr/data/15092378/fileData.do
경상북도,문경시,기타,다리미판,,1000,2022-10-26,15092378,https://www.data.go.kr/data/15092378/fileData.do
경상북도,문경시,기타,물탱크저수조,톤당,5000,2022-10-26,15092378,https://www.data.go.kr/data/15092378/fileData.do
경상북도,문경시,기타,배기후드,모든규격,2000,2022-10-26,15092378,https://www.data.go.kr/data/15092378/fileData.do
경상북도,문경시,기타,벽시계,대형,5000,2022-10-26,15092378,https://www.data.go.kr/data/15092378/fileData.do
경상북도,문경시,기타,벽시계,소형,1000,2022-10-26,15092378,https://www.data.go.kr/data/15092378/fileData.do
경상북도,문경시,기타,벽시계,중형,3000,2022-10-26,15092378,https://www.data.go.kr/data/15092378/fileData.do
경상북도,문경시,기타,변기,양변기,10000,2022-10-26,15092378,https://www.data.go.kr/data/15092378/fileData.do
경상북도,문경시,기타,변기,좌변기,5000,2022-10-26,15092378,https://www.data.go.kr/data/15092378/fileData.do
경상북도,문경시,기타,보일러등유류통,20평미만,3000,2022-10-26,15092378,https://www.data.go.kr/data/15092378/fileData.do
경상북도,문경시,기타,"보행기, 유모차",,2000,2022-10-26,15092378,https://www.data.go.kr/data/15092378/fileData.do
경상북도,문경시,기타,비키니옷장,,2000,2022-10-26,15092378,https://www.data.go.kr/data/15092378/fileData.do
경상북도,문경시,기타,세면대,모든규격,3000,2022-10-26,15092378,https://www.data.go.kr/data/15092378/fileData.do
경상북도,문경시,기타,소화기,10kg 이하,5000,2022-10-26,15092378,https://www.data.go.kr/data/15092378/fileData.do
경상북도,문경시,기타,소화기,3.3kg 이하,3000,2022-10-26,15092378,https://www.data.go.kr/data/15092378/fileData.do
경상북도,문경시,기타,수족관(어항),1㎡미만,3000,2022-10-26,15092378,https://www.data.go.kr/data/15092378/fileData.do
경상북도,문경시,기타,수족관(어항),1㎡이상,5000,2022-10-26,15092378,https://www.data.go.kr/data/15092378/fileData.do
경상북도,문경시,기타,액자,1㎡미만,1000,2022-10-26,15092378,https://www.data.go.kr/data/15092378/fileData.do
경상북도,문경시,기타,액자,1㎡이상,3000,2022-10-26,15092378,https://www.data.go.kr/data/15092378/fileData.do
경상북도,문경시,기타,욕조,모든규격,5000,2022-10-26,15092378,https://www.data.go.kr/data/15092378/fileData.do
경상북도,문경시,기타,우산,개당,1000,2022-10-26,15092378,https://www.data.go.kr/data/15092378/fileData.do
경상북도,문경시,기타,이불,솜이불(장당),2000,2022-10-26,15092378,https://www.data.go.kr/data/15092378/fileData.do
경상북도,문경시,기타,이불,홑이불(장당),1000,2022-10-26,15092378,https://www.data.go.kr/data/15092378/fileData.do
경상북도,문경시,기타,자전거,어른용,4000,2022-10-26,15092378,https://www.data.go.kr/data/15092378/fileData.do
경상북도,문경시,기타,자전거,어린이용,2000,2022-10-26,15092378,https://www.data.go.kr/data/15092378/fileData.do
경상북도,문경시,기타,장판,3㎥당,1000,2022-10-26,15092378,https://www.data.go.kr/data/15092378/fileData.do
경상북도,문경시,기타,전화기,모든규격,1000,2022-10-26,15092378,https://www.data.go.kr/data/15092378/fileData.do
경상북도,문경시,기타,"카페트, 돗자리",1㎡미만,2000,2022-10-26,15092378,https://www.data.go.kr/data/15092378/fileData.do
경상북도,문경시,기타,"카페트, 돗자리",1㎡이상,4000,2022-10-26,15092378,https://www.data.go.kr/data/15092378/fileData.do
경상북도,문경시,기타,플라스틱장난감,대형,5000,2022-10-26,15092378,https://www.data.go.kr/data/15092378/fileData.do
경상북도,문경시,기타,플라스틱장난감,소형,1000,2022-10-26,15092378,https://www.data.go.kr/data/15092378/fileData.do
경상북도,문경시,기타,화분,대형,2000,2022-10-26,15092378,https://www.data.go.kr/data/15092378/fileData.do
경상북도,문경시,기타,화분,소형,1000,2022-10-26,15092378,https://www.data.go.kr/data/15092378/fileData.do
경상북도,문경시,난방용품,난로,대형,5000,2022-10-26,15092378,https://www.data.go.kr/data/15092378/fileData.do
경상북도,문경시,난방용품,난로,소형,2000,2022-10-26,15092378,https://www.data.go.kr/data/15092378/fileData.do
경상북도,문경시,난방용품,보일러등유류통,톤당,5000,2022-10-26,15092378,https://www.data.go.kr/data/15092378/fileData.do
경상북도,문경시,난방용품,전기스토브,모든규격,2000,2022-10-26,15092378,https://www.data.go.kr/data/15092378/fileData.do
경상북도,문경시,악기,올겐,,4000,2022-10-26,15092378,https://www.data.go.kr/data/15092378/fileData.do
경상북도,문경시,악기,피아노,그랜드,15000,2022-10-26,15092378,https://www.data.go.kr/data/15092378/fileData.do
경상북도,문경시,악기,피아노,어프라이터,10000,2022-10-26,15092378,https://www.data.go.kr/data/15092378/fileData.do
경상북도,문경시,주방용품,가스(오븐)렌지,높이1m미만,2000,2022-10-26,15092378,https://www.data.go.kr/data/15092378/fileData.do
경상북도,문경시,주방용품,가스(오븐)렌지,높이1m이상,4000,2022-10-26,15092378,https://www.data.go.kr/data/15092378/fileData.do
경상북도,문경시,주방용품,교잣상,대형(4인이상),2000,2022-10-26,15092378,https://www.data.go.kr/data/15092378/fileData.do
경상북도,문경시,주방용품,교잣상,소형(4인미만),1000,2022-10-26,15092378,https://www.data.go.kr/data/15092378/fileData.do
경상북도,문경시,주방용품,"믹서기, 분쇄기",모든규격,1000,2022-10-26,15092378,https://www.data.go.kr/data/15092378/fileData.do
경상북도,문경시,주방용품,식기(세척)건조기,인공건조(동력),4000,2022-10-26,15092378,https://www.data.go.kr/data/15092378/fileData.do
경상북도,문경시,주방용품,식기(세척)건조기,자연건조(무동력),2000,2022-10-26,15092378,https://www.data.go.kr/data/15092378/fileData.do
경상북도,문경시,주방용품,식탁,6인미만,4000,2022-10-26,15092378,https://www.data.go.kr/data/15092378/fileData.do
경상북도,문경시,주방용품,식탁,6인이상,5000,2022-10-26,15092378,https://www.data.go.kr/data/15092378/fileData.do
경상북도,문경시,주방용품,싱크대,1쪽,3000,2022-10-26,15092378,https://www.data.go.kr/data/15092378/fileData.do
경상북도,문경시,주방용품,쌀통,모든규격,2000,2022-10-26,15092378,https://www.data.go.kr/data/15092378/fileData.do
경상북도,문경시,주방용품,전기(압력)밥솥,모든규격,2000,2022-10-26,15092378,https://www.data.go.kr/data/15092378/fileData.do
경상북도,문경시,주방용품,전자레인지,모든규격,3000,2022-10-26,15092378,https://www.data.go.kr/data/15092378/fileData.do
경상북도,문경시,주방용품,전자후라이팬,모든규격,2000,2022-10-26,15092378,https://www.data.go.kr/data/15092378/fileData.do
경상북도,봉화군,가구류,매트리스,1인용,5000,2025-11-17,15094090,https://www.data.go.kr/data/15094090/fileData.do
경상북도,봉화군,가구류,매트리스,2인용,8000,2025-11-17,15094090,https://www.data.go.kr/data/15094090/fileData.do
경상북도,봉화군,가구류,"문갑, 화장대",모든 규격,4000,2025-11-17,15094090,https://www.data.go.kr/data/15094090/fileData.do
경상북도,봉화군,가구류,서랍장,4단 미만,2000,2025-11-17,15094090,https://www.data.go.kr/data/15094090/fileData.do
경상북도,봉화군,가구류,서랍장,4단 이상,4000,2025-11-17,15094090,https://www.data.go.kr/data/15094090/fileData.do
경상북도,봉화군,가구류,소파,1인용,2000,2025-11-17,15094090,https://www.data.go.kr/data/15094090/fileData.do
경상북도,봉화군,가구류,소파,2인용 ~ 3인용,3000,2025-11-17,15094090,https://www.data.go.kr/data/15094090/fileData.do
경상북도,봉화군,가구류,소파,4인용 이상,5000,2025-11-17,15094090,https://www.data.go.kr/data/15094090/fileData.do
경상북도,봉화군,가구류,식탁,6인용 미만,4000,2025-11-17,15094090,https://www.data.go.kr/data/15094090/fileData.do
경상북도,봉화군,가구류,식탁,6인용 이상,5000,2025-11-17,15094090,https://www.data.go.kr/data/15094090/fileData.do
경상북도,봉화군,가구류,장농,120cm 장 한쪽,15000,2025-11-17,15094090,https://www.data.go.kr/data/15094090/fileData.do
경상북도,봉화군,가구류,장농,90cm 장 한쪽,10000,2025-11-17,15094090,https://www.data.go.kr/data/15094090/fileData.do
경상북도,봉화군,가구류,장식장,길이 1m 미만,4000,2025-11-17,15094090,https://www.data.go.kr/data/15094090/fileData.do
경상북도,봉화군,가구류,장식장,길이 1m 이상,6000,2025-11-17,15094090,https://www.data.go.kr/data/15094090/fileData.do
경상북도,봉화군,가구류,책상,"양수, 대형",8000,2025-11-17,15094090,https://www.data.go.kr/data/15094090/fileData.do
경상북도,봉화군,가구류,책상,"편수, 소형",5000,2025-11-17,15094090,https://www.data.go.kr/data/15094090/fileData.do
경상북도,봉화군,가구류,책장,1m 미만,2000,2025-11-17,15094090,https://www.data.go.kr/data/15094090/fileData.do
경상북도,봉화군,가구류,책장,1m 이상,4000,2025-11-17,15094090,https://www.data.go.kr/data/15094090/fileData.do
경상북도,봉화군,가구류,침대,1인용,10000,2025-11-17,15094090,https://www.data.go.kr/data/15094090/fileData.do
경상북도,봉화군,가구류,침대,2인용,15000,2025-11-17,15094090,https://www.data.go.kr/data/15094090/fileData.do
경상북도,봉화군,가구류,캐비닛,모든 규격,4000,2025-11-17,15094090,https://www.data.go.kr/data/15094090/fileData.do
경상북도,봉화군,가구류,탁자,모든 규격,3000,2025-11-17,15094090,https://www.data.go.kr/data/15094090/fileData.do
경상북도,봉화군,가전제품,가스오븐레인지,높이 1m 미만,2000,2025-11-17,15094090,https://www.data.go.kr/data/15094090/fileData.do
경상북도,봉화군,가전제품,가스오븐레인지,높이 1m 이상,4000,2025-11-17,15094090,https://www.data.go.kr/data/15094090/fileData.do
경상북도,봉화군,가전제품,공기청정기,모든 규격,2000,2025-11-17,15094090,https://www.data.go.kr/data/15094090/fileData.do
경상북도,봉화군,가전제품,냉장고,300ℓ 미만,4000,2025-11-17,15094090,https://www.data.go.kr/data/15094090/fileData.do
경상북도,봉화군,가전제품,냉장고,300ℓ 이상,6000,2025-11-17,15094090,https://www.data.go.kr/data/15094090/fileData.do
경상북도,봉화군,가전제품,냉장고,500ℓ 이상,8000,2025-11-17,15094090,https://www.data.go.kr/data/15094090/fileData.do
경상북도,봉화군,가전제품,세탁기,모든 규격,4000,2025-11-17,15094090,https://www.data.go.kr/data/15094090/fileData.do
경상북도,봉화군,가전제품,에어컨,264㎡형 이상,8000,2025-11-17,15094090,https://www.data.go.kr/data/15094090/fileData.do
경상북도,봉화군,가전제품,에어컨,66㎡형 미만,3000,2025-11-17,15094090,https://www.data.go.kr/data/15094090/fileData.do
경상북도,봉화군,가전제품,에어컨,66㎡형 이상,5000,2025-11-17,15094090,https://www.data.go.kr/data/15094090/fileData.do
경상북도,봉화군,가전제품,전자레인지,모든 규격,2000,2025-11-17,15094090,https://www.data.go.kr/data/15094090/fileData.do
경상북도,봉화군,가전제품,청소기,모든 규격,2000,2025-11-17,15094090,https://www.data.go.kr/data/15094090/fileData.do
경상북도,봉화군,가전제품,컴퓨터,모든 규격,1000,2025-11-17,15094090,https://www.data.go.kr/data/15094090/fileData.do
경상북도,봉화군,가전제품,컴퓨터,모든 규격,2000,2025-11-17,15094090,https://www.data.go.kr/data/15094090/fileData.do
경상북도,봉화군,가전제품,컴퓨터,모든 규격,2000,2025-11-17,15094090,https://www.data.go.kr/data/15094090/fileData.do
경상북도,봉화군,가전제품,탈수기,모든 규격,2000,2025-11-17,15094090,https://www.data.go.kr/data/15094090/fileData.do
경상북도,봉화군,가전제품,텔레비전,25형(63.5㎝) 미만,3000,2025-11-17,15094090,https://www.data.go.kr/data/15094090/fileData.do
경상북도,봉화군,가전제품,텔레비전,25형(63.5㎝) 이상,5000,2025-11-17,15094090,https://www.data.go.kr/data/15094090/fileData.do
경상북도,봉화군,가전제품,프린터기,대형,3000,2025-11-17,15094090,https://www.data.go.kr/data/15094090/fileData.do
경상북도,봉화군,가전제품,프린터기,소형,2000,2025-11-17,15094090,https://www.data.go.kr/data/15094090/fileData.do
경상북도,봉화군,기타,"기타(자전거, 선풍기, 싱크대. 쌀통 및 이와 유사한 물건)",개 당,2000,2025-11-17,15094090,https://www.data.go.kr/data/15094090/fileData.do
경상북도,봉화군,기타,소화기,3.3kg 이하,3000,2025-11-17,15094090,https://www.data.go.kr/data/15094090/fileData.do
경상북도,봉화군,기타,소화기,3.3kg 초과,5000,2025-11-17,15094090,https://www.data.go.kr/data/15094090/fileData.do
경상북도,봉화군,기타,피아노,그랜드,15000,2025-11-17,15094090,https://www.data.go.kr/data/15094090/fileData.do
경상북도,봉화군,기타,피아노,업라이트,10000,2025-11-17,15094090,https://www.data.go.kr/data/15094090/fileData.do
경상북도,성주군,가구류,교자상,모든 규격,2000,2021-10-29,15093911,https://www.data.go.kr/data/15093911/fileData.do
경상북도,성주군,가구류,문갑,모든 규격,3000,2021-10-29,15093911,https://www.data.go.kr/data/15093911/fileData.do
경상북도,성주군,가구류,비키니옷장,모든 규격,2000,2021-10-29,15093911,https://www.data.go.kr/data/15093911/fileData.do
경상북도,성주군,가구류,서랍장,5단 미만,2000,2021-10-29,15093911,https://www.data.go.kr/data/15093911/fileData.do
경상북도,성주군,가구류,서랍장,5단 이상,4000,2021-10-29,15093911,https://www.data.go.kr/data/15093911/fileData.do
경상북도,성주군,가구류,쇼파,2인 이하,2000,2021-10-29,15093911,https://www.data.go.kr/data/15093911/fileData.do
경상북도,성주군,가구류,쇼파,3인 이상,5000,2021-10-29,15093911,https://www.data.go.kr/data/15093911/fileData.do
경상북도,성주군,가구류,식탁(테이블),6인용미만,4000,2021-10-29,15093911,https://www.data.go.kr/data/15093911/fileData.do
경상북도,성주군,가구류,식탁(테이블),6인용이상,5000,2021-10-29,15093911,https://www.data.go.kr/data/15093911/fileData.do
경상북도,성주군,가구류,신발장,모든 규격,2000,2021-10-29,15093911,https://www.data.go.kr/data/15093911/fileData.do
경상북도,성주군,가구류,씽크대,60cm1짝당,3000,2021-10-29,15093911,https://www.data.go.kr/data/15093911/fileData.do
경상북도,성주군,가구류,오디오장식장,모든 규격,3000,2021-10-29,15093911,https://www.data.go.kr/data/15093911/fileData.do
경상북도,성주군,가구류,옷걸이,모든 규격,1000,2021-10-29,15093911,https://www.data.go.kr/data/15093911/fileData.do
경상북도,성주군,가구류,의자,모든 규격,2000,2021-10-29,15093911,https://www.data.go.kr/data/15093911/fileData.do
경상북도,성주군,가구류,장농,120cm미만1쪽,10000,2021-10-29,15093911,https://www.data.go.kr/data/15093911/fileData.do
경상북도,성주군,가구류,장농,120cm이상1쪽,15000,2021-10-29,15093911,https://www.data.go.kr/data/15093911/fileData.do
경상북도,성주군,가구류,장식장,모든 규격,4000,2021-10-29,15093911,https://www.data.go.kr/data/15093911/fileData.do
경상북도,성주군,가구류,책꽃이,모든 규격,2000,2021-10-29,15093911,https://www.data.go.kr/data/15093911/fileData.do
경상북도,성주군,가구류,책상,양수 책상,7000,2021-10-29,15093911,https://www.data.go.kr/data/15093911/fileData.do
경상북도,성주군,가구류,책상,편수 책상,4000,2021-10-29,15093911,https://www.data.go.kr/data/15093911/fileData.do
경상북도,성주군,가구류,침대매트리스,1인용,10000,2021-10-29,15093911,https://www.data.go.kr/data/15093911/fileData.do
경상북도,성주군,가구류,침대매트리스,2인용,15000,2021-10-29,15093911,https://www.data.go.kr/data/15093911/fileData.do
경상북도,성주군,가구류,침대받침대,1인용,5000,2021-10-29,15093911,https://www.data.go.kr/data/15093911/fileData.do
경상북도,성주군,가구류,침대받침대,2인용,8000,2021-10-29,15093911,https://www.data.go.kr/data/15093911/fileData.do
경상북도,성주군,가구류,캐비넷,모든 규격,4000,2021-10-29,15093911,https://www.data.go.kr/data/15093911/fileData.do
경상북도,성주군,가구류,텔레비젼대,모든 규격,3000,2021-10-29,15093911,https://www.data.go.kr/data/15093911/fileData.do
경상북도,성주군,가구류,화일캐비넷,3단 이하,2000,2021-10-29,15093911,https://www.data.go.kr/data/15093911/fileData.do
경상북도,성주군,가구류,화일캐비넷,4단 이상,3000,2021-10-29,15093911,https://www.data.go.kr/data/15093911/fileData.do
경상북도,성주군,가구류,화장대,모든 규격,3000,2021-10-29,15093911,https://www.data.go.kr/data/15093911/fileData.do
경상북도,성주군,가전제품,가습기,모든 규격,2000,2021-10-29,15093911,https://www.data.go.kr/data/15093911/fileData.do
경상북도,성주군,가전제품,공기청정기,모든 규격,2000,2021-10-29,15093911,https://www.data.go.kr/data/15093911/fileData.do
경상북도,성주군,가전제품,냉장고,300ℓ미만,4000,2021-10-29,15093911,https://www.data.go.kr/data/15093911/fileData.do
경상북도,성주군,가전제품,냉장고,300ℓ이상,6000,2021-10-29,15093911,https://www.data.go.kr/data/15093911/fileData.do
경상북도,성주군,가전제품,냉장고,500ℓ이상,8000,2021-10-29,15093911,https://www.data.go.kr/data/15093911/fileData.do
경상북도,성주군,가전제품,녹즙기(믹서기),모든 규격,2000,2021-10-29,15093911,https://www.data.go.kr/data/15093911/fileData.do
경상북도,성주군,가전제품,복사기,모든 규격,10000,2021-10-29,15093911,https://www.data.go.kr/data/15093911/fileData.do
경상북도,성주군,가전제품,비디오,모든 규격,2000,2021-10-29,15093911,https://www.data.go.kr/data/15093911/fileData.do
경상북도,성주군,가전제품,선풍기,모든 규격,2000,2021-10-29,15093911,https://www.data.go.kr/data/15093911/fileData.do
경상북도,성주군,가전제품,세탁기,모든 규격,4000,2021-10-29,15093911,https://www.data.go.kr/data/15093911/fileData.do
경상북도,성주군,가전제품,에어컨,254㎡이상,8000,2021-10-29,15093911,https://www.data.go.kr/data/15093911/fileData.do
경상북도,성주군,가전제품,에어컨,66㎡ 미만,3000,2021-10-29,15093911,https://www.data.go.kr/data/15093911/fileData.do
경상북도,성주군,가전제품,에어컨,66㎡ 이상,5000,2021-10-29,15093911,https://www.data.go.kr/data/15093911/fileData.do
경상북도,성주군,가전제품,오디오,대형,5000,2021-10-29,15093911,https://www.data.go.kr/data/15093911/fileData.do
경상북도,성주군,가전제품,오디오,소형,3000,2021-10-29,15093911,https://www.data.go.kr/data/15093911/fileData.do
경상북도,성주군,가전제품,전기밥솥,모든 규격,2000,2021-10-29,15093911,https://www.data.go.kr/data/15093911/fileData.do
경상북도,성주군,가전제품,전기스토브,모든 규격,2000,2021-10-29,15093911,https://www.data.go.kr/data/15093911/fileData.do
경상북도,성주군,가전제품,전자레인지,모든 규격,2000,2021-10-29,15093911,https://www.data.go.kr/data/15093911/fileData.do
경상북도,성주군,가전제품,전자올겐,모든 규격,4000,2021-10-29,15093911,https://www.data.go.kr/data/15093911/fileData.do
경상북도,성주군,가전제품,전화기,모든 규격,1000,2021-10-29,15093911,https://www.data.go.kr/data/15093911/fileData.do
경상북도,성주군,가전제품,청소기,모든 규격,2000,2021-10-29,15093911,https://www.data.go.kr/data/15093911/fileData.do
경상북도,성주군,가전제품,컴퓨터모니터,모든 규격,3000,2021-10-29,15093911,https://www.data.go.kr/data/15093911/fileData.do
경상북도,성주군,가전제품,컴퓨터본체,모든 규격,4000,2021-10-29,15093911,https://www.data.go.kr/data/15093911/fileData.do
경상북도,성주군,가전제품,컴퓨터키보드,모든 규격,1000,2021-10-29,15093911,https://www.data.go.kr/data/15093911/fileData.do
경상북도,성주군,가전제품,탈수기,모든 규격,2000,2021-10-29,15093911,https://www.data.go.kr/data/15093911/fileData.do
경상북도,성주군,가전제품,텔레비젼,19인치 미만,3000,2021-10-29,15093911,https://www.data.go.kr/data/15093911/fileData.do
경상북도,성주군,가전제품,텔레비젼,19인치 이상,5000,2021-10-29,15093911,https://www.data.go.kr/data/15093911/fileData.do
경상북도,성주군,가전제품,프린터기,대형,3000,2021-10-29,15093911,https://www.data.go.kr/data/15093911/fileData.do
경상북도,성주군,가전제품,프린터기,소형,2000,2021-10-29,15093911,https://www.data.go.kr/data/15093911/fileData.do
경상북도,성주군,기타,가스레인지,모든 규격,2000,2021-10-29,15093911,https://www.data.go.kr/data/15093911/fileData.do
경상북도,성주군,기타,가스레인지대,모든 규격,2000,2021-10-29,15093911,https://www.data.go.kr/data/15093911/fileData.do
경상북도,성주군,기타,가스오븐레인지,높이1m미만,2000,2021-10-29,15093911,https://www.data.go.kr/data/15093911/fileData.do
경상북도,성주군,기타,가스오븐레인지,높이1m이상,4000,2021-10-29,15093911,https://www.data.go.kr/data/15093911/fileData.do
경상북도,성주군,기타,나무묶음,직경 40cm,2000,2021-10-29,15093911,https://www.data.go.kr/data/15093911/fileData.do
경상북도,성주군,기타,다림이판,모든 규격,1000,2021-10-29,15093911,https://www.data.go.kr/data/15093911/fileData.do
경상북도,성주군,기타,물탱크(저수조),1톤 용량,5000,2021-10-29,15093911,https://www.data.go.kr/data/15093911/fileData.do
경상북도,성주군,기타,배기후드,모든 규격,2000,2021-10-29,15093911,https://www.data.go.kr/data/15093911/fileData.do
경상북도,성주군,기타,벽시계,대형,5000,2021-10-29,15093911,https://www.data.go.kr/data/15093911/fileData.do
경상북도,성주군,기타,벽시계,소형,2000,2021-10-29,15093911,https://www.data.go.kr/data/15093911/fileData.do
경상북도,성주군,기타,벽시계,중형,3000,2021-10-29,15093911,https://www.data.go.kr/data/15093911/fileData.do
경상북도,성주군,기타,변기,양변 기,10000,2021-10-29,15093911,https://www.data.go.kr/data/15093911/fileData.do
경상북도,성주군,기타,변기,좌변기(소형),5000,2021-10-29,15093911,https://www.data.go.kr/data/15093911/fileData.do
경상북도,성주군,기타,보일러,20평 미만,3000,2021-10-29,15093911,https://www.data.go.kr/data/15093911/fileData.do
경상북도,성주군,기타,보일러,20평 이상,5000,2021-10-29,15093911,https://www.data.go.kr/data/15093911/fileData.do
경상북도,성주군,기타,보일러 기름탱크,모든 규격,2000,2021-10-29,15093911,https://www.data.go.kr/data/15093911/fileData.do
경상북도,성주군,기타,보행기,모든 규격,2000,2021-10-29,15093911,https://www.data.go.kr/data/15093911/fileData.do
경상북도,성주군,기타,소화기,모든 규격,3000,2021-10-29,15093911,https://www.data.go.kr/data/15093911/fileData.do
경상북도,성주군,기타,수도호스,10m당,2000,2021-10-29,15093911,https://www.data.go.kr/data/15093911/fileData.do
경상북도,성주군,기타,쌀통,모든 규격,2000,2021-10-29,15093911,https://www.data.go.kr/data/15093911/fileData.do
경상북도,성주군,기타,액자,대형,2000,2021-10-29,15093911,https://www.data.go.kr/data/15093911/fileData.do
경상북도,성주군,기타,액자,소형,1000,2021-10-29,15093911,https://www.data.go.kr/data/15093911/fileData.do
경상북도,성주군,기타,어항,1m 미만,3000,2021-10-29,15093911,https://www.data.go.kr/data/15093911/fileData.do
경상북도,성주군,기타,어항,1m 이상,5000,2021-10-29,15093911,https://www.data.go.kr/data/15093911/fileData.do
경상북도,성주군,기타,올겐,모든 규격,4000,2021-10-29,15093911,https://www.data.go.kr/data/15093911/fileData.do
경상북도,성주군,기타,욕조,모든 규격,5000,2021-10-29,15093911,https://www.data.go.kr/data/15093911/fileData.do
경상북도,성주군,기타,유리(거울),1㎥ 당,2000,2021-10-29,15093911,https://www.data.go.kr/data/15093911/fileData.do
경상북도,성주군,기타,유모차,모든 규격,2000,2021-10-29,15093911,https://www.data.go.kr/data/15093911/fileData.do
경상북도,성주군,기타,이불(담요),장당,2000,2021-10-29,15093911,https://www.data.go.kr/data/15093911/fileData.do
경상북도,성주군,기타,자전거,모든 규격,2000,2021-10-29,15093911,https://www.data.go.kr/data/15093911/fileData.do
경상북도,성주군,기타,장판,5m당,2000,2021-10-29,15093911,https://www.data.go.kr/data/15093911/fileData.do
경상북도,성주군,기타,전기담요,3인용기준,2000,2021-10-29,15093911,https://www.data.go.kr/data/15093911/fileData.do
경상북도,성주군,기타,피아노,모든 규격,15000,2021-10-29,15093911,https://www.data.go.kr/data/15093911/fileData.do
경상북도,성주군,기타,항아리,모든 규격,2000,2021-10-29,15093911,https://www.data.go.kr/data/15093911/fileData.do
경상북도,성주군,기타,화분,대형,2000,2021-10-29,15093911,https://www.data.go.kr/data/15093911/fileData.do
경상북도,성주군,기타,화분,소형,1000,2021-10-29,15093911,https://www.data.go.kr/data/15093911/fileData.do
경상북도,포항시,가구류,매트리스,1인용,4000,2026-04-08,15048915,https://www.data.go.kr/data/15048915/fileData.do
경상북도,포항시,가구류,매트리스,2인용,7000,2026-04-08,15048915,https://www.data.go.kr/data/15048915/fileData.do
경상북도,포항시,가구류,매트리스,유아용,3000,2026-04-08,15048915,https://www.data.go.kr/data/15048915/fileData.do
경상북도,포항시,가구류,문갑,1미터 미만,4000,2026-04-08,15048915,https://www.data.go.kr/data/15048915/fileData.do
경상북도,포항시,가구류,문갑,1미터 이상,5000,2026-04-08,15048915,https://www.data.go.kr/data/15048915/fileData.do
경상북도,포항시,가구류,서랍장,5단 미만,4000,2026-04-08,15048915,https://www.data.go.kr/data/15048915/fileData.do
경상북도,포항시,가구류,서랍장,5단이상,6000,2026-04-08,15048915,https://www.data.go.kr/data/15048915/fileData.do
경상북도,포항시,가구류,쇼파,1인용,4000,2026-04-08,15048915,https://www.data.go.kr/data/15048915/fileData.do
경상북도,포항시,가구류,쇼파,2인용,7000,2026-04-08,15048915,https://www.data.go.kr/data/15048915/fileData.do
경상북도,포항시,가구류,쇼파,3인용 이상,10000,2026-04-08,15048915,https://www.data.go.kr/data/15048915/fileData.do
경상북도,포항시,가구류,쇼파,보조의자,3000,2026-04-08,15048915,https://www.data.go.kr/data/15048915/fileData.do
경상북도,포항시,가구류,신발장,높이 1미터 미만,3000,2026-04-08,15048915,https://www.data.go.kr/data/15048915/fileData.do
경상북도,포항시,가구류,신발장,높이 1미터 이상,5000,2026-04-08,15048915,https://www.data.go.kr/data/15048915/fileData.do
경상북도,포항시,가구류,옷걸이,스탠드형,3000,2026-04-08,15048915,https://www.data.go.kr/data/15048915/fileData.do
경상북도,포항시,가구류,의자,사무용(업소용),5000,2026-04-08,15048915,https://www.data.go.kr/data/15048915/fileData.do
경상북도,포항시,가구류,의자,안마의자,7000,2026-04-08,15048915,https://www.data.go.kr/data/15048915/fileData.do
경상북도,포항시,가구류,의자,일반의자,3000,2026-04-08,15048915,https://www.data.go.kr/data/15048915/fileData.do
경상북도,포항시,가구류,장롱,쥬니어장,10000,2026-04-08,15048915,https://www.data.go.kr/data/15048915/fileData.do
경상북도,포항시,가구류,장롱,폭1미터 미만,15000,2026-04-08,15048915,https://www.data.go.kr/data/15048915/fileData.do
경상북도,포항시,가구류,장롱,폭1미터 이상,20000,2026-04-08,15048915,https://www.data.go.kr/data/15048915/fileData.do
경상북도,포항시,가구류,장식장,높이 150센티미터 미만,7000,2026-04-08,15048915,https://www.data.go.kr/data/15048915/fileData.do
경상북도,포항시,가구류,장식장,높이 150센티미터 이상,10000,2026-04-08,15048915,https://www.data.go.kr/data/15048915/fileData.do
경상북도,포항시,가구류,차탁자(응접세트),1인용,1000,2026-04-08,15048915,https://www.data.go.kr/data/15048915/fileData.do
경상북도,포항시,가구류,차탁자(응접세트),2인용,3000,2026-04-08,15048915,https://www.data.go.kr/data/15048915/fileData.do
경상북도,포항시,가구류,차탁자(응접세트),3인용 이상,5000,2026-04-08,15048915,https://www.data.go.kr/data/15048915/fileData.do
경상북도,포항시,가구류,책꽂이,모든규격,2000,2026-04-08,15048915,https://www.data.go.kr/data/15048915/fileData.do
경상북도,포항시,가구류,책상,대형+양수,7000,2026-04-08,15048915,https://www.data.go.kr/data/15048915/fileData.do
경상북도,포항시,가구류,책상,소형+편수,5000,2026-04-08,15048915,https://www.data.go.kr/data/15048915/fileData.do
경상북도,포항시,가구류,책상,컴퓨터용,3000,2026-04-08,15048915,https://www.data.go.kr/data/15048915/fileData.do
경상북도,포항시,가구류,책장,높이 1.5미터 미만,7000,2026-04-08,15048915,https://www.data.go.kr/data/15048915/fileData.do
경상북도,포항시,가구류,책장,높이 1.5미터 이상,10000,2026-04-08,15048915,https://www.data.go.kr/data/15048915/fileData.do
경상북도,포항시,가구류,책장,높이 1미터 미만,5000,2026-04-08,15048915,https://www.data.go.kr/data/15048915/fileData.do
경상북도,포항시,가구류,침대,1인용,10000,2026-04-08,15048915,https://www.data.go.kr/data/15048915/fileData.do
경상북도,포항시,가구류,침대,2인용이상,15000,2026-04-08,15048915,https://www.data.go.kr/data/15048915/fileData.do
경상북도,포항시,가구류,침대,돌침대세트(1인용),20000,2026-04-08,15048915,https://www.data.go.kr/data/15048915/fileData.do
경상북도,포항시,가구류,침대,돌침대세트(2인용),30000,2026-04-08,15048915,https://www.data.go.kr/data/15048915/fileData.do
경상북도,포항시,가구류,침대,어린이2층침대,15000,2026-04-08,15048915,https://www.data.go.kr/data/15048915/fileData.do
경상북도,포항시,가구류,침대,유아용침대,5000,2026-04-08,15048915,https://www.data.go.kr/data/15048915/fileData.do
경상북도,포항시,가구류,캐비넷,높이1미터 미만,4000,2026-04-08,15048915,https://www.data.go.kr/data/15048915/fileData.do
경상북도,포항시,가구류,캐비넷,높이1미터 이상,6000,2026-04-08,15048915,https://www.data.go.kr/data/15048915/fileData.do
경상북도,포항시,가구류,화장대,폭1미터 미만,5000,2026-04-08,15048915,https://www.data.go.kr/data/15048915/fileData.do
경상북도,포항시,가구류,화장대,폭1미터 이상,7000,2026-04-08,15048915,https://www.data.go.kr/data/15048915/fileData.do
경상북도,포항시,가전제품류,TV대,모든규격,3000,2026-04-08,15048915,https://www.data.go.kr/data/15048915/fileData.do
경상북도,포항시,가전제품류,가습기,1미터 미만,3000,2026-04-08,15048915,https://www.data.go.kr/data/15048915/fileData.do
경상북도,포항시,가전제품류,가습기,1미터 이상,5000,2026-04-08,15048915,https://www.data.go.kr/data/15048915/fileData.do
경상북도,포항시,가전제품류,공기청정기,1미터 미만,3000,2026-04-08,15048915,https://www.data.go.kr/data/15048915/fileData.do
경상북도,포항시,가전제품류,공기청정기,1미터 이상,6000,2026-04-08,15048915,https://www.data.go.kr/data/15048915/fileData.do
경상북도,포항시,가전제품류,김치냉장고,130리터 미만,3000,2026-04-08,15048915,https://www.data.go.kr/data/15048915/fileData.do
경상북도,포항시,가전제품류,김치냉장고,130리터 이상,5000,2026-04-08,15048915,https://www.data.go.kr/data/15048915/fileData.do
경상북도,포항시,가전제품류,냉장고,300리터 미만,6000,2026-04-08,15048915,https://www.data.go.kr/data/15048915/fileData.do
경상북도,포항시,가전제품류,냉장고,300리터 이상,8000,2026-04-08,15048915,https://www.data.go.kr/data/15048915/fileData.do
경상북도,포항시,가전제품류,냉장고,500리터 이상,10000,2026-04-08,15048915,https://www.data.go.kr/data/15048915/fileData.do
경상북도,포항시,가전제품류,냉장고,700리터 이상,15000,2026-04-08,15048915,https://www.data.go.kr/data/15048915/fileData.do
경상북도,포항시,가전제품류,다리미,모든규격,1000,2026-04-08,15048915,https://www.data.go.kr/data/15048915/fileData.do
경상북도,포항시,가전제품류,라디오+녹음기,모든규격,3000,2026-04-08,15048915,https://www.data.go.kr/data/15048915/fileData.do
경상북도,포항시,가전제품류,러닝머신,폭1미터 미만,4000,2026-04-08,15048915,https://www.data.go.kr/data/15048915/fileData.do
경상북도,포항시,가전제품류,러닝머신,폭1미터 이상,5000,2026-04-08,15048915,https://www.data.go.kr/data/15048915/fileData.do
경상북도,포항시,가전제품류,믹서기,모든규격,1000,2026-04-08,15048915,https://www.data.go.kr/data/15048915/fileData.do
경상북도,포항시,가전제품류,비디오,모든규격,3000,2026-04-08,15048915,https://www.data.go.kr/data/15048915/fileData.do
경상북도,포항시,가전제품류,선풍기,대형(스탠드),5000,2026-04-08,15048915,https://www.data.go.kr/data/15048915/fileData.do
경상북도,포항시,가전제품류,선풍기,소형(일반),3000,2026-04-08,15048915,https://www.data.go.kr/data/15048915/fileData.do
경상북도,포항시,가전제품류,세탁기,10킬로그램 미만,4000,2026-04-08,15048915,https://www.data.go.kr/data/15048915/fileData.do
경상북도,포항시,가전제품류,세탁기,10킬로그램 이상,6000,2026-04-08,15048915,https://www.data.go.kr/data/15048915/fileData.do
경상북도,포항시,가전제품류,스피커,대형(1미터 이상),3000,2026-04-08,15048915,https://www.data.go.kr/data/15048915/fileData.do
경상북도,포항시,가전제품류,스피커,소형(1미터 미만),2000,2026-04-08,15048915,https://www.data.go.kr/data/15048915/fileData.do
경상북도,포항시,가전제품류,에어컨(온풍기),264제곱미터형 이상,10000,2026-04-08,15048915,https://www.data.go.kr/data/15048915/fileData.do
경상북도,포항시,가전제품류,에어컨(온풍기),66제곱미터형 미만,4000,2026-04-08,15048915,https://www.data.go.kr/data/15048915/fileData.do
경상북도,포항시,가전제품류,에어컨(온풍기),66제곱미터형 이상,7000,2026-04-08,15048915,https://www.data.go.kr/data/15048915/fileData.do
경상북도,포항시,가전제품류,에어컨(온풍기),실외기,4000,2026-04-08,15048915,https://www.data.go.kr/data/15048915/fileData.do
경상북도,포항시,가전제품류,자동판매기,폭1미터 미만,10000,2026-04-08,15048915,https://www.data.go.kr/data/15048915/fileData.do
경상북도,포항시,가전제품류,자동판매기,폭1미터 이상,15000,2026-04-08,15048915,https://www.data.go.kr/data/15048915/fileData.do
경상북도,포항시,가전제품류,전기장판,옥(황토)1인,3000,2026-04-08,15048915,https://www.data.go.kr/data/15048915/fileData.do
경상북도,포항시,가전제품류,전기장판,옥(황토)2인,5000,2026-04-08,15048915,https://www.data.go.kr/data/15048915/fileData.do
경상북도,포항시,가전제품류,전기장판,일반1인용,2000,2026-04-08,15048915,https://www.data.go.kr/data/15048915/fileData.do
경상북도,포항시,가전제품류,전기장판,일반2인용,3000,2026-04-08,15048915,https://www.data.go.kr/data/15048915/fileData.do
경상북도,포항시,가전제품류,전자오락기(게임기),높이1미터 미만,3000,2026-04-08,15048915,https://www.data.go.kr/data/15048915/fileData.do
경상북도,포항시,가전제품류,전자오락기(게임기),높이1미터 이상,7000,2026-04-08,15048915,https://www.data.go.kr/data/15048915/fileData.do
경상북도,포항시,가전제품류,전축(오디오),폭 또는 높이1미터 미만,5000,2026-04-08,15048915,https://www.data.go.kr/data/15048915/fileData.do
경상북도,포항시,가전제품류,전축(오디오),폭 또는 높이1미터 이상,7000,2026-04-08,15048915,https://www.data.go.kr/data/15048915/fileData.do
경상북도,포항시,가전제품류,전축케이스,대형(1미터 이상),6000,2026-04-08,15048915,https://www.data.go.kr/data/15048915/fileData.do
경상북도,포항시,가전제품류,전축케이스,소형(1미터 미만),4000,2026-04-08,15048915,https://www.data.go.kr/data/15048915/fileData.do
경상북도,포항시,가전제품류,전화기,모든규격,1000,2026-04-08,15048915,https://www.data.go.kr/data/15048915/fileData.do
경상북도,포항시,가전제품류,청소기,대형(업소용),5000,2026-04-08,15048915,https://www.data.go.kr/data/15048915/fileData.do
경상북도,포항시,가전제품류,청소기,소형(가정용),3000,2026-04-08,15048915,https://www.data.go.kr/data/15048915/fileData.do
경상북도,포항시,가전제품류,커피메이트,모든규격,2000,2026-04-08,15048915,https://www.data.go.kr/data/15048915/fileData.do
경상북도,포항시,가전제품류,컴퓨터,모니터,4000,2026-04-08,15048915,https://www.data.go.kr/data/15048915/fileData.do
경상북도,포항시,가전제품류,컴퓨터,본체,4000,2026-04-08,15048915,https://www.data.go.kr/data/15048915/fileData.do
경상북도,포항시,가전제품류,컴퓨터,키보드,1000,2026-04-08,15048915,https://www.data.go.kr/data/15048915/fileData.do
경상북도,포항시,가전제품류,탈수기,모든규격,3000,2026-04-08,15048915,https://www.data.go.kr/data/15048915/fileData.do
경상북도,포항시,가전제품류,텔레비전,25인치 미만,4000,2026-04-08,15048915,https://www.data.go.kr/data/15048915/fileData.do
경상북도,포항시,가전제품류,텔레비전,25인치 이상,6000,2026-04-08,15048915,https://www.data.go.kr/data/15048915/fileData.do
경상북도,포항시,가전제품류,텔레비전,42인치 이상,7000,2026-04-08,15048915,https://www.data.go.kr/data/15048915/fileData.do
경상북도,포항시,가전제품류,프린터기,모든규격,4000,2026-04-08,15048915,https://www.data.go.kr/data/15048915/fileData.do
경상북도,포항시,기타,가방류,가로50센티미터 미만,2000,2026-04-08,15048915,https://www.data.go.kr/data/15048915/fileData.do
경상북도,포항시,기타,가방류,가로50센티미터 이상,3000,2026-04-08,15048915,https://www.data.go.kr/data/15048915/fileData.do
경상북도,포항시,기타,가방류,골프가방,3000,2026-04-08,15048915,https://www.data.go.kr/data/15048915/fileData.do
경상북도,포항시,기타,간판,가로+세로1미터 미만,4000,2026-04-08,15048915,https://www.data.go.kr/data/15048915/fileData.do
경상북도,포항시,기타,간판,가로+세로1미터 이상,6000,2026-04-08,15048915,https://www.data.go.kr/data/15048915/fileData.do
경상북도,포항시,기타,개집,모든규격,3000,2026-04-08,15048915,https://www.data.go.kr/data/15048915/fileData.do
경상북도,포항시,기타,거울(액자),높이1미터 미만,5000,2026-04-08,15048915,https://www.data.go.kr/data/15048915/fileData.do
경상북도,포항시,기타,거울(액자),높이1미터 이상,7000,2026-04-08,15048915,https://www.data.go.kr/data/15048915/fileData.do
경상북도,포항시,기타,거울(액자),높이50센티미터 미만,3000,2026-04-08,15048915,https://www.data.go.kr/data/15048915/fileData.do
경상북도,포항시,기타,고무통,지름1미터 이상,5000,2026-04-08,15048915,https://www.data.go.kr/data/15048915/fileData.do
경상북도,포항시,기타,고무통,지름50센티미터 미만,2000,2026-04-08,15048915,https://www.data.go.kr/data/15048915/fileData.do
경상북도,포항시,기타,고무통,지름50센티미터 이상,3000,2026-04-08,15048915,https://www.data.go.kr/data/15048915/fileData.do
경상북도,포항시,기타,금고,대형(1미터 이상),15000,2026-04-08,15048915,https://www.data.go.kr/data/15048915/fileData.do
경상북도,포항시,기타,금고,소형(1미터 미만),10000,2026-04-08,15048915,https://www.data.go.kr/data/15048915/fileData.do
경상북도,포항시,기타,기름탱크,400리터 미만,5000,2026-04-08,15048915,https://www.data.go.kr/data/15048915/fileData.do
경상북도,포항시,기타,기름탱크,400리터 이상,7000,2026-04-08,15048915,https://www.data.go.kr/data/15048915/fileData.do
경상북도,포항시,기타,난로,모든규격,4000,2026-04-08,15048915,https://www.data.go.kr/data/15048915/fileData.do
경상북도,포항시,기타,다림이판,모든규격,1000,2026-04-08,15048915,https://www.data.go.kr/data/15048915/fileData.do
경상북도,포항시,기타,당구대,나무틀,20000,2026-04-08,15048915,https://www.data.go.kr/data/15048915/fileData.do
경상북도,포항시,기타,대자리,돗자리,4000,2026-04-08,15048915,https://www.data.go.kr/data/15048915/fileData.do
경상북도,포항시,기타,대자리,발,2000,2026-04-08,15048915,https://www.data.go.kr/data/15048915/fileData.do
경상북도,포항시,기타,드럼통,개당,3000,2026-04-08,15048915,https://www.data.go.kr/data/15048915/fileData.do
경상북도,포항시,기타,등류,일반용,3000,2026-04-08,15048915,https://www.data.go.kr/data/15048915/fileData.do
경상북도,포항시,기타,등류,장식용,5000,2026-04-08,15048915,https://www.data.go.kr/data/15048915/fileData.do
경상북도,포항시,기타,마네킹,모든규격,2000,2026-04-08,15048915,https://www.data.go.kr/data/15048915/fileData.do
경상북도,포항시,기타,마대,80킬로그램 쌀포대기준,3000,2026-04-08,15048915,https://www.data.go.kr/data/15048915/fileData.do
경상북도,포항시,기타,목재류,100리터,3000,2026-04-08,15048915,https://www.data.go.kr/data/15048915/fileData.do
경상북도,포항시,기타,목재류,50리터,2000,2026-04-08,15048915,https://www.data.go.kr/data/15048915/fileData.do
경상북도,포항시,기타,목재류,지게차파레트,4000,2026-04-08,15048915,https://www.data.go.kr/data/15048915/fileData.do
경상북도,포항시,기타,목재류,합판류(1제곱미터 미만),2000,2026-04-08,15048915,https://www.data.go.kr/data/15048915/fileData.do
경상북도,포항시,기타,목재류,합판류(1제곱미터 이상),3000,2026-04-08,15048915,https://www.data.go.kr/data/15048915/fileData.do
경상북도,포항시,기타,문(짝),목문,6000,2026-04-08,15048915,https://www.data.go.kr/data/15048915/fileData.do
경상북도,포항시,기타,문(짝),샷시문,4000,2026-04-08,15048915,https://www.data.go.kr/data/15048915/fileData.do
경상북도,포항시,기타,물탱크(저수조),1000리터 미만,15000,2026-04-08,15048915,https://www.data.go.kr/data/15048915/fileData.do
경상북도,포항시,기타,물탱크(저수조),1000리터 이상,20000,2026-04-08,15048915,https://www.data.go.kr/data/15048915/fileData.do
경상북도,포항시,기타,방충망,모든규격,3000,2026-04-08,15048915,https://www.data.go.kr/data/15048915/fileData.do
경상북도,포항시,기타,벽시계,대형(1미터 이상),5000,2026-04-08,15048915,https://www.data.go.kr/data/15048915/fileData.do
경상북도,포항시,기타,벽시계,소형(0.5미터 이하),2000,2026-04-08,15048915,https://www.data.go.kr/data/15048915/fileData.do
경상북도,포항시,기타,벽시계,중형(1미터 미만),3000,2026-04-08,15048915,https://www.data.go.kr/data/15048915/fileData.do
경상북도,포항시,기타,변기,양변기,10000,2026-04-08,15048915,https://www.data.go.kr/data/15048915/fileData.do
경상북도,포항시,기타,변기,유아용변기,3000,2026-04-08,15048915,https://www.data.go.kr/data/15048915/fileData.do
경상북도,포항시,기타,병풍(블라인드),모든규격,5000,2026-04-08,15048915,https://www.data.go.kr/data/15048915/fileData.do
경상북도,포항시,기타,보일러,기름보일러,15000,2026-04-08,15048915,https://www.data.go.kr/data/15048915/fileData.do
경상북도,포항시,기타,보일러,연탄보일러,7000,2026-04-08,15048915,https://www.data.go.kr/data/15048915/fileData.do
경상북도,포항시,기타,복사기,모든규격,7000,2026-04-08,15048915,https://www.data.go.kr/data/15048915/fileData.do
경상북도,포항시,기타,빨래건조대,모든규격,2000,2026-04-08,15048915,https://www.data.go.kr/data/15048915/fileData.do
경상북도,포항시,기타,세면기,모든규격,3000,2026-04-08,15048915,https://www.data.go.kr/data/15048915/fileData.do
경상북도,포항시,기타,소화기,소형(3.3킬로그램 이하),1000,2026-04-08,15048915,https://www.data.go.kr/data/15048915/fileData.do
경상북도,포항시,기타,소화기,중형(3.3kg초과 10kg이하),2000,2026-04-08,15048915,https://www.data.go.kr/data/15048915/fileData.do
경상북도,포항시,기타,수족관,2세제곱미터 미만,10000,2026-04-08,15048915,https://www.data.go.kr/data/15048915/fileData.do
경상북도,포항시,기타,수족관,5세제곱미터 미만,15000,2026-04-08,15048915,https://www.data.go.kr/data/15048915/fileData.do
경상북도,포항시,기타,수족관,5세제곱미터 이상,20000,2026-04-08,15048915,https://www.data.go.kr/data/15048915/fileData.do
경상북도,포항시,기타,스키(보드),모든규격,2000,2026-04-08,15048915,https://www.data.go.kr/data/15048915/fileData.do
경상북도,포항시,기타,쓰레기통,가정용,1000,2026-04-08,15048915,https://www.data.go.kr/data/15048915/fileData.do
경상북도,포항시,기타,쓰레기통,대형(일반쓰레기),5000,2026-04-08,15048915,https://www.data.go.kr/data/15048915/fileData.do
경상북도,포항시,기타,쓰레기통,중형(음식물),3000,2026-04-08,15048915,https://www.data.go.kr/data/15048915/fileData.do
경상북도,포항시,기타,아이스박스,모든규격,2000,2026-04-08,15048915,https://www.data.go.kr/data/15048915/fileData.do
경상북도,포항시,기타,욕조,유아용,3000,2026-04-08,15048915,https://www.data.go.kr/data/15048915/fileData.do
경상북도,포항시,기타,욕조,일반용,7000,2026-04-08,15048915,https://www.data.go.kr/data/15048915/fileData.do
경상북도,포항시,기타,유모차(보행기),모든규격,3000,2026-04-08,15048915,https://www.data.go.kr/data/15048915/fileData.do
경상북도,포항시,기타,이불,대(겨울용),5000,2026-04-08,15048915,https://www.data.go.kr/data/15048915/fileData.do
경상북도,포항시,기타,이불,소(여름용),3000,2026-04-08,15048915,https://www.data.go.kr/data/15048915/fileData.do
경상북도,포항시,기타,자석요(옥매트),1인용,7000,2026-04-08,15048915,https://www.data.go.kr/data/15048915/fileData.do
경상북도,포항시,기타,자석요(옥매트),2인용,10000,2026-04-08,15048915,https://www.data.go.kr/data/15048915/fileData.do
경상북도,포항시,기타,자전거,성인용,7000,2026-04-08,15048915,https://www.data.go.kr/data/15048915/fileData.do
경상북도,포항시,기타,자전거,어린이용,4000,2026-04-08,15048915,https://www.data.go.kr/data/15048915/fileData.do
경상북도,포항시,기타,장난감류,대형(미끄럼틀+놀이집 등),5000,2026-04-08,15048915,https://www.data.go.kr/data/15048915/fileData.do
경상북도,포항시,기타,장난감류,소형(3킬로그램 당),1000,2026-04-08,15048915,https://www.data.go.kr/data/15048915/fileData.do
경상북도,포항시,기타,장판,3.3제곱미터 당,3000,2026-04-08,15048915,https://www.data.go.kr/data/15048915/fileData.do
경상북도,포항시,기타,재봉틀,모든규격,4000,2026-04-08,15048915,https://www.data.go.kr/data/15048915/fileData.do
경상북도,포항시,기타,정화조,10인용 미만,15000,2026-04-08,15048915,https://www.data.go.kr/data/15048915/fileData.do
경상북도,포항시,기타,정화조,10인용 이상,20000,2026-04-08,15048915,https://www.data.go.kr/data/15048915/fileData.do
경상북도,포항시,기타,칠판(게시판),모든규격,3000,2026-04-08,15048915,https://www.data.go.kr/data/15048915/fileData.do
경상북도,포항시,기타,카페트,2미터ⅹ4미터 미만,4000,2026-04-08,15048915,https://www.data.go.kr/data/15048915/fileData.do
경상북도,포항시,기타,카페트,2미터ⅹ4미터 이상,7000,2026-04-08,15048915,https://www.data.go.kr/data/15048915/fileData.do
경상북도,포항시,기타,탁구대,모든규격,10000,2026-04-08,15048915,https://www.data.go.kr/data/15048915/fileData.do
경상북도,포항시,기타,텐트,5인 미만,2000,2026-04-08,15048915,https://www.data.go.kr/data/15048915/fileData.do
경상북도,포항시,기타,텐트,5인 이상,3000,2026-04-08,15048915,https://www.data.go.kr/data/15048915/fileData.do
경상북도,포항시,기타,텔레비전(TV)대,모든규격,4000,2026-04-08,15048915,https://www.data.go.kr/data/15048915/fileData.do
경상북도,포항시,기타,팩시밀리,모든규격,3000,2026-04-08,15048915,https://www.data.go.kr/data/15048915/fileData.do
경상북도,포항시,기타,평상,목재,8000,2026-04-08,15048915,https://www.data.go.kr/data/15048915/fileData.do
경상북도,포항시,기타,평상,철재,6000,2026-04-08,15048915,https://www.data.go.kr/data/15048915/fileData.do
경상북도,포항시,기타,피아노,그랜드,20000,2026-04-08,15048915,https://www.data.go.kr/data/15048915/fileData.do
경상북도,포항시,기타,피아노,디지털(오르간포함),5000,2026-04-08,15048915,https://www.data.go.kr/data/15048915/fileData.do
경상북도,포항시,기타,피아노,어프라이트,15000,2026-04-08,15048915,https://www.data.go.kr/data/15048915/fileData.do
경상북도,포항시,기타,항아리,대형(100리터 이상),7000,2026-04-08,15048915,https://www.data.go.kr/data/15048915/fileData.do
경상북도,포항시,기타,항아리,소형(30리터 미만),2000,2026-04-08,15048915,https://www.data.go.kr/data/15048915/fileData.do
경상북도,포항시,기타,항아리,중형(30리터 이상),4000,2026-04-08,15048915,https://www.data.go.kr/data/15048915/fileData.do
경상북도,포항시,기타,화분,높이50센티미터 미만,2000,2026-04-08,15048915,https://www.data.go.kr/data/15048915/fileData.do
경상북도,포항시,기타,화분,높이50센티미터 이상,3000,2026-04-08,15048915,https://www.data.go.kr/data/15048915/fileData.do
경상북도,포항시,기타,환풍기,대형(1미터 이상),5000,2026-04-08,15048915,https://www.data.go.kr/data/15048915/fileData.do
경상북도,포항시,기타,환풍기,소형(1미터 미만),3000,2026-04-08,15048915,https://www.data.go.kr/data/15048915/fileData.do
경상북도,포항시,기타,휠체어,일반,2000,2026-04-08,15048915,https://www.data.go.kr/data/15048915/fileData.do
경상북도,포항시,기타,휠체어,전동,8000,2026-04-08,15048915,https://www.data.go.kr/data/15048915/fileData.do
경상북도,포항시,생활용품류,가스오븐렌지,1미터 미만,3000,2026-04-08,15048915,https://www.data.go.kr/data/15048915/fileData.do
경상북도,포항시,생활용품류,가스오븐렌지,1미터 이상,6000,2026-04-08,15048915,https://www.data.go.kr/data/15048915/fileData.do
경상북도,포항시,생활용품류,상,4인용 미만,2000,2026-04-08,15048915,https://www.data.go.kr/data/15048915/fileData.do
경상북도,포항시,생활용품류,상,4인용 이상,3000,2026-04-08,15048915,https://www.data.go.kr/data/15048915/fileData.do
경상북도,포항시,생활용품류,식기건조기(세척기),모든규격,4000,2026-04-08,15048915,https://www.data.go.kr/data/15048915/fileData.do
경상북도,포항시,생활용품류,식탁,6인용 미만,5000,2026-04-08,15048915,https://www.data.go.kr/data/15048915/fileData.do
경상북도,포항시,생활용품류,식탁,6인용 이상,7000,2026-04-08,15048915,https://www.data.go.kr/data/15048915/fileData.do
경상북도,포항시,생활용품류,식탁,대리석 4인용 이하,8000,2026-04-08,15048915,https://www.data.go.kr/data/15048915/fileData.do
경상북도,포항시,생활용품류,식탁,대리석 5인용 이상,12000,2026-04-08,15048915,https://www.data.go.kr/data/15048915/fileData.do
경상북도,포항시,생활용품류,쌀통,모든규격,3000,2026-04-08,15048915,https://www.data.go.kr/data/15048915/fileData.do
경상북도,포항시,생활용품류,씽크대,대(大) 1짝,7000,2026-04-08,15048915,https://www.data.go.kr/data/15048915/fileData.do
경상북도,포항시,생활용품류,씽크대,소(小) 1짝,5000,2026-04-08,15048915,https://www.data.go.kr/data/15048915/fileData.do
경상북도,포항시,생활용품류,전기밥통(전기밥솥),모든규격,3000,2026-04-08,15048915,https://www.data.go.kr/data/15048915/fileData.do
경상북도,포항시,생활용품류,전자레인지,모든규격,3000,2026-04-08,15048915,https://www.data.go.kr/data/15048915/fileData.do
경상북도,포항시,생활용품류,전자후라이팬,모든규격,2000,2026-04-08,15048915,https://www.data.go.kr/data/15048915/fileData.do
경상북도,포항시,생활용품류,정수기(냉온수기),높이1미터 미만,3000,2026-04-08,15048915,https://www.data.go.kr/data/15048915/fileData.do
경상북도,포항시,생활용품류,정수기(냉온수기),높이1미터 이상,5000,2026-04-08,15048915,https://www.data.go.kr/data/15048915/fileData.do
경상북도,포항시,생활용품류,찬장,폭1.5미터 이상,10000,2026-04-08,15048915,https://www.data.go.kr/data/15048915/fileData.do
경상북도,포항시,생활용품류,찬장,폭1미터 미만,5000,2026-04-08,15048915,https://www.data.go.kr/data/15048915/fileData.do
경상북도,포항시,생활용품류,찬장,폭1미터 이상,7000,2026-04-08,15048915,https://www.data.go.kr/data/15048915/fileData.do
대구광역시,달성군,가구류,돌침대,1인용,15000,2022-10-28,15093675,https://www.data.go.kr/data/15093675/fileData.do
대구광역시,달성군,가구류,돌침대,2인용,20000,2022-10-28,15093675,https://www.data.go.kr/data/15093675/fileData.do
대구광역시,달성군,가구류,문갑,120cm미만,2000,2022-10-28,15093675,https://www.data.go.kr/data/15093675/fileData.do
대구광역시,달성군,가구류,문갑,120cm이상,3000,2022-10-28,15093675,https://www.data.go.kr/data/15093675/fileData.do
대구광역시,달성군,가구류,상(판),모든규격,2000,2022-10-28,15093675,https://www.data.go.kr/data/15093675/fileData.do
대구광역시,달성군,가구류,서랍장,3단 이하,3000,2022-10-28,15093675,https://www.data.go.kr/data/15093675/fileData.do
대구광역시,달성군,가구류,서랍장,4단,5000,2022-10-28,15093675,https://www.data.go.kr/data/15093675/fileData.do
대구광역시,달성군,가구류,서랍장,5단,7000,2022-10-28,15093675,https://www.data.go.kr/data/15093675/fileData.do
대구광역시,달성군,가구류,서랍장,6단,8000,2022-10-28,15093675,https://www.data.go.kr/data/15093675/fileData.do
대구광역시,달성군,가구류,쇼파,1인 추가시,1000,2022-10-28,15093675,https://www.data.go.kr/data/15093675/fileData.do
대구광역시,달성군,가구류,쇼파,1인용,3000,2022-10-28,15093675,https://www.data.go.kr/data/15093675/fileData.do
대구광역시,달성군,가구류,식탁,6인용 미만,4000,2022-10-28,15093675,https://www.data.go.kr/data/15093675/fileData.do
대구광역시,달성군,가구류,식탁,6인용 이상,5000,2022-10-28,15093675,https://www.data.go.kr/data/15093675/fileData.do
대구광역시,달성군,가구류,신발장,90cm×150cm미만,3000,2022-10-28,15093675,https://www.data.go.kr/data/15093675/fileData.do
대구광역시,달성군,가구류,신발장,90cm×150cm이상,6000,2022-10-28,15093675,https://www.data.go.kr/data/15093675/fileData.do
대구광역시,달성군,가구류,싱크대,120cm×50cm미만 1쪽,5000,2022-10-28,15093675,https://www.data.go.kr/data/15093675/fileData.do
대구광역시,달성군,가구류,싱크대,120cm×50cm이상 1쪽,7000,2022-10-28,15093675,https://www.data.go.kr/data/15093675/fileData.do
대구광역시,달성군,가구류,의자,대형(팔걸이 의자),2000,2022-10-28,15093675,https://www.data.go.kr/data/15093675/fileData.do
대구광역시,달성군,가구류,의자,소형(팔걸이 없는 의자),1000,2022-10-28,15093675,https://www.data.go.kr/data/15093675/fileData.do
대구광역시,달성군,가구류,장롱,120cm장 1쪽,15000,2022-10-28,15093675,https://www.data.go.kr/data/15093675/fileData.do
대구광역시,달성군,가구류,장롱,90cm장 1쪽,10000,2022-10-28,15093675,https://www.data.go.kr/data/15093675/fileData.do
대구광역시,달성군,가구류,장식장,120cm×180cm 이상,13000,2022-10-28,15093675,https://www.data.go.kr/data/15093675/fileData.do
대구광역시,달성군,가구류,장식장,90cm×180cm 미만,3000,2022-10-28,15093675,https://www.data.go.kr/data/15093675/fileData.do
대구광역시,달성군,가구류,장식장,"90cm×180cm이상, 120cm×180cm미만",9000,2022-10-28,15093675,https://www.data.go.kr/data/15093675/fileData.do
대구광역시,달성군,가구류,책상,"양수, 대형",6000,2022-10-28,15093675,https://www.data.go.kr/data/15093675/fileData.do
대구광역시,달성군,가구류,책상,"편수, 소형",5000,2022-10-28,15093675,https://www.data.go.kr/data/15093675/fileData.do
대구광역시,달성군,가구류,책장(책꽂이),120cm×180cm 이상,10000,2022-10-28,15093675,https://www.data.go.kr/data/15093675/fileData.do
대구광역시,달성군,가구류,책장(책꽂이),50cm×90cm이하,3000,2022-10-28,15093675,https://www.data.go.kr/data/15093675/fileData.do
대구광역시,달성군,가구류,책장(책꽂이),"50cm×90cm초과, 120cm×180cm미만",6000,2022-10-28,15093675,https://www.data.go.kr/data/15093675/fileData.do
대구광역시,달성군,가구류,침대,1인용(싱글) 구조물,5000,2022-10-28,15093675,https://www.data.go.kr/data/15093675/fileData.do
대구광역시,달성군,가구류,침대,1인용(싱글) 매트리스,5000,2022-10-28,15093675,https://www.data.go.kr/data/15093675/fileData.do
대구광역시,달성군,가구류,침대,2인용(더블) 구조물,6000,2022-10-28,15093675,https://www.data.go.kr/data/15093675/fileData.do
대구광역시,달성군,가구류,침대,2인용(더블) 매트리스,7000,2022-10-28,15093675,https://www.data.go.kr/data/15093675/fileData.do
대구광역시,달성군,가구류,화장대,거울 미부착,3000,2022-10-28,15093675,https://www.data.go.kr/data/15093675/fileData.do
대구광역시,달성군,가구류,화장대,거울 부착,6000,2022-10-28,15093675,https://www.data.go.kr/data/15093675/fileData.do
대구광역시,달성군,가전제품류,T.V,42인치 미만,3000,2022-10-28,15093675,https://www.data.go.kr/data/15093675/fileData.do
대구광역시,달성군,가전제품류,T.V,42인치 이상,6000,2022-10-28,15093675,https://www.data.go.kr/data/15093675/fileData.do
대구광역시,달성군,가전제품류,가스오븐렌지,높이 1m 이상,5000,2022-10-28,15093675,https://www.data.go.kr/data/15093675/fileData.do
대구광역시,달성군,가전제품류,가습기,모든 규격,1000,2022-10-28,15093675,https://www.data.go.kr/data/15093675/fileData.do
대구광역시,달성군,가전제품류,공기청정기,높이 1m 이상,3000,2022-10-28,15093675,https://www.data.go.kr/data/15093675/fileData.do
대구광역시,달성군,가전제품류,기타소형가전,모든제품,1000,2022-10-28,15093675,https://www.data.go.kr/data/15093675/fileData.do
대구광역시,달성군,가전제품류,난로,석유난로,3000,2022-10-28,15093675,https://www.data.go.kr/data/15093675/fileData.do
대구광역시,달성군,가전제품류,난로,전기난로,2000,2022-10-28,15093675,https://www.data.go.kr/data/15093675/fileData.do
대구광역시,달성군,가전제품류,냉장고,300리터 미만,5000,2022-10-28,15093675,https://www.data.go.kr/data/15093675/fileData.do
대구광역시,달성군,가전제품류,냉장고,300리터이상,7000,2022-10-28,15093675,https://www.data.go.kr/data/15093675/fileData.do
대구광역시,달성군,가전제품류,냉장고,500리터 이상,9000,2022-10-28,15093675,https://www.data.go.kr/data/15093675/fileData.do
대구광역시,달성군,가전제품류,다리미,모든 규격,1000,2022-10-28,15093675,https://www.data.go.kr/data/15093675/fileData.do
대구광역시,달성군,가전제품류,복사기,높이 1m이상,7000,2022-10-28,15093675,https://www.data.go.kr/data/15093675/fileData.do
대구광역시,달성군,가전제품류,선풍기,가정용,1000,2022-10-28,15093675,https://www.data.go.kr/data/15093675/fileData.do
대구광역시,달성군,가전제품류,선풍기,업소용,2000,2022-10-28,15093675,https://www.data.go.kr/data/15093675/fileData.do
대구광역시,달성군,가전제품류,세탁기,8kg 미만,5000,2022-10-28,15093675,https://www.data.go.kr/data/15093675/fileData.do
대구광역시,달성군,가전제품류,세탁기,8kg 이상,6000,2022-10-28,15093675,https://www.data.go.kr/data/15093675/fileData.do
대구광역시,달성군,가전제품류,스피커,모든규격,2000,2022-10-28,15093675,https://www.data.go.kr/data/15093675/fileData.do
대구광역시,달성군,가전제품류,식기세척기,모든 규격,3000,2022-10-28,15093675,https://www.data.go.kr/data/15093675/fileData.do
대구광역시,달성군,가전제품류,에어컨디셔너,264㎡형(80평)이상,8000,2022-10-28,15093675,https://www.data.go.kr/data/15093675/fileData.do
대구광역시,달성군,가전제품류,에어컨디셔너,66㎡형(30평)미만,3000,2022-10-28,15093675,https://www.data.go.kr/data/15093675/fileData.do
대구광역시,달성군,가전제품류,에어컨디셔너,66㎡형(30평)이상,6000,2022-10-28,15093675,https://www.data.go.kr/data/15093675/fileData.do
대구광역시,달성군,가전제품류,오락기,업소용(높이1m미만),3000,2022-10-28,15093675,https://www.data.go.kr/data/15093675/fileData.do
대구광역시,달성군,가전제품류,전자(가스)렌지,모든 규격,2000,2022-10-28,15093675,https://www.data.go.kr/data/15093675/fileData.do
대구광역시,달성군,가전제품류,전축,"대형70cm×65cm이상, 케이스포함",10000,2022-10-28,15093675,https://www.data.go.kr/data/15093675/fileData.do
대구광역시,달성군,가전제품류,전축,"소형70cm×65cm미만, 케이스포함",7000,2022-10-28,15093675,https://www.data.go.kr/data/15093675/fileData.do
대구광역시,달성군,가전제품류,청소기,가정용,1000,2022-10-28,15093675,https://www.data.go.kr/data/15093675/fileData.do
대구광역시,달성군,가전제품류,청소기,업소용,2000,2022-10-28,15093675,https://www.data.go.kr/data/15093675/fileData.do
대구광역시,달성군,가전제품류,컴퓨터,"모니터, 본체, 노트북",2000,2022-10-28,15093675,https://www.data.go.kr/data/15093675/fileData.do
대구광역시,달성군,가전제품류,탈수기,모든 규격,2000,2022-10-28,15093675,https://www.data.go.kr/data/15093675/fileData.do
대구광역시,달성군,가전제품류,팩스기기,모든 규격,2000,2022-10-28,15093675,https://www.data.go.kr/data/15093675/fileData.do
대구광역시,달성군,기타류,마대,20Kg당,3000,2022-10-28,15093675,https://www.data.go.kr/data/15093675/fileData.do
대구광역시,달성군,기타류,물탱크(F.R.P),1㎥ 미만,5000,2022-10-28,15093675,https://www.data.go.kr/data/15093675/fileData.do
대구광역시,달성군,기타류,물탱크(F.R.P),1㎥ 이상,10000,2022-10-28,15093675,https://www.data.go.kr/data/15093675/fileData.do
대구광역시,달성군,기타류,소화기,20kg 이상,18000,2022-10-28,15093675,https://www.data.go.kr/data/15093675/fileData.do
대구광역시,달성군,기타류,소화기,3.5kg 이하,3000,2022-10-28,15093675,https://www.data.go.kr/data/15093675/fileData.do
대구광역시,달성군,기타류,소화기,6.5kg 이하,5000,2022-10-28,15093675,https://www.data.go.kr/data/15093675/fileData.do
대구광역시,달성군,생활용품,가방류,모든 규격,2000,2022-10-28,15093675,https://www.data.go.kr/data/15093675/fileData.do
대구광역시,달성군,생활용품,거울·액자,40cm×80cm미만,1000,2022-10-28,15093675,https://www.data.go.kr/data/15093675/fileData.do
대구광역시,달성군,생활용품,거울·액자,40cm×80cm이상,2000,2022-10-28,15093675,https://www.data.go.kr/data/15093675/fileData.do
대구광역시,달성군,생활용품,거울·액자,70cm×100cm이상,3000,2022-10-28,15093675,https://www.data.go.kr/data/15093675/fileData.do
대구광역시,달성군,생활용품,목재,kg 당,1000,2022-10-28,15093675,https://www.data.go.kr/data/15093675/fileData.do
대구광역시,달성군,생활용품,"문짝, 창문",1㎡ 당,2000,2022-10-28,15093675,https://www.data.go.kr/data/15093675/fileData.do
대구광역시,달성군,생활용품,벽시계,대형(높이1.5m이상),3000,2022-10-28,15093675,https://www.data.go.kr/data/15093675/fileData.do
대구광역시,달성군,생활용품,벽시계,소형(높이0.5m미만),1000,2022-10-28,15093675,https://www.data.go.kr/data/15093675/fileData.do
대구광역시,달성군,생활용품,벽시계,중형(높이0.5m이상),2000,2022-10-28,15093675,https://www.data.go.kr/data/15093675/fileData.do
대구광역시,달성군,생활용품,변기,소변기,3000,2022-10-28,15093675,https://www.data.go.kr/data/15093675/fileData.do
대구광역시,달성군,생활용품,변기,유아용,2000,2022-10-28,15093675,https://www.data.go.kr/data/15093675/fileData.do
대구광역시,달성군,생활용품,변기,좌변기,5000,2022-10-28,15093675,https://www.data.go.kr/data/15093675/fileData.do
대구광역시,달성군,생활용품,세면대,개당,3000,2022-10-28,15093675,https://www.data.go.kr/data/15093675/fileData.do
대구광역시,달성군,생활용품,수족관,0.5㎥미만,5000,2022-10-28,15093675,https://www.data.go.kr/data/15093675/fileData.do
대구광역시,달성군,생활용품,수족관,0.5㎥이상1㎥미만,9000,2022-10-28,15093675,https://www.data.go.kr/data/15093675/fileData.do
대구광역시,달성군,생활용품,수족관,1㎥이상 1㎥당,6000,2022-10-28,15093675,https://www.data.go.kr/data/15093675/fileData.do
대구광역시,달성군,생활용품,쌀통,모든 규격,2000,2022-10-28,15093675,https://www.data.go.kr/data/15093675/fileData.do
대구광역시,달성군,생활용품,아이스박스,모든 종류,2000,2022-10-28,15093675,https://www.data.go.kr/data/15093675/fileData.do
대구광역시,달성군,생활용품,애완동물집,모든 종류,3000,2022-10-28,15093675,https://www.data.go.kr/data/15093675/fileData.do
대구광역시,달성군,생활용품,옷걸이,모든 종류,2000,2022-10-28,15093675,https://www.data.go.kr/data/15093675/fileData.do
대구광역시,달성군,생활용품,유리,1㎡ 당,2000,2022-10-28,15093675,https://www.data.go.kr/data/15093675/fileData.do
대구광역시,달성군,생활용품,유모차,모든 규격,2000,2022-10-28,15093675,https://www.data.go.kr/data/15093675/fileData.do
대구광역시,달성군,생활용품,이불 등,발매트,1000,2022-10-28,15093675,https://www.data.go.kr/data/15093675/fileData.do
대구광역시,달성군,생활용품,이불 등,솜이불(장당),2000,2022-10-28,15093675,https://www.data.go.kr/data/15093675/fileData.do
대구광역시,달성군,생활용품,이불 등,일반이불(장당),1000,2022-10-28,15093675,https://www.data.go.kr/data/15093675/fileData.do
대구광역시,달성군,생활용품,자전거,성인용,3000,2022-10-28,15093675,https://www.data.go.kr/data/15093675/fileData.do
대구광역시,달성군,생활용품,자전거,어린이용,2000,2022-10-28,15093675,https://www.data.go.kr/data/15093675/fileData.do
대구광역시,달성군,생활용품,장난감 (인형등),10kg,2000,2022-10-28,15093675,https://www.data.go.kr/data/15093675/fileData.do
대구광역시,달성군,생활용품,장난감 (인형등),5kg,1000,2022-10-28,15093675,https://www.data.go.kr/data/15093675/fileData.do
대구광역시,달성군,생활용품,전기담요 등,옥매트(1인용),3000,2022-10-28,15093675,https://www.data.go.kr/data/15093675/fileData.do
대구광역시,달성군,생활용품,전기담요 등,옥매트(2인용),6000,2022-10-28,15093675,https://www.data.go.kr/data/15093675/fileData.do
대구광역시,달성군,생활용품,전기담요 등,전기장판,2000,2022-10-28,15093675,https://www.data.go.kr/data/15093675/fileData.do
대구광역시,달성군,생활용품,카펫,3.3㎡ 당,5000,2022-10-28,15093675,https://www.data.go.kr/data/15093675/fileData.do
대구광역시,달성군,생활용품,캐비닛,90cm×150cm미만,3000,2022-10-28,15093675,https://www.data.go.kr/data/15093675/fileData.do
대구광역시,달성군,생활용품,캐비닛,90cm×150cm이상,5000,2022-10-28,15093675,https://www.data.go.kr/data/15093675/fileData.do
대구광역시,달성군,생활용품,피아노,그랜드,18000,2022-10-28,15093675,https://www.data.go.kr/data/15093675/fileData.do
대구광역시,달성군,생활용품,피아노,디지털,5000,2022-10-28,15093675,https://www.data.go.kr/data/15093675/fileData.do
대구광역시,달성군,생활용품,피아노,업라이트,13000,2022-10-28,15093675,https://www.data.go.kr/data/15093675/fileData.do
대구광역시,달성군,생활용품,항아리,대형 1개당 1㎥이상,5000,2022-10-28,15093675,https://www.data.go.kr/data/15093675/fileData.do
대구광역시,달성군,생활용품,항아리,소형1개당 0.5㎥ 미만,1000,2022-10-28,15093675,https://www.data.go.kr/data/15093675/fileData.do
대구광역시,달성군,생활용품,항아리,중형1개당 (0.5㎥이상 1㎥미만),2000,2022-10-28,15093675,https://www.data.go.kr/data/15093675/fileData.do
대구광역시,동구,,T.V,42인치 미만,3000,,15100078,https://www.data.go.kr/data/15100078/fileData.do
대구광역시,동구,,T.V,42인치 이상,6000,,15100078,https://www.data.go.kr/data/15100078/fileData.do
대구광역시,동구,,가방류,모든 규격,2000,,15100078,https://www.data.go.kr/data/15100078/fileData.do
대구광역시,동구,,가스오븐렌지,높이 1m 이상,5000,,15100078,https://www.data.go.kr/data/15100078/fileData.do
대구광역시,동구,,가습기,모든 규격,1000,,15100078,https://www.data.go.kr/data/15100078/fileData.do
대구광역시,동구,,거울·액자,40cm×80cm미만,1000,,15100078,https://www.data.go.kr/data/15100078/fileData.do
대구광역시,동구,,거울·액자,40cm×80cm이상,2000,,15100078,https://www.data.go.kr/data/15100078/fileData.do
대구광역시,동구,,거울·액자,70cm×100cm이상,3000,,15100078,https://www.data.go.kr/data/15100078/fileData.do
대구광역시,동구,,공기청정기,높이 1m 이상,3000,,15100078,https://www.data.go.kr/data/15100078/fileData.do
대구광역시,동구,,기타 소형가전,모든 제품,1000,,15100078,https://www.data.go.kr/data/15100078/fileData.do
대구광역시,동구,,난로,석유난로,3000,,15100078,https://www.data.go.kr/data/15100078/fileData.do
대구광역시,동구,,난로,전기난로,2000,,15100078,https://www.data.go.kr/data/15100078/fileData.do
대구광역시,동구,,냉장고,300ℓ 미만,5000,,15100078,https://www.data.go.kr/data/15100078/fileData.do
대구광역시,동구,,냉장고,300ℓ 이상,7000,,15100078,https://www.data.go.kr/data/15100078/fileData.do
대구광역시,동구,,냉장고,500ℓ 이상,9000,,15100078,https://www.data.go.kr/data/15100078/fileData.do
대구광역시,동구,,다리미,모든 규격,1000,,15100078,https://www.data.go.kr/data/15100078/fileData.do
대구광역시,동구,,돌침대,1인용,15000,,15100078,https://www.data.go.kr/data/15100078/fileData.do
대구광역시,동구,,돌침대,2인용,20000,,15100078,https://www.data.go.kr/data/15100078/fileData.do
대구광역시,동구,,마대,20kg당,3000,,15100078,https://www.data.go.kr/data/15100078/fileData.do
대구광역시,동구,,목재,kg당,1000,,15100078,https://www.data.go.kr/data/15100078/fileData.do
대구광역시,동구,,문갑,120cm미만,2000,,15100078,https://www.data.go.kr/data/15100078/fileData.do
대구광역시,동구,,문갑,120cm이상,3000,,15100078,https://www.data.go.kr/data/15100078/fileData.do
대구광역시,동구,,"문짝, 창문",1㎡ 당,2000,,15100078,https://www.data.go.kr/data/15100078/fileData.do
대구광역시,동구,,물탱크(F.R.P),1㎥미만,5000,,15100078,https://www.data.go.kr/data/15100078/fileData.do
대구광역시,동구,,물탱크(F.R.P),1㎥이상,10000,,15100078,https://www.data.go.kr/data/15100078/fileData.do
대구광역시,동구,,벽시계,대형(높이 1.5m이상),3000,,15100078,https://www.data.go.kr/data/15100078/fileData.do
대구광역시,동구,,벽시계,소형(높이 0.5m미만),1000,,15100078,https://www.data.go.kr/data/15100078/fileData.do
대구광역시,동구,,벽시계,중형(높이 0.5m이상),2000,,15100078,https://www.data.go.kr/data/15100078/fileData.do
대구광역시,동구,,변기,소변기,3000,,15100078,https://www.data.go.kr/data/15100078/fileData.do
대구광역시,동구,,변기,유아용,2000,,15100078,https://www.data.go.kr/data/15100078/fileData.do
대구광역시,동구,,변기,좌변기,5000,,15100078,https://www.data.go.kr/data/15100078/fileData.do
대구광역시,동구,,복사기,높이 1m 이상,7000,,15100078,https://www.data.go.kr/data/15100078/fileData.do
대구광역시,동구,,상(판),모든 규격,2000,,15100078,https://www.data.go.kr/data/15100078/fileData.do
대구광역시,동구,,서랍장,3단 이하,3000,,15100078,https://www.data.go.kr/data/15100078/fileData.do
대구광역시,동구,,서랍장,4단,5000,,15100078,https://www.data.go.kr/data/15100078/fileData.do
대구광역시,동구,,서랍장,5단,7000,,15100078,https://www.data.go.kr/data/15100078/fileData.do
대구광역시,동구,,서랍장,6단,8000,,15100078,https://www.data.go.kr/data/15100078/fileData.do
대구광역시,동구,,선풍기,가정용,1000,,15100078,https://www.data.go.kr/data/15100078/fileData.do
대구광역시,동구,,선풍기,업소용,2000,,15100078,https://www.data.go.kr/data/15100078/fileData.do
대구광역시,동구,,세면대,개당,3000,,15100078,https://www.data.go.kr/data/15100078/fileData.do
대구광역시,동구,,세탁기,8kg 미만,5000,,15100078,https://www.data.go.kr/data/15100078/fileData.do
대구광역시,동구,,세탁기,8kg 이상,6000,,15100078,https://www.data.go.kr/data/15100078/fileData.do
대구광역시,동구,,소화기,20kg 이상,18000,,15100078,https://www.data.go.kr/data/15100078/fileData.do
대구광역시,동구,,소화기,3.3kg 이하,3000,,15100078,https://www.data.go.kr/data/15100078/fileData.do
대구광역시,동구,,소화기,6.5kg 이하,5000,,15100078,https://www.data.go.kr/data/15100078/fileData.do
대구광역시,동구,,쇼파,1인 추가시,1000,,15100078,https://www.data.go.kr/data/15100078/fileData.do
대구광역시,동구,,쇼파,1인용,3000,,15100078,https://www.data.go.kr/data/15100078/fileData.do
대구광역시,동구,,수족관,0.5㎥미만,5000,,15100078,https://www.data.go.kr/data/15100078/fileData.do
대구광역시,동구,,수족관,0.5㎥이상 1㎥미만,9000,,15100078,https://www.data.go.kr/data/15100078/fileData.do
대구광역시,동구,,수족관,1㎥이상일 경우추가1㎥당,6000,,15100078,https://www.data.go.kr/data/15100078/fileData.do
대구광역시,동구,,스피커,모든 규격,2000,,15100078,https://www.data.go.kr/data/15100078/fileData.do
대구광역시,동구,,식기세척기,모든 규격,3000,,15100078,https://www.data.go.kr/data/15100078/fileData.do
대구광역시,동구,,식탁(탁자),4인용 이하,3000,,15100078,https://www.data.go.kr/data/15100078/fileData.do
대구광역시,동구,,식탁(탁자),6인용,5000,,15100078,https://www.data.go.kr/data/15100078/fileData.do
대구광역시,동구,,신발장,90cm×150cm미만,3000,,15100078,https://www.data.go.kr/data/15100078/fileData.do
대구광역시,동구,,신발장,90cm×150cm이상,6000,,15100078,https://www.data.go.kr/data/15100078/fileData.do
대구광역시,동구,,싱크대,120cm×50cm미만 1쪽,5000,,15100078,https://www.data.go.kr/data/15100078/fileData.do
대구광역시,동구,,싱크대,120cm×50cm이상 1쪽,7000,,15100078,https://www.data.go.kr/data/15100078/fileData.do
대구광역시,동구,,쌀통,모든 규격,2000,,15100078,https://www.data.go.kr/data/15100078/fileData.do
대구광역시,동구,,아이스박스,모든종류,2000,,15100078,https://www.data.go.kr/data/15100078/fileData.do
대구광역시,동구,,애완동물집,모든종류,3000,,15100078,https://www.data.go.kr/data/15100078/fileData.do
대구광역시,동구,,에어컨디셔너,264㎡형(80평)이상,8000,,15100078,https://www.data.go.kr/data/15100078/fileData.do
대구광역시,동구,,에어컨디셔너,66㎡형(30평)미만,3000,,15100078,https://www.data.go.kr/data/15100078/fileData.do
대구광역시,동구,,에어컨디셔너,66㎡형(30평)이상,6000,,15100078,https://www.data.go.kr/data/15100078/fileData.do
대구광역시,동구,,오락기,업소용(높이100cm미만),3000,,15100078,https://www.data.go.kr/data/15100078/fileData.do
대구광역시,동구,,옷걸이,모든종류,2000,,15100078,https://www.data.go.kr/data/15100078/fileData.do
대구광역시,동구,,유리,1㎡ 당,2000,,15100078,https://www.data.go.kr/data/15100078/fileData.do
대구광역시,동구,,유모차,모든 규격,2000,,15100078,https://www.data.go.kr/data/15100078/fileData.do
대구광역시,동구,,의자,대형(팔걸이 의자),2000,,15100078,https://www.data.go.kr/data/15100078/fileData.do
대구광역시,동구,,의자,소형(팔걸이 없는 의자),1000,,15100078,https://www.data.go.kr/data/15100078/fileData.do
대구광역시,동구,,이불 등,발매트,1000,,15100078,https://www.data.go.kr/data/15100078/fileData.do
대구광역시,동구,,이불 등,솜이불(장당),2000,,15100078,https://www.data.go.kr/data/15100078/fileData.do
대구광역시,동구,,이불 등,일반이불(장당),1000,,15100078,https://www.data.go.kr/data/15100078/fileData.do
대구광역시,동구,,자전거,성인용,3000,,15100078,https://www.data.go.kr/data/15100078/fileData.do
대구광역시,동구,,자전거,어린이용,2000,,15100078,https://www.data.go.kr/data/15100078/fileData.do
대구광역시,동구,,장난감 (인형등),10kg,2000,,15100078,https://www.data.go.kr/data/15100078/fileData.do
대구광역시,동구,,장난감 (인형등),5kg,1000,,15100078,https://www.data.go.kr/data/15100078/fileData.do
대구광역시,동구,,장롱,120cm장 1쪽,15000,,15100078,https://www.data.go.kr/data/15100078/fileData.do
대구광역시,동구,,장롱,90cm장 1쪽,10000,,15100078,https://www.data.go.kr/data/15100078/fileData.do
대구광역시,동구,,장식장,120cm×180cm 이상,13000,,15100078,https://www.data.go.kr/data/15100078/fileData.do
대구광역시,동구,,장식장,90cm×180cm 미만,3000,,15100078,https://www.data.go.kr/data/15100078/fileData.do
대구광역시,동구,,장식장,90cm×180cm 이상,9000,,15100078,https://www.data.go.kr/data/15100078/fileData.do
대구광역시,동구,,전기담요 등,옥매트(1인용),3000,,15100078,https://www.data.go.kr/data/15100078/fileData.do
대구광역시,동구,,전기담요 등,옥매트(2인용),6000,,15100078,https://www.data.go.kr/data/15100078/fileData.do
대구광역시,동구,,전기담요 등,전기장판,2000,,15100078,https://www.data.go.kr/data/15100078/fileData.do
대구광역시,동구,,전자(가스) 렌지,모든 규격,2000,,15100078,https://www.data.go.kr/data/15100078/fileData.do
대구광역시,동구,,전축 (케이스포함),70cm×65cm미만,7000,,15100078,https://www.data.go.kr/data/15100078/fileData.do
대구광역시,동구,,전축 (케이스포함),70cm×65cm이상,10000,,15100078,https://www.data.go.kr/data/15100078/fileData.do
대구광역시,동구,,책상,"양수, 대형",6000,,15100078,https://www.data.go.kr/data/15100078/fileData.do
대구광역시,동구,,책상,"편수, 소형",5000,,15100078,https://www.data.go.kr/data/15100078/fileData.do
대구광역시,동구,,책장(책꽂이),120cm×180cm 이상,10000,,15100078,https://www.data.go.kr/data/15100078/fileData.do
대구광역시,동구,,책장(책꽂이),50cm×90cm 이하,3000,,15100078,https://www.data.go.kr/data/15100078/fileData.do
대구광역시,동구,,책장(책꽂이),50cm×90cm 초과,6000,,15100078,https://www.data.go.kr/data/15100078/fileData.do
대구광역시,동구,,청소기,가정용,1000,,15100078,https://www.data.go.kr/data/15100078/fileData.do
대구광역시,동구,,청소기,업소용,2000,,15100078,https://www.data.go.kr/data/15100078/fileData.do
대구광역시,동구,,침대,1인용(싱글) 구조물,5000,,15100078,https://www.data.go.kr/data/15100078/fileData.do
대구광역시,동구,,침대,1인용(싱글) 매트리스,5000,,15100078,https://www.data.go.kr/data/15100078/fileData.do
대구광역시,동구,,침대,2인용(더블) 구조물,6000,,15100078,https://www.data.go.kr/data/15100078/fileData.do
대구광역시,동구,,침대,2인용(더블) 매트리스,7000,,15100078,https://www.data.go.kr/data/15100078/fileData.do
대구광역시,동구,,카펫,3.3㎥당,5000,,15100078,https://www.data.go.kr/data/15100078/fileData.do
대구광역시,동구,,캐비닛,90cm×150cm미만,3000,,15100078,https://www.data.go.kr/data/15100078/fileData.do
대구광역시,동구,,캐비닛,90cm×150cm이상,5000,,15100078,https://www.data.go.kr/data/15100078/fileData.do
대구광역시,동구,,컴퓨터,"모니터, 본체, 노트북",2000,,15100078,https://www.data.go.kr/data/15100078/fileData.do
대구광역시,동구,,탈수기,모든 규격,2000,,15100078,https://www.data.go.kr/data/15100078/fileData.do
대구광역시,동구,,파렛트,모든규격,3000,,15100078,https://www.data.go.kr/data/15100078/fileData.do
대구광역시,동구,,팩스기기,모든 규격,2000,,15100078,https://www.data.go.kr/data/15100078/fileData.do
대구광역시,동구,,피아노,그랜드,18000,,15100078,https://www.data.go.kr/data/15100078/fileData.do
대구광역시,동구,,피아노,디지털,5000,,15100078,https://www.data.go.kr/data/15100078/fileData.do
대구광역시,동구,,피아노,업라이트,13000,,15100078,https://www.data.go.kr/data/15100078/fileData.do
대구광역시,동구,,항아리 (1개당),대형 (1㎥ 이상),5000,,15100078,https://www.data.go.kr/data/15100078/fileData.do
대구광역시,동구,,항아리 (1개당),소형 (0.5㎥ 미만),1000,,15100078,https://www.data.go.kr/data/15100078/fileData.do
대구광역시,동구,,항아리 (1개당),중형 (0.5㎥ 이상),2000,,15100078,https://www.data.go.kr/data/15100078/fileData.do
대구광역시,동구,,화장대,거울 미부착,3000,,15100078,https://www.data.go.kr/data/15100078/fileData.do
대구광역시,동구,,화장대,거울 부착,6000,,15100078,https://www.data.go.kr/data/15100078/fileData.do
대구광역시,서구,,가방류,모든 규격,2000,,15055769,https://www.data.go.kr/data/15055769/fileData.do
대구광역시,서구,,가스(전자)레인지,모든 규격,2000,,15055769,https://www.data.go.kr/data/15055769/fileData.do
대구광역시,서구,,가스오븐레인지,높이 1m 이상,5000,,15055769,https://www.data.go.kr/data/15055769/fileData.do
대구광역시,서구,,가습기,모든 규격,1000,,15055769,https://www.data.go.kr/data/15055769/fileData.do
대구광역시,서구,,"거울, 액자",40㎝ × 80㎝ 미만,1000,,15055769,https://www.data.go.kr/data/15055769/fileData.do
대구광역시,서구,,"거울, 액자",40㎝ × 80㎝ 이상,2000,,15055769,https://www.data.go.kr/data/15055769/fileData.do
대구광역시,서구,,"거울, 액자",70㎝ × 100㎝ 이상,3000,,15055769,https://www.data.go.kr/data/15055769/fileData.do
대구광역시,서구,,건조기(탈수기),모든 규격,2000,,15055769,https://www.data.go.kr/data/15055769/fileData.do
대구광역시,서구,,공기청정기,높이 1m 이상,3000,,15055769,https://www.data.go.kr/data/15055769/fileData.do
대구광역시,서구,,기타 소형가전,모든 규격,1000,,15055769,https://www.data.go.kr/data/15055769/fileData.do
대구광역시,서구,,난로,석유난로,3000,,15055769,https://www.data.go.kr/data/15055769/fileData.do
대구광역시,서구,,난로,전기난로,2000,,15055769,https://www.data.go.kr/data/15055769/fileData.do
대구광역시,서구,,냉장고,300ℓ 미만,5000,,15055769,https://www.data.go.kr/data/15055769/fileData.do
대구광역시,서구,,냉장고,300ℓ 이상~500ℓ 미만,7000,,15055769,https://www.data.go.kr/data/15055769/fileData.do
대구광역시,서구,,냉장고,500ℓ 이상,9000,,15055769,https://www.data.go.kr/data/15055769/fileData.do
대구광역시,서구,,다리미,모든 규격,1000,,15055769,https://www.data.go.kr/data/15055769/fileData.do
대구광역시,서구,,마대(내용물 포함),20㎏당,3000,,15055769,https://www.data.go.kr/data/15055769/fileData.do
대구광역시,서구,,목재류,㎏당,1000,,15055769,https://www.data.go.kr/data/15055769/fileData.do
대구광역시,서구,,문갑,120㎝ 미만,2000,,15055769,https://www.data.go.kr/data/15055769/fileData.do
대구광역시,서구,,문갑,120㎝ 이상,3000,,15055769,https://www.data.go.kr/data/15055769/fileData.do
대구광역시,서구,,"문짝, 창문",1㎡당,2000,,15055769,https://www.data.go.kr/data/15055769/fileData.do
대구광역시,서구,,물탱크(F.R.P),1㎥ 미만,5000,,15055769,https://www.data.go.kr/data/15055769/fileData.do
대구광역시,서구,,물탱크(F.R.P),1㎥ 이상,10000,,15055769,https://www.data.go.kr/data/15055769/fileData.do
대구광역시,서구,,벽시계,대형(높이 1.5m 이상),3000,,15055769,https://www.data.go.kr/data/15055769/fileData.do
대구광역시,서구,,벽시계,소형(높이 0.5m 미만),1000,,15055769,https://www.data.go.kr/data/15055769/fileData.do
대구광역시,서구,,벽시계,중형(높이 0.5m 이상),2000,,15055769,https://www.data.go.kr/data/15055769/fileData.do
대구광역시,서구,,변기,소변기,3000,,15055769,https://www.data.go.kr/data/15055769/fileData.do
대구광역시,서구,,변기,유아용,2000,,15055769,https://www.data.go.kr/data/15055769/fileData.do
대구광역시,서구,,변기,좌변기,5000,,15055769,https://www.data.go.kr/data/15055769/fileData.do
대구광역시,서구,,복사기,높이 1m 이상,7000,,15055769,https://www.data.go.kr/data/15055769/fileData.do
대구광역시,서구,,상(판),모든 규격,2000,,15055769,https://www.data.go.kr/data/15055769/fileData.do
대구광역시,서구,,서랍장,3단 이하,3000,,15055769,https://www.data.go.kr/data/15055769/fileData.do
대구광역시,서구,,서랍장,4단,5000,,15055769,https://www.data.go.kr/data/15055769/fileData.do
대구광역시,서구,,서랍장,5단,7000,,15055769,https://www.data.go.kr/data/15055769/fileData.do
대구광역시,서구,,서랍장,6단,8000,,15055769,https://www.data.go.kr/data/15055769/fileData.do
대구광역시,서구,,선풍기,가정용,1000,,15055769,https://www.data.go.kr/data/15055769/fileData.do
대구광역시,서구,,선풍기,업소용,2000,,15055769,https://www.data.go.kr/data/15055769/fileData.do
대구광역시,서구,,세면대,개당,3000,,15055769,https://www.data.go.kr/data/15055769/fileData.do
대구광역시,서구,,세탁기,8㎏ 미만,5000,,15055769,https://www.data.go.kr/data/15055769/fileData.do
대구광역시,서구,,세탁기,8㎏ 이상,6000,,15055769,https://www.data.go.kr/data/15055769/fileData.do
대구광역시,서구,,소화기,20kg이상,18000,,15055769,https://www.data.go.kr/data/15055769/fileData.do
대구광역시,서구,,소화기,3.3kg이하,3000,,15055769,https://www.data.go.kr/data/15055769/fileData.do
대구광역시,서구,,소화기,6.5kg이하,5000,,15055769,https://www.data.go.kr/data/15055769/fileData.do
대구광역시,서구,,쇼파,1인 추가 시,1000,,15055769,https://www.data.go.kr/data/15055769/fileData.do
대구광역시,서구,,쇼파,1인용,3000,,15055769,https://www.data.go.kr/data/15055769/fileData.do
대구광역시,서구,,수족관,0.5㎥ 미만,5000,,15055769,https://www.data.go.kr/data/15055769/fileData.do
대구광역시,서구,,수족관,0.5㎥ 이상~1㎥ 미만,9000,,15055769,https://www.data.go.kr/data/15055769/fileData.do
대구광역시,서구,,수족관,1㎥ 이상(1㎥당),6000,,15055769,https://www.data.go.kr/data/15055769/fileData.do
대구광역시,서구,,스피커(마이크),모든 규격,2000,,15055769,https://www.data.go.kr/data/15055769/fileData.do
대구광역시,서구,,식기세척기,모든 규격,3000,,15055769,https://www.data.go.kr/data/15055769/fileData.do
대구광역시,서구,,식탁(탁자),4인용 이하,3000,,15055769,https://www.data.go.kr/data/15055769/fileData.do
대구광역시,서구,,식탁(탁자),6인용,5000,,15055769,https://www.data.go.kr/data/15055769/fileData.do
대구광역시,서구,,신발장,90㎝ × 150㎝ 미만,3000,,15055769,https://www.data.go.kr/data/15055769/fileData.do
대구광역시,서구,,신발장,90㎝ × 150㎝ 이상,6000,,15055769,https://www.data.go.kr/data/15055769/fileData.do
대구광역시,서구,,싱크대,120㎝ × 50㎝ 미만(1쪽당),5000,,15055769,https://www.data.go.kr/data/15055769/fileData.do
대구광역시,서구,,싱크대,120㎝ × 50㎝ 이상(1쪽당),7000,,15055769,https://www.data.go.kr/data/15055769/fileData.do
대구광역시,서구,,쌀통,모든 규격,2000,,15055769,https://www.data.go.kr/data/15055769/fileData.do
대구광역시,서구,,아이스박스,모든 종류,2000,,15055769,https://www.data.go.kr/data/15055769/fileData.do
대구광역시,서구,,안마의자,1인용,15000,,15055769,https://www.data.go.kr/data/15055769/fileData.do
대구광역시,서구,,애완동물집,모든 종류,3000,,15055769,https://www.data.go.kr/data/15055769/fileData.do
대구광역시,서구,,에어컨디셔너,264㎡(80평형) 이상,8000,,15055769,https://www.data.go.kr/data/15055769/fileData.do
대구광역시,서구,,에어컨디셔너,66㎡(20평형) 미만,3000,,15055769,https://www.data.go.kr/data/15055769/fileData.do
대구광역시,서구,,에어컨디셔너,66㎡(20평형) 이상,6000,,15055769,https://www.data.go.kr/data/15055769/fileData.do
대구광역시,서구,,오락기,업소용(높이 100㎝ 미만),3000,,15055769,https://www.data.go.kr/data/15055769/fileData.do
대구광역시,서구,,온수매트,모든 규격,3000,,15055769,https://www.data.go.kr/data/15055769/fileData.do
대구광역시,서구,,옷걸이(가구),모든 종류,2000,,15055769,https://www.data.go.kr/data/15055769/fileData.do
대구광역시,서구,,유리,1㎡당,2000,,15055769,https://www.data.go.kr/data/15055769/fileData.do
대구광역시,서구,,유모차,모든 규격,2000,,15055769,https://www.data.go.kr/data/15055769/fileData.do
대구광역시,서구,,의자,대형(팔걸이가 있는 의자),2000,,15055769,https://www.data.go.kr/data/15055769/fileData.do
대구광역시,서구,,의자,소형(팔걸이가 없는 의자),1000,,15055769,https://www.data.go.kr/data/15055769/fileData.do
대구광역시,서구,,이불 등,발매트,1000,,15055769,https://www.data.go.kr/data/15055769/fileData.do
대구광역시,서구,,이불 등,솜이불(장당),2000,,15055769,https://www.data.go.kr/data/15055769/fileData.do
대구광역시,서구,,이불 등,일반이불(장당),1000,,15055769,https://www.data.go.kr/data/15055769/fileData.do
대구광역시,서구,,자전거,성인용,3000,,15055769,https://www.data.go.kr/data/15055769/fileData.do
대구광역시,서구,,자전거,아동용,2000,,15055769,https://www.data.go.kr/data/15055769/fileData.do
대구광역시,서구,,장난감(인형 등),10㎏,2000,,15055769,https://www.data.go.kr/data/15055769/fileData.do
대구광역시,서구,,장난감(인형 등),5㎏,1000,,15055769,https://www.data.go.kr/data/15055769/fileData.do
대구광역시,서구,,장롱(옷장),120㎝ 이상(1쪽당),15000,,15055769,https://www.data.go.kr/data/15055769/fileData.do
대구광역시,서구,,장롱(옷장),90㎝(1쪽당),10000,,15055769,https://www.data.go.kr/data/15055769/fileData.do
대구광역시,서구,,장식장,120㎝ x 180㎝ 이상,13000,,15055769,https://www.data.go.kr/data/15055769/fileData.do
대구광역시,서구,,장식장,90㎝ x 180㎝ 미만,3000,,15055769,https://www.data.go.kr/data/15055769/fileData.do
대구광역시,서구,,장식장,90㎝ x 180㎝ 이상~120㎝ x 180㎝ 미만,9000,,15055769,https://www.data.go.kr/data/15055769/fileData.do
대구광역시,서구,,전기담요 등,옥매트(1인용),3000,,15055769,https://www.data.go.kr/data/15055769/fileData.do
대구광역시,서구,,전기담요 등,옥매트(2인용),6000,,15055769,https://www.data.go.kr/data/15055769/fileData.do
대구광역시,서구,,전기담요 등,전기장판,2000,,15055769,https://www.data.go.kr/data/15055769/fileData.do
대구광역시,서구,,전축(케이스 포함),70㎝ x 65㎝ 미만,7000,,15055769,https://www.data.go.kr/data/15055769/fileData.do
대구광역시,서구,,전축(케이스 포함),70㎝ x 65㎝ 이상,10000,,15055769,https://www.data.go.kr/data/15055769/fileData.do
대구광역시,서구,,책상,양수(대형),6000,,15055769,https://www.data.go.kr/data/15055769/fileData.do
대구광역시,서구,,책상,편수(소형),5000,,15055769,https://www.data.go.kr/data/15055769/fileData.do
대구광역시,서구,,책장(책꽂이),120㎝ x 180㎝ 이상,10000,,15055769,https://www.data.go.kr/data/15055769/fileData.do
대구광역시,서구,,책장(책꽂이),50㎝ x 90㎝ 이하,3000,,15055769,https://www.data.go.kr/data/15055769/fileData.do
대구광역시,서구,,책장(책꽂이),50㎝ x 90㎝ 초과,6000,,15055769,https://www.data.go.kr/data/15055769/fileData.do
대구광역시,서구,,청소기,가정용,1000,,15055769,https://www.data.go.kr/data/15055769/fileData.do
대구광역시,서구,,청소기,업소용,2000,,15055769,https://www.data.go.kr/data/15055769/fileData.do
대구광역시,서구,,침대,1인용(싱글) 구조물,5000,,15055769,https://www.data.go.kr/data/15055769/fileData.do
대구광역시,서구,,침대,1인용(싱글) 매트리스,5000,,15055769,https://www.data.go.kr/data/15055769/fileData.do
대구광역시,서구,,침대,2인용(더블) 구조물,6000,,15055769,https://www.data.go.kr/data/15055769/fileData.do
대구광역시,서구,,침대,2인용(더블) 매트리스,7000,,15055769,https://www.data.go.kr/data/15055769/fileData.do
대구광역시,서구,,침대(돌침대),1인용,15000,,15055769,https://www.data.go.kr/data/15055769/fileData.do
대구광역시,서구,,침대(돌침대),2인용,20000,,15055769,https://www.data.go.kr/data/15055769/fileData.do
대구광역시,서구,,카펫,3.3㎡당(평당),5000,,15055769,https://www.data.go.kr/data/15055769/fileData.do
대구광역시,서구,,캐비닛,0.9m × 1.5m 미만,3000,,15055769,https://www.data.go.kr/data/15055769/fileData.do
대구광역시,서구,,캐비닛,0.9m × 1.5m 이상,5000,,15055769,https://www.data.go.kr/data/15055769/fileData.do
대구광역시,서구,,컴퓨터,"모니터, 본체, 노트북",2000,,15055769,https://www.data.go.kr/data/15055769/fileData.do
대구광역시,서구,,텔레비전,42인치 미만,3000,,15055769,https://www.data.go.kr/data/15055769/fileData.do
대구광역시,서구,,텔레비전,42인치 이상,6000,,15055769,https://www.data.go.kr/data/15055769/fileData.do
대구광역시,서구,,파렛트,모든 규격,3000,,15055769,https://www.data.go.kr/data/15055769/fileData.do
대구광역시,서구,,팩스,모든 규격,2000,,15055769,https://www.data.go.kr/data/15055769/fileData.do
대구광역시,서구,,피아노,그랜드,18000,,15055769,https://www.data.go.kr/data/15055769/fileData.do
대구광역시,서구,,피아노,디지털,5000,,15055769,https://www.data.go.kr/data/15055769/fileData.do
대구광역시,서구,,피아노,업라이트,13000,,15055769,https://www.data.go.kr/data/15055769/fileData.do
대구광역시,서구,,항아리,대형(1㎥ 이상),5000,,15055769,https://www.data.go.kr/data/15055769/fileData.do
대구광역시,서구,,항아리,소형(0.5㎥ 미만),1000,,15055769,https://www.data.go.kr/data/15055769/fileData.do
대구광역시,서구,,항아리,중형(0.5㎥ 이상~1㎥ 미만),2000,,15055769,https://www.data.go.kr/data/15055769/fileData.do
대구광역시,서구,,화장대,거울이 부착되지 않은 것,3000,,15055769,https://www.data.go.kr/data/15055769/fileData.do
대구광역시,서구,,화장대,거울이 부착된 것,6000,,15055769,https://www.data.go.kr/data/15055769/fileData.do
대구광역시,서구,가구류,돌침대,2인용,20000,,15084156,https://www.data.go.kr/data/15084156/fileData.do
대구광역시,서구,가구류,문갑,120cm 미만,2000,,15084156,https://www.data.go.kr/data/15084156/fileData.do
대구광역시,서구,가구류,문갑,120cm 이상,3000,,15084156,https://www.data.go.kr/data/15084156/fileData.do
대구광역시,서구,가구류,"문짝, 창문(방충망)",1㎡ 당,2000,,15084156,https://www.data.go.kr/data/15084156/fileData.do
대구광역시,서구,가구류,서랍장,3단 이하,3000,,15084156,https://www.data.go.kr/data/15084156/fileData.do
대구광역시,서구,가구류,서랍장,4단,5000,,15084156,https://www.data.go.kr/data/15084156/fileData.do
대구광역시,서구,가구류,서랍장,5단,7000,,15084156,https://www.data.go.kr/data/15084156/fileData.do
대구광역시,서구,가구류,서랍장,6단,8000,,15084156,https://www.data.go.kr/data/15084156/fileData.do
대구광역시,서구,가구류,쇼파,1인 추가시,1000,,15084156,https://www.data.go.kr/data/15084156/fileData.do
대구광역시,서구,가구류,쇼파,1인용,3000,,15084156,https://www.data.go.kr/data/15084156/fileData.do
대구광역시,서구,가구류,쇼파,스툴,3000,,15084156,https://www.data.go.kr/data/15084156/fileData.do
대구광역시,서구,가구류,쇼파,카우치,6000,,15084156,https://www.data.go.kr/data/15084156/fileData.do
대구광역시,서구,가구류,식탁(탁자),4인용 이하,3000,,15084156,https://www.data.go.kr/data/15084156/fileData.do
대구광역시,서구,가구류,식탁(탁자),6인용,5000,,15084156,https://www.data.go.kr/data/15084156/fileData.do
대구광역시,서구,가구류,식탁(탁자),대리석 6인용 미만,10000,,15084156,https://www.data.go.kr/data/15084156/fileData.do
대구광역시,서구,가구류,식탁(탁자),대리석 6인용 이상,15000,,15084156,https://www.data.go.kr/data/15084156/fileData.do
대구광역시,서구,가구류,신발장,90cm*150cm 미만,3000,,15084156,https://www.data.go.kr/data/15084156/fileData.do
대구광역시,서구,가구류,신발장,90cm*150cm 이상,6000,,15084156,https://www.data.go.kr/data/15084156/fileData.do
대구광역시,서구,가구류,의자,대형(팔걸이 의자),2000,,15084156,https://www.data.go.kr/data/15084156/fileData.do
대구광역시,서구,가구류,의자,소형(팔걸이 없는 의자),1000,,15084156,https://www.data.go.kr/data/15084156/fileData.do
대구광역시,서구,가구류,장롱(옷장),120cm 이상 장1쪽,15000,,15084156,https://www.data.go.kr/data/15084156/fileData.do
대구광역시,서구,가구류,장롱(옷장),90cm 장1쪽,10000,,15084156,https://www.data.go.kr/data/15084156/fileData.do
대구광역시,서구,가구류,장식장,120cm*180cm 이상,13000,,15084156,https://www.data.go.kr/data/15084156/fileData.do
대구광역시,서구,가구류,장식장,90cm*180cm 미만,3000,,15084156,https://www.data.go.kr/data/15084156/fileData.do
대구광역시,서구,가구류,장식장,90cm*180cm 이상~120cm*180cm 이상,9000,,15084156,https://www.data.go.kr/data/15084156/fileData.do
대구광역시,서구,가구류,책상,"양수, 대형",6000,,15084156,https://www.data.go.kr/data/15084156/fileData.do
대구광역시,서구,가구류,책상,"편수, 소형",5000,,15084156,https://www.data.go.kr/data/15084156/fileData.do
대구광역시,서구,가구류,책장(책꽂이),120cm*180cm 이상,10000,,15084156,https://www.data.go.kr/data/15084156/fileData.do
대구광역시,서구,가구류,책장(책꽂이),50cm*90cm 이하,3000,,15084156,https://www.data.go.kr/data/15084156/fileData.do
대구광역시,서구,가구류,책장(책꽂이),50cm*90cm 초과 120cm*180cm 미만,6000,,15084156,https://www.data.go.kr/data/15084156/fileData.do
대구광역시,서구,가구류,침대,1인용(싱글) 구조물,5000,,15084156,https://www.data.go.kr/data/15084156/fileData.do
대구광역시,서구,가구류,침대,1인용(싱글) 매트리스,5000,,15084156,https://www.data.go.kr/data/15084156/fileData.do
대구광역시,서구,가구류,침대,2인용(더블) 구조물,6000,,15084156,https://www.data.go.kr/data/15084156/fileData.do
대구광역시,서구,가구류,침대,2인용(더블) 매트리스,7000,,15084156,https://www.data.go.kr/data/15084156/fileData.do
대구광역시,서구,가구류,캐비닛,0.9*1.5m 미만,3000,,15084156,https://www.data.go.kr/data/15084156/fileData.do
대구광역시,서구,가구류,캐비닛,0.9*1.5m 이상,5000,,15084156,https://www.data.go.kr/data/15084156/fileData.do
대구광역시,서구,가구류,화장대,거울 부착하지 않은 것,3000,,15084156,https://www.data.go.kr/data/15084156/fileData.do
대구광역시,서구,가구류,화장대,거울 부착한 것,6000,,15084156,https://www.data.go.kr/data/15084156/fileData.do
대구광역시,서구,가전제품,가스오븐렌지,높이 1m이상,5000,,15084156,https://www.data.go.kr/data/15084156/fileData.do
대구광역시,서구,가전제품,가스전자렌지,모든 규격,2000,,15084156,https://www.data.go.kr/data/15084156/fileData.do
대구광역시,서구,가전제품,가습기,모든 규격,1000,,15084156,https://www.data.go.kr/data/15084156/fileData.do
대구광역시,서구,가전제품,건조기(탈수기),모든 규격,2000,,15084156,https://www.data.go.kr/data/15084156/fileData.do
대구광역시,서구,가전제품,공기청정기,높이 1m이상,3000,,15084156,https://www.data.go.kr/data/15084156/fileData.do
대구광역시,서구,가전제품,기타소형가전,모든 규격,1000,,15084156,https://www.data.go.kr/data/15084156/fileData.do
대구광역시,서구,가전제품,난로,전기난로,2000,,15084156,https://www.data.go.kr/data/15084156/fileData.do
대구광역시,서구,가전제품,냉장고,300L 미만,5000,,15084156,https://www.data.go.kr/data/15084156/fileData.do
대구광역시,서구,가전제품,냉장고,300L 이상~500L 미만,7000,,15084156,https://www.data.go.kr/data/15084156/fileData.do
대구광역시,서구,가전제품,냉장고,500L 이상,9000,,15084156,https://www.data.go.kr/data/15084156/fileData.do
대구광역시,서구,가전제품,다리미,모든 규격,1000,,15084156,https://www.data.go.kr/data/15084156/fileData.do
대구광역시,서구,가전제품,복사기,높이 1m이상,7000,,15084156,https://www.data.go.kr/data/15084156/fileData.do
대구광역시,서구,가전제품,선풍기,가정용,1000,,15084156,https://www.data.go.kr/data/15084156/fileData.do
대구광역시,서구,가전제품,세탁기,8kg 이상,6000,,15084156,https://www.data.go.kr/data/15084156/fileData.do
대구광역시,서구,가전제품,스피커(마이크),모든 규격,2000,,15084156,https://www.data.go.kr/data/15084156/fileData.do
대구광역시,서구,가전제품,안마의자,모든 규격,15000,,15084156,https://www.data.go.kr/data/15084156/fileData.do
대구광역시,서구,가전제품,전기담요 등,"옥매트,온수매트(1인용)",3000,,15084156,https://www.data.go.kr/data/15084156/fileData.do
대구광역시,서구,가전제품,전기담요 등,"옥매트,온수매트(2인용)",6000,,15084156,https://www.data.go.kr/data/15084156/fileData.do
대구광역시,서구,가전제품,전기담요 등,전기장판,2000,,15084156,https://www.data.go.kr/data/15084156/fileData.do
대구광역시,서구,가전제품,전축(케이스 포함),대형70cm*65cm 미만,7000,,15084156,https://www.data.go.kr/data/15084156/fileData.do
대구광역시,서구,가전제품,조명기구,모든 규격,2000,,15084156,https://www.data.go.kr/data/15084156/fileData.do
대구광역시,서구,가전제품,청소기,가정용,1000,,15084156,https://www.data.go.kr/data/15084156/fileData.do
대구광역시,서구,가전제품,청소기,업소용,2000,,15084156,https://www.data.go.kr/data/15084156/fileData.do
대구광역시,서구,가전제품,컴퓨터,"모니터, 본체 노트북",2000,,15084156,https://www.data.go.kr/data/15084156/fileData.do
대구광역시,서구,가전제품,텔레비전,42인치 미만,3000,,15084156,https://www.data.go.kr/data/15084156/fileData.do
대구광역시,서구,가전제품,텔레비전,42인치 이상,6000,,15084156,https://www.data.go.kr/data/15084156/fileData.do
대구광역시,서구,가전제품,팩스기기,모든 규격,2000,,15084156,https://www.data.go.kr/data/15084156/fileData.do
대구광역시,서구,가전제품,헬스 자전거,모든 규격,7000,,15084156,https://www.data.go.kr/data/15084156/fileData.do
대구광역시,서구,기타,가방류,모든 규격,2000,,15084156,https://www.data.go.kr/data/15084156/fileData.do
대구광역시,서구,기타,"거울, 액자",가로 40cm*세로 80cm 미만,1000,,15084156,https://www.data.go.kr/data/15084156/fileData.do
대구광역시,서구,기타,"거울, 액자",가로 40cm*세로 80cm 이상,2000,,15084156,https://www.data.go.kr/data/15084156/fileData.do
대구광역시,서구,기타,"거울, 액자",가로 70cm*세로 100cm 이상,3000,,15084156,https://www.data.go.kr/data/15084156/fileData.do
대구광역시,서구,기타,고무대야,지름 100cm 이상,3000,,15084156,https://www.data.go.kr/data/15084156/fileData.do
대구광역시,서구,기타,고무대야,지름 50cm 미만,2000,,15084156,https://www.data.go.kr/data/15084156/fileData.do
대구광역시,서구,기타,기타품목,<>,1000,,15084156,https://www.data.go.kr/data/15084156/fileData.do
대구광역시,서구,기타,대자리,모든 규격,2000,,15084156,https://www.data.go.kr/data/15084156/fileData.do
대구광역시,서구,기타,매트,개당,3000,,15084156,https://www.data.go.kr/data/15084156/fileData.do
대구광역시,서구,기타,물탱크,1㎥ 미만,5000,,15084156,https://www.data.go.kr/data/15084156/fileData.do
대구광역시,서구,기타,반려동물집,모든 종류,3000,,15084156,https://www.data.go.kr/data/15084156/fileData.do
대구광역시,서구,기타,벽시계,소형(높이 0.5m 미만),2000,,15084156,https://www.data.go.kr/data/15084156/fileData.do
대구광역시,서구,기타,변기,좌변기,5000,,15084156,https://www.data.go.kr/data/15084156/fileData.do
대구광역시,서구,기타,보행기,모든 규격,2000,,15084156,https://www.data.go.kr/data/15084156/fileData.do
대구광역시,서구,기타,블라인드,모든 규격,2000,,15084156,https://www.data.go.kr/data/15084156/fileData.do
대구광역시,서구,기타,비데,모든 규격,2000,,15084156,https://www.data.go.kr/data/15084156/fileData.do
대구광역시,서구,기타,상(판),모든 규격,2000,,15084156,https://www.data.go.kr/data/15084156/fileData.do
대구광역시,서구,기타,세면기,개당,3000,,15084156,https://www.data.go.kr/data/15084156/fileData.do
대구광역시,서구,기타,소화기,3.3kg 이하,3000,,15084156,https://www.data.go.kr/data/15084156/fileData.do
대구광역시,서구,기타,소화기,6.5kg 이하,5000,,15084156,https://www.data.go.kr/data/15084156/fileData.do
대구광역시,서구,기타,수족관,0.5㎥ 미만,5000,,15084156,https://www.data.go.kr/data/15084156/fileData.do
대구광역시,서구,기타,수족관,0.5㎥ 이상 1㎥ 미만,9000,,15084156,https://www.data.go.kr/data/15084156/fileData.do
대구광역시,서구,기타,"스키, 보드, 부츠",모든 규격,3000,,15084156,https://www.data.go.kr/data/15084156/fileData.do
대구광역시,서구,기타,싱크대,가로 120cm*세로 50cm 미만 1쪽,5000,,15084156,https://www.data.go.kr/data/15084156/fileData.do
대구광역시,서구,기타,싱크대,가로 120cm*세로 50cm 이상 1쪽,7000,,15084156,https://www.data.go.kr/data/15084156/fileData.do
대구광역시,서구,기타,아이스박스,모든 종류,2000,,15084156,https://www.data.go.kr/data/15084156/fileData.do
대구광역시,서구,기타,옷걸이,모든 종류,2000,,15084156,https://www.data.go.kr/data/15084156/fileData.do
대구광역시,서구,기타,욕실장,모든 규격,2000,,15084156,https://www.data.go.kr/data/15084156/fileData.do
대구광역시,서구,기타,욕조,성인용,5000,,15084156,https://www.data.go.kr/data/15084156/fileData.do
대구광역시,서구,기타,욕조,유아용,4000,,15084156,https://www.data.go.kr/data/15084156/fileData.do
대구광역시,서구,기타,유리,1㎡ 당,2000,,15084156,https://www.data.go.kr/data/15084156/fileData.do
대구광역시,서구,기타,유모차,모든 규격,2000,,15084156,https://www.data.go.kr/data/15084156/fileData.do
대구광역시,서구,기타,"유아용 미끄럼틀, 그네",가장 긴 면 1.5m 미만,2000,,15084156,https://www.data.go.kr/data/15084156/fileData.do
대구광역시,서구,기타,"유아용 미끄럼틀, 그네",가장 긴 면 1.5m 이상,3000,,15084156,https://www.data.go.kr/data/15084156/fileData.do
대구광역시,서구,기타,"유아용 자동차, 목마",가장 긴 면 1.5m 미만,2000,,15084156,https://www.data.go.kr/data/15084156/fileData.do
대구광역시,서구,기타,"유아용 자동차, 목마",가장 긴 면 1.5m 이상,3000,,15084156,https://www.data.go.kr/data/15084156/fileData.do
대구광역시,서구,기타,이불,솜이불(장당),2000,,15084156,https://www.data.go.kr/data/15084156/fileData.do
대구광역시,서구,기타,이불,일반이불(장당),1000,,15084156,https://www.data.go.kr/data/15084156/fileData.do
대구광역시,서구,기타,자전거,성인용,3000,,15084156,https://www.data.go.kr/data/15084156/fileData.do
대구광역시,서구,기타,자전거,아동용,2000,,15084156,https://www.data.go.kr/data/15084156/fileData.do
대구광역시,서구,기타,장난감(인형 등),10kg,2000,,15084156,https://www.data.go.kr/data/15084156/fileData.do
대구광역시,서구,기타,장난감(인형 등),5kg,1000,,15084156,https://www.data.go.kr/data/15084156/fileData.do
대구광역시,서구,기타,"장판, 비닐, 천막, 폐합성수지",3.3㎡ 당,2000,,15084156,https://www.data.go.kr/data/15084156/fileData.do
대구광역시,서구,기타,카시트,모든 규격,3000,,15084156,https://www.data.go.kr/data/15084156/fileData.do
대구광역시,서구,기타,카펫,3.3㎡ 당,5000,,15084156,https://www.data.go.kr/data/15084156/fileData.do
대구광역시,서구,기타,파렛트,모든규격,3000,,15084156,https://www.data.go.kr/data/15084156/fileData.do
대구광역시,서구,기타,피아노,디지털,5000,,15084156,https://www.data.go.kr/data/15084156/fileData.do
대구광역시,서구,기타,피아노,업라이트,13000,,15084156,https://www.data.go.kr/data/15084156/fileData.do
대구광역시,서구,기타,항아리,소형 1개당 0.5㎥ 미만,1000,,15084156,https://www.data.go.kr/data/15084156/fileData.do
대구광역시,서구,기타,항아리,중형 1개당 0.5㎥~1㎥ 미만,2000,,15084156,https://www.data.go.kr/data/15084156/fileData.do
대구광역시,서구,기타,화분,대형(높이 0.5m 이상),2000,,15084156,https://www.data.go.kr/data/15084156/fileData.do
대구광역시,서구,기타,화분,소형(높이 0.5m 미만),1000,,15084156,https://www.data.go.kr/data/15084156/fileData.do
대구광역시,서구,기타,화환,모든 규격,3000,,15084156,https://www.data.go.kr/data/15084156/fileData.do
대구광역시,수성구,,가 방 류,모든 규격,2000,,15148346,https://www.data.go.kr/data/15148346/fileData.do
대구광역시,수성구,,가 습 기,모든 규격,1000,,15148346,https://www.data.go.kr/data/15148346/fileData.do
대구광역시,수성구,,가스오븐렌지,높이 1m이상,5000,,15148346,https://www.data.go.kr/data/15148346/fileData.do
대구광역시,수성구,,거울.액자,40cm×80cm미만,1000,,15148346,https://www.data.go.kr/data/15148346/fileData.do
대구광역시,수성구,,거울.액자,40cm×80cm이상,2000,,15148346,https://www.data.go.kr/data/15148346/fileData.do
대구광역시,수성구,,거울.액자,70cm×100cm이상,3000,,15148346,https://www.data.go.kr/data/15148346/fileData.do
대구광역시,수성구,,공기청정기,높이 1m이상,3000,,15148346,https://www.data.go.kr/data/15148346/fileData.do
대구광역시,수성구,,기타 1000 (전화 문의 후 선택해주세요),기타 1000,1000,,15148346,https://www.data.go.kr/data/15148346/fileData.do
대구광역시,수성구,,기타 10000 (전화 문의 후 선택해주세요),기타 10000,10000,,15148346,https://www.data.go.kr/data/15148346/fileData.do
대구광역시,수성구,,기타 11000 (전화 문의 후 선택해주세요),기타 11000,11000,,15148346,https://www.data.go.kr/data/15148346/fileData.do
대구광역시,수성구,,기타 12000 (전화 문의 후 선택해주세요),기타 12000,12000,,15148346,https://www.data.go.kr/data/15148346/fileData.do
대구광역시,수성구,,기타 13000 (전화 문의 후 선택해주세요),기타 13000,13000,,15148346,https://www.data.go.kr/data/15148346/fileData.do
대구광역시,수성구,,기타 14000 (전화 문의 후 선택해주세요),기타 14000,14000,,15148346,https://www.data.go.kr/data/15148346/fileData.do
대구광역시,수성구,,기타 15000 (전화 문의 후 선택해주세요),기타 15000,15000,,15148346,https://www.data.go.kr/data/15148346/fileData.do
대구광역시,수성구,,기타 16000 (전화 문의 후 선택해주세요),기타 16000,16000,,15148346,https://www.data.go.kr/data/15148346/fileData.do
대구광역시,수성구,,기타 17000 (전화 문의 후 선택해주세요),기타 17000,17000,,15148346,https://www.data.go.kr/data/15148346/fileData.do
대구광역시,수성구,,기타 18000 (전화 문의 후 선택해주세요),기타 18000,18000,,15148346,https://www.data.go.kr/data/15148346/fileData.do
대구광역시,수성구,,기타 19000 (전화 문의 후 선택해주세요),기타 19000,19000,,15148346,https://www.data.go.kr/data/15148346/fileData.do
대구광역시,수성구,,기타 2000 (전화 문의 후 선택해주세요),기타 2000,2000,,15148346,https://www.data.go.kr/data/15148346/fileData.do
대구광역시,수성구,,기타 20000 (전화 문의 후 선택해주세요),기타 20000,20000,,15148346,https://www.data.go.kr/data/15148346/fileData.do
대구광역시,수성구,,기타 3000 (전화 문의 후 선택해주세요),기타 3000,3000,,15148346,https://www.data.go.kr/data/15148346/fileData.do
대구광역시,수성구,,기타 4000 (전화 문의 후 선택해주세요),기타 4000,4000,,15148346,https://www.data.go.kr/data/15148346/fileData.do
대구광역시,수성구,,기타 5000 (전화 문의 후 선택해주세요),기타 5000,5000,,15148346,https://www.data.go.kr/data/15148346/fileData.do
대구광역시,수성구,,기타 6000 (전화 문의 후 선택해주세요),기타 6000,6000,,15148346,https://www.data.go.kr/data/15148346/fileData.do
대구광역시,수성구,,기타 7000 (전화 문의 후 선택해주세요),기타 7000,7000,,15148346,https://www.data.go.kr/data/15148346/fileData.do
대구광역시,수성구,,기타 8000 (전화 문의 후 선택해주세요),기타 8000,8000,,15148346,https://www.data.go.kr/data/15148346/fileData.do
대구광역시,수성구,,기타 9000 (전화 문의 후 선택해주세요),기타 9000,9000,,15148346,https://www.data.go.kr/data/15148346/fileData.do
대구광역시,수성구,,기타소형가전,모든 규격,1000,,15148346,https://www.data.go.kr/data/15148346/fileData.do
대구광역시,수성구,,난 로,석유 난로,3000,,15148346,https://www.data.go.kr/data/15148346/fileData.do
대구광역시,수성구,,난 로,전기 난로,2000,,15148346,https://www.data.go.kr/data/15148346/fileData.do
대구광역시,수성구,,냉 장 고,300ℓ 미만,5000,,15148346,https://www.data.go.kr/data/15148346/fileData.do
대구광역시,수성구,,냉 장 고,300ℓ 이상,7000,,15148346,https://www.data.go.kr/data/15148346/fileData.do
대구광역시,수성구,,냉 장 고,500ℓ 이상,9000,,15148346,https://www.data.go.kr/data/15148346/fileData.do
대구광역시,수성구,,다 리 미,모든 규격,1000,,15148346,https://www.data.go.kr/data/15148346/fileData.do
대구광역시,수성구,,돌 침 대,1인용,15000,,15148346,https://www.data.go.kr/data/15148346/fileData.do
대구광역시,수성구,,돌 침 대,2인용,20000,,15148346,https://www.data.go.kr/data/15148346/fileData.do
대구광역시,수성구,,마 대,20kg,3000,,15148346,https://www.data.go.kr/data/15148346/fileData.do
대구광역시,수성구,,목 재,kg당,1000,,15148346,https://www.data.go.kr/data/15148346/fileData.do
대구광역시,수성구,,문 갑,120cm미만,2000,,15148346,https://www.data.go.kr/data/15148346/fileData.do
대구광역시,수성구,,문 갑,120cm이상,3000,,15148346,https://www.data.go.kr/data/15148346/fileData.do
대구광역시,수성구,,문짝.창문,1㎡ 당,2000,,15148346,https://www.data.go.kr/data/15148346/fileData.do
대구광역시,수성구,,물탱크 (F.R.P),1㎥ 미만,5000,,15148346,https://www.data.go.kr/data/15148346/fileData.do
대구광역시,수성구,,물탱크 (F.R.P),1㎥ 이상,10000,,15148346,https://www.data.go.kr/data/15148346/fileData.do
대구광역시,수성구,,벽 시 계,대형(1.5m이상),3000,,15148346,https://www.data.go.kr/data/15148346/fileData.do
대구광역시,수성구,,벽 시 계,소형(0.5m미만),1000,,15148346,https://www.data.go.kr/data/15148346/fileData.do
대구광역시,수성구,,벽 시 계,중형(0.5m이상),2000,,15148346,https://www.data.go.kr/data/15148346/fileData.do
대구광역시,수성구,,변 기,소변기,3000,,15148346,https://www.data.go.kr/data/15148346/fileData.do
대구광역시,수성구,,변 기,유아용,2000,,15148346,https://www.data.go.kr/data/15148346/fileData.do
대구광역시,수성구,,변 기,좌변기,5000,,15148346,https://www.data.go.kr/data/15148346/fileData.do
대구광역시,수성구,,복 사 기,높이 1m 이상,7000,,15148346,https://www.data.go.kr/data/15148346/fileData.do
대구광역시,수성구,,상 (판),모든 규격,2000,,15148346,https://www.data.go.kr/data/15148346/fileData.do
대구광역시,수성구,,서 랍 장,3단 이하,3000,,15148346,https://www.data.go.kr/data/15148346/fileData.do
대구광역시,수성구,,서 랍 장,4단,5000,,15148346,https://www.data.go.kr/data/15148346/fileData.do
대구광역시,수성구,,서 랍 장,5단,7000,,15148346,https://www.data.go.kr/data/15148346/fileData.do
대구광역시,수성구,,서 랍 장,6단,8000,,15148346,https://www.data.go.kr/data/15148346/fileData.do
대구광역시,수성구,,선 풍 기,가정용,1000,,15148346,https://www.data.go.kr/data/15148346/fileData.do
대구광역시,수성구,,선 풍 기,업소용,2000,,15148346,https://www.data.go.kr/data/15148346/fileData.do
대구광역시,수성구,,세 면 대,개 당,3000,,15148346,https://www.data.go.kr/data/15148346/fileData.do
대구광역시,수성구,,세 탁 기,8kg미만,5000,,15148346,https://www.data.go.kr/data/15148346/fileData.do
대구광역시,수성구,,세 탁 기,8kg이상,6000,,15148346,https://www.data.go.kr/data/15148346/fileData.do
대구광역시,수성구,,소 화 기,20kg 이상,18000,,15148346,https://www.data.go.kr/data/15148346/fileData.do
대구광역시,수성구,,소 화 기,3.3kg 이하,3000,,15148346,https://www.data.go.kr/data/15148346/fileData.do
대구광역시,수성구,,소 화 기,6.5kg 이하,5000,,15148346,https://www.data.go.kr/data/15148346/fileData.do
대구광역시,수성구,,쇼 파,1인 추가시,1000,,15148346,https://www.data.go.kr/data/15148346/fileData.do
대구광역시,수성구,,쇼 파,1인용,3000,,15148346,https://www.data.go.kr/data/15148346/fileData.do
대구광역시,수성구,,수 족 관,0.5㎥ 미만,5000,,15148346,https://www.data.go.kr/data/15148346/fileData.do
대구광역시,수성구,,수 족 관,0.5㎥이상 1㎥ 미만,9000,,15148346,https://www.data.go.kr/data/15148346/fileData.do
대구광역시,수성구,,수 족 관,1㎥이상 1㎥ 당,6000,,15148346,https://www.data.go.kr/data/15148346/fileData.do
대구광역시,수성구,,스 피 커,모든 규격,2000,,15148346,https://www.data.go.kr/data/15148346/fileData.do
대구광역시,수성구,,식 탁(탁자),4인용 이하,3000,,15148346,https://www.data.go.kr/data/15148346/fileData.do
대구광역시,수성구,,식 탁(탁자),6인용,5000,,15148346,https://www.data.go.kr/data/15148346/fileData.do
대구광역시,수성구,,식기세척기,모든 규격,3000,,15148346,https://www.data.go.kr/data/15148346/fileData.do
대구광역시,수성구,,신 발 장,90cm×150cm미만,3000,,15148346,https://www.data.go.kr/data/15148346/fileData.do
대구광역시,수성구,,신 발 장,90cm×150cm이상,6000,,15148346,https://www.data.go.kr/data/15148346/fileData.do
대구광역시,수성구,,싱 크 대,120cm×50cm미만 1쪽,5000,,15148346,https://www.data.go.kr/data/15148346/fileData.do
대구광역시,수성구,,싱 크 대,120cm×50cm이상 1쪽,7000,,15148346,https://www.data.go.kr/data/15148346/fileData.do
대구광역시,수성구,,쌀 통,모든 규격,2000,,15148346,https://www.data.go.kr/data/15148346/fileData.do
대구광역시,수성구,,아이스박스,모든 규격,2000,,15148346,https://www.data.go.kr/data/15148346/fileData.do
대구광역시,수성구,,애완동물집,모든 규격,3000,,15148346,https://www.data.go.kr/data/15148346/fileData.do
대구광역시,수성구,,에 어 컨,264㎡형(80평)이상,8000,,15148346,https://www.data.go.kr/data/15148346/fileData.do
대구광역시,수성구,,에 어 컨,66㎡형(30평)미만,3000,,15148346,https://www.data.go.kr/data/15148346/fileData.do
대구광역시,수성구,,에 어 컨,66㎡형(30평)이상,6000,,15148346,https://www.data.go.kr/data/15148346/fileData.do
대구광역시,수성구,,오 락 기,업소용(높이100cm미만),3000,,15148346,https://www.data.go.kr/data/15148346/fileData.do
대구광역시,수성구,,옷 걸 이,모든 규격,2000,,15148346,https://www.data.go.kr/data/15148346/fileData.do
대구광역시,수성구,,유 리,1㎡ 당,2000,,15148346,https://www.data.go.kr/data/15148346/fileData.do
대구광역시,수성구,,유 모 차,모든 규격,2000,,15148346,https://www.data.go.kr/data/15148346/fileData.do
대구광역시,수성구,,의 자,대형(팔걸이 의자),2000,,15148346,https://www.data.go.kr/data/15148346/fileData.do
대구광역시,수성구,,의 자,소형(팔걸이 없는의자),1000,,15148346,https://www.data.go.kr/data/15148346/fileData.do
대구광역시,수성구,,이 불 등,발매트,1000,,15148346,https://www.data.go.kr/data/15148346/fileData.do
대구광역시,수성구,,이 불 등,솜이불(장당),2000,,15148346,https://www.data.go.kr/data/15148346/fileData.do
대구광역시,수성구,,이 불 등,일반이불(장당),1000,,15148346,https://www.data.go.kr/data/15148346/fileData.do
대구광역시,수성구,,자 전 거,성인용,3000,,15148346,https://www.data.go.kr/data/15148346/fileData.do
대구광역시,수성구,,자 전 거,어린이용,2000,,15148346,https://www.data.go.kr/data/15148346/fileData.do
대구광역시,수성구,,장 롱,120cm장1쪽,15000,,15148346,https://www.data.go.kr/data/15148346/fileData.do
대구광역시,수성구,,장 롱,90cm장 1쪽,10000,,15148346,https://www.data.go.kr/data/15148346/fileData.do
대구광역시,수성구,,장 식 장,120cm×180cm이상,13000,,15148346,https://www.data.go.kr/data/15148346/fileData.do
대구광역시,수성구,,장 식 장,90cm×180cm미만,3000,,15148346,https://www.data.go.kr/data/15148346/fileData.do
대구광역시,수성구,,장 식 장,90cm×180cm이상,9000,,15148346,https://www.data.go.kr/data/15148346/fileData.do
대구광역시,수성구,,장난감(인형등),10kg,2000,,15148346,https://www.data.go.kr/data/15148346/fileData.do
대구광역시,수성구,,장난감(인형등),5kg,1000,,15148346,https://www.data.go.kr/data/15148346/fileData.do
대구광역시,수성구,,전 축 (케이스포함),70cm×65cm미만,7000,,15148346,https://www.data.go.kr/data/15148346/fileData.do
대구광역시,수성구,,전 축 (케이스포함),70cm×65cm이상,10000,,15148346,https://www.data.go.kr/data/15148346/fileData.do
대구광역시,수성구,,전기담요,옥매트(1인용),3000,,15148346,https://www.data.go.kr/data/15148346/fileData.do
대구광역시,수성구,,전기담요,옥매트(2인용),6000,,15148346,https://www.data.go.kr/data/15148346/fileData.do
대구광역시,수성구,,전기담요,전기장판,2000,,15148346,https://www.data.go.kr/data/15148346/fileData.do
대구광역시,수성구,,전자(가스)렌지,모든 규격,2000,,15148346,https://www.data.go.kr/data/15148346/fileData.do
대구광역시,수성구,,책 상,양수. 대형,6000,,15148346,https://www.data.go.kr/data/15148346/fileData.do
대구광역시,수성구,,책 상,편수. 소형,5000,,15148346,https://www.data.go.kr/data/15148346/fileData.do
대구광역시,수성구,,책 장 (책꽂이),120cm×180cm이상,10000,,15148346,https://www.data.go.kr/data/15148346/fileData.do
대구광역시,수성구,,책 장 (책꽂이),50cm×90cm미만,3000,,15148346,https://www.data.go.kr/data/15148346/fileData.do
대구광역시,수성구,,책 장 (책꽂이),50cm×90cm초과,6000,,15148346,https://www.data.go.kr/data/15148346/fileData.do
대구광역시,수성구,,청 소 기,가정용,1000,,15148346,https://www.data.go.kr/data/15148346/fileData.do
대구광역시,수성구,,청 소 기,업소용,2000,,15148346,https://www.data.go.kr/data/15148346/fileData.do
대구광역시,수성구,,침 대,1인용(싱글) 구조물,5000,,15148346,https://www.data.go.kr/data/15148346/fileData.do
대구광역시,수성구,,침 대,1인용(싱글) 매트리스,5000,,15148346,https://www.data.go.kr/data/15148346/fileData.do
대구광역시,수성구,,침 대,2인용(더블) 구조물,6000,,15148346,https://www.data.go.kr/data/15148346/fileData.do
대구광역시,수성구,,침 대,2인용(더블) 매트리스,7000,,15148346,https://www.data.go.kr/data/15148346/fileData.do
대구광역시,수성구,,카 펫,3.3㎡ 당,5000,,15148346,https://www.data.go.kr/data/15148346/fileData.do
대구광역시,수성구,,캐 비 넷,90cm×150cm미만,3000,,15148346,https://www.data.go.kr/data/15148346/fileData.do
대구광역시,수성구,,캐 비 넷,90cm×150cm이상,5000,,15148346,https://www.data.go.kr/data/15148346/fileData.do
대구광역시,수성구,,컴 퓨 터(개별),"모니터, 본체,노트북",2000,,15148346,https://www.data.go.kr/data/15148346/fileData.do
대구광역시,수성구,,탈 수 기,모든 규격,2000,,15148346,https://www.data.go.kr/data/15148346/fileData.do
대구광역시,수성구,,텔레비전 (T.V),42인치 미만,3000,,15148346,https://www.data.go.kr/data/15148346/fileData.do
대구광역시,수성구,,텔레비전 (T.V),42인치 이상,6000,,15148346,https://www.data.go.kr/data/15148346/fileData.do
대구광역시,수성구,,파 렛 트,모든 규격,3000,,15148346,https://www.data.go.kr/data/15148346/fileData.do
대구광역시,수성구,,팩스기기,모든 규격,2000,,15148346,https://www.data.go.kr/data/15148346/fileData.do
대구광역시,수성구,,피 아 노,그랜드,18000,,15148346,https://www.data.go.kr/data/15148346/fileData.do
대구광역시,수성구,,피 아 노,디지털,5000,,15148346,https://www.data.go.kr/data/15148346/fileData.do
대구광역시,수성구,,피 아 노,업라이트,13000,,15148346,https://www.data.go.kr/data/15148346/fileData.do
대구광역시,수성구,,항 아 리,대형(1㎥이상),5000,,15148346,https://www.data.go.kr/data/15148346/fileData.do
대구광역시,수성구,,항 아 리,소형(0.5㎥ 미만),1000,,15148346,https://www.data.go.kr/data/15148346/fileData.do
대구광역시,수성구,,항 아 리,중형(0.5㎥이상),2000,,15148346,https://www.data.go.kr/data/15148346/fileData.do
대구광역시,수성구,,화 장 대,거울 미부착,3000,,15148346,https://www.data.go.kr/data/15148346/fileData.do
대구광역시,수성구,,화 장 대,거울 부착,6000,,15148346,https://www.data.go.kr/data/15148346/fileData.do
대전광역시,대덕구,가구류,교자상(밥상),모든 규격,2000,2025-06-05,15060955,https://www.data.go.kr/data/15060955/fileData.do
대전광역시,대덕구,가구류,매트리스,1인용,5000,2025-06-05,15060955,https://www.data.go.kr/data/15060955/fileData.do
대전광역시,대덕구,가구류,매트리스,2인용,8000,2025-06-05,15060955,https://www.data.go.kr/data/15060955/fileData.do
대전광역시,대덕구,가구류,매트리스,유아용,3000,2025-06-05,15060955,https://www.data.go.kr/data/15060955/fileData.do
대전광역시,대덕구,가구류,문갑,모든 규격,3000,2025-06-05,15060955,https://www.data.go.kr/data/15060955/fileData.do
대전광역시,대덕구,가구류,서랍장,5단 미만,3000,2025-06-05,15060955,https://www.data.go.kr/data/15060955/fileData.do
대전광역시,대덕구,가구류,서랍장,5단 이상,5000,2025-06-05,15060955,https://www.data.go.kr/data/15060955/fileData.do
대전광역시,대덕구,가구류,소파,1인용,2000,2025-06-05,15060955,https://www.data.go.kr/data/15060955/fileData.do
대전광역시,대덕구,가구류,소파,2인용,4000,2025-06-05,15060955,https://www.data.go.kr/data/15060955/fileData.do
대전광역시,대덕구,가구류,소파,3인용,6000,2025-06-05,15060955,https://www.data.go.kr/data/15060955/fileData.do
대전광역시,대덕구,가구류,소파,4인용,8000,2025-06-05,15060955,https://www.data.go.kr/data/15060955/fileData.do
대전광역시,대덕구,가구류,소파,6인용,10000,2025-06-05,15060955,https://www.data.go.kr/data/15060955/fileData.do
대전광역시,대덕구,가구류,식탁,6인용 미만,4000,2025-06-05,15060955,https://www.data.go.kr/data/15060955/fileData.do
대전광역시,대덕구,가구류,식탁,6인용 이상,6000,2025-06-05,15060955,https://www.data.go.kr/data/15060955/fileData.do
대전광역시,대덕구,가구류,신발장,높이1m미만,3000,2025-06-05,15060955,https://www.data.go.kr/data/15060955/fileData.do
대전광역시,대덕구,가구류,신발장,높이1m이상,4000,2025-06-05,15060955,https://www.data.go.kr/data/15060955/fileData.do
대전광역시,대덕구,가구류,씽크대,양수,3000,2025-06-05,15060955,https://www.data.go.kr/data/15060955/fileData.do
대전광역시,대덕구,가구류,씽크대,편수,2000,2025-06-05,15060955,https://www.data.go.kr/data/15060955/fileData.do
대전광역시,대덕구,가구류,응접세트(의자),의자,2000,2025-06-05,15060955,https://www.data.go.kr/data/15060955/fileData.do
대전광역시,대덕구,가구류,응접세트(의자),장의자,5000,2025-06-05,15060955,https://www.data.go.kr/data/15060955/fileData.do
대전광역시,대덕구,가구류,장롱,120㎝이상 1쪽,15000,2025-06-05,15060955,https://www.data.go.kr/data/15060955/fileData.do
대전광역시,대덕구,가구류,장롱,90㎝~120㎝미만 1쪽,10000,2025-06-05,15060955,https://www.data.go.kr/data/15060955/fileData.do
대전광역시,대덕구,가구류,장롱,90㎝미만 1쪽,8000,2025-06-05,15060955,https://www.data.go.kr/data/15060955/fileData.do
대전광역시,대덕구,가구류,장롱,어린이용 1쪽,8000,2025-06-05,15060955,https://www.data.go.kr/data/15060955/fileData.do
대전광역시,대덕구,가구류,장식장,너비1m×높이2m미만,5000,2025-06-05,15060955,https://www.data.go.kr/data/15060955/fileData.do
대전광역시,대덕구,가구류,장식장,너비1m×높이2m이상,8000,2025-06-05,15060955,https://www.data.go.kr/data/15060955/fileData.do
대전광역시,대덕구,가구류,책꽂이,모든 규격,2000,2025-06-05,15060955,https://www.data.go.kr/data/15060955/fileData.do
대전광역시,대덕구,가구류,책상,양수,6000,2025-06-05,15060955,https://www.data.go.kr/data/15060955/fileData.do
대전광역시,대덕구,가구류,책상,컴퓨터용,3000,2025-06-05,15060955,https://www.data.go.kr/data/15060955/fileData.do
대전광역시,대덕구,가구류,책상,편수,5000,2025-06-05,15060955,https://www.data.go.kr/data/15060955/fileData.do
대전광역시,대덕구,가구류,책장,높이1m미만,3000,2025-06-05,15060955,https://www.data.go.kr/data/15060955/fileData.do
대전광역시,대덕구,가구류,책장,높이1m이상,5000,2025-06-05,15060955,https://www.data.go.kr/data/15060955/fileData.do
대전광역시,대덕구,가구류,침대,1인용 메트리스,5000,2025-06-05,15060955,https://www.data.go.kr/data/15060955/fileData.do
대전광역시,대덕구,가구류,침대,1인용(메트리스 포함),10000,2025-06-05,15060955,https://www.data.go.kr/data/15060955/fileData.do
대전광역시,대덕구,가구류,침대,2인용 메트리스,8000,2025-06-05,15060955,https://www.data.go.kr/data/15060955/fileData.do
대전광역시,대덕구,가구류,침대,2인용(메트리스 포함),15000,2025-06-05,15060955,https://www.data.go.kr/data/15060955/fileData.do
대전광역시,대덕구,가구류,침대,킹사이즈(메트리스 포함),15000,2025-06-05,15060955,https://www.data.go.kr/data/15060955/fileData.do
대전광역시,대덕구,가구류,침대,킹사이즈메트리스,10000,2025-06-05,15060955,https://www.data.go.kr/data/15060955/fileData.do
대전광역시,대덕구,가구류,캐비닛,120㎝이상,7000,2025-06-05,15060955,https://www.data.go.kr/data/15060955/fileData.do
대전광역시,대덕구,가구류,캐비닛,90㎝~120㎝미만,5000,2025-06-05,15060955,https://www.data.go.kr/data/15060955/fileData.do
대전광역시,대덕구,가구류,캐비닛,90㎝미만,4000,2025-06-05,15060955,https://www.data.go.kr/data/15060955/fileData.do
대전광역시,대덕구,가구류,화장대,모든 규격,4000,2025-06-05,15060955,https://www.data.go.kr/data/15060955/fileData.do
대전광역시,대덕구,기타,가방,트렁크가방,3000,2025-06-05,15060955,https://www.data.go.kr/data/15060955/fileData.do
대전광역시,대덕구,기타,거울(액자),1㎡이하,3000,2025-06-05,15060955,https://www.data.go.kr/data/15060955/fileData.do
대전광역시,대덕구,기타,거울(액자),1㎡초과 시 마다,2000,2025-06-05,15060955,https://www.data.go.kr/data/15060955/fileData.do
대전광역시,대덕구,기타,깨진유리,20㎏마대기준,2000,2025-06-05,15060955,https://www.data.go.kr/data/15060955/fileData.do
대전광역시,대덕구,기타,난로,모든규격,4000,2025-06-05,15060955,https://www.data.go.kr/data/15060955/fileData.do
대전광역시,대덕구,기타,돗(대)자리,5.5㎡미만,2000,2025-06-05,15060955,https://www.data.go.kr/data/15060955/fileData.do
대전광역시,대덕구,기타,돗(대)자리,5.5㎡이상,4000,2025-06-05,15060955,https://www.data.go.kr/data/15060955/fileData.do
대전광역시,대덕구,기타,마네킹,상/하반신,3000,2025-06-05,15060955,https://www.data.go.kr/data/15060955/fileData.do
대전광역시,대덕구,기타,마네킹,전신(F.R.P),6000,2025-06-05,15060955,https://www.data.go.kr/data/15060955/fileData.do
대전광역시,대덕구,기타,문짝,모든규격,4000,2025-06-05,15060955,https://www.data.go.kr/data/15060955/fileData.do
대전광역시,대덕구,기타,물탱크,1톤당(용량기준),10000,2025-06-05,15060955,https://www.data.go.kr/data/15060955/fileData.do
대전광역시,대덕구,기타,벽시계,모든 규격,2000,2025-06-05,15060955,https://www.data.go.kr/data/15060955/fileData.do
대전광역시,대덕구,기타,세면대,모든 규격,3000,2025-06-05,15060955,https://www.data.go.kr/data/15060955/fileData.do
대전광역시,대덕구,기타,수족관,1m미만,4000,2025-06-05,15060955,https://www.data.go.kr/data/15060955/fileData.do
대전광역시,대덕구,기타,수족관,1m이상,6000,2025-06-05,15060955,https://www.data.go.kr/data/15060955/fileData.do
대전광역시,대덕구,기타,쌀통,모든규격,3000,2025-06-05,15060955,https://www.data.go.kr/data/15060955/fileData.do
대전광역시,대덕구,기타,양변기,모든 규격,3000,2025-06-05,15060955,https://www.data.go.kr/data/15060955/fileData.do
대전광역시,대덕구,기타,오락기,높이1m미만,5000,2025-06-05,15060955,https://www.data.go.kr/data/15060955/fileData.do
대전광역시,대덕구,기타,오락기,높이1m이상,10000,2025-06-05,15060955,https://www.data.go.kr/data/15060955/fileData.do
대전광역시,대덕구,기타,옥돌매트(자석요),1인용,3000,2025-06-05,15060955,https://www.data.go.kr/data/15060955/fileData.do
대전광역시,대덕구,기타,옥돌매트(자석요),2인용,5000,2025-06-05,15060955,https://www.data.go.kr/data/15060955/fileData.do
대전광역시,대덕구,기타,올겐,모든규격,4000,2025-06-05,15060955,https://www.data.go.kr/data/15060955/fileData.do
대전광역시,대덕구,기타,옷걸이,모든규격,2000,2025-06-05,15060955,https://www.data.go.kr/data/15060955/fileData.do
대전광역시,대덕구,기타,욕조,F.R.P,3000,2025-06-05,15060955,https://www.data.go.kr/data/15060955/fileData.do
대전광역시,대덕구,기타,욕조,사기,10000,2025-06-05,15060955,https://www.data.go.kr/data/15060955/fileData.do
대전광역시,대덕구,기타,유모차,모든규격,2000,2025-06-05,15060955,https://www.data.go.kr/data/15060955/fileData.do
대전광역시,대덕구,기타,이불류,솜이불 1채,5000,2025-06-05,15060955,https://www.data.go.kr/data/15060955/fileData.do
대전광역시,대덕구,기타,이불류,홑이불 1채,3000,2025-06-05,15060955,https://www.data.go.kr/data/15060955/fileData.do
대전광역시,대덕구,기타,자전거,성인용(이륜),3000,2025-06-05,15060955,https://www.data.go.kr/data/15060955/fileData.do
대전광역시,대덕구,기타,자전거,아동용(삼륜),2000,2025-06-05,15060955,https://www.data.go.kr/data/15060955/fileData.do
대전광역시,대덕구,기타,자전거,아동용(이륜),3000,2025-06-05,15060955,https://www.data.go.kr/data/15060955/fileData.do
대전광역시,대덕구,기타,잡쓰레기,나뭇가지(40㎏마대기준),3000,2025-06-05,15060955,https://www.data.go.kr/data/15060955/fileData.do
대전광역시,대덕구,기타,잡쓰레기,나뭇가지(80㎏마대기준),5000,2025-06-05,15060955,https://www.data.go.kr/data/15060955/fileData.do
대전광역시,대덕구,기타,잡쓰레기,"폐스티로폼(40㎏마대기준, 재활용 불가시)",3000,2025-06-05,15060955,https://www.data.go.kr/data/15060955/fileData.do
대전광역시,대덕구,기타,장판,5.5㎡미만,2000,2025-06-05,15060955,https://www.data.go.kr/data/15060955/fileData.do
대전광역시,대덕구,기타,장판,5.5㎡이상,4000,2025-06-05,15060955,https://www.data.go.kr/data/15060955/fileData.do
대전광역시,대덕구,기타,카펫트,5.5㎡미만,5000,2025-06-05,15060955,https://www.data.go.kr/data/15060955/fileData.do
대전광역시,대덕구,기타,카펫트,5.5㎡이상,8000,2025-06-05,15060955,https://www.data.go.kr/data/15060955/fileData.do
대전광역시,대덕구,기타,피아노,그랜드,15000,2025-06-05,15060955,https://www.data.go.kr/data/15060955/fileData.do
대전광역시,대덕구,기타,피아노,디지털,5000,2025-06-05,15060955,https://www.data.go.kr/data/15060955/fileData.do
대전광역시,대덕구,기타,피아노,어프라이드,10000,2025-06-05,15060955,https://www.data.go.kr/data/15060955/fileData.do
대전광역시,대덕구,기타,항아리,모든규격,3000,2025-06-05,15060955,https://www.data.go.kr/data/15060955/fileData.do
대전광역시,대덕구,전자제품,가스오븐렌지,높이1m미만,3000,2025-06-05,15060955,https://www.data.go.kr/data/15060955/fileData.do
대전광역시,대덕구,전자제품,가스오븐렌지,높이1m이상,5000,2025-06-05,15060955,https://www.data.go.kr/data/15060955/fileData.do
대전광역시,대덕구,전자제품,가습기,모든규격,2000,2025-06-05,15060955,https://www.data.go.kr/data/15060955/fileData.do
대전광역시,대덕구,전자제품,공기청정기,높이1m미만,3000,2025-06-05,15060955,https://www.data.go.kr/data/15060955/fileData.do
대전광역시,대덕구,전자제품,공기청정기,높이1m이상,4000,2025-06-05,15060955,https://www.data.go.kr/data/15060955/fileData.do
대전광역시,대덕구,전자제품,냉장고,200ℓ 미만,4000,2025-06-05,15060955,https://www.data.go.kr/data/15060955/fileData.do
대전광역시,대덕구,전자제품,냉장고,200ℓ 이상~ 300ℓ 미만,5000,2025-06-05,15060955,https://www.data.go.kr/data/15060955/fileData.do
대전광역시,대덕구,전자제품,냉장고,300ℓ 이상~ 400ℓ 미만,6000,2025-06-05,15060955,https://www.data.go.kr/data/15060955/fileData.do
대전광역시,대덕구,전자제품,냉장고,400ℓ 이상~ 600ℓ 미만,8000,2025-06-05,15060955,https://www.data.go.kr/data/15060955/fileData.do
대전광역시,대덕구,전자제품,냉장고,600ℓ 이상~ 800ℓ 미만,10000,2025-06-05,15060955,https://www.data.go.kr/data/15060955/fileData.do
대전광역시,대덕구,전자제품,냉장고,800ℓ 이상,15000,2025-06-05,15060955,https://www.data.go.kr/data/15060955/fileData.do
대전광역시,대덕구,전자제품,비디오,모든규격,2000,2025-06-05,15060955,https://www.data.go.kr/data/15060955/fileData.do
대전광역시,대덕구,전자제품,빨래건조대,모든규격,2000,2025-06-05,15060955,https://www.data.go.kr/data/15060955/fileData.do
대전광역시,대덕구,전자제품,선풍기,가정용,2000,2025-06-05,15060955,https://www.data.go.kr/data/15060955/fileData.do
대전광역시,대덕구,전자제품,선풍기,사업장용,3000,2025-06-05,15060955,https://www.data.go.kr/data/15060955/fileData.do
대전광역시,대덕구,전자제품,세탁기,10㎏ 미만,5000,2025-06-05,15060955,https://www.data.go.kr/data/15060955/fileData.do
대전광역시,대덕구,전자제품,세탁기,10㎏ 이상,8000,2025-06-05,15060955,https://www.data.go.kr/data/15060955/fileData.do
대전광역시,대덕구,전자제품,식기건조기,모든규격,3000,2025-06-05,15060955,https://www.data.go.kr/data/15060955/fileData.do
대전광역시,대덕구,전자제품,에어컨,15평형 미만,4000,2025-06-05,15060955,https://www.data.go.kr/data/15060955/fileData.do
대전광역시,대덕구,전자제품,에어컨,15평형 이상~ 25평형 미만,5000,2025-06-05,15060955,https://www.data.go.kr/data/15060955/fileData.do
대전광역시,대덕구,전자제품,에어컨,25평형 이상~ 50평형 미만,8000,2025-06-05,15060955,https://www.data.go.kr/data/15060955/fileData.do
대전광역시,대덕구,전자제품,에어컨,50평형 이상,10000,2025-06-05,15060955,https://www.data.go.kr/data/15060955/fileData.do
대전광역시,대덕구,전자제품,에어컨,벽걸이형,3000,2025-06-05,15060955,https://www.data.go.kr/data/15060955/fileData.do
대전광역시,대덕구,전자제품,오디오,4단 미만,3000,2025-06-05,15060955,https://www.data.go.kr/data/15060955/fileData.do
대전광역시,대덕구,전자제품,오디오,4단 이상,5000,2025-06-05,15060955,https://www.data.go.kr/data/15060955/fileData.do
대전광역시,대덕구,전자제품,전기밥통,모든규격,2000,2025-06-05,15060955,https://www.data.go.kr/data/15060955/fileData.do
대전광역시,대덕구,전자제품,전자레인지,모든규격,4000,2025-06-05,15060955,https://www.data.go.kr/data/15060955/fileData.do
대전광역시,대덕구,전자제품,청소기,모든규격,3000,2025-06-05,15060955,https://www.data.go.kr/data/15060955/fileData.do
대전광역시,대덕구,전자제품,컴퓨터,모니터,3000,2025-06-05,15060955,https://www.data.go.kr/data/15060955/fileData.do
대전광역시,대덕구,전자제품,컴퓨터,본체,2000,2025-06-05,15060955,https://www.data.go.kr/data/15060955/fileData.do
대전광역시,대덕구,전자제품,컴퓨터,프린터,2000,2025-06-05,15060955,https://www.data.go.kr/data/15060955/fileData.do
대전광역시,대덕구,전자제품,탈수기,모든규격,3000,2025-06-05,15060955,https://www.data.go.kr/data/15060955/fileData.do
대전광역시,대덕구,전자제품,텔레비전,15인치 이하,4000,2025-06-05,15060955,https://www.data.go.kr/data/15060955/fileData.do
대전광역시,대덕구,전자제품,텔레비전,16인치 이상~ 25인치 이하,5000,2025-06-05,15060955,https://www.data.go.kr/data/15060955/fileData.do
대전광역시,대덕구,전자제품,텔레비전,26인치 이상~ 35인치 이하,6000,2025-06-05,15060955,https://www.data.go.kr/data/15060955/fileData.do
대전광역시,대덕구,전자제품,텔레비전,36인치 이상~ 45인치 이하,8000,2025-06-05,15060955,https://www.data.go.kr/data/15060955/fileData.do
대전광역시,대덕구,전자제품,텔레비전,46인치 이상~ 55인치 미만,10000,2025-06-05,15060955,https://www.data.go.kr/data/15060955/fileData.do
대전광역시,대덕구,전자제품,텔레비전,55인치 이상,15000,2025-06-05,15060955,https://www.data.go.kr/data/15060955/fileData.do
대전광역시,대덕구,전자제품,텔레비전받침대,모든규격,3000,2025-06-05,15060955,https://www.data.go.kr/data/15060955/fileData.do
대전광역시,대덕구,전자제품,팩스기기,모든규격,3000,2025-06-05,15060955,https://www.data.go.kr/data/15060955/fileData.do
대전광역시,서구,,TV,15인치이하,4000,,15089837,https://www.data.go.kr/data/15089837/fileData.do
대전광역시,서구,,TV,25인치이하,5000,,15089837,https://www.data.go.kr/data/15089837/fileData.do
대전광역시,서구,,TV,35인치이하,6000,,15089837,https://www.data.go.kr/data/15089837/fileData.do
대전광역시,서구,,TV,45인치이하,8000,,15089837,https://www.data.go.kr/data/15089837/fileData.do
대전광역시,서구,,TV,55인치미만,10000,,15089837,https://www.data.go.kr/data/15089837/fileData.do
대전광역시,서구,,TV,55인치이상,15000,,15089837,https://www.data.go.kr/data/15089837/fileData.do
대전광역시,서구,,TV받침대,모든규격,3000,,15089837,https://www.data.go.kr/data/15089837/fileData.do
대전광역시,서구,,가방,트렁크가방,3000,,15089837,https://www.data.go.kr/data/15089837/fileData.do
대전광역시,서구,,가스오븐렌지,높이1m미만,3000,,15089837,https://www.data.go.kr/data/15089837/fileData.do
대전광역시,서구,,가스오븐렌지,높이1m이상,5000,,15089837,https://www.data.go.kr/data/15089837/fileData.do
대전광역시,서구,,가습기,모든규격,2000,,15089837,https://www.data.go.kr/data/15089837/fileData.do
대전광역시,서구,,거울(액자),1제곱미터미만,2000,,15089837,https://www.data.go.kr/data/15089837/fileData.do
대전광역시,서구,,거울(액자),1제곱미터초과시마다,2000,,15089837,https://www.data.go.kr/data/15089837/fileData.do
대전광역시,서구,,공기청정기,높이1m미만,3000,,15089837,https://www.data.go.kr/data/15089837/fileData.do
대전광역시,서구,,공기청정기,높이1m이상,4000,,15089837,https://www.data.go.kr/data/15089837/fileData.do
대전광역시,서구,,광고판,1제곱미터이상,5000,,15089837,https://www.data.go.kr/data/15089837/fileData.do
대전광역시,서구,,광고판,1제곱미터이하,3000,,15089837,https://www.data.go.kr/data/15089837/fileData.do
대전광역시,서구,,광고판,3제곱미터이상,7000,,15089837,https://www.data.go.kr/data/15089837/fileData.do
대전광역시,서구,,광고판,5제곱미터이상,10000,,15089837,https://www.data.go.kr/data/15089837/fileData.do
대전광역시,서구,,난로,모든규격,4000,,15089837,https://www.data.go.kr/data/15089837/fileData.do
대전광역시,서구,,냉장고,1000리터 이상,20000,,15089837,https://www.data.go.kr/data/15089837/fileData.do
대전광역시,서구,,냉장고,200리터미만,4000,,15089837,https://www.data.go.kr/data/15089837/fileData.do
대전광역시,서구,,냉장고,300리터미만,6000,,15089837,https://www.data.go.kr/data/15089837/fileData.do
대전광역시,서구,,냉장고,400리터미만,8000,,15089837,https://www.data.go.kr/data/15089837/fileData.do
대전광역시,서구,,냉장고,600리터미만,10000,,15089837,https://www.data.go.kr/data/15089837/fileData.do
대전광역시,서구,,냉장고,800리터미만,12000,,15089837,https://www.data.go.kr/data/15089837/fileData.do
대전광역시,서구,,냉장고,800리터이상,15000,,15089837,https://www.data.go.kr/data/15089837/fileData.do
대전광역시,서구,,다리미,모든규격,1000,,15089837,https://www.data.go.kr/data/15089837/fileData.do
대전광역시,서구,,돗(대)자리,5.5제곱미터미만,2000,,15089837,https://www.data.go.kr/data/15089837/fileData.do
대전광역시,서구,,돗(대)자리,5.5제곱미터이상,4000,,15089837,https://www.data.go.kr/data/15089837/fileData.do
대전광역시,서구,,마네킹,상/하반신,3000,,15089837,https://www.data.go.kr/data/15089837/fileData.do
대전광역시,서구,,마네킹,전신(F.R.P),6000,,15089837,https://www.data.go.kr/data/15089837/fileData.do
대전광역시,서구,,목재,길이1m미만,500,,15089837,https://www.data.go.kr/data/15089837/fileData.do
대전광역시,서구,,목재,길이1m이상,1000,,15089837,https://www.data.go.kr/data/15089837/fileData.do
대전광역시,서구,,문갑,모든규격,3000,,15089837,https://www.data.go.kr/data/15089837/fileData.do
대전광역시,서구,,문짝,모든규격,4000,,15089837,https://www.data.go.kr/data/15089837/fileData.do
대전광역시,서구,,물탱크,1톤당(용랑기준),10000,,15089837,https://www.data.go.kr/data/15089837/fileData.do
대전광역시,서구,,미싱,모든규격,5000,,15089837,https://www.data.go.kr/data/15089837/fileData.do
대전광역시,서구,,벽시계,모든규격,2000,,15089837,https://www.data.go.kr/data/15089837/fileData.do
대전광역시,서구,,비디오,모든규격,2000,,15089837,https://www.data.go.kr/data/15089837/fileData.do
대전광역시,서구,,빨래건조대,모든규격,2000,,15089837,https://www.data.go.kr/data/15089837/fileData.do
대전광역시,서구,,상,모든규격,2000,,15089837,https://www.data.go.kr/data/15089837/fileData.do
대전광역시,서구,,서랍장,5단미만,4000,,15089837,https://www.data.go.kr/data/15089837/fileData.do
대전광역시,서구,,서랍장,5단이상,5000,,15089837,https://www.data.go.kr/data/15089837/fileData.do
대전광역시,서구,,선풍기,가정용,3000,,15089837,https://www.data.go.kr/data/15089837/fileData.do
대전광역시,서구,,선풍기,사업장용,5000,,15089837,https://www.data.go.kr/data/15089837/fileData.do
대전광역시,서구,,세면대,모든규격,3000,,15089837,https://www.data.go.kr/data/15089837/fileData.do
대전광역시,서구,,세탁기,10kg미만,5000,,15089837,https://www.data.go.kr/data/15089837/fileData.do
대전광역시,서구,,세탁기,10kg이상,10000,,15089837,https://www.data.go.kr/data/15089837/fileData.do
대전광역시,서구,,소파,1인용,2000,,15089837,https://www.data.go.kr/data/15089837/fileData.do
대전광역시,서구,,소파,2인용,4000,,15089837,https://www.data.go.kr/data/15089837/fileData.do
대전광역시,서구,,소파,3인용,6000,,15089837,https://www.data.go.kr/data/15089837/fileData.do
대전광역시,서구,,소파,4인용,8000,,15089837,https://www.data.go.kr/data/15089837/fileData.do
대전광역시,서구,,소파,6인용,10000,,15089837,https://www.data.go.kr/data/15089837/fileData.do
대전광역시,서구,,수족관,1m미만,4000,,15089837,https://www.data.go.kr/data/15089837/fileData.do
대전광역시,서구,,수족관,1m이상,6000,,15089837,https://www.data.go.kr/data/15089837/fileData.do
대전광역시,서구,,스피커(1쌍),높이40cm미만,1000,,15089837,https://www.data.go.kr/data/15089837/fileData.do
대전광역시,서구,,스피커(1쌍),높이40cm이상,2000,,15089837,https://www.data.go.kr/data/15089837/fileData.do
대전광역시,서구,,식기건조기,모든규격,3000,,15089837,https://www.data.go.kr/data/15089837/fileData.do
대전광역시,서구,,식탁,6인용미만,4000,,15089837,https://www.data.go.kr/data/15089837/fileData.do
대전광역시,서구,,식탁,6인용이상,6000,,15089837,https://www.data.go.kr/data/15089837/fileData.do
대전광역시,서구,,신발장,높이1m미만,3000,,15089837,https://www.data.go.kr/data/15089837/fileData.do
대전광역시,서구,,신발장,높이1m이상,4000,,15089837,https://www.data.go.kr/data/15089837/fileData.do
대전광역시,서구,,쌀통,모든규격,3000,,15089837,https://www.data.go.kr/data/15089837/fileData.do
대전광역시,서구,,씽크대,양수,3000,,15089837,https://www.data.go.kr/data/15089837/fileData.do
대전광역시,서구,,씽크대,편수,2000,,15089837,https://www.data.go.kr/data/15089837/fileData.do
대전광역시,서구,,양변기,모든규격,3000,,15089837,https://www.data.go.kr/data/15089837/fileData.do
대전광역시,서구,,에어컨(온풍기),15평형미만,4000,,15089837,https://www.data.go.kr/data/15089837/fileData.do
대전광역시,서구,,에어컨(온풍기),15평형이상,5000,,15089837,https://www.data.go.kr/data/15089837/fileData.do
대전광역시,서구,,에어컨(온풍기),25평형이상,8000,,15089837,https://www.data.go.kr/data/15089837/fileData.do
대전광역시,서구,,에어컨(온풍기),50평형이상,10000,,15089837,https://www.data.go.kr/data/15089837/fileData.do
대전광역시,서구,,에어컨(온풍기),벽걸이형,3000,,15089837,https://www.data.go.kr/data/15089837/fileData.do
대전광역시,서구,,오디오(전축),4단미만,3000,,15089837,https://www.data.go.kr/data/15089837/fileData.do
대전광역시,서구,,오디오(전축),4단이상,4000,,15089837,https://www.data.go.kr/data/15089837/fileData.do
대전광역시,서구,,오디오장,모든규격,2000,,15089837,https://www.data.go.kr/data/15089837/fileData.do
대전광역시,서구,,오락기,높이1m미만,5000,,15089837,https://www.data.go.kr/data/15089837/fileData.do
대전광역시,서구,,오락기,높이1m이상,10000,,15089837,https://www.data.go.kr/data/15089837/fileData.do
대전광역시,서구,,올겐,모든규격,4000,,15089837,https://www.data.go.kr/data/15089837/fileData.do
대전광역시,서구,,옷걸이,모든규격,2000,,15089837,https://www.data.go.kr/data/15089837/fileData.do
대전광역시,서구,,욕조,F.R.P,3000,,15089837,https://www.data.go.kr/data/15089837/fileData.do
대전광역시,서구,,욕조,사기,10000,,15089837,https://www.data.go.kr/data/15089837/fileData.do
대전광역시,서구,,유모차,모든규격,2000,,15089837,https://www.data.go.kr/data/15089837/fileData.do
대전광역시,서구,,의자,1개,2000,,15089837,https://www.data.go.kr/data/15089837/fileData.do
대전광역시,서구,,의자,목(장)의자,3000,,15089837,https://www.data.go.kr/data/15089837/fileData.do
대전광역시,서구,,이불류,솜이불1채,5000,,15089837,https://www.data.go.kr/data/15089837/fileData.do
대전광역시,서구,,이불류,홑이불1채,3000,,15089837,https://www.data.go.kr/data/15089837/fileData.do
대전광역시,서구,,자전거,삼륜(유아용),2000,,15089837,https://www.data.go.kr/data/15089837/fileData.do
대전광역시,서구,,자전거,이륜,3000,,15089837,https://www.data.go.kr/data/15089837/fileData.do
대전광역시,서구,,장농,120cm이상1쪽,15000,,15089837,https://www.data.go.kr/data/15089837/fileData.do
대전광역시,서구,,장농,90cm미만1쪽,8000,,15089837,https://www.data.go.kr/data/15089837/fileData.do
대전광역시,서구,,장농,90cm이상1쪽,10000,,15089837,https://www.data.go.kr/data/15089837/fileData.do
대전광역시,서구,,장농,어린이용1쪽,8000,,15089837,https://www.data.go.kr/data/15089837/fileData.do
대전광역시,서구,,장식장(찬장),너비1mx높이2m미만,5000,,15089837,https://www.data.go.kr/data/15089837/fileData.do
대전광역시,서구,,장식장(찬장),너비1mx높이2m이상,8000,,15089837,https://www.data.go.kr/data/15089837/fileData.do
대전광역시,서구,,장판,5.5제곱미터미만,2000,,15089837,https://www.data.go.kr/data/15089837/fileData.do
대전광역시,서구,,장판,5.5제곱미터이상,4000,,15089837,https://www.data.go.kr/data/15089837/fileData.do
대전광역시,서구,,전기밥통,모든규격,2000,,15089837,https://www.data.go.kr/data/15089837/fileData.do
대전광역시,서구,,전자레인지,모든규격,4000,,15089837,https://www.data.go.kr/data/15089837/fileData.do
대전광역시,서구,,진열대,높이1m미만,4000,,15089837,https://www.data.go.kr/data/15089837/fileData.do
대전광역시,서구,,진열대,높이1m이상,5000,,15089837,https://www.data.go.kr/data/15089837/fileData.do
대전광역시,서구,,책꽃이,모든규격,2000,,15089837,https://www.data.go.kr/data/15089837/fileData.do
대전광역시,서구,,책상,양수,6000,,15089837,https://www.data.go.kr/data/15089837/fileData.do
대전광역시,서구,,책상,컴퓨터용,3000,,15089837,https://www.data.go.kr/data/15089837/fileData.do
대전광역시,서구,,책상,편수,5000,,15089837,https://www.data.go.kr/data/15089837/fileData.do
대전광역시,서구,,책장,높이1m미만,3000,,15089837,https://www.data.go.kr/data/15089837/fileData.do
대전광역시,서구,,책장,높이1m이상,4000,,15089837,https://www.data.go.kr/data/15089837/fileData.do
대전광역시,서구,,청소기,모든규격,3000,,15089837,https://www.data.go.kr/data/15089837/fileData.do
대전광역시,서구,,침대,1인용(메트리스포함),7000,,15089837,https://www.data.go.kr/data/15089837/fileData.do
대전광역시,서구,,침대,1인용메트리스,5000,,15089837,https://www.data.go.kr/data/15089837/fileData.do
대전광역시,서구,,침대,2인용(메트리스포함),10000,,15089837,https://www.data.go.kr/data/15089837/fileData.do
대전광역시,서구,,침대,2인용메트리스,8000,,15089837,https://www.data.go.kr/data/15089837/fileData.do
대전광역시,서구,,침대,킹사이즈(메트리스포,12000,,15089837,https://www.data.go.kr/data/15089837/fileData.do
대전광역시,서구,,침대,킹사이즈메트리스,10000,,15089837,https://www.data.go.kr/data/15089837/fileData.do
대전광역시,서구,,카펫트,5.5.제곱미터미만,5000,,15089837,https://www.data.go.kr/data/15089837/fileData.do
대전광역시,서구,,카펫트,5.5제곱미터이상,8000,,15089837,https://www.data.go.kr/data/15089837/fileData.do
대전광역시,서구,,컴퓨터,모니터,3000,,15089837,https://www.data.go.kr/data/15089837/fileData.do
대전광역시,서구,,컴퓨터,본체,3000,,15089837,https://www.data.go.kr/data/15089837/fileData.do
대전광역시,서구,,컴퓨터,키보드,1000,,15089837,https://www.data.go.kr/data/15089837/fileData.do
대전광역시,서구,,컴퓨터,프린터,2000,,15089837,https://www.data.go.kr/data/15089837/fileData.do
대전광역시,서구,,케비넷,120cm이상,8000,,15089837,https://www.data.go.kr/data/15089837/fileData.do
대전광역시,서구,,케비넷,90cm미만,3000,,15089837,https://www.data.go.kr/data/15089837/fileData.do
대전광역시,서구,,케비넷,90cm이상,5000,,15089837,https://www.data.go.kr/data/15089837/fileData.do
대전광역시,서구,,타자기,모든규격,3000,,15089837,https://www.data.go.kr/data/15089837/fileData.do
대전광역시,서구,,탁자,모든규격,4000,,15089837,https://www.data.go.kr/data/15089837/fileData.do
대전광역시,서구,,탈수기,모든규격,3000,,15089837,https://www.data.go.kr/data/15089837/fileData.do
대전광역시,서구,,팩스기기,모든규격,3000,,15089837,https://www.data.go.kr/data/15089837/fileData.do
대전광역시,서구,,피아노,그랜드,15000,,15089837,https://www.data.go.kr/data/15089837/fileData.do
대전광역시,서구,,피아노,디지털,5000,,15089837,https://www.data.go.kr/data/15089837/fileData.do
대전광역시,서구,,피아노,어프라이드,10000,,15089837,https://www.data.go.kr/data/15089837/fileData.do
대전광역시,서구,,항아리,모든규격,3000,,15089837,https://www.data.go.kr/data/15089837/fileData.do
대전광역시,서구,,화장대,모든규격,5000,,15089837,https://www.data.go.kr/data/15089837/fileData.do
부산광역시,동구,가구류,(돌옥흙),1인용,15000,2026-08-18,15116293,https://www.data.go.kr/data/15116293/fileData.do
부산광역시,동구,가구류,(매트리스 포함),1인용,10000,2026-08-18,15116293,https://www.data.go.kr/data/15116293/fileData.do
부산광역시,동구,가구류,TV 장식장,모든규격,2000,2026-08-18,15116293,https://www.data.go.kr/data/15116293/fileData.do
부산광역시,동구,가구류,거 울,1m이상,2000,2026-08-18,15116293,https://www.data.go.kr/data/15116293/fileData.do
부산광역시,동구,가구류,매트리스,1인용,6000,2026-08-18,15116293,https://www.data.go.kr/data/15116293/fileData.do
부산광역시,동구,가구류,매트리스,2인용,9000,2026-08-18,15116293,https://www.data.go.kr/data/15116293/fileData.do
부산광역시,동구,가구류,문 갑,1짝당,4000,2026-08-18,15116293,https://www.data.go.kr/data/15116293/fileData.do
부산광역시,동구,가구류,방 찬 장,모든규격,5000,2026-08-18,15116293,https://www.data.go.kr/data/15116293/fileData.do
부산광역시,동구,가구류,병 풍,모든규격,3000,2026-08-18,15116293,https://www.data.go.kr/data/15116293/fileData.do
부산광역시,동구,가구류,복 사 기,모든규격,10000,2026-08-18,15116293,https://www.data.go.kr/data/15116293/fileData.do
부산광역시,동구,가구류,서 랍 장,5단미만,7000,2026-08-18,15116293,https://www.data.go.kr/data/15116293/fileData.do
부산광역시,동구,가구류,서 랍 장,5단이상,10000,2026-08-18,15116293,https://www.data.go.kr/data/15116293/fileData.do
부산광역시,동구,가구류,쇼 파,1인용,3000,2026-08-18,15116293,https://www.data.go.kr/data/15116293/fileData.do
부산광역시,동구,가구류,쇼 파,2인용,5000,2026-08-18,15116293,https://www.data.go.kr/data/15116293/fileData.do
부산광역시,동구,가구류,쇼 파,3인용,7000,2026-08-18,15116293,https://www.data.go.kr/data/15116293/fileData.do
부산광역시,동구,가구류,쇼 파,5인용이상,10000,2026-08-18,15116293,https://www.data.go.kr/data/15116293/fileData.do
부산광역시,동구,가구류,쇼 파,보조의자,2000,2026-08-18,15116293,https://www.data.go.kr/data/15116293/fileData.do
부산광역시,동구,가구류,신 발 장,높이1m미만,4000,2026-08-18,15116293,https://www.data.go.kr/data/15116293/fileData.do
부산광역시,동구,가구류,신 발 장,높이1m이상,5000,2026-08-18,15116293,https://www.data.go.kr/data/15116293/fileData.do
부산광역시,동구,가구류,액 자,1m미만,1000,2026-08-18,15116293,https://www.data.go.kr/data/15116293/fileData.do
부산광역시,동구,가구류,옷 걸 이,모든규격,1500,2026-08-18,15116293,https://www.data.go.kr/data/15116293/fileData.do
부산광역시,동구,가구류,의 자,목 재,2000,2026-08-18,15116293,https://www.data.go.kr/data/15116293/fileData.do
부산광역시,동구,가구류,의 자,철 재,1500,2026-08-18,15116293,https://www.data.go.kr/data/15116293/fileData.do
부산광역시,동구,가구류,의 자,회전의자,3000,2026-08-18,15116293,https://www.data.go.kr/data/15116293/fileData.do
부산광역시,동구,가구류,장 롱,120cm 1칸,15000,2026-08-18,15116293,https://www.data.go.kr/data/15116293/fileData.do
부산광역시,동구,가구류,장 롱,90cm 1칸,10000,2026-08-18,15116293,https://www.data.go.kr/data/15116293/fileData.do
부산광역시,동구,가구류,책 꽂 이,목 재,1500,2026-08-18,15116293,https://www.data.go.kr/data/15116293/fileData.do
부산광역시,동구,가구류,책 꽂 이,철 재,1000,2026-08-18,15116293,https://www.data.go.kr/data/15116293/fileData.do
부산광역시,동구,가구류,책 상,양수.대형,7000,2026-08-18,15116293,https://www.data.go.kr/data/15116293/fileData.do
부산광역시,동구,가구류,책 상,편수.소형,5000,2026-08-18,15116293,https://www.data.go.kr/data/15116293/fileData.do
부산광역시,동구,가구류,책장 장식장,문유리포함,7000,2026-08-18,15116293,https://www.data.go.kr/data/15116293/fileData.do
부산광역시,동구,가구류,책장 장식장,전면개방형,4000,2026-08-18,15116293,https://www.data.go.kr/data/15116293/fileData.do
부산광역시,동구,가구류,침 대,2인용,15000,2026-08-18,15116293,https://www.data.go.kr/data/15116293/fileData.do
부산광역시,동구,가구류,침 대,2인용,20000,2026-08-18,15116293,https://www.data.go.kr/data/15116293/fileData.do
부산광역시,동구,가구류,캐 비 넷,높이1m미만,4000,2026-08-18,15116293,https://www.data.go.kr/data/15116293/fileData.do
부산광역시,동구,가구류,캐 비 넷,높이1m이상,7000,2026-08-18,15116293,https://www.data.go.kr/data/15116293/fileData.do
부산광역시,동구,가구류,탁 자,1m미만,2000,2026-08-18,15116293,https://www.data.go.kr/data/15116293/fileData.do
부산광역시,동구,가구류,탁 자,1m이상,3000,2026-08-18,15116293,https://www.data.go.kr/data/15116293/fileData.do
부산광역시,동구,가구류,화 장 대,모든규격,5000,2026-08-18,15116293,https://www.data.go.kr/data/15116293/fileData.do
부산광역시,동구,가전제품,T.V,14인치 미만,2000,2026-08-18,15116293,https://www.data.go.kr/data/15116293/fileData.do
부산광역시,동구,가전제품,T.V,42인치 미만,3000,2026-08-18,15116293,https://www.data.go.kr/data/15116293/fileData.do
부산광역시,동구,가전제품,T.V,42인치 이상,5000,2026-08-18,15116293,https://www.data.go.kr/data/15116293/fileData.do
부산광역시,동구,가전제품,T.V,~ 14인치 이상,3000,2026-08-18,15116293,https://www.data.go.kr/data/15116293/fileData.do
부산광역시,동구,가전제품,공기청정기,높이1m이상,7000,2026-08-18,15116293,https://www.data.go.kr/data/15116293/fileData.do
부산광역시,동구,가전제품,냉 장 고,300ℓ미만,10000,2026-08-18,15116293,https://www.data.go.kr/data/15116293/fileData.do
부산광역시,동구,가전제품,냉 장 고,500ℓ미만,15000,2026-08-18,15116293,https://www.data.go.kr/data/15116293/fileData.do
부산광역시,동구,가전제품,냉 장 고,500ℓ이상,20000,2026-08-18,15116293,https://www.data.go.kr/data/15116293/fileData.do
부산광역시,동구,가전제품,냉 장 고,~ 300ℓ이상,15000,2026-08-18,15116293,https://www.data.go.kr/data/15116293/fileData.do
부산광역시,동구,가전제품,선 풍 기,1m이상,1000,2026-08-18,15116293,https://www.data.go.kr/data/15116293/fileData.do
부산광역시,동구,가전제품,세 탁 기,용량8Kg미만,4000,2026-08-18,15116293,https://www.data.go.kr/data/15116293/fileData.do
부산광역시,동구,가전제품,세 탁 기,용량8Kg이상,5000,2026-08-18,15116293,https://www.data.go.kr/data/15116293/fileData.do
부산광역시,동구,가전제품,에 어 컨,264㎡형이상,12000,2026-08-18,15116293,https://www.data.go.kr/data/15116293/fileData.do
부산광역시,동구,가전제품,에 어 컨,66㎡형미만,6000,2026-08-18,15116293,https://www.data.go.kr/data/15116293/fileData.do
부산광역시,동구,가전제품,에 어 컨,66㎡형이상,8000,2026-08-18,15116293,https://www.data.go.kr/data/15116293/fileData.do
부산광역시,동구,가전제품,온 풍 기,1m이상,8000,2026-08-18,15116293,https://www.data.go.kr/data/15116293/fileData.do
부산광역시,동구,가전제품,재 봉 틀,모든규격,3000,2026-08-18,15116293,https://www.data.go.kr/data/15116293/fileData.do
부산광역시,동구,가전제품,전 기 요,폭70㎝미만,2000,2026-08-18,15116293,https://www.data.go.kr/data/15116293/fileData.do
부산광역시,동구,가전제품,전 기 요,폭70㎝이상,3000,2026-08-18,15116293,https://www.data.go.kr/data/15116293/fileData.do
부산광역시,동구,가전제품,전 축,모든규격,5000,2026-08-18,15116293,https://www.data.go.kr/data/15116293/fileData.do
부산광역시,동구,가전제품,전 축,스 피 커,1500,2026-08-18,15116293,https://www.data.go.kr/data/15116293/fileData.do
부산광역시,동구,기타,(FRP),10인용미만,20000,2026-08-18,15116293,https://www.data.go.kr/data/15116293/fileData.do
부산광역시,동구,기타,(내부석고등),1㎡당,3000,2026-08-18,15116293,https://www.data.go.kr/data/15116293/fileData.do
부산광역시,동구,기타,(옥황토전기),1인용,5000,2026-08-18,15116293,https://www.data.go.kr/data/15116293/fileData.do
부산광역시,동구,기타,가 방 류,모든규격,1000,2026-08-18,15116293,https://www.data.go.kr/data/15116293/fileData.do
부산광역시,동구,기타,간 판,2m미만,7000,2026-08-18,15116293,https://www.data.go.kr/data/15116293/fileData.do
부산광역시,동구,기타,간 판,2m이상,8000,2026-08-18,15116293,https://www.data.go.kr/data/15116293/fileData.do
부산광역시,동구,기타,개 집,모든규격,4000,2026-08-18,15116293,https://www.data.go.kr/data/15116293/fileData.do
부산광역시,동구,기타,기름탱크,400ℓ미만,4000,2026-08-18,15116293,https://www.data.go.kr/data/15116293/fileData.do
부산광역시,동구,기타,기름탱크,400ℓ이상,6000,2026-08-18,15116293,https://www.data.go.kr/data/15116293/fileData.do
부산광역시,동구,기타,나 무 류,100ℓ마대 1개당,4000,2026-08-18,15116293,https://www.data.go.kr/data/15116293/fileData.do
부산광역시,동구,기타,나 무 류,1톤 트럭 1대,40000,2026-08-18,15116293,https://www.data.go.kr/data/15116293/fileData.do
부산광역시,동구,기타,나 무 류,2.5톤 트럭 1대,180000,2026-08-18,15116293,https://www.data.go.kr/data/15116293/fileData.do
부산광역시,동구,기타,난 로,석 유,5000,2026-08-18,15116293,https://www.data.go.kr/data/15116293/fileData.do
부산광역시,동구,기타,난 로,전 기,3000,2026-08-18,15116293,https://www.data.go.kr/data/15116293/fileData.do
부산광역시,동구,기타,드 럼 통,모든규격,4000,2026-08-18,15116293,https://www.data.go.kr/data/15116293/fileData.do
부산광역시,동구,기타,매 트 류,2인용이상,7000,2026-08-18,15116293,https://www.data.go.kr/data/15116293/fileData.do
부산광역시,동구,기타,문 짝,모든규격,4000,2026-08-18,15116293,https://www.data.go.kr/data/15116293/fileData.do
부산광역시,동구,기타,물 탱 크,1000ℓ미만,15000,2026-08-18,15116293,https://www.data.go.kr/data/15116293/fileData.do
부산광역시,동구,기타,물 탱 크,1000ℓ이상,20000,2026-08-18,15116293,https://www.data.go.kr/data/15116293/fileData.do
부산광역시,동구,기타,벽 시 계,모든규격,2000,2026-08-18,15116293,https://www.data.go.kr/data/15116293/fileData.do
부산광역시,동구,기타,변 기,모든규격,12000,2026-08-18,15116293,https://www.data.go.kr/data/15116293/fileData.do
부산광역시,동구,기타,보 일 러,모든규격,7000,2026-08-18,15116293,https://www.data.go.kr/data/15116293/fileData.do
부산광역시,동구,기타,보 행 기,모든규격,2000,2026-08-18,15116293,https://www.data.go.kr/data/15116293/fileData.do
부산광역시,동구,기타,세 면 기,모든규격,4000,2026-08-18,15116293,https://www.data.go.kr/data/15116293/fileData.do
부산광역시,동구,기타,수 족 관,~ 가로 1m 이상,7000,2026-08-18,15116293,https://www.data.go.kr/data/15116293/fileData.do
부산광역시,동구,기타,수 족 관,가로 2m 미만,7000,2026-08-18,15116293,https://www.data.go.kr/data/15116293/fileData.do
부산광역시,동구,기타,수 족 관,가로1m미만,4000,2026-08-18,15116293,https://www.data.go.kr/data/15116293/fileData.do
부산광역시,동구,기타,수 족 관,가로2m이상,10000,2026-08-18,15116293,https://www.data.go.kr/data/15116293/fileData.do
부산광역시,동구,기타,스티로폼,100ℓ마대 1개당,2000,2026-08-18,15116293,https://www.data.go.kr/data/15116293/fileData.do
부산광역시,동구,기타,욕 조,모든규격,20000,2026-08-18,15116293,https://www.data.go.kr/data/15116293/fileData.do
부산광역시,동구,기타,우 산,모든규격,1000,2026-08-18,15116293,https://www.data.go.kr/data/15116293/fileData.do
부산광역시,동구,기타,유 모 차,모든규격,2000,2026-08-18,15116293,https://www.data.go.kr/data/15116293/fileData.do
부산광역시,동구,기타,유리창문,모든규격,2500,2026-08-18,15116293,https://www.data.go.kr/data/15116293/fileData.do
부산광역시,동구,기타,이 불,1채당,2000,2026-08-18,15116293,https://www.data.go.kr/data/15116293/fileData.do
부산광역시,동구,기타,자 전 거,모든규격,2000,2026-08-18,15116293,https://www.data.go.kr/data/15116293/fileData.do
부산광역시,동구,기타,장 독,20ℓ미만,2000,2026-08-18,15116293,https://www.data.go.kr/data/15116293/fileData.do
부산광역시,동구,기타,장 독,20ℓ이상,4000,2026-08-18,15116293,https://www.data.go.kr/data/15116293/fileData.do
부산광역시,동구,기타,장 판,3.3㎡당,1000,2026-08-18,15116293,https://www.data.go.kr/data/15116293/fileData.do
부산광역시,동구,기타,정 화 조,10인용이상,30000,2026-08-18,15116293,https://www.data.go.kr/data/15116293/fileData.do
부산광역시,동구,기타,창 틀,모든규격,2000,2026-08-18,15116293,https://www.data.go.kr/data/15116293/fileData.do
부산광역시,동구,기타,천 막,3.3㎡당,2000,2026-08-18,15116293,https://www.data.go.kr/data/15116293/fileData.do
부산광역시,동구,기타,카 페 트,3.3㎡당,8000,2026-08-18,15116293,https://www.data.go.kr/data/15116293/fileData.do
부산광역시,동구,기타,칸막이,1㎡당,3000,2026-08-18,15116293,https://www.data.go.kr/data/15116293/fileData.do
부산광역시,동구,기타,파이프(PVC),1m당,500,2026-08-18,15116293,https://www.data.go.kr/data/15116293/fileData.do
부산광역시,동구,기타,평 상,2m×2m미만,5000,2026-08-18,15116293,https://www.data.go.kr/data/15116293/fileData.do
부산광역시,동구,기타,평 상,2m×2m이상,7000,2026-08-18,15116293,https://www.data.go.kr/data/15116293/fileData.do
부산광역시,동구,기타,폐합성수지,톤당,200000,2026-08-18,15116293,https://www.data.go.kr/data/15116293/fileData.do
부산광역시,동구,기타,포 장 재,100ℓ마대 1개당,2000,2026-08-18,15116293,https://www.data.go.kr/data/15116293/fileData.do
부산광역시,동구,기타,피 아 노,그 랜 드,20000,2026-08-18,15116293,https://www.data.go.kr/data/15116293/fileData.do
부산광역시,동구,기타,피 아 노,업라이트,15000,2026-08-18,15116293,https://www.data.go.kr/data/15116293/fileData.do
부산광역시,동구,기타,항 아 리,20ℓ미만,1000,2026-08-18,15116293,https://www.data.go.kr/data/15116293/fileData.do
부산광역시,동구,기타,항 아 리,20ℓ이상,3000,2026-08-18,15116293,https://www.data.go.kr/data/15116293/fileData.do
부산광역시,동구,기타,형광등류,일반용,1000,2026-08-18,15116293,https://www.data.go.kr/data/15116293/fileData.do
부산광역시,동구,기타,형광등류,장식용,5000,2026-08-18,15116293,https://www.data.go.kr/data/15116293/fileData.do
부산광역시,동구,주방용품,가스오븐렌지,높이1m이상,4000,2026-08-18,15116293,https://www.data.go.kr/data/15116293/fileData.do
부산광역시,동구,주방용품,밥상 교자상,4인용미만,1000,2026-08-18,15116293,https://www.data.go.kr/data/15116293/fileData.do
부산광역시,동구,주방용품,밥상 교자상,6인 미만,2000,2026-08-18,15116293,https://www.data.go.kr/data/15116293/fileData.do
부산광역시,동구,주방용품,밥상 교자상,6인용이상,3000,2026-08-18,15116293,https://www.data.go.kr/data/15116293/fileData.do
부산광역시,동구,주방용품,밥상 교자상,~ 4인용이상,2000,2026-08-18,15116293,https://www.data.go.kr/data/15116293/fileData.do
부산광역시,동구,주방용품,식 탁,4인미만,4000,2026-08-18,15116293,https://www.data.go.kr/data/15116293/fileData.do
부산광역시,동구,주방용품,식 탁,4인이상,6000,2026-08-18,15116293,https://www.data.go.kr/data/15116293/fileData.do
부산광역시,동구,주방용품,싱 크 대,가로 1m 미만,8000,2026-08-18,15116293,https://www.data.go.kr/data/15116293/fileData.do
부산광역시,동구,주방용품,싱 크 대,가로 1m 이상,10000,2026-08-18,15116293,https://www.data.go.kr/data/15116293/fileData.do
부산광역시,동구,주방용품,싱크찬장,1칸,3000,2026-08-18,15116293,https://www.data.go.kr/data/15116293/fileData.do
부산광역시,동구,주방용품,싱크찬장,2칸,4000,2026-08-18,15116293,https://www.data.go.kr/data/15116293/fileData.do
부산광역시,동구,주방용품,쌀 통,모든규격,3000,2026-08-18,15116293,https://www.data.go.kr/data/15116293/fileData.do
부산광역시,영도구,가구류,상,2인용,1000,,3038622,https://www.data.go.kr/data/3038622/fileData.do
부산광역시,영도구,가구류,상,4인용,2000,,3038622,https://www.data.go.kr/data/3038622/fileData.do
부산광역시,영도구,가구류,상,6인용이상,3000,,3038622,https://www.data.go.kr/data/3038622/fileData.do
부산광역시,영도구,가구류,서랍장,5단 미만,6000,,3038622,https://www.data.go.kr/data/3038622/fileData.do
부산광역시,영도구,가구류,서랍장,5단 이상,10000,,3038622,https://www.data.go.kr/data/3038622/fileData.do
부산광역시,영도구,가구류,쇼파,1인용,5000,,3038622,https://www.data.go.kr/data/3038622/fileData.do
부산광역시,영도구,가구류,쇼파,2인용,9000,,3038622,https://www.data.go.kr/data/3038622/fileData.do
부산광역시,영도구,가구류,쇼파,3인용,12000,,3038622,https://www.data.go.kr/data/3038622/fileData.do
부산광역시,영도구,가구류,쇼파,5인용 이상,17000,,3038622,https://www.data.go.kr/data/3038622/fileData.do
부산광역시,영도구,가구류,식탁,6인용 미만,5000,,3038622,https://www.data.go.kr/data/3038622/fileData.do
부산광역시,영도구,가구류,식탁,6인용 이상,7000,,3038622,https://www.data.go.kr/data/3038622/fileData.do
부산광역시,영도구,가구류,식탁,대리석 6인용 미만,13000,,3038622,https://www.data.go.kr/data/3038622/fileData.do
부산광역시,영도구,가구류,식탁,대리석 6인용 이상,17000,,3038622,https://www.data.go.kr/data/3038622/fileData.do
부산광역시,영도구,가구류,신발장,가로1m미만,5000,,3038622,https://www.data.go.kr/data/3038622/fileData.do
부산광역시,영도구,가구류,신발장,가로1m이상,7000,,3038622,https://www.data.go.kr/data/3038622/fileData.do
부산광역시,영도구,가구류,씽크대,1m 미만 1짝당,7000,,3038622,https://www.data.go.kr/data/3038622/fileData.do
부산광역시,영도구,가구류,씽크대,1m 이상 1짝당,10000,,3038622,https://www.data.go.kr/data/3038622/fileData.do
부산광역시,영도구,가구류,씽크찬장,1칸,4000,,3038622,https://www.data.go.kr/data/3038622/fileData.do
부산광역시,영도구,가구류,씽크찬장,2칸,4000,,3038622,https://www.data.go.kr/data/3038622/fileData.do
부산광역시,영도구,가구류,옷걸이,모든규격,2000,,3038622,https://www.data.go.kr/data/3038622/fileData.do
부산광역시,영도구,가구류,의자,"목재, 철재",2000,,3038622,https://www.data.go.kr/data/3038622/fileData.do
부산광역시,영도구,가구류,의자,"목재, 철재 외",3000,,3038622,https://www.data.go.kr/data/3038622/fileData.do
부산광역시,영도구,가구류,의자,안마의자,30000,,3038622,https://www.data.go.kr/data/3038622/fileData.do
부산광역시,영도구,가구류,의자,"회전, 안락, 사무용 의자",5000,,3038622,https://www.data.go.kr/data/3038622/fileData.do
부산광역시,영도구,가구류,장롱,120㎝이상 1짝,17000,,3038622,https://www.data.go.kr/data/3038622/fileData.do
부산광역시,영도구,가구류,장롱,90㎝미만 1짝,10000,,3038622,https://www.data.go.kr/data/3038622/fileData.do
부산광역시,영도구,가구류,장롱,90㎝이상 1짝,14000,,3038622,https://www.data.go.kr/data/3038622/fileData.do
부산광역시,영도구,가구류,장식장(가로형),120㎝이상,10000,,3038622,https://www.data.go.kr/data/3038622/fileData.do
부산광역시,영도구,가구류,장식장(가로형),90~120㎝미만,9000,,3038622,https://www.data.go.kr/data/3038622/fileData.do
부산광역시,영도구,가구류,장식장(가로형),90㎝미만,7000,,3038622,https://www.data.go.kr/data/3038622/fileData.do
부산광역시,영도구,가구류,책꽂이,50cm*50cm이하,2000,,3038622,https://www.data.go.kr/data/3038622/fileData.do
부산광역시,영도구,가구류,책상,서랍장 1개 혹은 1m 미만,5000,,3038622,https://www.data.go.kr/data/3038622/fileData.do
부산광역시,영도구,가구류,책상,서랍장 2개 혹은 1m 이상,8000,,3038622,https://www.data.go.kr/data/3038622/fileData.do
부산광역시,영도구,가구류,책상,책상+책장 세트,12000,,3038622,https://www.data.go.kr/data/3038622/fileData.do
부산광역시,영도구,가구류,"책장,장식장,진열장,찬장 등(세로형)",가로 120cm 이상,14000,,3038622,https://www.data.go.kr/data/3038622/fileData.do
부산광역시,영도구,가구류,"책장,장식장,진열장,찬장 등(세로형)",가로 90cm 미만,9000,,3038622,https://www.data.go.kr/data/3038622/fileData.do
부산광역시,영도구,가구류,"책장,장식장,진열장,찬장 등(세로형)",가로 90cm이상 120cm 미만,12000,,3038622,https://www.data.go.kr/data/3038622/fileData.do
부산광역시,영도구,가구류,침대,"돌(흙,옥,황토)침대 1인용",24000,,3038622,https://www.data.go.kr/data/3038622/fileData.do
부산광역시,영도구,가구류,침대,"돌(흙,옥,황토)침대 2인용",36000,,3038622,https://www.data.go.kr/data/3038622/fileData.do
부산광역시,영도구,가구류,침대,"라텍스, 매트리스(포켓) 1인용",10000,,3038622,https://www.data.go.kr/data/3038622/fileData.do
부산광역시,영도구,가구류,침대,"라텍스, 매트리스(포켓) 2인용",14000,,3038622,https://www.data.go.kr/data/3038622/fileData.do
부산광역시,영도구,가구류,침대,매트리스 1인용,9000,,3038622,https://www.data.go.kr/data/3038622/fileData.do
부산광역시,영도구,가구류,침대,매트리스 2인용,11000,,3038622,https://www.data.go.kr/data/3038622/fileData.do
부산광역시,영도구,가구류,침대,유아용(매트리스 포함),9000,,3038622,https://www.data.go.kr/data/3038622/fileData.do
부산광역시,영도구,가구류,침대,일반 1인용(매트리스 1개 포함),13000,,3038622,https://www.data.go.kr/data/3038622/fileData.do
부산광역시,영도구,가구류,침대,일반 2인용(매트리스 1개 포함),18000,,3038622,https://www.data.go.kr/data/3038622/fileData.do
부산광역시,영도구,가구류,침대,침대프레임(일반) 1인용,5000,,3038622,https://www.data.go.kr/data/3038622/fileData.do
부산광역시,영도구,가구류,침대,침대프레임(일반) 2인용,7000,,3038622,https://www.data.go.kr/data/3038622/fileData.do
부산광역시,영도구,가구류,침대,침대프레임(평상형) 1인용,11000,,3038622,https://www.data.go.kr/data/3038622/fileData.do
부산광역시,영도구,가구류,침대,침대프레임(평상형) 2인용,15000,,3038622,https://www.data.go.kr/data/3038622/fileData.do
부산광역시,영도구,가구류,캐비닛,높이1m미만,4000,,3038622,https://www.data.go.kr/data/3038622/fileData.do
부산광역시,영도구,가구류,캐비닛,높이1m이상,8000,,3038622,https://www.data.go.kr/data/3038622/fileData.do
부산광역시,영도구,가구류,화장대,90㎝미만,5000,,3038622,https://www.data.go.kr/data/3038622/fileData.do
부산광역시,영도구,가구류,화장대,90㎝이상,8000,,3038622,https://www.data.go.kr/data/3038622/fileData.do
부산광역시,영도구,가전제품,공기청정기,1m 이상,8000,,3038622,https://www.data.go.kr/data/3038622/fileData.do
부산광역시,영도구,가전제품,냉장고,"1,000ℓ 이상",20000,,3038622,https://www.data.go.kr/data/3038622/fileData.do
부산광역시,영도구,가전제품,냉장고,300ℓ 미만,8000,,3038622,https://www.data.go.kr/data/3038622/fileData.do
부산광역시,영도구,가전제품,냉장고,300ℓ 이상,12000,,3038622,https://www.data.go.kr/data/3038622/fileData.do
부산광역시,영도구,가전제품,냉장고,500ℓ 이상,18000,,3038622,https://www.data.go.kr/data/3038622/fileData.do
부산광역시,영도구,가전제품,세탁기,용량8㎏미만,4000,,3038622,https://www.data.go.kr/data/3038622/fileData.do
부산광역시,영도구,가전제품,세탁기,용량8㎏이상,6000,,3038622,https://www.data.go.kr/data/3038622/fileData.do
부산광역시,영도구,가전제품,에어컨,264㎡형이상,16000,,3038622,https://www.data.go.kr/data/3038622/fileData.do
부산광역시,영도구,가전제품,에어컨,66~264㎡형미만,7000,,3038622,https://www.data.go.kr/data/3038622/fileData.do
부산광역시,영도구,가전제품,에어컨,66㎡미만,6000,,3038622,https://www.data.go.kr/data/3038622/fileData.do
부산광역시,영도구,가전제품,텔레비전,25~42인치미만,4000,,3038622,https://www.data.go.kr/data/3038622/fileData.do
부산광역시,영도구,가전제품,텔레비전,25인치미만,3000,,3038622,https://www.data.go.kr/data/3038622/fileData.do
부산광역시,영도구,가전제품,텔레비전,42인치이상,10000,,3038622,https://www.data.go.kr/data/3038622/fileData.do
부산광역시,영도구,생활용품 및 기타,가방류,골프가방,3000,,3038622,https://www.data.go.kr/data/3038622/fileData.do
부산광역시,영도구,생활용품 및 기타,가방류,그 외,1000,,3038622,https://www.data.go.kr/data/3038622/fileData.do
부산광역시,영도구,생활용품 및 기타,가방류,여행용,2000,,3038622,https://www.data.go.kr/data/3038622/fileData.do
부산광역시,영도구,생활용품 및 기타,가스레인지,모든규격,3000,,3038622,https://www.data.go.kr/data/3038622/fileData.do
부산광역시,영도구,생활용품 및 기타,가스오븐레인지,높이1m 미만,3000,,3038622,https://www.data.go.kr/data/3038622/fileData.do
부산광역시,영도구,생활용품 및 기타,가스오븐레인지,높이1m 이상,4000,,3038622,https://www.data.go.kr/data/3038622/fileData.do
부산광역시,영도구,생활용품 및 기타,"개집(FRP), 고양이타워",모든규격,4000,,3038622,https://www.data.go.kr/data/3038622/fileData.do
부산광역시,영도구,생활용품 및 기타,"거울,유리,액자",50㎝ 미만,2000,,3038622,https://www.data.go.kr/data/3038622/fileData.do
부산광역시,영도구,생활용품 및 기타,"거울,유리,액자",50㎝ 이상,3000,,3038622,https://www.data.go.kr/data/3038622/fileData.do
부산광역시,영도구,생활용품 및 기타,기름탱크,2드럼미만,3000,,3038622,https://www.data.go.kr/data/3038622/fileData.do
부산광역시,영도구,생활용품 및 기타,기름탱크,2드럼이상,6000,,3038622,https://www.data.go.kr/data/3038622/fileData.do
부산광역시,영도구,생활용품 및 기타,난로,석유난로,5000,,3038622,https://www.data.go.kr/data/3038622/fileData.do
부산광역시,영도구,생활용품 및 기타,난로,전기난로,3000,,3038622,https://www.data.go.kr/data/3038622/fileData.do
부산광역시,영도구,생활용품 및 기타,돗자리,1인용,2000,,3038622,https://www.data.go.kr/data/3038622/fileData.do
부산광역시,영도구,생활용품 및 기타,돗자리,2인용,3000,,3038622,https://www.data.go.kr/data/3038622/fileData.do
부산광역시,영도구,생활용품 및 기타,목재류,100ℓ 1마대,7000,,3038622,https://www.data.go.kr/data/3038622/fileData.do
부산광역시,영도구,생활용품 및 기타,목재류,1톤 1차,98000,,3038622,https://www.data.go.kr/data/3038622/fileData.do
부산광역시,영도구,생활용품 및 기타,문짝,목재(유리포함),6000,,3038622,https://www.data.go.kr/data/3038622/fileData.do
부산광역시,영도구,생활용품 및 기타,문짝,"목재, 철재",3000,,3038622,https://www.data.go.kr/data/3038622/fileData.do
부산광역시,영도구,생활용품 및 기타,문짝,유리문(강화유리),9000,,3038622,https://www.data.go.kr/data/3038622/fileData.do
부산광역시,영도구,생활용품 및 기타,물탱크,5드럼(1톤)미만,13000,,3038622,https://www.data.go.kr/data/3038622/fileData.do
부산광역시,영도구,생활용품 및 기타,물탱크,5드럼(1톤)이상,18000,,3038622,https://www.data.go.kr/data/3038622/fileData.do
부산광역시,영도구,생활용품 및 기타,변기,모든규격,9000,,3038622,https://www.data.go.kr/data/3038622/fileData.do
부산광역시,영도구,생활용품 및 기타,병풍,모든규격,3000,,3038622,https://www.data.go.kr/data/3038622/fileData.do
부산광역시,영도구,생활용품 및 기타,보일러,가스사용,6000,,3038622,https://www.data.go.kr/data/3038622/fileData.do
부산광역시,영도구,생활용품 및 기타,보일러,기름사용,8000,,3038622,https://www.data.go.kr/data/3038622/fileData.do
부산광역시,영도구,생활용품 및 기타,보일러,연탄사용,6000,,3038622,https://www.data.go.kr/data/3038622/fileData.do
부산광역시,영도구,생활용품 및 기타,"보행기, 카시트",모든규격,2000,,3038622,https://www.data.go.kr/data/3038622/fileData.do
부산광역시,영도구,생활용품 및 기타,블라인드,모든규격,3000,,3038622,https://www.data.go.kr/data/3038622/fileData.do
부산광역시,영도구,생활용품 및 기타,"비닐, 폐합성수지",100ℓ마대당,6000,,3038622,https://www.data.go.kr/data/3038622/fileData.do
부산광역시,영도구,생활용품 및 기타,비데,모든규격,2000,,3038622,https://www.data.go.kr/data/3038622/fileData.do
부산광역시,영도구,생활용품 및 기타,세면대,모든규격,5000,,3038622,https://www.data.go.kr/data/3038622/fileData.do
부산광역시,영도구,생활용품 및 기타,수족관,가로1m미만,4000,,3038622,https://www.data.go.kr/data/3038622/fileData.do
부산광역시,영도구,생활용품 및 기타,수족관,가로1~2m미만,9000,,3038622,https://www.data.go.kr/data/3038622/fileData.do
부산광역시,영도구,생활용품 및 기타,수족관,가로2m이상,16000,,3038622,https://www.data.go.kr/data/3038622/fileData.do
부산광역시,영도구,생활용품 및 기타,스티로품(재활용불가),100ℓ 1마대,2000,,3038622,https://www.data.go.kr/data/3038622/fileData.do
부산광역시,영도구,생활용품 및 기타,시계,대형입식용,3000,,3038622,https://www.data.go.kr/data/3038622/fileData.do
부산광역시,영도구,생활용품 및 기타,시계,벽걸이용,1000,,3038622,https://www.data.go.kr/data/3038622/fileData.do
부산광역시,영도구,생활용품 및 기타,쌀통,모든규격,4000,,3038622,https://www.data.go.kr/data/3038622/fileData.do
부산광역시,영도구,생활용품 및 기타,욕조,길이1m미만,7000,,3038622,https://www.data.go.kr/data/3038622/fileData.do
부산광역시,영도구,생활용품 및 기타,욕조,길이1m이상2m미만,10000,,3038622,https://www.data.go.kr/data/3038622/fileData.do
부산광역시,영도구,생활용품 및 기타,욕조,길이2m이상,17000,,3038622,https://www.data.go.kr/data/3038622/fileData.do
부산광역시,영도구,생활용품 및 기타,우산,모든규격,1000,,3038622,https://www.data.go.kr/data/3038622/fileData.do
부산광역시,영도구,생활용품 및 기타,운동기구,그밖의 운동기구,4000,,3038622,https://www.data.go.kr/data/3038622/fileData.do
부산광역시,영도구,생활용품 및 기타,운동기구,실내자전거,7000,,3038622,https://www.data.go.kr/data/3038622/fileData.do
부산광역시,영도구,생활용품 및 기타,유모차,1인용,3000,,3038622,https://www.data.go.kr/data/3038622/fileData.do
부산광역시,영도구,생활용품 및 기타,유모차,2인용,4000,,3038622,https://www.data.go.kr/data/3038622/fileData.do
부산광역시,영도구,생활용품 및 기타,이불,솜이불(1채당),3000,,3038622,https://www.data.go.kr/data/3038622/fileData.do
부산광역시,영도구,생활용품 및 기타,이불,홑이불(1채당),2000,,3038622,https://www.data.go.kr/data/3038622/fileData.do
부산광역시,영도구,생활용품 및 기타,자전거,성인용,3000,,3038622,https://www.data.go.kr/data/3038622/fileData.do
부산광역시,영도구,생활용품 및 기타,자전거,소아용,2000,,3038622,https://www.data.go.kr/data/3038622/fileData.do
부산광역시,영도구,생활용품 및 기타,장판,1㎡당,2000,,3038622,https://www.data.go.kr/data/3038622/fileData.do
부산광역시,영도구,생활용품 및 기타,재봉틀,모든규격,3000,,3038622,https://www.data.go.kr/data/3038622/fileData.do
부산광역시,영도구,생활용품 및 기타,전기매트,옥(황토)매트1인용,6000,,3038622,https://www.data.go.kr/data/3038622/fileData.do
부산광역시,영도구,생활용품 및 기타,전기매트,옥(황토)매트2인용,8000,,3038622,https://www.data.go.kr/data/3038622/fileData.do
부산광역시,영도구,생활용품 및 기타,전기매트,옥(황토)매트3인용이상,10000,,3038622,https://www.data.go.kr/data/3038622/fileData.do
부산광역시,영도구,생활용품 및 기타,전기매트,일반 1인용,4000,,3038622,https://www.data.go.kr/data/3038622/fileData.do
부산광역시,영도구,생활용품 및 기타,전기매트,일반 2인용,6000,,3038622,https://www.data.go.kr/data/3038622/fileData.do
부산광역시,영도구,생활용품 및 기타,정화조,10인용미만,26000,,3038622,https://www.data.go.kr/data/3038622/fileData.do
부산광역시,영도구,생활용품 및 기타,정화조,10인용이상,42000,,3038622,https://www.data.go.kr/data/3038622/fileData.do
부산광역시,영도구,생활용품 및 기타,조명기구,일반용,2000,,3038622,https://www.data.go.kr/data/3038622/fileData.do
부산광역시,영도구,생활용품 및 기타,조명기구,장식용,5000,,3038622,https://www.data.go.kr/data/3038622/fileData.do
부산광역시,영도구,생활용품 및 기타,천막,100ℓ 1마대,7000,,3038622,https://www.data.go.kr/data/3038622/fileData.do
부산광역시,영도구,생활용품 및 기타,카페트,3.3㎡당,7000,,3038622,https://www.data.go.kr/data/3038622/fileData.do
부산광역시,영도구,생활용품 및 기타,타이어,승용,4000,,3038622,https://www.data.go.kr/data/3038622/fileData.do
부산광역시,영도구,생활용품 및 기타,타이어,화물,8000,,3038622,https://www.data.go.kr/data/3038622/fileData.do
부산광역시,영도구,생활용품 및 기타,폐소화기,모든규격,3000,,3038622,https://www.data.go.kr/data/3038622/fileData.do
부산광역시,영도구,생활용품 및 기타,피아노,그랜드,26000,,3038622,https://www.data.go.kr/data/3038622/fileData.do
부산광역시,영도구,생활용품 및 기타,피아노,디지털,7000,,3038622,https://www.data.go.kr/data/3038622/fileData.do
부산광역시,영도구,생활용품 및 기타,피아노,업라이트,17000,,3038622,https://www.data.go.kr/data/3038622/fileData.do
부산광역시,영도구,생활용품 및 기타,합판,장당,3000,,3038622,https://www.data.go.kr/data/3038622/fileData.do
부산광역시,영도구,생활용품 및 기타,항아리,20ℓ미만,1000,,3038622,https://www.data.go.kr/data/3038622/fileData.do
부산광역시,영도구,생활용품 및 기타,항아리,20ℓ이상,3000,,3038622,https://www.data.go.kr/data/3038622/fileData.do
부산광역시,영도구,생활용품 및 기타,화분,20ℓ미만(일반),2000,,3038622,https://www.data.go.kr/data/3038622/fileData.do
부산광역시,영도구,생활용품 및 기타,화분,20ℓ이상(일반),4000,,3038622,https://www.data.go.kr/data/3038622/fileData.do
서울특별시,강북구,가구류,CD장,개당,2000,,15055382,https://www.data.go.kr/data/15055382/fileData.do
서울특별시,강북구,가구류,tv거실장(유리별도),가장 긴 면이 60cm마다,2000,,15055382,https://www.data.go.kr/data/15055382/fileData.do
서울특별시,강북구,가구류,거울,가장 긴 면이 50cm마다,1000,,15055382,https://www.data.go.kr/data/15055382/fileData.do
서울특별시,강북구,가구류,교자상,6~9인용,3000,,15055382,https://www.data.go.kr/data/15055382/fileData.do
서울특별시,강북구,가구류,리빙박스/수납박스/공간박스,개당,1000,,15055382,https://www.data.go.kr/data/15055382/fileData.do
서울특별시,강북구,가구류,밥상/다과상,3인용 이하,1000,,15055382,https://www.data.go.kr/data/15055382/fileData.do
서울특별시,강북구,가구류,밥상/다과상,5인용 이하,2000,,15055382,https://www.data.go.kr/data/15055382/fileData.do
서울특별시,강북구,가구류,병풍,2폭당,1000,,15055382,https://www.data.go.kr/data/15055382/fileData.do
서울특별시,강북구,가구류,블라인드,가장 긴 면이 100cm 마다,1000,,15055382,https://www.data.go.kr/data/15055382/fileData.do
서울특별시,강북구,가구류,서랍장 1단마다,가로 길이 60cm 기준 마다,1000,,15055382,https://www.data.go.kr/data/15055382/fileData.do
서울특별시,강북구,가구류,소파,1인용,4000,,15055382,https://www.data.go.kr/data/15055382/fileData.do
서울특별시,강북구,가구류,소파,2인용,7000,,15055382,https://www.data.go.kr/data/15055382/fileData.do
서울특별시,강북구,가구류,소파,3인용,10000,,15055382,https://www.data.go.kr/data/15055382/fileData.do
서울특별시,강북구,가구류,소파,4인용 이상,13000,,15055382,https://www.data.go.kr/data/15055382/fileData.do
서울특별시,강북구,가구류,소파 스툴,가장 긴 면이 20cm마다,1000,,15055382,https://www.data.go.kr/data/15055382/fileData.do
서울특별시,강북구,가구류,수납장 1단마다,가로 길이 60cm 기준 마다,1000,,15055382,https://www.data.go.kr/data/15055382/fileData.do
서울특별시,강북구,가구류,식탁/탁자/테이블 상판,1㎡마다(대리석),8000,,15055382,https://www.data.go.kr/data/15055382/fileData.do
서울특별시,강북구,가구류,식탁/탁자/테이블 상판,1㎡마다(목재),2000,,15055382,https://www.data.go.kr/data/15055382/fileData.do
서울특별시,강북구,가구류,식탁/탁자/테이블(대리석),3인용 이하,8000,,15055382,https://www.data.go.kr/data/15055382/fileData.do
서울특별시,강북구,가구류,식탁/탁자/테이블(대리석),5인용 이하,12000,,15055382,https://www.data.go.kr/data/15055382/fileData.do
서울특별시,강북구,가구류,식탁/탁자/테이블(대리석),6~10인용,16000,,15055382,https://www.data.go.kr/data/15055382/fileData.do
서울특별시,강북구,가구류,식탁/탁자/테이블(목재),3인용 이하,3000,,15055382,https://www.data.go.kr/data/15055382/fileData.do
서울특별시,강북구,가구류,식탁/탁자/테이블(목재),5인용 이하,4000,,15055382,https://www.data.go.kr/data/15055382/fileData.do
서울특별시,강북구,가구류,식탁/탁자/테이블(목재),6~9인용,5000,,15055382,https://www.data.go.kr/data/15055382/fileData.do
서울특별시,강북구,가구류,신발장 1단마다,가로 길이 60cm 기준 마다,1000,,15055382,https://www.data.go.kr/data/15055382/fileData.do
서울특별시,강북구,가구류,아기장롱/아기옷장,높이 120cm기준,4000,,15055382,https://www.data.go.kr/data/15055382/fileData.do
서울특별시,강북구,가구류,아일랜드식탁/탁자(대리석),가장 긴 면이 60cm마다,6000,,15055382,https://www.data.go.kr/data/15055382/fileData.do
서울특별시,강북구,가구류,아일랜드식탁/탁자(목재),가장 긴 면이 60cm마다,3000,,15055382,https://www.data.go.kr/data/15055382/fileData.do
서울특별시,강북구,가구류,액자,가장 긴 면이 50cm마다,1000,,15055382,https://www.data.go.kr/data/15055382/fileData.do
서울특별시,강북구,가구류,옷걸이(행거),수납없음,1000,,15055382,https://www.data.go.kr/data/15055382/fileData.do
서울특별시,강북구,가구류,옷걸이(행거),수납있음(서랍 등),3000,,15055382,https://www.data.go.kr/data/15055382/fileData.do
서울특별시,강북구,가구류,옷걸이(행거),"스탠드형, 선반형",2000,,15055382,https://www.data.go.kr/data/15055382/fileData.do
서울특별시,강북구,가구류,유리,가장 긴 면이 50cm마다,1000,,15055382,https://www.data.go.kr/data/15055382/fileData.do
서울특별시,강북구,가구류,의자,1인용/입식유아의자,2000,,15055382,https://www.data.go.kr/data/15055382/fileData.do
서울특별시,강북구,가구류,의자,바퀴달린 의자(대형),4000,,15055382,https://www.data.go.kr/data/15055382/fileData.do
서울특별시,강북구,가구류,의자,바퀴달린 의자(일반),3000,,15055382,https://www.data.go.kr/data/15055382/fileData.do
서울특별시,강북구,가구류,의자,좌식유아의자/아기의자/간이의자,1000,,15055382,https://www.data.go.kr/data/15055382/fileData.do
서울특별시,강북구,가구류,장롱/옷장,120cm 이상 1쪽,16000,,15055382,https://www.data.go.kr/data/15055382/fileData.do
서울특별시,강북구,가구류,장롱/옷장,90cm 미만 1쪽,8000,,15055382,https://www.data.go.kr/data/15055382/fileData.do
서울특별시,강북구,가구류,장롱/옷장,90cm 이상 1쪽,11000,,15055382,https://www.data.go.kr/data/15055382/fileData.do
서울특별시,강북구,가구류,장롱/옷장(비키니옷장),"비닐, 천류",2000,,15055382,https://www.data.go.kr/data/15055382/fileData.do
서울특별시,강북구,가구류,장식장/책꽂이/책장 1단마다,가로 길이 60cm 기준,1000,,15055382,https://www.data.go.kr/data/15055382/fileData.do
서울특별시,강북구,가구류,장의자,2인용 벤치형,4000,,15055382,https://www.data.go.kr/data/15055382/fileData.do
서울특별시,강북구,가구류,장의자,3인용 벤치형,5000,,15055382,https://www.data.go.kr/data/15055382/fileData.do
서울특별시,강북구,가구류,장의자,피아노의자,2000,,15055382,https://www.data.go.kr/data/15055382/fileData.do
서울특별시,강북구,가구류,전신거울,개당,3000,,15055382,https://www.data.go.kr/data/15055382/fileData.do
서울특별시,강북구,가구류,좌식탁자,3인용 이하(목재),2000,,15055382,https://www.data.go.kr/data/15055382/fileData.do
서울특별시,강북구,가구류,좌식탁자,5인용 이하(목재),3000,,15055382,https://www.data.go.kr/data/15055382/fileData.do
서울특별시,강북구,가구류,진열대/진열장/쇼케이스,가장 긴 면이 50cm마다,2000,,15055382,https://www.data.go.kr/data/15055382/fileData.do
서울특별시,강북구,가구류,책상,h형(측면책꽂이 포함),10000,,15055382,https://www.data.go.kr/data/15055382/fileData.do
서울특별시,강북구,가구류,책상,독서실책상,7000,,15055382,https://www.data.go.kr/data/15055382/fileData.do
서울특별시,강북구,가구류,책상,"서랍, 수납장 없음",3000,,15055382,https://www.data.go.kr/data/15055382/fileData.do
서울특별시,강북구,가구류,책상,양쪽서랍,7000,,15055382,https://www.data.go.kr/data/15055382/fileData.do
서울특별시,강북구,가구류,책상,컴퓨터책상,3000,,15055382,https://www.data.go.kr/data/15055382/fileData.do
서울특별시,강북구,가구류,책상,한쪽서랍,4000,,15055382,https://www.data.go.kr/data/15055382/fileData.do
서울특별시,강북구,가구류,책상상판,개당,2000,,15055382,https://www.data.go.kr/data/15055382/fileData.do
서울특별시,강북구,가구류,침대,1인용 세트(매트리스포함),11000,,15055382,https://www.data.go.kr/data/15055382/fileData.do
서울특별시,강북구,가구류,침대,2인용 세트(매트리스포함),16000,,15055382,https://www.data.go.kr/data/15055382/fileData.do
서울특별시,강북구,가구류,침대,"돌침대, 전동침대 1인용",20000,,15055382,https://www.data.go.kr/data/15055382/fileData.do
서울특별시,강북구,가구류,침대,"돌침대, 전동침대 2인용",30000,,15055382,https://www.data.go.kr/data/15055382/fileData.do
서울특별시,강북구,가구류,침대,라꾸라꾸 1인,8000,,15055382,https://www.data.go.kr/data/15055382/fileData.do
서울특별시,강북구,가구류,침대,매트 1인용(매트리스만),6000,,15055382,https://www.data.go.kr/data/15055382/fileData.do
서울특별시,강북구,가구류,침대,매트 2인용(매트리스만),9000,,15055382,https://www.data.go.kr/data/15055382/fileData.do
서울특별시,강북구,가구류,침대,"미용,안마용 1인용",10000,,15055382,https://www.data.go.kr/data/15055382/fileData.do
서울특별시,강북구,가구류,침대,유아용 침대,4000,,15055382,https://www.data.go.kr/data/15055382/fileData.do
서울특별시,강북구,가구류,침대,침대틀 1인용(매트리스제외),5000,,15055382,https://www.data.go.kr/data/15055382/fileData.do
서울특별시,강북구,가구류,침대,침대틀 2인용(매트리스제외),7000,,15055382,https://www.data.go.kr/data/15055382/fileData.do
서울특별시,강북구,가구류,침대등받이/침대머리,1인용 기준,1000,,15055382,https://www.data.go.kr/data/15055382/fileData.do
서울특별시,강북구,가구류,캐비닛,높이40cm×가로 60cm마다,1000,,15055382,https://www.data.go.kr/data/15055382/fileData.do
서울특별시,강북구,가구류,파티션/칸막이/가림막,개당,3000,,15055382,https://www.data.go.kr/data/15055382/fileData.do
서울특별시,강북구,가구류,협탁/코너장,높이 50cm마다,1000,,15055382,https://www.data.go.kr/data/15055382/fileData.do
서울특별시,강북구,가구류,화장대(거울별도),개당,3000,,15055382,https://www.data.go.kr/data/15055382/fileData.do
서울특별시,강북구,기타류,간판(입체형),"문자당, 가장 긴 면45cm 이하",2000,,15055382,https://www.data.go.kr/data/15055382/fileData.do
서울특별시,강북구,기타류,간판(판형),가로100cm*높이80cm마다,4000,,15055382,https://www.data.go.kr/data/15055382/fileData.do
서울특별시,강북구,기타류,게시판/칠판,가장 긴 면 70cm마다,1000,,15055382,https://www.data.go.kr/data/15055382/fileData.do
서울특별시,강북구,기타류,고무통/대야,지름 100cm 이상,6000,,15055382,https://www.data.go.kr/data/15055382/fileData.do
서울특별시,강북구,기타류,고무통/대야,지름 60cm 미만,3000,,15055382,https://www.data.go.kr/data/15055382/fileData.do
서울특별시,강북구,기타류,고무통/대야,지름 60cm 이상,4000,,15055382,https://www.data.go.kr/data/15055382/fileData.do
서울특별시,강북구,기타류,금고,무게가 20kg마다,5000,,15055382,https://www.data.go.kr/data/15055382/fileData.do
서울특별시,강북구,기타류,기타대형생활폐기물,1㎥당(특수규격봉투에담기어려운품목),8000,,15055382,https://www.data.go.kr/data/15055382/fileData.do
서울특별시,강북구,기타류,당구장 점수판,,3000,,15055382,https://www.data.go.kr/data/15055382/fileData.do
서울특별시,강북구,기타류,마네킹,대형(1m 이상),5000,,15055382,https://www.data.go.kr/data/15055382/fileData.do
서울특별시,강북구,기타류,마네킹,소형(1m 미만),3000,,15055382,https://www.data.go.kr/data/15055382/fileData.do
서울특별시,강북구,기타류,목발,개당,1000,,15055382,https://www.data.go.kr/data/15055382/fileData.do
서울특별시,강북구,기타류,목재(이물질 없음),3kg당,1000,,15055382,https://www.data.go.kr/data/15055382/fileData.do
서울특별시,강북구,기타류,문짝,방문,2000,,15055382,https://www.data.go.kr/data/15055382/fileData.do
서울특별시,강북구,기타류,문짝,유아/애견 안전문,1000,,15055382,https://www.data.go.kr/data/15055382/fileData.do
서울특별시,강북구,기타류,물탱크,0.5톤 마다(높이1m미만),6500,,15055382,https://www.data.go.kr/data/15055382/fileData.do
서울특별시,강북구,기타류,미용실 샴푸의자,세면대포함,8000,,15055382,https://www.data.go.kr/data/15055382/fileData.do
서울특별시,강북구,기타류,바둑판/장기판,두께6cm마다,1000,,15055382,https://www.data.go.kr/data/15055382/fileData.do
서울특별시,강북구,기타류,보조계단,2단마다,1000,,15055382,https://www.data.go.kr/data/15055382/fileData.do
서울특별시,강북구,기타류,보행기,개당,2000,,15055382,https://www.data.go.kr/data/15055382/fileData.do
서울특별시,강북구,기타류,삽,개당,1000,,15055382,https://www.data.go.kr/data/15055382/fileData.do
서울특별시,강북구,기타류,세면대,개당,3000,,15055382,https://www.data.go.kr/data/15055382/fileData.do
서울특별시,강북구,기타류,소화기,10kg초과,5000,,15055382,https://www.data.go.kr/data/15055382/fileData.do
서울특별시,강북구,기타류,소화기,3.3kg 이하,2000,,15055382,https://www.data.go.kr/data/15055382/fileData.do
서울특별시,강북구,기타류,소화기,3.3kg초과~10kg 이하,3000,,15055382,https://www.data.go.kr/data/15055382/fileData.do
서울특별시,강북구,기타류,손소독기/디스펜서,개당,1000,,15055382,https://www.data.go.kr/data/15055382/fileData.do
서울특별시,강북구,기타류,양변기,걸터 앉는 형태,6000,,15055382,https://www.data.go.kr/data/15055382/fileData.do
서울특별시,강북구,기타류,욕조,대형,8000,,15055382,https://www.data.go.kr/data/15055382/fileData.do
서울특별시,강북구,기타류,욕조,"반신욕조, 소형(1m미만)",4000,,15055382,https://www.data.go.kr/data/15055382/fileData.do
서울특별시,강북구,기타류,유리문/철문,"현관문, 샤시",4000,,15055382,https://www.data.go.kr/data/15055382/fileData.do
서울특별시,강북구,기타류,이사박스,"48cm×35cm×35cm,3호 이하",500,,15055382,https://www.data.go.kr/data/15055382/fileData.do
서울특별시,강북구,기타류,이사박스,"55cm×40cm×35cm,4호 이상",1000,,15055382,https://www.data.go.kr/data/15055382/fileData.do
서울특별시,강북구,기타류,인조나무/트리/화환,높이 50cm마다,1000,,15055382,https://www.data.go.kr/data/15055382/fileData.do
서울특별시,강북구,기타류,인조잔디,1㎡마다,1000,,15055382,https://www.data.go.kr/data/15055382/fileData.do
서울특별시,강북구,기타류,입간판(판형),높이1m당,1000,,15055382,https://www.data.go.kr/data/15055382/fileData.do
서울특별시,강북구,기타류,입간판(풍선형),고무통 지름 30cm마다,2000,,15055382,https://www.data.go.kr/data/15055382/fileData.do
서울특별시,강북구,기타류,자동판매기/자판기,소형(1m미만),5000,,15055382,https://www.data.go.kr/data/15055382/fileData.do
서울특별시,강북구,기타류,자동판매기/자판기,"스탠드형(음료, 담배 등)",20000,,15055382,https://www.data.go.kr/data/15055382/fileData.do
서울특별시,강북구,기타류,장판,3.3㎡당,1000,,15055382,https://www.data.go.kr/data/15055382/fileData.do
서울특별시,강북구,기타류,전기판넬,가장 긴 면이 70cm마다,1000,,15055382,https://www.data.go.kr/data/15055382/fileData.do
서울특별시,강북구,기타류,차량매트,개당,1000,,15055382,https://www.data.go.kr/data/15055382/fileData.do
서울특별시,강북구,기타류,차량배터리,개당,4000,,15055382,https://www.data.go.kr/data/15055382/fileData.do
서울특별시,강북구,기타류,창문,가장 긴 면이 50cm마다,1000,,15055382,https://www.data.go.kr/data/15055382/fileData.do
서울특별시,강북구,기타류,철제류(재활용X),3kg당,1000,,15055382,https://www.data.go.kr/data/15055382/fileData.do
서울특별시,강북구,기타류,체중계,스탠드형,4000,,15055382,https://www.data.go.kr/data/15055382/fileData.do
서울특별시,강북구,기타류,체중계,판형,1000,,15055382,https://www.data.go.kr/data/15055382/fileData.do
서울특별시,강북구,기타류,타이어,대형(110cm이상),13000,,15055382,https://www.data.go.kr/data/15055382/fileData.do
서울특별시,강북구,기타류,타이어,소형(60cm 미만),4000,,15055382,https://www.data.go.kr/data/15055382/fileData.do
서울특별시,강북구,기타류,타이어,중형(60cm~110cm),6000,,15055382,https://www.data.go.kr/data/15055382/fileData.do
서울특별시,강북구,기타류,태양광패널(태양광모듈),20kg마다,7000,,15055382,https://www.data.go.kr/data/15055382/fileData.do
서울특별시,강북구,기타류,트램폴린(덤블링),지름 50cm마다,1000,,15055382,https://www.data.go.kr/data/15055382/fileData.do
서울특별시,강북구,기타류,파레트,개당,3000,,15055382,https://www.data.go.kr/data/15055382/fileData.do
서울특별시,강북구,기타류,페인트통,10ℓ이하,1000,,15055382,https://www.data.go.kr/data/15055382/fileData.do
서울특별시,강북구,기타류,페인트통,20ℓ이상,3000,,15055382,https://www.data.go.kr/data/15055382/fileData.do
서울특별시,강북구,기타류,페인트통,20ℓ이하,2000,,15055382,https://www.data.go.kr/data/15055382/fileData.do
서울특별시,강북구,기타류,플라스틱류(재활용X),3kg당,1000,,15055382,https://www.data.go.kr/data/15055382/fileData.do
서울특별시,강북구,기타류,항아리,가장 긴 면이 20cm마다,1000,,15055382,https://www.data.go.kr/data/15055382/fileData.do
서울특별시,강북구,기타류,헬멧,개당,1000,,15055382,https://www.data.go.kr/data/15055382/fileData.do
서울특별시,강북구,기타류,화변기,쭈그러 앉는 형태,3000,,15055382,https://www.data.go.kr/data/15055382/fileData.do
서울특별시,강북구,기타류,화분,가장 긴 면이 20cm마다,1000,,15055382,https://www.data.go.kr/data/15055382/fileData.do
서울특별시,강북구,기타류,환풍기,개당(가장 긴 면이 20cm마다),1000,,15055382,https://www.data.go.kr/data/15055382/fileData.do
서울특별시,강북구,기타류,휠체어,수동,5000,,15055382,https://www.data.go.kr/data/15055382/fileData.do
서울특별시,강북구,기타류,휠체어,전동,15000,,15055382,https://www.data.go.kr/data/15055382/fileData.do
서울특별시,강북구,냉난방기,각종 난로/히터/라디에이터,가장 긴면이 15cm마다,1000,,15055382,https://www.data.go.kr/data/15055382/fileData.do
서울특별시,강북구,냉난방기,보일러,가정용(높이 75cm 미만),6000,,15055382,https://www.data.go.kr/data/15055382/fileData.do
서울특별시,강북구,냉난방기,보일러,업소용(높이 75cm 이상),10000,,15055382,https://www.data.go.kr/data/15055382/fileData.do
서울특별시,강북구,냉난방기,연탄 난로,개당,5000,,15055382,https://www.data.go.kr/data/15055382/fileData.do
서울특별시,강북구,냉난방기,옥장판/옥매트,1인용,4000,,15055382,https://www.data.go.kr/data/15055382/fileData.do
서울특별시,강북구,냉난방기,옥장판/옥매트,2인용,7000,,15055382,https://www.data.go.kr/data/15055382/fileData.do
서울특별시,강북구,냉난방기,온수매트,1인용,4000,,15055382,https://www.data.go.kr/data/15055382/fileData.do
서울특별시,강북구,냉난방기,온수매트,2인용,7000,,15055382,https://www.data.go.kr/data/15055382/fileData.do
서울특별시,강북구,냉난방기,자석요/자석매트,1인용,4000,,15055382,https://www.data.go.kr/data/15055382/fileData.do
서울특별시,강북구,냉난방기,자석요/자석매트,2인용,7000,,15055382,https://www.data.go.kr/data/15055382/fileData.do
서울특별시,강북구,냉난방기,전기담요,개당,3000,,15055382,https://www.data.go.kr/data/15055382/fileData.do
서울특별시,강북구,냉난방기,전기방석,1인용,1000,,15055382,https://www.data.go.kr/data/15055382/fileData.do
서울특별시,강북구,냉난방기,전기장판/전기매트,1인용,2000,,15055382,https://www.data.go.kr/data/15055382/fileData.do
서울특별시,강북구,냉난방기,전기장판/전기매트,2인용,3000,,15055382,https://www.data.go.kr/data/15055382/fileData.do
서울특별시,강북구,냉난방기,전기장판/전기매트,3인용 이상(대형),4000,,15055382,https://www.data.go.kr/data/15055382/fileData.do
서울특별시,강북구,냉난방기,쿨매트,1인용 마다,1000,,15055382,https://www.data.go.kr/data/15055382/fileData.do
서울특별시,강북구,생활용품,가방류,가로 50㎝ 미만,1000,,15055382,https://www.data.go.kr/data/15055382/fileData.do
서울특별시,강북구,생활용품,가방류,가로 50㎝ 이상,2000,,15055382,https://www.data.go.kr/data/15055382/fileData.do
서울특별시,강북구,생활용품,나무돗자리(매트),3.3㎡당,3000,,15055382,https://www.data.go.kr/data/15055382/fileData.do
서울특별시,강북구,생활용품,다림질판/다리미판,스탠드형,2000,,15055382,https://www.data.go.kr/data/15055382/fileData.do
서울특별시,강북구,생활용품,다림질판/다리미판,좌식형,1000,,15055382,https://www.data.go.kr/data/15055382/fileData.do
서울특별시,강북구,생활용품,대걸레,개당,1000,,15055382,https://www.data.go.kr/data/15055382/fileData.do
서울특별시,강북구,생활용품,"매트(솜형, 폼형 등)",3.3㎡당(두께 11cm 이하),6000,,15055382,https://www.data.go.kr/data/15055382/fileData.do
서울특별시,강북구,생활용품,"매트(솜형, 폼형 등)",3.3㎡당(두께 14cm 이하),7000,,15055382,https://www.data.go.kr/data/15055382/fileData.do
서울특별시,강북구,생활용품,"매트(솜형, 폼형 등)",3.3㎡당(두께 17cm 이하),8000,,15055382,https://www.data.go.kr/data/15055382/fileData.do
서울특별시,강북구,생활용품,"매트(솜형, 폼형 등)",3.3㎡당(두께 2cm 이하),3000,,15055382,https://www.data.go.kr/data/15055382/fileData.do
서울특별시,강북구,생활용품,"매트(솜형, 폼형 등)",3.3㎡당(두께 5cm 이하),4000,,15055382,https://www.data.go.kr/data/15055382/fileData.do
서울특별시,강북구,생활용품,"매트(솜형, 폼형 등)",3.3㎡당(두께 8cm 이하),5000,,15055382,https://www.data.go.kr/data/15055382/fileData.do
서울특별시,강북구,생활용품,방석,대형방석(가장 긴 면이 70cm 초과),2000,,15055382,https://www.data.go.kr/data/15055382/fileData.do
서울특별시,강북구,생활용품,방석,소형방석(가장 긴 면 45cm 이하),500,,15055382,https://www.data.go.kr/data/15055382/fileData.do
서울특별시,강북구,생활용품,방석,일반방석(가장 긴 면이 70cm 이하),1000,,15055382,https://www.data.go.kr/data/15055382/fileData.do
서울특별시,강북구,생활용품,베개/쿠션,대형베개/대형쿠션(가장 긴 면이 70cm 초과),2000,,15055382,https://www.data.go.kr/data/15055382/fileData.do
서울특별시,강북구,생활용품,베개/쿠션,성인용베개/일반쿠션(가장 긴 면이70cm 이하),1000,,15055382,https://www.data.go.kr/data/15055382/fileData.do
서울특별시,강북구,생활용품,베개/쿠션,아기베개/소형쿠션(가장 긴 면 45cm 이하),500,,15055382,https://www.data.go.kr/data/15055382/fileData.do
서울특별시,강북구,생활용품,벽시계,개당,1000,,15055382,https://www.data.go.kr/data/15055382/fileData.do
서울특별시,강북구,생활용품,빗자루,개당,1000,,15055382,https://www.data.go.kr/data/15055382/fileData.do
서울특별시,강북구,생활용품,빨래건조대,대형,3000,,15055382,https://www.data.go.kr/data/15055382/fileData.do
서울특별시,강북구,생활용품,빨래건조대,소형,2000,,15055382,https://www.data.go.kr/data/15055382/fileData.do
서울특별시,강북구,생활용품,쓰레기통,가장 긴 면이 70cm 미만,1000,,15055382,https://www.data.go.kr/data/15055382/fileData.do
서울특별시,강북구,생활용품,쓰레기통,가장 긴 면이 70cm 이상,2000,,15055382,https://www.data.go.kr/data/15055382/fileData.do
서울특별시,강북구,생활용품,욕실장/화장실수납장,상부장 1쪽(가로길이 70cm 이하),2000,,15055382,https://www.data.go.kr/data/15055382/fileData.do
서울특별시,강북구,생활용품,우산,긴우산/장우산,1000,,15055382,https://www.data.go.kr/data/15055382/fileData.do
서울특별시,강북구,생활용품,우산,짧은우산/어린이우산,500,,15055382,https://www.data.go.kr/data/15055382/fileData.do
서울특별시,강북구,생활용품,은박지돗자리(매트),3.3㎡당,1000,,15055382,https://www.data.go.kr/data/15055382/fileData.do
서울특별시,강북구,생활용품,이불,겨울용 1채당,2000,,15055382,https://www.data.go.kr/data/15055382/fileData.do
서울특별시,강북구,생활용품,이불,여름용 1채당,1000,,15055382,https://www.data.go.kr/data/15055382/fileData.do
서울특별시,강북구,생활용품,장시계(괘종시계),개당,3000,,15055382,https://www.data.go.kr/data/15055382/fileData.do
서울특별시,강북구,생활용품,전등유리(조명),판형 0.5㎡당,1000,,15055382,https://www.data.go.kr/data/15055382/fileData.do
서울특별시,강북구,생활용품,카펫(매트),3.3㎡당,3000,,15055382,https://www.data.go.kr/data/15055382/fileData.do
서울특별시,강북구,생활용품,캐리어/여행용가방,기내 (용량 20kg 이하),1000,,15055382,https://www.data.go.kr/data/15055382/fileData.do
서울특별시,강북구,생활용품,캐리어/여행용가방,화물 (용량 30kg 이하),2000,,15055382,https://www.data.go.kr/data/15055382/fileData.do
서울특별시,강북구,생활용품,캐리어/여행용가방,화물 (용량 30kg 초과),3000,,15055382,https://www.data.go.kr/data/15055382/fileData.do
서울특별시,강북구,생활용품,커튼,3.3㎡,1000,,15055382,https://www.data.go.kr/data/15055382/fileData.do
서울특별시,강북구,생활용품,커튼봉/커튼레일,개당,1000,,15055382,https://www.data.go.kr/data/15055382/fileData.do
서울특별시,강북구,생활용품,코일매트/발매트,1㎡당,1000,,15055382,https://www.data.go.kr/data/15055382/fileData.do
서울특별시,강북구,악기류,기타/전자기타,개당,2000,,15055382,https://www.data.go.kr/data/15055382/fileData.do
서울특별시,강북구,악기류,바이올린/우쿨렐레,개당,1000,,15055382,https://www.data.go.kr/data/15055382/fileData.do
서울특별시,강북구,악기류,북,지름50cm마다,2000,,15055382,https://www.data.go.kr/data/15055382/fileData.do
서울특별시,강북구,악기류,피아노/오르간,디지털,4000,,15055382,https://www.data.go.kr/data/15055382/fileData.do
서울특별시,강북구,악기류,피아노/오르간,일반,18000,,15055382,https://www.data.go.kr/data/15055382/fileData.do
서울특별시,강북구,애완용품,개집,가장 긴 면이 50cm마다,1000,,15055382,https://www.data.go.kr/data/15055382/fileData.do
서울특별시,강북구,애완용품,개집,솜제품,1000,,15055382,https://www.data.go.kr/data/15055382/fileData.do
서울특별시,강북구,애완용품,고양이타워(캣타워),가장 긴 면이 50cm마다,1000,,15055382,https://www.data.go.kr/data/15055382/fileData.do
서울특별시,강북구,애완용품,수조/어항(상업용),가장 긴 면이 50cm마다,4000,,15055382,https://www.data.go.kr/data/15055382/fileData.do
서울특별시,강북구,애완용품,수조/어항(수조만),가장 긴 면이 50cm마다,2000,,15055382,https://www.data.go.kr/data/15055382/fileData.do
서울특별시,강북구,애완용품,수조/어항수납장,가장 긴 면이 50cm마다,2000,,15055382,https://www.data.go.kr/data/15055382/fileData.do
서울특별시,강북구,운동용품,각종 라켓,개당,500,,15055382,https://www.data.go.kr/data/15055382/fileData.do
서울특별시,강북구,운동용품,각종 폴대/지팡이/스틱,개당,500,,15055382,https://www.data.go.kr/data/15055382/fileData.do
서울특별시,강북구,운동용품,골프가방,개당,3000,,15055382,https://www.data.go.kr/data/15055382/fileData.do
서울특별시,강북구,운동용품,골프채,개당,1000,,15055382,https://www.data.go.kr/data/15055382/fileData.do
서울특별시,강북구,운동용품,기타 운동기구,3kg당 또는 가장긴면이30cm마다,1000,,15055382,https://www.data.go.kr/data/15055382/fileData.do
서울특별시,강북구,운동용품,멀티운동기구/홈짐,윗몸일으키기용/거꾸리,4000,,15055382,https://www.data.go.kr/data/15055382/fileData.do
서울특별시,강북구,운동용품,멀티운동기구/홈짐,프레스 포함,20000,,15055382,https://www.data.go.kr/data/15055382/fileData.do
서울특별시,강북구,운동용품,볼링공,개당,3000,,15055382,https://www.data.go.kr/data/15055382/fileData.do
서울특별시,강북구,운동용품,스노보드,개당,3000,,15055382,https://www.data.go.kr/data/15055382/fileData.do
서울특별시,강북구,운동용품,스케이트(롤러/인라인/날),개당(한짝),1000,,15055382,https://www.data.go.kr/data/15055382/fileData.do
서울특별시,강북구,운동용품,스케이트보드,개당,2000,,15055382,https://www.data.go.kr/data/15055382/fileData.do
서울특별시,강북구,운동용품,스키날,개당(한짝),1000,,15055382,https://www.data.go.kr/data/15055382/fileData.do
서울특별시,강북구,운동용품,스키부츠,개당(한짝),1000,,15055382,https://www.data.go.kr/data/15055382/fileData.do
서울특별시,강북구,운동용품,스텝퍼,개당,2000,,15055382,https://www.data.go.kr/data/15055382/fileData.do
서울특별시,강북구,운동용품,실내자전거/사이클/헬스자전거,가정용(무게 20kg 이하),5000,,15055382,https://www.data.go.kr/data/15055382/fileData.do
서울특별시,강북구,운동용품,실내자전거/사이클/헬스자전거,업소용(무게 20kg 초과),10000,,15055382,https://www.data.go.kr/data/15055382/fileData.do
서울특별시,강북구,운동용품,아령,1kg당,500,,15055382,https://www.data.go.kr/data/15055382/fileData.do
서울특별시,강북구,운동용품,요가매트,개당,1000,,15055382,https://www.data.go.kr/data/15055382/fileData.do
서울특별시,강북구,운동용품,자전거,성인용,5000,,15055382,https://www.data.go.kr/data/15055382/fileData.do
서울특별시,강북구,운동용품,자전거,"아동용(2발, 보조바퀴)",3000,,15055382,https://www.data.go.kr/data/15055382/fileData.do
서울특별시,강북구,운동용품,자전거,영유아용 3발,2000,,15055382,https://www.data.go.kr/data/15055382/fileData.do
서울특별시,강북구,운동용품,전동 자전거,개당,10000,,15055382,https://www.data.go.kr/data/15055382/fileData.do
서울특별시,강북구,운동용품,전동 킥보드,개당,5000,,15055382,https://www.data.go.kr/data/15055382/fileData.do
서울특별시,강북구,운동용품,킥보드,개당,2000,,15055382,https://www.data.go.kr/data/15055382/fileData.do
서울특별시,강북구,유아용품,유모차,대형/디럭스,4000,,15055382,https://www.data.go.kr/data/15055382/fileData.do
서울특별시,강북구,유아용품,유모차,소형,2000,,15055382,https://www.data.go.kr/data/15055382/fileData.do
서울특별시,강북구,유아용품,유아 대형 장난감류(인형 포함),"미끄럼틀, 주방, 화장대 등 1m이상",5000,,15055382,https://www.data.go.kr/data/15055382/fileData.do
서울특별시,강북구,유아용품,유아 대형 장난감류(인형 포함),"미끄럼틀, 주방, 화장대 등 50cm이상",2000,,15055382,https://www.data.go.kr/data/15055382/fileData.do
서울특별시,강북구,유아용품,유아 대형 장난감류(인형 포함),"미끄럼틀, 주방, 화장대 등 65cm이상",3000,,15055382,https://www.data.go.kr/data/15055382/fileData.do
서울특별시,강북구,유아용품,유아 대형 장난감류(인형 포함),"미끄럼틀, 주방, 화장대 등 80m이상",4000,,15055382,https://www.data.go.kr/data/15055382/fileData.do
서울특별시,강북구,유아용품,유아 소형 물품,"50cm미만의 장난감, 인형 등",1000,,15055382,https://www.data.go.kr/data/15055382/fileData.do
서울특별시,강북구,유아용품,유아그네,개당,1000,,15055382,https://www.data.go.kr/data/15055382/fileData.do
서울특별시,강북구,유아용품,유아목마,개당,1000,,15055382,https://www.data.go.kr/data/15055382/fileData.do
서울특별시,강북구,유아용품,유아변기,개당,2000,,15055382,https://www.data.go.kr/data/15055382/fileData.do
서울특별시,강북구,유아용품,유아욕조,개당,2000,,15055382,https://www.data.go.kr/data/15055382/fileData.do
서울특별시,강북구,유아용품,유아자동차,수동,3000,,15055382,https://www.data.go.kr/data/15055382/fileData.do
서울특별시,강북구,유아용품,유아자동차,자동(모터),6000,,15055382,https://www.data.go.kr/data/15055382/fileData.do
서울특별시,강북구,유아용품,유아카시트,개당,3000,,15055382,https://www.data.go.kr/data/15055382/fileData.do
서울특별시,강북구,전기제품,가습기,가장 긴면이 15cm 마다,1000,,15055382,https://www.data.go.kr/data/15055382/fileData.do
서울특별시,강북구,전기제품,건조기,세탁용량 기준 2Kg마다,2000,,15055382,https://www.data.go.kr/data/15055382/fileData.do
서울특별시,강북구,전기제품,공기청정기,"가정용, 1m 미만",3000,,15055382,https://www.data.go.kr/data/15055382/fileData.do
서울특별시,강북구,전기제품,공기청정기,"영소용, 스탠드형",6000,,15055382,https://www.data.go.kr/data/15055382/fileData.do
서울특별시,강북구,전기제품,공기청정기,필터만,1000,,15055382,https://www.data.go.kr/data/15055382/fileData.do
서울특별시,강북구,전기제품,냉장고,300ℓ 미만,4000,,15055382,https://www.data.go.kr/data/15055382/fileData.do
서울특별시,강북구,전기제품,냉장고,300ℓ 이상,7000,,15055382,https://www.data.go.kr/data/15055382/fileData.do
서울특별시,강북구,전기제품,냉장고,500ℓ 이상,10000,,15055382,https://www.data.go.kr/data/15055382/fileData.do
서울특별시,강북구,전기제품,냉장고,700ℓ 이상,13000,,15055382,https://www.data.go.kr/data/15055382/fileData.do
서울특별시,강북구,전기제품,냉장고,영소용(대형),20000,,15055382,https://www.data.go.kr/data/15055382/fileData.do
서울특별시,강북구,전기제품,다리미,개당,1000,,15055382,https://www.data.go.kr/data/15055382/fileData.do
서울특별시,강북구,전기제품,단스탠드(조명),높이 30cm미만,1000,,15055382,https://www.data.go.kr/data/15055382/fileData.do
서울특별시,강북구,전기제품,단스탠드(조명),높이 70cm미만,2000,,15055382,https://www.data.go.kr/data/15055382/fileData.do
서울특별시,강북구,전기제품,러닝머신/트레드밀,무게 100kg 미만,15000,,15055382,https://www.data.go.kr/data/15055382/fileData.do
서울특별시,강북구,전기제품,러닝머신/트레드밀,무게 100kg 이상,20000,,15055382,https://www.data.go.kr/data/15055382/fileData.do
서울특별시,강북구,전기제품,믹서기,개당,2000,,15055382,https://www.data.go.kr/data/15055382/fileData.do
서울특별시,강북구,전기제품,복사기/복합기/프린터기/팩스,가장 긴 면이 45cm마다,3000,,15055382,https://www.data.go.kr/data/15055382/fileData.do
서울특별시,강북구,전기제품,비데,개당,1000,,15055382,https://www.data.go.kr/data/15055382/fileData.do
서울특별시,강북구,전기제품,선풍기/서큘레이터,가정용(소형),2000,,15055382,https://www.data.go.kr/data/15055382/fileData.do
서울특별시,강북구,전기제품,선풍기/서큘레이터,업소용(대형),3000,,15055382,https://www.data.go.kr/data/15055382/fileData.do
서울특별시,강북구,전기제품,세탁기,세탁용량 기준 2Kg마다,2000,,15055382,https://www.data.go.kr/data/15055382/fileData.do
서울특별시,강북구,전기제품,스탠드형 스팀다리미,개당,3000,,15055382,https://www.data.go.kr/data/15055382/fileData.do
서울특별시,강북구,전기제품,스피커/오디오/라디오,가장 긴 면이 15cm마다,1000,,15055382,https://www.data.go.kr/data/15055382/fileData.do
서울특별시,강북구,전기제품,식기세척기/식기건조기,높이1m 미만,4000,,15055382,https://www.data.go.kr/data/15055382/fileData.do
서울특별시,강북구,전기제품,식기세척기/식기건조기,높이1m 이상,5000,,15055382,https://www.data.go.kr/data/15055382/fileData.do
서울특별시,강북구,전기제품,안마기,"등받이, 종아리",5000,,15055382,https://www.data.go.kr/data/15055382/fileData.do
서울특별시,강북구,전기제품,안마기,"손, 발",2000,,15055382,https://www.data.go.kr/data/15055382/fileData.do
서울특별시,강북구,전기제품,안마의자,1인용 대형,20000,,15055382,https://www.data.go.kr/data/15055382/fileData.do
서울특별시,강북구,전기제품,에어컨 실외기,가장 긴 면이 1m 이상,8000,,15055382,https://www.data.go.kr/data/15055382/fileData.do
서울특별시,강북구,전기제품,에어컨 실외기,가장 긴 면이 1m 이하,6000,,15055382,https://www.data.go.kr/data/15055382/fileData.do
서울특별시,강북구,전기제품,에어컨 실외기,가장 긴 면이 60m 이하,4000,,15055382,https://www.data.go.kr/data/15055382/fileData.do
서울특별시,강북구,전기제품,에어컨/온풍기,"벽걸이형, 천장형",3000,,15055382,https://www.data.go.kr/data/15055382/fileData.do
서울특별시,강북구,전기제품,에어컨/온풍기,스탠드형(가로60cm이하),9000,,15055382,https://www.data.go.kr/data/15055382/fileData.do
서울특별시,강북구,전기제품,에어컨/온풍기,"스탠드형, 가정용(가로40cm이하)",6000,,15055382,https://www.data.go.kr/data/15055382/fileData.do
서울특별시,강북구,전기제품,에어컨/온풍기,"스탠드형, 업소용 대형",20000,,15055382,https://www.data.go.kr/data/15055382/fileData.do
서울특별시,강북구,전기제품,에어컨/온풍기,"창문형, 실외기 일체형",4000,,15055382,https://www.data.go.kr/data/15055382/fileData.do
서울특별시,강북구,전기제품,에어프라이어,개당,3000,,15055382,https://www.data.go.kr/data/15055382/fileData.do
서울특별시,강북구,전기제품,오락기/게임기,오락실용 대형,10000,,15055382,https://www.data.go.kr/data/15055382/fileData.do
서울특별시,강북구,전기제품,오락기/게임기,오락실용 소형,4000,,15055382,https://www.data.go.kr/data/15055382/fileData.do
서울특별시,강북구,전기제품,오락기/게임기/컴퓨터본체,개당,2000,,15055382,https://www.data.go.kr/data/15055382/fileData.do
서울특별시,강북구,전기제품,의류관리기/스타일러,개당,6000,,15055382,https://www.data.go.kr/data/15055382/fileData.do
서울특별시,강북구,전기제품,인덕션 류,1구 마다,2000,,15055382,https://www.data.go.kr/data/15055382/fileData.do
서울특별시,강북구,전기제품,장스탠드(조명),높이 70cm이상,3000,,15055382,https://www.data.go.kr/data/15055382/fileData.do
서울특별시,강북구,전기제품,재봉틀,개당,3000,,15055382,https://www.data.go.kr/data/15055382/fileData.do
서울특별시,강북구,전기제품,전기오븐,개당,3000,,15055382,https://www.data.go.kr/data/15055382/fileData.do
서울특별시,강북구,전기제품,전기주전자,개당,1000,,15055382,https://www.data.go.kr/data/15055382/fileData.do
서울특별시,강북구,전기제품,전등갓(조명),고깔형 개당,500,,15055382,https://www.data.go.kr/data/15055382/fileData.do
서울특별시,강북구,전기제품,전등틀/led등(조명),높이 0.5㎡당,1000,,15055382,https://www.data.go.kr/data/15055382/fileData.do
서울특별시,강북구,전기제품,전자레인지,개당,3000,,15055382,https://www.data.go.kr/data/15055382/fileData.do
서울특별시,강북구,전기제품,전화기,개당,1000,,15055382,https://www.data.go.kr/data/15055382/fileData.do
서울특별시,강북구,전기제품,정수기,"소형, 탁상용",2000,,15055382,https://www.data.go.kr/data/15055382/fileData.do
서울특별시,강북구,전기제품,정수기,"일반,1m이상",5000,,15055382,https://www.data.go.kr/data/15055382/fileData.do
서울특별시,강북구,전기제품,제습기,가장 긴면이 15cm 마다,1000,,15055382,https://www.data.go.kr/data/15055382/fileData.do
서울특별시,강북구,전기제품,청소기,가정용,3000,,15055382,https://www.data.go.kr/data/15055382/fileData.do
서울특별시,강북구,전기제품,청소기,업소용(대형),7000,,15055382,https://www.data.go.kr/data/15055382/fileData.do
서울특별시,강북구,전기제품,토스트기,개당,1000,,15055382,https://www.data.go.kr/data/15055382/fileData.do
서울특별시,강북구,전기제품,"티비(TV),텔레비전,모니터",6인치(15cm)마다,1000,,15055382,https://www.data.go.kr/data/15055382/fileData.do
서울특별시,강북구,전기제품,파쇄기/세단기,가장 긴 면이 45cm마다,3000,,15055382,https://www.data.go.kr/data/15055382/fileData.do
서울특별시,강북구,전기제품,헤어드라이기/고데기,개당,1000,,15055382,https://www.data.go.kr/data/15055382/fileData.do
서울특별시,강북구,주방용품,가스레인지,일반가정용,3000,,15055382,https://www.data.go.kr/data/15055382/fileData.do
서울특별시,강북구,주방용품,가스오븐레인지,높이1m미만,4000,,15055382,https://www.data.go.kr/data/15055382/fileData.do
서울특별시,강북구,주방용품,가스오븐레인지,높이1m이상,6000,,15055382,https://www.data.go.kr/data/15055382/fileData.do
서울특별시,강북구,주방용품,도마,가정용(50cm마다),500,,15055382,https://www.data.go.kr/data/15055382/fileData.do
서울특별시,강북구,주방용품,싱크대 상부장/찬장,1칸,2000,,15055382,https://www.data.go.kr/data/15055382/fileData.do
서울특별시,강북구,주방용품,싱크대 음식물처리기,개당,3000,,15055382,https://www.data.go.kr/data/15055382/fileData.do
서울특별시,강북구,주방용품,싱크대 하부장,1칸,3000,,15055382,https://www.data.go.kr/data/15055382/fileData.do
서울특별시,강북구,주방용품,쌀통,개당,3000,,15055382,https://www.data.go.kr/data/15055382/fileData.do
서울특별시,강북구,주방용품,전자레인지대,가장 긴 면이 50cm마다,1000,,15055382,https://www.data.go.kr/data/15055382/fileData.do
서울특별시,강북구,주방용품,후드/대형환풍기,개당,3000,,15055382,https://www.data.go.kr/data/15055382/fileData.do
서울특별시,강북구,캠팽용품,그늘텐트/보온텐트,2인용 마다,1000,,15055382,https://www.data.go.kr/data/15055382/fileData.do
서울특별시,강북구,캠핑용품,아이스박스,가장 긴 면이 50cm마다,1000,,15055382,https://www.data.go.kr/data/15055382/fileData.do
서울특별시,강북구,캠핑용품,캠핑의자/야전의자,개당(간이형만 해당),1000,,15055382,https://www.data.go.kr/data/15055382/fileData.do
서울특별시,강북구,캠핑용품,캠핑침대/야전침대,개당,2000,,15055382,https://www.data.go.kr/data/15055382/fileData.do
서울특별시,강북구,캠핑용품,텐트,4인용 이하,3000,,15055382,https://www.data.go.kr/data/15055382/fileData.do
서울특별시,강북구,캠핑용품,텐트,5~7인용,4000,,15055382,https://www.data.go.kr/data/15055382/fileData.do
서울특별시,강북구,캠핑용품,텐트/천막,8인용 이상 또는 가장 긴 면이 5m 이상,6000,,15055382,https://www.data.go.kr/data/15055382/fileData.do
서울특별시,강북구,캠핑용품,휴대용 가스레인지/버너,1구,1000,,15055382,https://www.data.go.kr/data/15055382/fileData.do
서울특별시,광진구,가구류,거실장(유리별도),길이 120cm 미만,4000,,15036341,https://www.data.go.kr/data/15036341/fileData.do
서울특별시,광진구,가구류,거실장(유리별도),길이 120cm 이상,6000,,15036341,https://www.data.go.kr/data/15036341/fileData.do
서울특별시,광진구,가구류,거실장(유리별도),길이 180cm 이상,10000,,15036341,https://www.data.go.kr/data/15036341/fileData.do
서울특별시,광진구,가구류,거실장(유리별도),오디오용,10000,,15036341,https://www.data.go.kr/data/15036341/fileData.do
서울특별시,광진구,가구류,교자상(밥상),4인 미만,1000,,15036341,https://www.data.go.kr/data/15036341/fileData.do
서울특별시,광진구,가구류,교자상(밥상),4인 이상,2000,,15036341,https://www.data.go.kr/data/15036341/fileData.do
서울특별시,광진구,가구류,교자상(밥상),차식탁(다과상),1000,,15036341,https://www.data.go.kr/data/15036341/fileData.do
서울특별시,광진구,가구류,문갑,,3000,,15036341,https://www.data.go.kr/data/15036341/fileData.do
서울특별시,광진구,가구류,문짝,,3000,,15036341,https://www.data.go.kr/data/15036341/fileData.do
서울특별시,광진구,가구류,서랍장,4단 이하,3000,,15036341,https://www.data.go.kr/data/15036341/fileData.do
서울특별시,광진구,가구류,서랍장,5단 이상,5000,,15036341,https://www.data.go.kr/data/15036341/fileData.do
서울특별시,광진구,가구류,쇼파(안락의자),1인용,4000,,15036341,https://www.data.go.kr/data/15036341/fileData.do
서울특별시,광진구,가구류,쇼파(안락의자),2인용,7000,,15036341,https://www.data.go.kr/data/15036341/fileData.do
서울특별시,광진구,가구류,쇼파(안락의자),3인용,10000,,15036341,https://www.data.go.kr/data/15036341/fileData.do
서울특별시,광진구,가구류,쇼파(안락의자),4인용,13000,,15036341,https://www.data.go.kr/data/15036341/fileData.do
서울특별시,광진구,가구류,쇼파(안락의자),스툴,3000,,15036341,https://www.data.go.kr/data/15036341/fileData.do
서울특별시,광진구,가구류,식탁(나무) 의자별도,3인 이하,3000,,15036341,https://www.data.go.kr/data/15036341/fileData.do
서울특별시,광진구,가구류,식탁(나무) 의자별도,4인 이상,4000,,15036341,https://www.data.go.kr/data/15036341/fileData.do
서울특별시,광진구,가구류,식탁(나무) 의자별도,6인 이상,5000,,15036341,https://www.data.go.kr/data/15036341/fileData.do
서울특별시,광진구,가구류,식탁(대리석) 의자별도,4인 이상,7000,,15036341,https://www.data.go.kr/data/15036341/fileData.do
서울특별시,광진구,가구류,식탁(대리석) 의자별도,6인 이상,10000,,15036341,https://www.data.go.kr/data/15036341/fileData.do
서울특별시,광진구,가구류,신발장,높이 1.5m 미만,2000,,15036341,https://www.data.go.kr/data/15036341/fileData.do
서울특별시,광진구,가구류,신발장,높이 1.5m 이상,4000,,15036341,https://www.data.go.kr/data/15036341/fileData.do
서울특별시,광진구,가구류,의자,1인용,2000,,15036341,https://www.data.go.kr/data/15036341/fileData.do
서울특별시,광진구,가구류,의자,바퀴 대형,4000,,15036341,https://www.data.go.kr/data/15036341/fileData.do
서울특별시,광진구,가구류,의자,바퀴 소형,3000,,15036341,https://www.data.go.kr/data/15036341/fileData.do
서울특별시,광진구,가구류,의자,장의자,4000,,15036341,https://www.data.go.kr/data/15036341/fileData.do
서울특별시,광진구,가구류,의자,좌식의자(어린이의자),1000,,15036341,https://www.data.go.kr/data/15036341/fileData.do
서울특별시,광진구,가구류,이불,겨울용,2000,,15036341,https://www.data.go.kr/data/15036341/fileData.do
서울특별시,광진구,가구류,이불,여름용,1000,,15036341,https://www.data.go.kr/data/15036341/fileData.do
서울특별시,광진구,가구류,장롱,폭(가로) 120cm 이상,15000,,15036341,https://www.data.go.kr/data/15036341/fileData.do
서울특별시,광진구,가구류,장롱,폭(가로) 90cm 미만,7000,,15036341,https://www.data.go.kr/data/15036341/fileData.do
서울특별시,광진구,가구류,장롱,폭(가로) 90cm 이상,10000,,15036341,https://www.data.go.kr/data/15036341/fileData.do
서울특별시,광진구,가구류,장식장,높이 120cm 미만,4000,,15036341,https://www.data.go.kr/data/15036341/fileData.do
서울특별시,광진구,가구류,장식장,높이 120cm 이상,6000,,15036341,https://www.data.go.kr/data/15036341/fileData.do
서울특별시,광진구,가구류,장식장,높이 180cm 이상,10000,,15036341,https://www.data.go.kr/data/15036341/fileData.do
서울특별시,광진구,가구류,장식장,오디오용,3000,,15036341,https://www.data.go.kr/data/15036341/fileData.do
서울특별시,광진구,가구류,진열대,1m² 당,3000,,15036341,https://www.data.go.kr/data/15036341/fileData.do
서울특별시,광진구,가구류,창문,,2000,,15036341,https://www.data.go.kr/data/15036341/fileData.do
서울특별시,광진구,가구류,책꽂이,2단 이하,1000,,15036341,https://www.data.go.kr/data/15036341/fileData.do
서울특별시,광진구,가구류,책꽂이,4단 이하,2000,,15036341,https://www.data.go.kr/data/15036341/fileData.do
서울특별시,광진구,가구류,책꽂이,5단 이상,4000,,15036341,https://www.data.go.kr/data/15036341/fileData.do
서울특별시,광진구,가구류,책상(유리별도),서랍없음,3000,,15036341,https://www.data.go.kr/data/15036341/fileData.do
서울특별시,광진구,가구류,책상(유리별도),양수,7000,,15036341,https://www.data.go.kr/data/15036341/fileData.do
서울특별시,광진구,가구류,책상(유리별도),컴퓨터책상,3000,,15036341,https://www.data.go.kr/data/15036341/fileData.do
서울특별시,광진구,가구류,책상(유리별도),편수,5000,,15036341,https://www.data.go.kr/data/15036341/fileData.do
서울특별시,광진구,가구류,책장,4단 이하,2000,,15036341,https://www.data.go.kr/data/15036341/fileData.do
서울특별시,광진구,가구류,책장,폭(가로) 90cm X 180cm 미만,4000,,15036341,https://www.data.go.kr/data/15036341/fileData.do
서울특별시,광진구,가구류,책장,폭(가로) 90cm X 180cm 이상,8000,,15036341,https://www.data.go.kr/data/15036341/fileData.do
서울특별시,광진구,가구류,침대,"1인용 돌, 옥, 황토",20000,,15036341,https://www.data.go.kr/data/15036341/fileData.do
서울특별시,광진구,가구류,침대,1인용 매트리스 및 토퍼(라텍스),5000,,15036341,https://www.data.go.kr/data/15036341/fileData.do
서울특별시,광진구,가구류,침대,1인용 접이식 침대(라꾸라꾸),5000,,15036341,https://www.data.go.kr/data/15036341/fileData.do
서울특별시,광진구,가구류,침대,1인용 침대 헤드,2000,,15036341,https://www.data.go.kr/data/15036341/fileData.do
서울특별시,광진구,가구류,침대,1인용 침대틀,5000,,15036341,https://www.data.go.kr/data/15036341/fileData.do
서울특별시,광진구,가구류,침대,"2인용 돌, 옥, 황토",30000,,15036341,https://www.data.go.kr/data/15036341/fileData.do
서울특별시,광진구,가구류,침대,2인용 매트리스 및 토퍼(라텍스),8000,,15036341,https://www.data.go.kr/data/15036341/fileData.do
서울특별시,광진구,가구류,침대,2인용 접이식 침대(라꾸라꾸),8000,,15036341,https://www.data.go.kr/data/15036341/fileData.do
서울특별시,광진구,가구류,침대,2인용 침대 헤드,3000,,15036341,https://www.data.go.kr/data/15036341/fileData.do
서울특별시,광진구,가구류,침대,2인용 침대틀,7000,,15036341,https://www.data.go.kr/data/15036341/fileData.do
서울특별시,광진구,가구류,침대,어른 2층 침대,20000,,15036341,https://www.data.go.kr/data/15036341/fileData.do
서울특별시,광진구,가구류,침대,어린이 2층,15000,,15036341,https://www.data.go.kr/data/15036341/fileData.do
서울특별시,광진구,가구류,침대,유아용  침대(매트리스 포함),8000,,15036341,https://www.data.go.kr/data/15036341/fileData.do
서울특별시,광진구,가구류,침대,침대사다리,2000,,15036341,https://www.data.go.kr/data/15036341/fileData.do
서울특별시,광진구,가구류,캐비닛(파일),3단 이하,2000,,15036341,https://www.data.go.kr/data/15036341/fileData.do
서울특별시,광진구,가구류,캐비닛(파일),4단 이상,3000,,15036341,https://www.data.go.kr/data/15036341/fileData.do
서울특별시,광진구,가구류,캐비닛(파일),90cm×180cm,4000,,15036341,https://www.data.go.kr/data/15036341/fileData.do
서울특별시,광진구,가구류,탁자,10인용 미만,6000,,15036341,https://www.data.go.kr/data/15036341/fileData.do
서울특별시,광진구,가구류,탁자,10인용 이상,8000,,15036341,https://www.data.go.kr/data/15036341/fileData.do
서울특별시,광진구,가구류,탁자,2인용,3000,,15036341,https://www.data.go.kr/data/15036341/fileData.do
서울특별시,광진구,가구류,탁자,응접용,3000,,15036341,https://www.data.go.kr/data/15036341/fileData.do
서울특별시,광진구,가구류,탁자,협탁,2000,,15036341,https://www.data.go.kr/data/15036341/fileData.do
서울특별시,광진구,가구류,화장대,,3000,,15036341,https://www.data.go.kr/data/15036341/fileData.do
서울특별시,광진구,가구류,화장품대(경대),,1000,,15036341,https://www.data.go.kr/data/15036341/fileData.do
서울특별시,광진구,가전제품,PC 모니터,모든규격,3000,,15036341,https://www.data.go.kr/data/15036341/fileData.do
서울특별시,광진구,가전제품,TV,25인치 미만,3000,,15036341,https://www.data.go.kr/data/15036341/fileData.do
서울특별시,광진구,가전제품,TV,25인치 이상,5000,,15036341,https://www.data.go.kr/data/15036341/fileData.do
서울특별시,광진구,가전제품,TV,42인치 이상,7000,,15036341,https://www.data.go.kr/data/15036341/fileData.do
서울특별시,광진구,가전제품,게임기(오락기),50cm 이상(기타),3000,,15036341,https://www.data.go.kr/data/15036341/fileData.do
서울특별시,광진구,가전제품,게임기(오락기),전문 업소용,12000,,15036341,https://www.data.go.kr/data/15036341/fileData.do
서울특별시,광진구,가전제품,공기청정기,가장 긴면 1m 이상,4000,,15036341,https://www.data.go.kr/data/15036341/fileData.do
서울특별시,광진구,가전제품,공기청정기,영업용,15000,,15036341,https://www.data.go.kr/data/15036341/fileData.do
서울특별시,광진구,가전제품,김치냉장고,300L 미만,3000,,15036341,https://www.data.go.kr/data/15036341/fileData.do
서울특별시,광진구,가전제품,김치냉장고,300L 이상,5000,,15036341,https://www.data.go.kr/data/15036341/fileData.do
서울특별시,광진구,가전제품,냉장고,300L 미만,5000,,15036341,https://www.data.go.kr/data/15036341/fileData.do
서울특별시,광진구,가전제품,냉장고,300L 이상,7000,,15036341,https://www.data.go.kr/data/15036341/fileData.do
서울특별시,광진구,가전제품,냉장고,500L 이상,10000,,15036341,https://www.data.go.kr/data/15036341/fileData.do
서울특별시,광진구,가전제품,냉장고,영업용(대형 1100L 미만),20000,,15036341,https://www.data.go.kr/data/15036341/fileData.do
서울특별시,광진구,가전제품,보일러,16kcal/h 미만,10000,,15036341,https://www.data.go.kr/data/15036341/fileData.do
서울특별시,광진구,가전제품,보일러,16kcal/h 이상,12000,,15036341,https://www.data.go.kr/data/15036341/fileData.do
서울특별시,광진구,가전제품,"복사기(복합기, 영업용프린터)",높이 1m 미만,5000,,15036341,https://www.data.go.kr/data/15036341/fileData.do
서울특별시,광진구,가전제품,"복사기(복합기, 영업용프린터)",높이 1m 이상,10000,,15036341,https://www.data.go.kr/data/15036341/fileData.do
서울특별시,광진구,가전제품,선풍기,업소용(스텐드형),3000,,15036341,https://www.data.go.kr/data/15036341/fileData.do
서울특별시,광진구,가전제품,세단기(파쇄기),높이 1m 이상,4000,,15036341,https://www.data.go.kr/data/15036341/fileData.do
서울특별시,광진구,가전제품,세탁기,10kg 이상,4000,,15036341,https://www.data.go.kr/data/15036341/fileData.do
서울특별시,광진구,가전제품,세탁기,10kg 이하,3000,,15036341,https://www.data.go.kr/data/15036341/fileData.do
서울특별시,광진구,가전제품,식기건조기,높이 1m 이상,5000,,15036341,https://www.data.go.kr/data/15036341/fileData.do
서울특별시,광진구,가전제품,식기세척기,높이 1m 이상,5000,,15036341,https://www.data.go.kr/data/15036341/fileData.do
서울특별시,광진구,가전제품,안마기,일반규격,2000,,15036341,https://www.data.go.kr/data/15036341/fileData.do
서울특별시,광진구,가전제품,안마의자,일반규격,10000,,15036341,https://www.data.go.kr/data/15036341/fileData.do
서울특별시,광진구,가전제품,에어컨,264m² 이상,8000,,15036341,https://www.data.go.kr/data/15036341/fileData.do
서울특별시,광진구,가전제품,에어컨,66m² 미만,3000,,15036341,https://www.data.go.kr/data/15036341/fileData.do
서울특별시,광진구,가전제품,에어컨,66m² 이상,5000,,15036341,https://www.data.go.kr/data/15036341/fileData.do
서울특별시,광진구,가전제품,에어컨 실외기,1m 이상,10000,,15036341,https://www.data.go.kr/data/15036341/fileData.do
서울특별시,광진구,가전제품,오디오,본체 1m 이상,4000,,15036341,https://www.data.go.kr/data/15036341/fileData.do
서울특별시,광진구,가전제품,오디오,스피커 1m 이상,1000,,15036341,https://www.data.go.kr/data/15036341/fileData.do
서울특별시,광진구,가전제품,온풍기,264m² 이상,8000,,15036341,https://www.data.go.kr/data/15036341/fileData.do
서울특별시,광진구,가전제품,온풍기,66m² 미만,3000,,15036341,https://www.data.go.kr/data/15036341/fileData.do
서울특별시,광진구,가전제품,온풍기,66m² 이상,5000,,15036341,https://www.data.go.kr/data/15036341/fileData.do
서울특별시,광진구,가전제품,음식물처리기,높이 1m 이상,5000,,15036341,https://www.data.go.kr/data/15036341/fileData.do
서울특별시,광진구,가전제품,의류 건조기,10kg 미만,3000,,15036341,https://www.data.go.kr/data/15036341/fileData.do
서울특별시,광진구,가전제품,의류 건조기,10kg 이상,4000,,15036341,https://www.data.go.kr/data/15036341/fileData.do
서울특별시,광진구,가전제품,자동판매기,음료 담배,15000,,15036341,https://www.data.go.kr/data/15036341/fileData.do
서울특별시,광진구,가전제품,자동판매기,자가 소형,3000,,15036341,https://www.data.go.kr/data/15036341/fileData.do
서울특별시,광진구,가전제품,전기담요,1인용,1000,,15036341,https://www.data.go.kr/data/15036341/fileData.do
서울특별시,광진구,가전제품,전기담요,2인용,2000,,15036341,https://www.data.go.kr/data/15036341/fileData.do
서울특별시,광진구,가전제품,전기판넬,3.3m²당,2000,,15036341,https://www.data.go.kr/data/15036341/fileData.do
서울특별시,광진구,가전제품,정수기,높이 1m 이상,4000,,15036341,https://www.data.go.kr/data/15036341/fileData.do
서울특별시,광진구,가전제품,제빙기,300L 이상,5000,,15036341,https://www.data.go.kr/data/15036341/fileData.do
서울특별시,광진구,가전제품,제빙기,300L미만,3000,,15036341,https://www.data.go.kr/data/15036341/fileData.do
서울특별시,광진구,가전제품,제습기,높이 1m 이상,4000,,15036341,https://www.data.go.kr/data/15036341/fileData.do
서울특별시,광진구,가전제품,청소기,영업용,4000,,15036341,https://www.data.go.kr/data/15036341/fileData.do
서울특별시,광진구,가전제품,태양광폐패널,20kg,6000,,15036341,https://www.data.go.kr/data/15036341/fileData.do
서울특별시,광진구,가전제품,파렛트,가로 60cm X 세로 60cm 미만,3000,,15036341,https://www.data.go.kr/data/15036341/fileData.do
서울특별시,광진구,가전제품,파렛트,가로 60cm X 세로 60cm 이상,4000,,15036341,https://www.data.go.kr/data/15036341/fileData.do
서울특별시,광진구,가전제품,환풍기,업소용 (대형),3000,,15036341,https://www.data.go.kr/data/15036341/fileData.do
서울특별시,광진구,가전제품,"히터(팬, 전기)",높이 1m 이상,4000,,15036341,https://www.data.go.kr/data/15036341/fileData.do
서울특별시,광진구,가전제품,"히터(팬, 전기)",벽걸이형,2000,,15036341,https://www.data.go.kr/data/15036341/fileData.do
서울특별시,광진구,기타,간판,40cmX100cm 당,4000,,15036341,https://www.data.go.kr/data/15036341/fileData.do
서울특별시,광진구,기타,간판,가장 긴면 1m 미만,1000,,15036341,https://www.data.go.kr/data/15036341/fileData.do
서울특별시,광진구,기타,간판,가장 긴면 1m 이상,2000,,15036341,https://www.data.go.kr/data/15036341/fileData.do
서울특별시,광진구,기타,간판,고무통 입간판,5000,,15036341,https://www.data.go.kr/data/15036341/fileData.do
서울특별시,광진구,기타,강아지 계단,일반규격,4000,,15036341,https://www.data.go.kr/data/15036341/fileData.do
서울특별시,광진구,기타,강아지 집(캣타워),모든규격,3000,,15036341,https://www.data.go.kr/data/15036341/fileData.do
서울특별시,광진구,기타,개수대,,3000,,15036341,https://www.data.go.kr/data/15036341/fileData.do
서울특별시,광진구,기타,금고,가장 긴면 1m 미만,7000,,15036341,https://www.data.go.kr/data/15036341/fileData.do
서울특별시,광진구,기타,금고,가장 긴면 1m 이상,10000,,15036341,https://www.data.go.kr/data/15036341/fileData.do
서울특별시,광진구,기타,기름탱크,400L 미만,4000,,15036341,https://www.data.go.kr/data/15036341/fileData.do
서울특별시,광진구,기타,기름탱크,400L 이상,7000,,15036341,https://www.data.go.kr/data/15036341/fileData.do
서울특별시,광진구,기타,라지에타,,4000,,15036341,https://www.data.go.kr/data/15036341/fileData.do
서울특별시,광진구,기타,마네킹,1m 미만,3000,,15036341,https://www.data.go.kr/data/15036341/fileData.do
서울특별시,광진구,기타,마네킹,1m 이상,5000,,15036341,https://www.data.go.kr/data/15036341/fileData.do
서울특별시,광진구,기타,모기장,일반규격,2000,,15036341,https://www.data.go.kr/data/15036341/fileData.do
서울특별시,광진구,기타,목재,5kg당,1000,,15036341,https://www.data.go.kr/data/15036341/fileData.do
서울특별시,광진구,기타,물탱크,0.5톤 미만,3000,,15036341,https://www.data.go.kr/data/15036341/fileData.do
서울특별시,광진구,기타,물탱크,0.5톤 이상,4000,,15036341,https://www.data.go.kr/data/15036341/fileData.do
서울특별시,광진구,기타,물탱크,1톤당,6000,,15036341,https://www.data.go.kr/data/15036341/fileData.do
서울특별시,광진구,기타,바둑판,두께 12mm,1000,,15036341,https://www.data.go.kr/data/15036341/fileData.do
서울특별시,광진구,기타,바둑판,두께 60mm 이상,2000,,15036341,https://www.data.go.kr/data/15036341/fileData.do
서울특별시,광진구,기타,반려견 급식기,모든규격,3000,,15036341,https://www.data.go.kr/data/15036341/fileData.do
서울특별시,광진구,기타,반신욕기(족욕기),높이 1m 미만,4000,,15036341,https://www.data.go.kr/data/15036341/fileData.do
서울특별시,광진구,기타,반신욕기(족욕기),높이 1m 이상,6000,,15036341,https://www.data.go.kr/data/15036341/fileData.do
서울특별시,광진구,기타,방음 부스,일인용,20000,,15036341,https://www.data.go.kr/data/15036341/fileData.do
서울특별시,광진구,기타,벽지,3.3m²당(1평당) 또는 1kg 당,2000,,15036341,https://www.data.go.kr/data/15036341/fileData.do
서울특별시,광진구,기타,변기,양변기,5000,,15036341,https://www.data.go.kr/data/15036341/fileData.do
서울특별시,광진구,기타,변기,좌변기,3000,,15036341,https://www.data.go.kr/data/15036341/fileData.do
서울특별시,광진구,기타,병풍,2폭당,1000,,15036341,https://www.data.go.kr/data/15036341/fileData.do
서울특별시,광진구,기타,보일러,보일러 탱크,2000,,15036341,https://www.data.go.kr/data/15036341/fileData.do
서울특별시,광진구,기타,보행기,,2000,,15036341,https://www.data.go.kr/data/15036341/fileData.do
서울특별시,광진구,기타,분말소화기,3.3kg 이하,2000,,15036341,https://www.data.go.kr/data/15036341/fileData.do
서울특별시,광진구,기타,분말소화기,3.3kg 초과,3000,,15036341,https://www.data.go.kr/data/15036341/fileData.do
서울특별시,광진구,기타,블라인드,1m²당,1000,,15036341,https://www.data.go.kr/data/15036341/fileData.do
서울특별시,광진구,기타,블라인드,2m²당,2000,,15036341,https://www.data.go.kr/data/15036341/fileData.do
서울특별시,광진구,기타,블라인드,3m²당,3000,,15036341,https://www.data.go.kr/data/15036341/fileData.do
서울특별시,광진구,기타,비닐옷장(비키니옷장),,3000,,15036341,https://www.data.go.kr/data/15036341/fileData.do
서울특별시,광진구,기타,세면대,,3000,,15036341,https://www.data.go.kr/data/15036341/fileData.do
서울특별시,광진구,기타,수도호스,10m 당,1000,,15036341,https://www.data.go.kr/data/15036341/fileData.do
서울특별시,광진구,기타,스키,스키,3000,,15036341,https://www.data.go.kr/data/15036341/fileData.do
서울특별시,광진구,기타,스키,스키부츠,2000,,15036341,https://www.data.go.kr/data/15036341/fileData.do
서울특별시,광진구,기타,스탠드옷걸이,,3000,,15036341,https://www.data.go.kr/data/15036341/fileData.do
서울특별시,광진구,기타,신발,"부츠,장화(1켤레)",1000,,15036341,https://www.data.go.kr/data/15036341/fileData.do
서울특별시,광진구,기타,애완견 케이지,긴면 50cm 미만,3000,,15036341,https://www.data.go.kr/data/15036341/fileData.do
서울특별시,광진구,기타,애완견 케이지,긴면 50cm 이상,5000,,15036341,https://www.data.go.kr/data/15036341/fileData.do
서울특별시,광진구,기타,액자,가장 긴면 100cm 초과,3000,,15036341,https://www.data.go.kr/data/15036341/fileData.do
서울특별시,광진구,기타,액자,가장 긴면 50cm 미만,1000,,15036341,https://www.data.go.kr/data/15036341/fileData.do
서울특별시,광진구,기타,액자,가장 긴면 50cm 이상,2000,,15036341,https://www.data.go.kr/data/15036341/fileData.do
서울특별시,광진구,기타,어항,가장 긴면 1m 미만,3000,,15036341,https://www.data.go.kr/data/15036341/fileData.do
서울특별시,광진구,기타,어항,가장 긴면 1m 이상,5000,,15036341,https://www.data.go.kr/data/15036341/fileData.do
서울특별시,광진구,기타,어항,"영업용, 2m 이상",15000,,15036341,https://www.data.go.kr/data/15036341/fileData.do
서울특별시,광진구,기타,오르간,일반 오르간,10000,,15036341,https://www.data.go.kr/data/15036341/fileData.do
서울특별시,광진구,기타,오르간,전자식,5000,,15036341,https://www.data.go.kr/data/15036341/fileData.do
서울특별시,광진구,기타,우산,어린이용,0,,15036341,https://www.data.go.kr/data/15036341/fileData.do
서울특별시,광진구,기타,우산,일반용,1000,,15036341,https://www.data.go.kr/data/15036341/fileData.do
서울특별시,광진구,기타,유모차,1인용,2000,,15036341,https://www.data.go.kr/data/15036341/fileData.do
서울특별시,광진구,기타,유모차,2인용,4000,,15036341,https://www.data.go.kr/data/15036341/fileData.do
서울특별시,광진구,기타,이사박스,일반규격,1000,,15036341,https://www.data.go.kr/data/15036341/fileData.do
서울특별시,광진구,기타,장난감,길이 50cm 미만,1000,,15036341,https://www.data.go.kr/data/15036341/fileData.do
서울특별시,광진구,기타,장난감,길이 50cm 이상,2000,,15036341,https://www.data.go.kr/data/15036341/fileData.do
서울특별시,광진구,기타,제기세트(제기포함),일반규격,5000,,15036341,https://www.data.go.kr/data/15036341/fileData.do
서울특별시,광진구,기타,천막,길이 6m 미만,5000,,15036341,https://www.data.go.kr/data/15036341/fileData.do
서울특별시,광진구,기타,천막,길이 6m 이상,7000,,15036341,https://www.data.go.kr/data/15036341/fileData.do
서울특별시,광진구,기타,체중계(저울),"길이 1m 미만, 지름 28cm 미만",1000,,15036341,https://www.data.go.kr/data/15036341/fileData.do
서울특별시,광진구,기타,체중계(저울),"길이 1m 이상, 지름 28cm 이상",2000,,15036341,https://www.data.go.kr/data/15036341/fileData.do
서울특별시,광진구,기타,카시트,,2000,,15036341,https://www.data.go.kr/data/15036341/fileData.do
서울특별시,광진구,기타,카트,병원용,7000,,15036341,https://www.data.go.kr/data/15036341/fileData.do
서울특별시,광진구,기타,카트,식당용,4000,,15036341,https://www.data.go.kr/data/15036341/fileData.do
서울특별시,광진구,기타,카페트,3.3m²당,2000,,15036341,https://www.data.go.kr/data/15036341/fileData.do
서울특별시,광진구,기타,캣휠,모든규격,7000,,15036341,https://www.data.go.kr/data/15036341/fileData.do
서울특별시,광진구,기타,콘트라베이스,모든규격,4000,,15036341,https://www.data.go.kr/data/15036341/fileData.do
서울특별시,광진구,기타,크리스마스 트리,높이 1m 미만,3000,,15036341,https://www.data.go.kr/data/15036341/fileData.do
서울특별시,광진구,기타,크리스마스 트리,높이 1m 이상,5000,,15036341,https://www.data.go.kr/data/15036341/fileData.do
서울특별시,광진구,기타,타이어,"지름 1,100mm 이상",11000,,15036341,https://www.data.go.kr/data/15036341/fileData.do
서울특별시,광진구,기타,타이어,지름 600mm 미만,3000,,15036341,https://www.data.go.kr/data/15036341/fileData.do
서울특별시,광진구,기타,타이어,지름 600mm 이상,5000,,15036341,https://www.data.go.kr/data/15036341/fileData.do
서울특별시,광진구,기타,텐트,4인용 미만,3000,,15036341,https://www.data.go.kr/data/15036341/fileData.do
서울특별시,광진구,기타,텐트,4인용 이상,4000,,15036341,https://www.data.go.kr/data/15036341/fileData.do
서울특별시,광진구,기타,통기타,모든규격,2000,,15036341,https://www.data.go.kr/data/15036341/fileData.do
서울특별시,광진구,기타,파라솔,모든규격,2000,,15036341,https://www.data.go.kr/data/15036341/fileData.do
서울특별시,광진구,기타,파티션,1m²당,2000,,15036341,https://www.data.go.kr/data/15036341/fileData.do
서울특별시,광진구,기타,페인트통,5kg 미만,3000,,15036341,https://www.data.go.kr/data/15036341/fileData.do
서울특별시,광진구,기타,페인트통,5kg 이상,4000,,15036341,https://www.data.go.kr/data/15036341/fileData.do
서울특별시,광진구,기타,페인트통,빈 통,1000,,15036341,https://www.data.go.kr/data/15036341/fileData.do
서울특별시,광진구,기타,폐플라스틱,5kg 당,1000,,15036341,https://www.data.go.kr/data/15036341/fileData.do
서울특별시,광진구,기타,피아노,디지털,5000,,15036341,https://www.data.go.kr/data/15036341/fileData.do
서울특별시,광진구,기타,피아노,일반,15000,,15036341,https://www.data.go.kr/data/15036341/fileData.do
서울특별시,광진구,기타,화분,지름 50cm 미만,1000,,15036341,https://www.data.go.kr/data/15036341/fileData.do
서울특별시,광진구,기타,화분,지름 50cm 이상,2000,,15036341,https://www.data.go.kr/data/15036341/fileData.do
서울특별시,광진구,기타,화환,,3000,,15036341,https://www.data.go.kr/data/15036341/fileData.do
서울특별시,광진구,기타,휠체어,,3000,,15036341,https://www.data.go.kr/data/15036341/fileData.do
서울특별시,광진구,기타,휠체어,전동 휠체어,10000,,15036341,https://www.data.go.kr/data/15036341/fileData.do
서울특별시,광진구,생활용품,TV받침,,3000,,15036341,https://www.data.go.kr/data/15036341/fileData.do
서울특별시,광진구,생활용품,가방류,골프채 가방,3000,,15036341,https://www.data.go.kr/data/15036341/fileData.do
서울특별시,광진구,생활용품,가방류,길이 50cm 미만,1000,,15036341,https://www.data.go.kr/data/15036341/fileData.do
서울특별시,광진구,생활용품,가방류,길이 50cm 이상(캐리어 등),2000,,15036341,https://www.data.go.kr/data/15036341/fileData.do
서울특별시,광진구,생활용품,거울,가장 긴면 50cm 미만,1000,,15036341,https://www.data.go.kr/data/15036341/fileData.do
서울특별시,광진구,생활용품,거울,가장 긴면 50cm 이상,2000,,15036341,https://www.data.go.kr/data/15036341/fileData.do
서울특별시,광진구,생활용품,게시판(화이트보트),가장 긴면 1m 미만,1000,,15036341,https://www.data.go.kr/data/15036341/fileData.do
서울특별시,광진구,생활용품,게시판(화이트보트),가장 긴면 1m 이상,2000,,15036341,https://www.data.go.kr/data/15036341/fileData.do
서울특별시,광진구,생활용품,고무통,지름 100cm 이상,5000,,15036341,https://www.data.go.kr/data/15036341/fileData.do
서울특별시,광진구,생활용품,고무통,지름 50cm 미만,3000,,15036341,https://www.data.go.kr/data/15036341/fileData.do
서울특별시,광진구,생활용품,고무통,지름 50cm 이상,4000,,15036341,https://www.data.go.kr/data/15036341/fileData.do
서울특별시,광진구,생활용품,난로,가스,2000,,15036341,https://www.data.go.kr/data/15036341/fileData.do
서울특별시,광진구,생활용품,난로,석유,2000,,15036341,https://www.data.go.kr/data/15036341/fileData.do
서울특별시,광진구,생활용품,난로,전기(높이 1m 이상),4000,,15036341,https://www.data.go.kr/data/15036341/fileData.do
서울특별시,광진구,생활용품,다리미판,,1000,,15036341,https://www.data.go.kr/data/15036341/fileData.do
서울특별시,광진구,생활용품,다리미판,가장 긴면 90cm 이상,2000,,15036341,https://www.data.go.kr/data/15036341/fileData.do
서울특별시,광진구,생활용품,대걸레,개당,1000,,15036341,https://www.data.go.kr/data/15036341/fileData.do
서울특별시,광진구,생활용품,"돗자리(대자리,놀이매트)",1m²당,1000,,15036341,https://www.data.go.kr/data/15036341/fileData.do
서울특별시,광진구,생활용품,"돗자리(대자리,놀이매트)",2m²,2000,,15036341,https://www.data.go.kr/data/15036341/fileData.do
서울특별시,광진구,생활용품,"돗자리(대자리,놀이매트)",3m²,3000,,15036341,https://www.data.go.kr/data/15036341/fileData.do
서울특별시,광진구,생활용품,목발,개당,1000,,15036341,https://www.data.go.kr/data/15036341/fileData.do
서울특별시,광진구,생활용품,목욕탕수건함,,1000,,15036341,https://www.data.go.kr/data/15036341/fileData.do
서울특별시,광진구,생활용품,발마사지기계,,4000,,15036341,https://www.data.go.kr/data/15036341/fileData.do
서울특별시,광진구,생활용품,방석,겨울용,1000,,15036341,https://www.data.go.kr/data/15036341/fileData.do
서울특별시,광진구,생활용품,방석,여름용,500,,15036341,https://www.data.go.kr/data/15036341/fileData.do
서울특별시,광진구,생활용품,베개(라텍스 베게),,1000,,15036341,https://www.data.go.kr/data/15036341/fileData.do
서울특별시,광진구,생활용품,벽걸이 시계,1m 미만,1000,,15036341,https://www.data.go.kr/data/15036341/fileData.do
서울특별시,광진구,생활용품,벽걸이 시계,1m 이상,3000,,15036341,https://www.data.go.kr/data/15036341/fileData.do
서울특별시,광진구,생활용품,벽시계,"길이 1m 미만, 지름 28cm 미만",1000,,15036341,https://www.data.go.kr/data/15036341/fileData.do
서울특별시,광진구,생활용품,벽시계,"길이 1m 이상, 지름 28cm이상",2000,,15036341,https://www.data.go.kr/data/15036341/fileData.do
서울특별시,광진구,생활용품,비데,,1000,,15036341,https://www.data.go.kr/data/15036341/fileData.do
서울특별시,광진구,생활용품,빨래건조대,길이 1m 미만,1000,,15036341,https://www.data.go.kr/data/15036341/fileData.do
서울특별시,광진구,생활용품,빨래건조대,길이 1m 이상,2000,,15036341,https://www.data.go.kr/data/15036341/fileData.do
서울특별시,광진구,생활용품,쓰레기통,가정용,1000,,15036341,https://www.data.go.kr/data/15036341/fileData.do
서울특별시,광진구,생활용품,쓰레기통,사무실 옥외용,2000,,15036341,https://www.data.go.kr/data/15036341/fileData.do
서울특별시,광진구,생활용품,아이스박스,30L 미만,1000,,15036341,https://www.data.go.kr/data/15036341/fileData.do
서울특별시,광진구,생활용품,아이스박스,30L 이상,2000,,15036341,https://www.data.go.kr/data/15036341/fileData.do
서울특별시,광진구,생활용품,아이스박스,50L 이상,3000,,15036341,https://www.data.go.kr/data/15036341/fileData.do
서울특별시,광진구,생활용품,온수기,,2000,,15036341,https://www.data.go.kr/data/15036341/fileData.do
서울특별시,광진구,생활용품,욕조,유아용,3000,,15036341,https://www.data.go.kr/data/15036341/fileData.do
서울특별시,광진구,생활용품,욕조,일반용,5000,,15036341,https://www.data.go.kr/data/15036341/fileData.do
서울특별시,광진구,생활용품,유리,0.5m² 당,1000,,15036341,https://www.data.go.kr/data/15036341/fileData.do
서울특별시,광진구,생활용품,유리,1㎡ 당,2000,,15036341,https://www.data.go.kr/data/15036341/fileData.do
서울특별시,광진구,생활용품,유리,2m² 당,4000,,15036341,https://www.data.go.kr/data/15036341/fileData.do
서울특별시,광진구,생활용품,장판,3.3m²당,2000,,15036341,https://www.data.go.kr/data/15036341/fileData.do
서울특별시,광진구,생활용품,장판,옥/자석/온수 등 1인용,4000,,15036341,https://www.data.go.kr/data/15036341/fileData.do
서울특별시,광진구,생활용품,장판,옥/자석/온수 등 2인용,7000,,15036341,https://www.data.go.kr/data/15036341/fileData.do
서울특별시,광진구,생활용품,장판,옥/자석/온수 등 3인용 이상,10000,,15036341,https://www.data.go.kr/data/15036341/fileData.do
서울특별시,광진구,생활용품,장판,전기장판 (1인용),2000,,15036341,https://www.data.go.kr/data/15036341/fileData.do
서울특별시,광진구,생활용품,장판,전기장판 (2인용),3000,,15036341,https://www.data.go.kr/data/15036341/fileData.do
서울특별시,광진구,생활용품,재봉틀,(재봉틀대),2000,,15036341,https://www.data.go.kr/data/15036341/fileData.do
서울특별시,광진구,생활용품,조명기구(모든규격),샹드레아,2000,,15036341,https://www.data.go.kr/data/15036341/fileData.do
서울특별시,광진구,생활용품,조명기구(모든규격),"폭(가로), 높이 1m 미만",1000,,15036341,https://www.data.go.kr/data/15036341/fileData.do
서울특별시,광진구,생활용품,조명기구(모든규격),"폭(가로), 높이 1m 이상",2000,,15036341,https://www.data.go.kr/data/15036341/fileData.do
서울특별시,광진구,생활용품,카매트,"앞, 뒷자석",3000,,15036341,https://www.data.go.kr/data/15036341/fileData.do
서울특별시,광진구,생활용품,커튼,2m 미만,1000,,15036341,https://www.data.go.kr/data/15036341/fileData.do
서울특별시,광진구,생활용품,커튼,2m 이상,2000,,15036341,https://www.data.go.kr/data/15036341/fileData.do
서울특별시,광진구,생활용품,커튼봉,,1000,,15036341,https://www.data.go.kr/data/15036341/fileData.do
서울특별시,광진구,생활용품,컬러박스(공간박스),2단 미만,1000,,15036341,https://www.data.go.kr/data/15036341/fileData.do
서울특별시,광진구,생활용품,컬러박스(공간박스),3단 이상,2000,,15036341,https://www.data.go.kr/data/15036341/fileData.do
서울특별시,광진구,생활용품,"쿠션, 등받이, 바디필로우",길이 50cm 미만,1000,,15036341,https://www.data.go.kr/data/15036341/fileData.do
서울특별시,광진구,생활용품,"쿠션, 등받이, 바디필로우",길이 50cm 이상,2000,,15036341,https://www.data.go.kr/data/15036341/fileData.do
서울특별시,광진구,생활용품,헹거,1단 헹거,2000,,15036341,https://www.data.go.kr/data/15036341/fileData.do
서울특별시,광진구,생활용품,헹거,2단 헹거,3000,,15036341,https://www.data.go.kr/data/15036341/fileData.do
서울특별시,광진구,소형가전,"DVD,비디오(VTR)",,0,,15036341,https://www.data.go.kr/data/15036341/fileData.do
서울특별시,광진구,소형가전,가습기,,0,,15036341,https://www.data.go.kr/data/15036341/fileData.do
서울특별시,광진구,소형가전,게임기(오락기),50cm 미만(가정용),0,,15036341,https://www.data.go.kr/data/15036341/fileData.do
서울특별시,광진구,소형가전,공기청정기,가장 긴면 1m 미만,0,,15036341,https://www.data.go.kr/data/15036341/fileData.do
서울특별시,광진구,소형가전,난로,벽걸이,0,,15036341,https://www.data.go.kr/data/15036341/fileData.do
서울특별시,광진구,소형가전,난로,전기,0,,15036341,https://www.data.go.kr/data/15036341/fileData.do
서울특별시,광진구,소형가전,노트북,,0,,15036341,https://www.data.go.kr/data/15036341/fileData.do
서울특별시,광진구,소형가전,녹즙기,,0,,15036341,https://www.data.go.kr/data/15036341/fileData.do
서울특별시,광진구,소형가전,다리미,,0,,15036341,https://www.data.go.kr/data/15036341/fileData.do
서울특별시,광진구,소형가전,모뎀,,0,,15036341,https://www.data.go.kr/data/15036341/fileData.do
서울특별시,광진구,소형가전,믹서기,,0,,15036341,https://www.data.go.kr/data/15036341/fileData.do
서울특별시,광진구,소형가전,선풍기,가정용,0,,15036341,https://www.data.go.kr/data/15036341/fileData.do
서울특별시,광진구,소형가전,스캐너,,0,,15036341,https://www.data.go.kr/data/15036341/fileData.do
서울특별시,광진구,소형가전,식기건조기,높이 1m 미만,0,,15036341,https://www.data.go.kr/data/15036341/fileData.do
서울특별시,광진구,소형가전,식기세척기,높이 1m 미만,0,,15036341,https://www.data.go.kr/data/15036341/fileData.do
서울특별시,광진구,소형가전,에어컨 실외기,1m 미만,0,,15036341,https://www.data.go.kr/data/15036341/fileData.do
서울특별시,광진구,소형가전,에어프라이기,가정용,0,,15036341,https://www.data.go.kr/data/15036341/fileData.do
서울특별시,광진구,소형가전,에어프라이어,높이 1m 미만,0,,15036341,https://www.data.go.kr/data/15036341/fileData.do
서울특별시,광진구,소형가전,연수기,.,0,,15036341,https://www.data.go.kr/data/15036341/fileData.do
서울특별시,광진구,소형가전,오디오,본체 1m 미만,0,,15036341,https://www.data.go.kr/data/15036341/fileData.do
서울특별시,광진구,소형가전,오디오,스피커 1m 미만,0,,15036341,https://www.data.go.kr/data/15036341/fileData.do
서울특별시,광진구,소형가전,음식물처리기,높이 1m 미만,0,,15036341,https://www.data.go.kr/data/15036341/fileData.do
서울특별시,광진구,소형가전,인덕션,.,0,,15036341,https://www.data.go.kr/data/15036341/fileData.do
서울특별시,광진구,소형가전,전기밥솥,(보온밥솥),0,,15036341,https://www.data.go.kr/data/15036341/fileData.do
서울특별시,광진구,소형가전,전기히터,높이 1m 미만,0,,15036341,https://www.data.go.kr/data/15036341/fileData.do
서울특별시,광진구,소형가전,전자레인지,,0,,15036341,https://www.data.go.kr/data/15036341/fileData.do
서울특별시,광진구,소형가전,"전화기, 휴대폰",,0,,15036341,https://www.data.go.kr/data/15036341/fileData.do
서울특별시,광진구,소형가전,정수기,높이 1m 미만,0,,15036341,https://www.data.go.kr/data/15036341/fileData.do
서울특별시,광진구,소형가전,제습기,높이 1m 미만,0,,15036341,https://www.data.go.kr/data/15036341/fileData.do
서울특별시,광진구,소형가전,청소기,가정용,0,,15036341,https://www.data.go.kr/data/15036341/fileData.do
서울특별시,광진구,소형가전,카세트라디오,,0,,15036341,https://www.data.go.kr/data/15036341/fileData.do
서울특별시,광진구,소형가전,커피머신,가정용,0,,15036341,https://www.data.go.kr/data/15036341/fileData.do
서울특별시,광진구,소형가전,커피포트,,0,,15036341,https://www.data.go.kr/data/15036341/fileData.do
서울특별시,광진구,소형가전,"컴퓨터, 노트북(키보드 및 마우스 포함)",,0,,15036341,https://www.data.go.kr/data/15036341/fileData.do
서울특별시,광진구,소형가전,"키보드, 마우스",.,0,,15036341,https://www.data.go.kr/data/15036341/fileData.do
서울특별시,광진구,소형가전,탈수기,가정용,0,,15036341,https://www.data.go.kr/data/15036341/fileData.do
서울특별시,광진구,소형가전,토스터기,,0,,15036341,https://www.data.go.kr/data/15036341/fileData.do
서울특별시,광진구,소형가전,팩시밀리,,0,,15036341,https://www.data.go.kr/data/15036341/fileData.do
서울특별시,광진구,소형가전,프린터(복합기),가정용,0,,15036341,https://www.data.go.kr/data/15036341/fileData.do
서울특별시,광진구,소형가전,하이라이트,.,0,,15036341,https://www.data.go.kr/data/15036341/fileData.do
서울특별시,광진구,소형가전,헤어드라이어(드라이기),,0,,15036341,https://www.data.go.kr/data/15036341/fileData.do
서울특별시,광진구,소형가전,환풍기,가정용,0,,15036341,https://www.data.go.kr/data/15036341/fileData.do
서울특별시,광진구,소형가전,휴대폰충전기,,0,,15036341,https://www.data.go.kr/data/15036341/fileData.do
서울특별시,광진구,운동기구및용품,골프채,개당,1000,,15036341,https://www.data.go.kr/data/15036341/fileData.do
서울특별시,광진구,운동기구및용품,덜덜이,모든규격,7000,,15036341,https://www.data.go.kr/data/15036341/fileData.do
서울특별시,광진구,운동기구및용품,등산스틱,개당,1000,,15036341,https://www.data.go.kr/data/15036341/fileData.do
서울특별시,광진구,운동기구및용품,라켓,배드민턴 라켓(개당),500,,15036341,https://www.data.go.kr/data/15036341/fileData.do
서울특별시,광진구,운동기구및용품,라켓,테니스 라켓(개당),1000,,15036341,https://www.data.go.kr/data/15036341/fileData.do
서울특별시,광진구,운동기구및용품,런닝머신,모든규격,15000,,15036341,https://www.data.go.kr/data/15036341/fileData.do
서울특별시,광진구,운동기구및용품,볼링공,모든규격,3000,,15036341,https://www.data.go.kr/data/15036341/fileData.do
서울특별시,광진구,운동기구및용품,샌드백,1m 미만,3000,,15036341,https://www.data.go.kr/data/15036341/fileData.do
서울특별시,광진구,운동기구및용품,샌드백,1m 이상,4000,,15036341,https://www.data.go.kr/data/15036341/fileData.do
서울특별시,광진구,운동기구및용품,스케이트보드,모든규격,2000,,15036341,https://www.data.go.kr/data/15036341/fileData.do
서울특별시,광진구,운동기구및용품,스탭퍼,일반규격,4000,,15036341,https://www.data.go.kr/data/15036341/fileData.do
서울특별시,광진구,운동기구및용품,아령,5kg 미만,3000,,15036341,https://www.data.go.kr/data/15036341/fileData.do
서울특별시,광진구,운동기구및용품,아령,5kg 이상,7000,,15036341,https://www.data.go.kr/data/15036341/fileData.do
서울특별시,광진구,운동기구및용품,요가매트,일반규격,1000,,15036341,https://www.data.go.kr/data/15036341/fileData.do
서울특별시,광진구,운동기구및용품,인라인,1켤레,2000,,15036341,https://www.data.go.kr/data/15036341/fileData.do
서울특별시,광진구,운동기구및용품,자전거,성인용,4000,,15036341,https://www.data.go.kr/data/15036341/fileData.do
서울특별시,광진구,운동기구및용품,자전거,아동용 2륜,3000,,15036341,https://www.data.go.kr/data/15036341/fileData.do
서울특별시,광진구,운동기구및용품,자전거,아동용 3륜,2000,,15036341,https://www.data.go.kr/data/15036341/fileData.do
서울특별시,광진구,운동기구및용품,"전신스트레칭운동기구(거꾸리, 싯업보드)",모든규격,4000,,15036341,https://www.data.go.kr/data/15036341/fileData.do
서울특별시,광진구,운동기구및용품,킥보드,모든규격,2000,,15036341,https://www.data.go.kr/data/15036341/fileData.do
서울특별시,광진구,운동기구및용품,탁구대,1짝당,7000,,15036341,https://www.data.go.kr/data/15036341/fileData.do
서울특별시,광진구,운동기구및용품,트램플린,어른용,3000,,15036341,https://www.data.go.kr/data/15036341/fileData.do
서울특별시,광진구,운동기구및용품,헬멧,어른용,2000,,15036341,https://www.data.go.kr/data/15036341/fileData.do
서울특별시,광진구,운동기구및용품,헬멧,유아용,1000,,15036341,https://www.data.go.kr/data/15036341/fileData.do
서울특별시,광진구,운동기구및용품,헬스자전거,모든규격,7000,,15036341,https://www.data.go.kr/data/15036341/fileData.do
서울특별시,광진구,유아어린이용품,놀이매트,200cm × 150cm 미만,2000,,15036341,https://www.data.go.kr/data/15036341/fileData.do
서울특별시,광진구,유아어린이용품,놀이매트,200cm × 150cm 이상,3000,,15036341,https://www.data.go.kr/data/15036341/fileData.do
서울특별시,광진구,유아어린이용품,유아용 목마,일반규격,1000,,15036341,https://www.data.go.kr/data/15036341/fileData.do
서울특별시,광진구,유아어린이용품,유아용 미끄럼틀,일반규격,7000,,15036341,https://www.data.go.kr/data/15036341/fileData.do
서울특별시,광진구,유아어린이용품,유아용 보행기,일반규격,1000,,15036341,https://www.data.go.kr/data/15036341/fileData.do
서울특별시,광진구,유아어린이용품,유아용 싱크대(주방놀이세트),일반규격,5000,,15036341,https://www.data.go.kr/data/15036341/fileData.do
서울특별시,광진구,유아어린이용품,유아용 자동차,일반규격,2000,,15036341,https://www.data.go.kr/data/15036341/fileData.do
서울특별시,광진구,유아어린이용품,유아용 트램플린,지름 1m 미만,2000,,15036341,https://www.data.go.kr/data/15036341/fileData.do
서울특별시,광진구,유아어린이용품,"인형, 장난감",길이 50cm 미만,1000,,15036341,https://www.data.go.kr/data/15036341/fileData.do
서울특별시,광진구,유아어린이용품,"인형, 장난감",길이 50cm 이상,2000,,15036341,https://www.data.go.kr/data/15036341/fileData.do
서울특별시,광진구,유아어린이용품,팬스(유아용 및 애견 안전문),가로 폭 65cm 미만 (개당),1000,,15036341,https://www.data.go.kr/data/15036341/fileData.do
서울특별시,광진구,유아어린이용품,팬스(유아용 및 애견 안전문),가로 폭 65cm 이상(개당),2000,,15036341,https://www.data.go.kr/data/15036341/fileData.do
서울특별시,광진구,주방용품,가스레인지,,0,,15036341,https://www.data.go.kr/data/15036341/fileData.do
서울특별시,광진구,주방용품,가스오븐레인지,높이 1m 미만,0,,15036341,https://www.data.go.kr/data/15036341/fileData.do
서울특별시,광진구,주방용품,가스오븐레인지,높이 1m 이상,5000,,15036341,https://www.data.go.kr/data/15036341/fileData.do
서울특별시,광진구,주방용품,도마,가정용 나무도마,1000,,15036341,https://www.data.go.kr/data/15036341/fileData.do
서울특별시,광진구,주방용품,도마,업소용 나무도마,2000,,15036341,https://www.data.go.kr/data/15036341/fileData.do
서울특별시,광진구,주방용품,렌지대 수납장,,4000,,15036341,https://www.data.go.kr/data/15036341/fileData.do
서울특별시,광진구,주방용품,배기후드,,2000,,15036341,https://www.data.go.kr/data/15036341/fileData.do
서울특별시,광진구,주방용품,싱크대,개당,3000,,15036341,https://www.data.go.kr/data/15036341/fileData.do
서울특별시,광진구,주방용품,쌀통,,3000,,15036341,https://www.data.go.kr/data/15036341/fileData.do
서울특별시,광진구,주방용품,찬장,폭(가로) 120cm 이상,7000,,15036341,https://www.data.go.kr/data/15036341/fileData.do
서울특별시,광진구,주방용품,찬장,폭(가로) 130cm 이상,10000,,15036341,https://www.data.go.kr/data/15036341/fileData.do
서울특별시,광진구,주방용품,찬장,폭(가로) 90cm 미만,3000,,15036341,https://www.data.go.kr/data/15036341/fileData.do
서울특별시,광진구,주방용품,찬장,폭(가로) 90cm 이상,5000,,15036341,https://www.data.go.kr/data/15036341/fileData.do
서울특별시,광진구,주방용품,항아리,높이 50cm 미만,2000,,15036341,https://www.data.go.kr/data/15036341/fileData.do
서울특별시,광진구,주방용품,항아리,높이 50cm 이상,3000,,15036341,https://www.data.go.kr/data/15036341/fileData.do
서울특별시,양천구,가구류,"TV받침(거실장,문갑)",폭 120cm 미만,4000,,15155094,https://www.data.go.kr/data/15155094/fileData.do
서울특별시,양천구,가구류,"TV받침(거실장,문갑)",폭 120cm 이상,6000,,15155094,https://www.data.go.kr/data/15155094/fileData.do
서울특별시,양천구,가구류,"TV받침(거실장,문갑)",폭 180cm 이상,8000,,15155094,https://www.data.go.kr/data/15155094/fileData.do
서울특별시,양천구,가구류,"TV받침(거실장,문갑)",폭 90cm 이하,3000,,15155094,https://www.data.go.kr/data/15155094/fileData.do
서울특별시,양천구,가구류,밥상(교자상),4인 이하,2000,,15155094,https://www.data.go.kr/data/15155094/fileData.do
서울특별시,양천구,가구류,밥상(교자상),6인 이상,3000,,15155094,https://www.data.go.kr/data/15155094/fileData.do
서울특별시,양천구,가구류,밥상(교자상),다과상,1000,,15155094,https://www.data.go.kr/data/15155094/fileData.do
서울특별시,양천구,가구류,비키니옷장(비닐옷장),,2000,,15155094,https://www.data.go.kr/data/15155094/fileData.do
서울특별시,양천구,가구류,서랍장(1단당),폭60cmx높이25cm기준,1000,,15155094,https://www.data.go.kr/data/15155094/fileData.do
서울특별시,양천구,가구류,서랍장(협탁),"협탁(책상,침대 등)",2000,,15155094,https://www.data.go.kr/data/15155094/fileData.do
서울특별시,양천구,가구류,소파(안락의자),1인용,3000,,15155094,https://www.data.go.kr/data/15155094/fileData.do
서울특별시,양천구,가구류,소파(안락의자),2인용,6000,,15155094,https://www.data.go.kr/data/15155094/fileData.do
서울특별시,양천구,가구류,소파(안락의자),3인용,8000,,15155094,https://www.data.go.kr/data/15155094/fileData.do
서울특별시,양천구,가구류,소파(안락의자),4인용,12000,,15155094,https://www.data.go.kr/data/15155094/fileData.do
서울특별시,양천구,가구류,소파스툴,폭 60cm 미만,2000,,15155094,https://www.data.go.kr/data/15155094/fileData.do
서울특별시,양천구,가구류,소파스툴,폭 60cm 이상,3000,,15155094,https://www.data.go.kr/data/15155094/fileData.do
서울특별시,양천구,가구류,식탁(대리석),4인 이하,8000,,15155094,https://www.data.go.kr/data/15155094/fileData.do
서울특별시,양천구,가구류,식탁(대리석),6인 이상,12000,,15155094,https://www.data.go.kr/data/15155094/fileData.do
서울특별시,양천구,가구류,식탁(대리석),상판(4인 이하),5000,,15155094,https://www.data.go.kr/data/15155094/fileData.do
서울특별시,양천구,가구류,식탁(대리석),상판(6인 이상),8000,,15155094,https://www.data.go.kr/data/15155094/fileData.do
서울특별시,양천구,가구류,식탁(목재),4인 이하,3000,,15155094,https://www.data.go.kr/data/15155094/fileData.do
서울특별시,양천구,가구류,식탁(목재),6인 이상,4000,,15155094,https://www.data.go.kr/data/15155094/fileData.do
서울특별시,양천구,가구류,식탁(목재),상판,2000,,15155094,https://www.data.go.kr/data/15155094/fileData.do
서울특별시,양천구,가구류,식탁(목재),아일랜드 식탁,5000,,15155094,https://www.data.go.kr/data/15155094/fileData.do
서울특별시,양천구,가구류,신발장,높이 1.5m 이상,6000,,15155094,https://www.data.go.kr/data/15155094/fileData.do
서울특별시,양천구,가구류,신발장,높이 1m 미만,2000,,15155094,https://www.data.go.kr/data/15155094/fileData.do
서울특별시,양천구,가구류,신발장,높이 1m 이상,4000,,15155094,https://www.data.go.kr/data/15155094/fileData.do
서울특별시,양천구,가구류,싱크대,1쪽당,4000,,15155094,https://www.data.go.kr/data/15155094/fileData.do
서울특별시,양천구,가구류,싱크대,찬장 1칸,3000,,15155094,https://www.data.go.kr/data/15155094/fileData.do
서울특별시,양천구,가구류,옷걸이(행거),1단,2000,,15155094,https://www.data.go.kr/data/15155094/fileData.do
서울특별시,양천구,가구류,옷걸이(행거),2단,3000,,15155094,https://www.data.go.kr/data/15155094/fileData.do
서울특별시,양천구,가구류,옷걸이(행거),스탠드형 옷걸이,2000,,15155094,https://www.data.go.kr/data/15155094/fileData.do
서울특별시,양천구,가구류,의자,1인용,2000,,15155094,https://www.data.go.kr/data/15155094/fileData.do
서울특별시,양천구,가구류,의자,바퀴의자(대형),5000,,15155094,https://www.data.go.kr/data/15155094/fileData.do
서울특별시,양천구,가구류,의자,바퀴의자(소형),3000,,15155094,https://www.data.go.kr/data/15155094/fileData.do
서울특별시,양천구,가구류,의자,벤치의자(2인용),4000,,15155094,https://www.data.go.kr/data/15155094/fileData.do
서울특별시,양천구,가구류,의자,장의자(3인용),6000,,15155094,https://www.data.go.kr/data/15155094/fileData.do
서울특별시,양천구,가구류,의자,피아노의자,3000,,15155094,https://www.data.go.kr/data/15155094/fileData.do
서울특별시,양천구,가구류,장롱,아기옷장(높이 120cm 기준),6000,,15155094,https://www.data.go.kr/data/15155094/fileData.do
서울특별시,양천구,가구류,장롱,폭 120cm,15000,,15155094,https://www.data.go.kr/data/15155094/fileData.do
서울특별시,양천구,가구류,장롱,폭 90cm,10000,,15155094,https://www.data.go.kr/data/15155094/fileData.do
서울특별시,양천구,가구류,장롱,폭 90cm 미만,7000,,15155094,https://www.data.go.kr/data/15155094/fileData.do
서울특별시,양천구,가구류,장롱,폭 91cm~120cm미만,12000,,15155094,https://www.data.go.kr/data/15155094/fileData.do
서울특별시,양천구,가구류,장식장(유리문 포함),높이 120cm 이상,6000,,15155094,https://www.data.go.kr/data/15155094/fileData.do
서울특별시,양천구,가구류,장식장(유리문 포함),높이 180cm 이상,8000,,15155094,https://www.data.go.kr/data/15155094/fileData.do
서울특별시,양천구,가구류,장식장(유리문 포함),높이 90cm 이하,4000,,15155094,https://www.data.go.kr/data/15155094/fileData.do
서울특별시,양천구,가구류,장식장(유리문 포함),오디오용,3000,,15155094,https://www.data.go.kr/data/15155094/fileData.do
서울특별시,양천구,가구류,전자레인지 대,,3000,,15155094,https://www.data.go.kr/data/15155094/fileData.do
서울특별시,양천구,가구류,"책꽂이(책장,공간박스)",폭50cmx높이50cm 기준,1000,,15155094,https://www.data.go.kr/data/15155094/fileData.do
서울특별시,양천구,가구류,책상,H형 책상(책꽂이+상판+서랍장),8000,,15155094,https://www.data.go.kr/data/15155094/fileData.do
서울특별시,양천구,가구류,책상,독서실 책상,5000,,15155094,https://www.data.go.kr/data/15155094/fileData.do
서울특별시,양천구,가구류,책상,서랍 없음,3000,,15155094,https://www.data.go.kr/data/15155094/fileData.do
서울특별시,양천구,가구류,책상,양쪽 서랍,7000,,15155094,https://www.data.go.kr/data/15155094/fileData.do
서울특별시,양천구,가구류,책상,책상상판(폭120cmx세로60cm기준),2000,,15155094,https://www.data.go.kr/data/15155094/fileData.do
서울특별시,양천구,가구류,책상,컴퓨터 책상,3000,,15155094,https://www.data.go.kr/data/15155094/fileData.do
서울특별시,양천구,가구류,책상,한쪽 서랍,4000,,15155094,https://www.data.go.kr/data/15155094/fileData.do
서울특별시,양천구,가구류,"침대(돌,옥,황토 등)",1인용,25000,,15155094,https://www.data.go.kr/data/15155094/fileData.do
서울특별시,양천구,가구류,"침대(돌,옥,황토 등)",2인용,30000,,15155094,https://www.data.go.kr/data/15155094/fileData.do
서울특별시,양천구,가구류,침대(목재),1인용 라텍스매트리스(두께8cm미만),3000,,15155094,https://www.data.go.kr/data/15155094/fileData.do
서울특별시,양천구,가구류,침대(목재),1인용 라텍스매트리스(두께8cm이상),5000,,15155094,https://www.data.go.kr/data/15155094/fileData.do
서울특별시,양천구,가구류,침대(목재),1인용 매트리스,5000,,15155094,https://www.data.go.kr/data/15155094/fileData.do
서울특별시,양천구,가구류,침대(목재),1인용 세트(매트+틀),10000,,15155094,https://www.data.go.kr/data/15155094/fileData.do
서울특별시,양천구,가구류,침대(목재),1인용 침대틀(프레임),5000,,15155094,https://www.data.go.kr/data/15155094/fileData.do
서울특별시,양천구,가구류,침대(목재),2인용 라텍스매트리스(두께8cm미만),5000,,15155094,https://www.data.go.kr/data/15155094/fileData.do
서울특별시,양천구,가구류,침대(목재),2인용 라텍스매트리스(두께8cm이상),8000,,15155094,https://www.data.go.kr/data/15155094/fileData.do
서울특별시,양천구,가구류,침대(목재),2인용 매트리스,8000,,15155094,https://www.data.go.kr/data/15155094/fileData.do
서울특별시,양천구,가구류,침대(목재),2인용 세트(매트+틀),15000,,15155094,https://www.data.go.kr/data/15155094/fileData.do
서울특별시,양천구,가구류,침대(목재),2인용 침대틀(프레임),7000,,15155094,https://www.data.go.kr/data/15155094/fileData.do
서울특별시,양천구,가구류,침대(목재),소파베드(접이식침대),5000,,15155094,https://www.data.go.kr/data/15155094/fileData.do
서울특별시,양천구,가구류,침대(목재),아기침대(매트포함),5000,,15155094,https://www.data.go.kr/data/15155094/fileData.do
서울특별시,양천구,가구류,침대(목재),어린이2층침대,20000,,15155094,https://www.data.go.kr/data/15155094/fileData.do
서울특별시,양천구,가구류,침대(목재),침대헤드/침대상판,3000,,15155094,https://www.data.go.kr/data/15155094/fileData.do
서울특별시,양천구,가구류,캐비닛,폭90cmx높이180cm,4000,,15155094,https://www.data.go.kr/data/15155094/fileData.do
서울특별시,양천구,가구류,탁자(테이블),2인 이하,3000,,15155094,https://www.data.go.kr/data/15155094/fileData.do
서울특별시,양천구,가구류,탁자(테이블),4인 이상,4000,,15155094,https://www.data.go.kr/data/15155094/fileData.do
서울특별시,양천구,가구류,탁자(테이블),차탁자(티테이블),2000,,15155094,https://www.data.go.kr/data/15155094/fileData.do
서울특별시,양천구,가구류,탁자(테이블),회의용(10인 미만),6000,,15155094,https://www.data.go.kr/data/15155094/fileData.do
서울특별시,양천구,가구류,탁자(테이블),회의용(10인 이상),9000,,15155094,https://www.data.go.kr/data/15155094/fileData.do
서울특별시,양천구,가구류,파일캐비닛,3단 이하,2000,,15155094,https://www.data.go.kr/data/15155094/fileData.do
서울특별시,양천구,가구류,파일캐비닛,4단 이상,3000,,15155094,https://www.data.go.kr/data/15155094/fileData.do
서울특별시,양천구,가구류,화장대,"거울,의자 별도",3000,,15155094,https://www.data.go.kr/data/15155094/fileData.do
서울특별시,양천구,가구류,휠체어(수동),,2000,,15155094,https://www.data.go.kr/data/15155094/fileData.do
서울특별시,양천구,가구류,휠체어(전동),,10000,,15155094,https://www.data.go.kr/data/15155094/fileData.do
서울특별시,양천구,가전제품류,TV(*무상수거 불가한 경우에만 해당),25인치 미만,3000,,15155094,https://www.data.go.kr/data/15155094/fileData.do
서울특별시,양천구,가전제품류,TV(*무상수거 불가한 경우에만 해당),25인치 이상,5000,,15155094,https://www.data.go.kr/data/15155094/fileData.do
서울특별시,양천구,가전제품류,TV(*무상수거 불가한 경우에만 해당),42인치 이상,7000,,15155094,https://www.data.go.kr/data/15155094/fileData.do
서울특별시,양천구,가전제품류,가스오븐레인지,높이 1m 미만,0,,15155094,https://www.data.go.kr/data/15155094/fileData.do
서울특별시,양천구,가전제품류,가스오븐레인지,높이 1m 이상,4000,,15155094,https://www.data.go.kr/data/15155094/fileData.do
서울특별시,양천구,가전제품류,공기청정기(제습기)(*무상수거 불가한 경우에만 해당),높이 1m 미만,0,,15155094,https://www.data.go.kr/data/15155094/fileData.do
서울특별시,양천구,가전제품류,공기청정기(제습기)(*무상수거 불가한 경우에만 해당),높이 1m 이상,2000,,15155094,https://www.data.go.kr/data/15155094/fileData.do
서울특별시,양천구,가전제품류,공기청정기(제습기)(*무상수거 불가한 경우에만 해당),영업용(대형),8000,,15155094,https://www.data.go.kr/data/15155094/fileData.do
서울특별시,양천구,가전제품류,김치냉장고(*무상수거 불가한 경우에만 해당),130L 미만,3000,,15155094,https://www.data.go.kr/data/15155094/fileData.do
서울특별시,양천구,가전제품류,김치냉장고(*무상수거 불가한 경우에만 해당),130L 이상,5000,,15155094,https://www.data.go.kr/data/15155094/fileData.do
서울특별시,양천구,가전제품류,난로,"가스,석유,벽걸이",2000,,15155094,https://www.data.go.kr/data/15155094/fileData.do
서울특별시,양천구,가전제품류,난로,전기,0,,15155094,https://www.data.go.kr/data/15155094/fileData.do
서울특별시,양천구,가전제품류,냉장고(*무상수거 불가한 경우에만 해당),300L 미만,4000,,15155094,https://www.data.go.kr/data/15155094/fileData.do
서울특별시,양천구,가전제품류,냉장고(*무상수거 불가한 경우에만 해당),300L 이상,6000,,15155094,https://www.data.go.kr/data/15155094/fileData.do
서울특별시,양천구,가전제품류,냉장고(*무상수거 불가한 경우에만 해당),500L 이상,8000,,15155094,https://www.data.go.kr/data/15155094/fileData.do
서울특별시,양천구,가전제품류,냉장고(*무상수거 불가한 경우에만 해당),양문형(600L 이상),12000,,15155094,https://www.data.go.kr/data/15155094/fileData.do
서울특별시,양천구,가전제품류,냉장고(*무상수거 불가한 경우에만 해당),양문형(700L 이상),15000,,15155094,https://www.data.go.kr/data/15155094/fileData.do
서울특별시,양천구,가전제품류,냉장고(*무상수거 불가한 경우에만 해당),영업용(대형),20000,,15155094,https://www.data.go.kr/data/15155094/fileData.do
서울특별시,양천구,가전제품류,녹즙(믹서)기,높이 1m 미만,0,,15155094,https://www.data.go.kr/data/15155094/fileData.do
서울특별시,양천구,가전제품류,녹즙(믹서)기,높이 1m 이상,4000,,15155094,https://www.data.go.kr/data/15155094/fileData.do
서울특별시,양천구,가전제품류,런닝머신(*무상수거 불가한 경우에만 해당),대형,15000,,15155094,https://www.data.go.kr/data/15155094/fileData.do
서울특별시,양천구,가전제품류,런닝머신(*무상수거 불가한 경우에만 해당),소형(접이식),10000,,15155094,https://www.data.go.kr/data/15155094/fileData.do
서울특별시,양천구,가전제품류,보일러,16000㎈/h 미만,6000,,15155094,https://www.data.go.kr/data/15155094/fileData.do
서울특별시,양천구,가전제품류,보일러,16000㎈/h 이상,10000,,15155094,https://www.data.go.kr/data/15155094/fileData.do
서울특별시,양천구,가전제품류,복사기(복합기)(*무상수거 불가한 경우에만 해당),높이 1m 미만,0,,15155094,https://www.data.go.kr/data/15155094/fileData.do
서울특별시,양천구,가전제품류,복사기(복합기)(*무상수거 불가한 경우에만 해당),높이 1m 이상,9000,,15155094,https://www.data.go.kr/data/15155094/fileData.do
서울특별시,양천구,가전제품류,세단기(*무상수거 불가한 경우에만 해당),높이 1m 미만,0,,15155094,https://www.data.go.kr/data/15155094/fileData.do
서울특별시,양천구,가전제품류,세단기(*무상수거 불가한 경우에만 해당),높이 1m 이상,4000,,15155094,https://www.data.go.kr/data/15155094/fileData.do
서울특별시,양천구,가전제품류,세탁기(건조기)(*무상수거 불가한 경우에만 해당),세탁(건조)용량 10kg 미만,3000,,15155094,https://www.data.go.kr/data/15155094/fileData.do
서울특별시,양천구,가전제품류,세탁기(건조기)(*무상수거 불가한 경우에만 해당),세탁(건조)용량 10kg 이상,5000,,15155094,https://www.data.go.kr/data/15155094/fileData.do
서울특별시,양천구,가전제품류,스피커,높이 1m 미만,0,,15155094,https://www.data.go.kr/data/15155094/fileData.do
서울특별시,양천구,가전제품류,스피커,높이 1m 이상,2000,,15155094,https://www.data.go.kr/data/15155094/fileData.do
서울특별시,양천구,가전제품류,식기건조기(*무상수거 불가한 경우에만 해당),높이 1m 미만,0,,15155094,https://www.data.go.kr/data/15155094/fileData.do
서울특별시,양천구,가전제품류,식기건조기(*무상수거 불가한 경우에만 해당),높이 1m 이상,2000,,15155094,https://www.data.go.kr/data/15155094/fileData.do
서울특별시,양천구,가전제품류,식기세척기(*무상수거 불가한 경우에만 해당),높이 1m 미만,0,,15155094,https://www.data.go.kr/data/15155094/fileData.do
서울특별시,양천구,가전제품류,식기세척기(*무상수거 불가한 경우에만 해당),높이 1m 이상,3000,,15155094,https://www.data.go.kr/data/15155094/fileData.do
서울특별시,양천구,가전제품류,안마의자,대형(100kg 이상),15000,,15155094,https://www.data.go.kr/data/15155094/fileData.do
서울특별시,양천구,가전제품류,안마의자,소형(100kg 미만),10000,,15155094,https://www.data.go.kr/data/15155094/fileData.do
서울특별시,양천구,가전제품류,에어컨(온풍기)(*무상수거 불가한 경우에만 해당),264㎡ 이상,8000,,15155094,https://www.data.go.kr/data/15155094/fileData.do
서울특별시,양천구,가전제품류,에어컨(온풍기)(*무상수거 불가한 경우에만 해당),66㎡ 미만,3000,,15155094,https://www.data.go.kr/data/15155094/fileData.do
서울특별시,양천구,가전제품류,에어컨(온풍기)(*무상수거 불가한 경우에만 해당),66㎡ 이상,5000,,15155094,https://www.data.go.kr/data/15155094/fileData.do
서울특별시,양천구,가전제품류,에어컨(온풍기)(*무상수거 불가한 경우에만 해당),영업용(대형),15000,,15155094,https://www.data.go.kr/data/15155094/fileData.do
서울특별시,양천구,가전제품류,오디오,높이 1m 미만,0,,15155094,https://www.data.go.kr/data/15155094/fileData.do
서울특별시,양천구,가전제품류,오디오,높이 1m 이상,5000,,15155094,https://www.data.go.kr/data/15155094/fileData.do
서울특별시,양천구,가전제품류,오락기,높이 1m 미만,0,,15155094,https://www.data.go.kr/data/15155094/fileData.do
서울특별시,양천구,가전제품류,오락기,높이 1m 이상,10000,,15155094,https://www.data.go.kr/data/15155094/fileData.do
서울특별시,양천구,가전제품류,자동판매기(*무상수거 불가한 경우에만 해당),높이 1m 미만,0,,15155094,https://www.data.go.kr/data/15155094/fileData.do
서울특별시,양천구,가전제품류,자동판매기(*무상수거 불가한 경우에만 해당),높이 1m 이상,5000,,15155094,https://www.data.go.kr/data/15155094/fileData.do
서울특별시,양천구,가전제품류,정수기(*무상수거 불가한 경우에만 해당),높이 1m 미만,0,,15155094,https://www.data.go.kr/data/15155094/fileData.do
서울특별시,양천구,가전제품류,정수기(*무상수거 불가한 경우에만 해당),높이 1m 이상,5000,,15155094,https://www.data.go.kr/data/15155094/fileData.do
서울특별시,양천구,가전제품류,히터,전기,0,,15155094,https://www.data.go.kr/data/15155094/fileData.do
서울특별시,양천구,가전제품류,히터,"팬,가스",3000,,15155094,https://www.data.go.kr/data/15155094/fileData.do
서울특별시,양천구,생활용품,(입)간판,40cm x 100cm당,4000,,15155094,https://www.data.go.kr/data/15155094/fileData.do
서울특별시,양천구,생활용품,(입)간판,고무통 입간판,5000,,15155094,https://www.data.go.kr/data/15155094/fileData.do
서울특별시,양천구,생활용품,(입)간판,입간판(가장긴면 1m미만),1000,,15155094,https://www.data.go.kr/data/15155094/fileData.do
서울특별시,양천구,생활용품,(입)간판,입간판(가장긴면 1m이상),2000,,15155094,https://www.data.go.kr/data/15155094/fileData.do
서울특별시,양천구,생활용품,가방류(캐리어 등),골프채가방,3000,,15155094,https://www.data.go.kr/data/15155094/fileData.do
서울특별시,양천구,생활용품,가방류(캐리어 등),길이 50cm 미만,2000,,15155094,https://www.data.go.kr/data/15155094/fileData.do
서울특별시,양천구,생활용품,가방류(캐리어 등),길이 50cm 이상,3000,,15155094,https://www.data.go.kr/data/15155094/fileData.do
서울특별시,양천구,생활용품,거울(유리 등),가장긴면 100cm 이상,3000,,15155094,https://www.data.go.kr/data/15155094/fileData.do
서울특별시,양천구,생활용품,거울(유리 등),가장긴면 50cm 미만,1000,,15155094,https://www.data.go.kr/data/15155094/fileData.do
서울특별시,양천구,생활용품,거울(유리 등),가장긴면 50cm 이상,2000,,15155094,https://www.data.go.kr/data/15155094/fileData.do
서울특별시,양천구,생활용품,게시판(칠판),대형(가장긴면 1m이상),3000,,15155094,https://www.data.go.kr/data/15155094/fileData.do
서울특별시,양천구,생활용품,게시판(칠판),소형(가장긴면 1m미만),2000,,15155094,https://www.data.go.kr/data/15155094/fileData.do
서울특별시,양천구,생활용품,고무통,지름 1m 이상,5000,,15155094,https://www.data.go.kr/data/15155094/fileData.do
서울특별시,양천구,생활용품,고무통,지름 50cm 미만,2000,,15155094,https://www.data.go.kr/data/15155094/fileData.do
서울특별시,양천구,생활용품,고무통,지름 50cm 이상,3000,,15155094,https://www.data.go.kr/data/15155094/fileData.do
서울특별시,양천구,생활용품,금고(가정용),높이 1m 미만,10000,,15155094,https://www.data.go.kr/data/15155094/fileData.do
서울특별시,양천구,생활용품,금고(가정용),높이 1m 이상,20000,,15155094,https://www.data.go.kr/data/15155094/fileData.do
서울특별시,양천구,생활용품,다리미판,스탠드형,2000,,15155094,https://www.data.go.kr/data/15155094/fileData.do
서울특별시,양천구,생활용품,다리미판,좌식형,1000,,15155094,https://www.data.go.kr/data/15155094/fileData.do
서울특별시,양천구,생활용품,대자리(돗자리),3.3㎡당(180cmx180cm),2000,,15155094,https://www.data.go.kr/data/15155094/fileData.do
서울특별시,양천구,생활용품,도마,가정용,1000,,15155094,https://www.data.go.kr/data/15155094/fileData.do
서울특별시,양천구,생활용품,마네킹,대형(1m 이상),5000,,15155094,https://www.data.go.kr/data/15155094/fileData.do
서울특별시,양천구,생활용품,마네킹,소형(1m 미만),3000,,15155094,https://www.data.go.kr/data/15155094/fileData.do
서울특별시,양천구,생활용품,목재(나무묶음),묶은 지름 30cm 미만,2000,,15155094,https://www.data.go.kr/data/15155094/fileData.do
서울특별시,양천구,생활용품,목재(나무묶음),묶은 지름 30cm 이상,4000,,15155094,https://www.data.go.kr/data/15155094/fileData.do
서울특별시,양천구,생활용품,목재(나무묶음),판자 1㎡당,1000,,15155094,https://www.data.go.kr/data/15155094/fileData.do
서울특별시,양천구,생활용품,문짝,1짝(나무),2000,,15155094,https://www.data.go.kr/data/15155094/fileData.do
서울특별시,양천구,생활용품,문짝,1짝(유리),4000,,15155094,https://www.data.go.kr/data/15155094/fileData.do
서울특별시,양천구,생활용품,문짝,"강화유리(욕실,출입문 등)",8000,,15155094,https://www.data.go.kr/data/15155094/fileData.do
서울특별시,양천구,생활용품,물탱크,1톤당,6000,,15155094,https://www.data.go.kr/data/15155094/fileData.do
서울특별시,양천구,생활용품,바둑판,두께 60mm 미만,1000,,15155094,https://www.data.go.kr/data/15155094/fileData.do
서울특별시,양천구,생활용품,바둑판,두께 60mm 이상,2000,,15155094,https://www.data.go.kr/data/15155094/fileData.do
서울특별시,양천구,생활용품,병풍,2폭당,1000,,15155094,https://www.data.go.kr/data/15155094/fileData.do
서울특별시,양천구,생활용품,블라인드,1㎡당(100cmx100cm),1000,,15155094,https://www.data.go.kr/data/15155094/fileData.do
서울특별시,양천구,생활용품,빨래건조대,,2000,,15155094,https://www.data.go.kr/data/15155094/fileData.do
서울특별시,양천구,생활용품,스포츠용품,"2륜자전거(성인,아동)",3000,,15155094,https://www.data.go.kr/data/15155094/fileData.do
서울특별시,양천구,생활용품,스포츠용품,3륜자전거(아동),2000,,15155094,https://www.data.go.kr/data/15155094/fileData.do
서울특별시,양천구,생활용품,스포츠용품,골프채(스키폴),1000,,15155094,https://www.data.go.kr/data/15155094/fileData.do
서울특별시,양천구,생활용품,스포츠용품,"라켓(테니스,배드민턴)",1000,,15155094,https://www.data.go.kr/data/15155094/fileData.do
서울특별시,양천구,생활용품,스포츠용품,"보드(스키,스노보드,킥보드)",2000,,15155094,https://www.data.go.kr/data/15155094/fileData.do
서울특별시,양천구,생활용품,스포츠용품,"스케이트(인라인,스키부츠 등)",2000,,15155094,https://www.data.go.kr/data/15155094/fileData.do
서울특별시,양천구,생활용품,스포츠용품,아령(5kg당),1000,,15155094,https://www.data.go.kr/data/15155094/fileData.do
서울특별시,양천구,생활용품,스포츠용품,"전신스트레칭운동기구(거꾸리, 싯업보드 등)",4000,,15155094,https://www.data.go.kr/data/15155094/fileData.do
서울특별시,양천구,생활용품,스포츠용품,탁구대,10000,,15155094,https://www.data.go.kr/data/15155094/fileData.do
서울특별시,양천구,생활용품,스포츠용품,헬스스텝퍼(발판),2000,,15155094,https://www.data.go.kr/data/15155094/fileData.do
서울특별시,양천구,생활용품,스포츠용품,헬스자전거,5000,,15155094,https://www.data.go.kr/data/15155094/fileData.do
서울특별시,양천구,생활용품,시계,괘종시계(높이 1m 미만),2000,,15155094,https://www.data.go.kr/data/15155094/fileData.do
서울특별시,양천구,생활용품,시계,괘종시계(높이 1m 이상),3000,,15155094,https://www.data.go.kr/data/15155094/fileData.do
서울특별시,양천구,생활용품,시계,벽걸이 시계,1000,,15155094,https://www.data.go.kr/data/15155094/fileData.do
서울특별시,양천구,생활용품,쌀통,,3000,,15155094,https://www.data.go.kr/data/15155094/fileData.do
서울특별시,양천구,생활용품,쓰레기통,가정용,1000,,15155094,https://www.data.go.kr/data/15155094/fileData.do
서울특별시,양천구,생활용품,쓰레기통,"사무실용, 옥외용",2000,,15155094,https://www.data.go.kr/data/15155094/fileData.do
서울특별시,양천구,생활용품,아이스박스,30L 미만,1000,,15155094,https://www.data.go.kr/data/15155094/fileData.do
서울특별시,양천구,생활용품,아이스박스,30L 이상,2000,,15155094,https://www.data.go.kr/data/15155094/fileData.do
서울특별시,양천구,생활용품,아이스박스,50L 이상,3000,,15155094,https://www.data.go.kr/data/15155094/fileData.do
서울특별시,양천구,생활용품,악기류,"기타,바이올린 등",1000,,15155094,https://www.data.go.kr/data/15155094/fileData.do
서울특별시,양천구,생활용품,악기류,디지털피아노,5000,,15155094,https://www.data.go.kr/data/15155094/fileData.do
서울특별시,양천구,생활용품,악기류,오르간,4000,,15155094,https://www.data.go.kr/data/15155094/fileData.do
서울특별시,양천구,생활용품,악기류,피아노,15000,,15155094,https://www.data.go.kr/data/15155094/fileData.do
서울특별시,양천구,생활용품,액자,가장긴면 100cm 이상,3000,,15155094,https://www.data.go.kr/data/15155094/fileData.do
서울특별시,양천구,생활용품,액자,가장긴면 50cm 미만,1000,,15155094,https://www.data.go.kr/data/15155094/fileData.do
서울특별시,양천구,생활용품,액자,가장긴면 50cm 이상,2000,,15155094,https://www.data.go.kr/data/15155094/fileData.do
서울특별시,양천구,생활용품,어항(수족관),가장긴면 1m 미만,3000,,15155094,https://www.data.go.kr/data/15155094/fileData.do
서울특별시,양천구,생활용품,어항(수족관),가장긴면 1m 이상,5000,,15155094,https://www.data.go.kr/data/15155094/fileData.do
서울특별시,양천구,생활용품,어항(수족관),가장긴면 2m 이상(영업용),9000,,15155094,https://www.data.go.kr/data/15155094/fileData.do
서울특별시,양천구,생활용품,어항(수족관),가장긴면 30cm 이하,1000,,15155094,https://www.data.go.kr/data/15155094/fileData.do
서울특별시,양천구,생활용품,욕실용품,세면대,3000,,15155094,https://www.data.go.kr/data/15155094/fileData.do
서울특별시,양천구,생활용품,욕실용품,양변기,6000,,15155094,https://www.data.go.kr/data/15155094/fileData.do
서울특별시,양천구,생활용품,욕실용품,욕실장(유리포함)(폭60cmx높이80cm기준),3000,,15155094,https://www.data.go.kr/data/15155094/fileData.do
서울특별시,양천구,생활용품,욕실용품,욕조,6000,,15155094,https://www.data.go.kr/data/15155094/fileData.do
서울특별시,양천구,생활용품,욕실용품,유아욕조,2000,,15155094,https://www.data.go.kr/data/15155094/fileData.do
서울특별시,양천구,생활용품,욕실용품,좌변기,4000,,15155094,https://www.data.go.kr/data/15155094/fileData.do
서울특별시,양천구,생활용품,유모차(보행기),보행기,2000,,15155094,https://www.data.go.kr/data/15155094/fileData.do
서울특별시,양천구,생활용품,유모차(보행기),유모차(대형/디럭스),3000,,15155094,https://www.data.go.kr/data/15155094/fileData.do
서울특별시,양천구,생활용품,유모차(보행기),유모차(일반),2000,,15155094,https://www.data.go.kr/data/15155094/fileData.do
서울특별시,양천구,생활용품,이불,"솜이불(토퍼,바디필로우)",2000,,15155094,https://www.data.go.kr/data/15155094/fileData.do
서울특별시,양천구,생활용품,이불,"일반이불(쿠션,방석,베개 등)",1000,,15155094,https://www.data.go.kr/data/15155094/fileData.do
서울특별시,양천구,생활용품,장난감(인형)류,길이 50cm미만,1000,,15155094,https://www.data.go.kr/data/15155094/fileData.do
서울특별시,양천구,생활용품,장난감(인형)류,길이 50cm이상,2000,,15155094,https://www.data.go.kr/data/15155094/fileData.do
서울특별시,양천구,생활용품,장난감(인형)류,"유아용 목마,그네",1000,,15155094,https://www.data.go.kr/data/15155094/fileData.do
서울특별시,양천구,생활용품,장난감(인형)류,유아용 자동차,3000,,15155094,https://www.data.go.kr/data/15155094/fileData.do
서울특별시,양천구,생활용품,장판류,3.3㎡당(180cmx180cm),1000,,15155094,https://www.data.go.kr/data/15155094/fileData.do
서울특별시,양천구,생활용품,장판류,놀이방(폴더)매트(3.3㎡당),3000,,15155094,https://www.data.go.kr/data/15155094/fileData.do
서울특별시,양천구,생활용품,장판류,"옥,자석,온수 등(1인용)",4000,,15155094,https://www.data.go.kr/data/15155094/fileData.do
서울특별시,양천구,생활용품,장판류,"옥,자석,온수 등(2인용)",6000,,15155094,https://www.data.go.kr/data/15155094/fileData.do
서울특별시,양천구,생활용품,장판류,"전기,쿨매트(1인용)",2000,,15155094,https://www.data.go.kr/data/15155094/fileData.do
서울특별시,양천구,생활용품,장판류,"전기,쿨매트(2인용)",3000,,15155094,https://www.data.go.kr/data/15155094/fileData.do
서울특별시,양천구,생활용품,조명기구,대형(가장긴면 100cm이상),3000,,15155094,https://www.data.go.kr/data/15155094/fileData.do
서울특별시,양천구,생활용품,조명기구,소형(가장긴면 50cm미만),1000,,15155094,https://www.data.go.kr/data/15155094/fileData.do
서울특별시,양천구,생활용품,조명기구,중형(가장긴면 50cm이상),2000,,15155094,https://www.data.go.kr/data/15155094/fileData.do
서울특별시,양천구,생활용품,천막,길이 6m 미만,5000,,15155094,https://www.data.go.kr/data/15155094/fileData.do
서울특별시,양천구,생활용품,천막,길이 6m 이상,7000,,15155094,https://www.data.go.kr/data/15155094/fileData.do
서울특별시,양천구,생활용품,카시트,,2000,,15155094,https://www.data.go.kr/data/15155094/fileData.do
서울특별시,양천구,생활용품,카페트,3.3㎡당(180cmx180cm),2000,,15155094,https://www.data.go.kr/data/15155094/fileData.do
서울특별시,양천구,생활용품,캣타워,대형(가장긴면 1.5m이상),5000,,15155094,https://www.data.go.kr/data/15155094/fileData.do
서울특별시,양천구,생활용품,캣타워,소형(가장긴면 60cm미만),1000,,15155094,https://www.data.go.kr/data/15155094/fileData.do
서울특별시,양천구,생활용품,캣타워,중형(가장긴면 60cm이상),3000,,15155094,https://www.data.go.kr/data/15155094/fileData.do
서울특별시,양천구,생활용품,커튼,폭1m x 높이2m당,1000,,15155094,https://www.data.go.kr/data/15155094/fileData.do
서울특별시,양천구,생활용품,커튼봉,,1000,,15155094,https://www.data.go.kr/data/15155094/fileData.do
서울특별시,양천구,생활용품,타이어,대형(지름 110cm 이상),10000,,15155094,https://www.data.go.kr/data/15155094/fileData.do
서울특별시,양천구,생활용품,타이어,소형(지름 60cm 미만),3000,,15155094,https://www.data.go.kr/data/15155094/fileData.do
서울특별시,양천구,생활용품,타이어,중형(지름 60cm 이상),5000,,15155094,https://www.data.go.kr/data/15155094/fileData.do
서울특별시,양천구,생활용품,태양광 폐패널,가정용(20kg기준),7000,,15155094,https://www.data.go.kr/data/15155094/fileData.do
서울특별시,양천구,생활용품,텐트,4인용 이하,3000,,15155094,https://www.data.go.kr/data/15155094/fileData.do
서울특별시,양천구,생활용품,텐트,5인용 이상,4000,,15155094,https://www.data.go.kr/data/15155094/fileData.do
서울특별시,양천구,생활용품,파티션,1㎡당(100cmx100cm),2000,,15155094,https://www.data.go.kr/data/15155094/fileData.do
서울특별시,양천구,생활용품,폐소화기,20kg 이상,5000,,15155094,https://www.data.go.kr/data/15155094/fileData.do
서울특별시,양천구,생활용품,폐소화기,3.3kg,2000,,15155094,https://www.data.go.kr/data/15155094/fileData.do
서울특별시,양천구,생활용품,폐소화기,3.3kg 미만,1000,,15155094,https://www.data.go.kr/data/15155094/fileData.do
서울특별시,양천구,생활용품,폐소화기,6.5kg,3000,,15155094,https://www.data.go.kr/data/15155094/fileData.do
서울특별시,양천구,생활용품,항아리,대형(가장긴면 50cm이상),5000,,15155094,https://www.data.go.kr/data/15155094/fileData.do
서울특별시,양천구,생활용품,항아리,소형(가장긴면 30cm미만),2000,,15155094,https://www.data.go.kr/data/15155094/fileData.do
서울특별시,양천구,생활용품,항아리,중형(가장긴면 30cm이상),3000,,15155094,https://www.data.go.kr/data/15155094/fileData.do
서울특별시,양천구,생활용품,화분,대형(가장긴면 50cm이상),3000,,15155094,https://www.data.go.kr/data/15155094/fileData.do
서울특별시,양천구,생활용품,화분,소형(가장긴면 30cm미만),1000,,15155094,https://www.data.go.kr/data/15155094/fileData.do
서울특별시,양천구,생활용품,화분,중형(가장긴면 30cm이상),2000,,15155094,https://www.data.go.kr/data/15155094/fileData.do
서울특별시,양천구,생활용품,화분,화환(경조사),3000,,15155094,https://www.data.go.kr/data/15155094/fileData.do
서울특별시,양천구,생활용품,환풍기(배기후드),,2000,,15155094,https://www.data.go.kr/data/15155094/fileData.do
세종특별자치시,,,가방류,전체,2000,,15114559,https://www.data.go.kr/data/15114559/fileData.do
세종특별자치시,,,가스오븐레인지,높이1m미만,2000,,15114559,https://www.data.go.kr/data/15114559/fileData.do
세종특별자치시,,,가스오븐레인지,높이1m이상,4000,,15114559,https://www.data.go.kr/data/15114559/fileData.do
세종특별자치시,,,간판,㎡당,2000,,15114559,https://www.data.go.kr/data/15114559/fileData.do
세종특별자치시,,,개집,모든 규격,3000,,15114559,https://www.data.go.kr/data/15114559/fileData.do
세종특별자치시,,,거실장·문갑,1쪽당,4000,,15114559,https://www.data.go.kr/data/15114559/fileData.do
세종특별자치시,,,거울,모든규격,2000,,15114559,https://www.data.go.kr/data/15114559/fileData.do
세종특별자치시,,,건조대,모든규격,2000,,15114559,https://www.data.go.kr/data/15114559/fileData.do
세종특별자치시,,,고무통,90×100㎝미만,2000,,15114559,https://www.data.go.kr/data/15114559/fileData.do
세종특별자치시,,,고무통,90×100㎝이상,4000,,15114559,https://www.data.go.kr/data/15114559/fileData.do
세종특별자치시,,,금고,모든규격,6000,,15114559,https://www.data.go.kr/data/15114559/fileData.do
세종특별자치시,,,기타(공사장 생활폐기물 등),20㎏(ℓ) 자루,2000,,15114559,https://www.data.go.kr/data/15114559/fileData.do
세종특별자치시,,,나무류,100ℓ1묶음,5000,,15114559,https://www.data.go.kr/data/15114559/fileData.do
세종특별자치시,,,나무류,20ℓ 1묶음,2000,,15114559,https://www.data.go.kr/data/15114559/fileData.do
세종특별자치시,,,나무류,50ℓ 1묶음,3000,,15114559,https://www.data.go.kr/data/15114559/fileData.do
세종특별자치시,,,나무류,경량 칸막이,4000,,15114559,https://www.data.go.kr/data/15114559/fileData.do
세종특별자치시,,,나무류,공사용 판넬,5000,,15114559,https://www.data.go.kr/data/15114559/fileData.do
세종특별자치시,,,나무류,지게차 팔레트,4000,,15114559,https://www.data.go.kr/data/15114559/fileData.do
세종특별자치시,,,나무류,합판류(대| 1m이상),3000,,15114559,https://www.data.go.kr/data/15114559/fileData.do
세종특별자치시,,,나무류,합판류(소| 1m미만),2000,,15114559,https://www.data.go.kr/data/15114559/fileData.do
세종특별자치시,,,당구대,나무틀,20000,,15114559,https://www.data.go.kr/data/15114559/fileData.do
세종특별자치시,,,돌침대,모든규격,15000,,15114559,https://www.data.go.kr/data/15114559/fileData.do
세종특별자치시,,,돗자리,모든규격,2000,,15114559,https://www.data.go.kr/data/15114559/fileData.do
세종특별자치시,,,드럼통,모든규격,5000,,15114559,https://www.data.go.kr/data/15114559/fileData.do
세종특별자치시,,,뜀틀,모든규격,4000,,15114559,https://www.data.go.kr/data/15114559/fileData.do
세종특별자치시,,,매트리스,1인용 매트,4000,,15114559,https://www.data.go.kr/data/15114559/fileData.do
세종특별자치시,,,매트리스,2인용 매트,6000,,15114559,https://www.data.go.kr/data/15114559/fileData.do
세종특별자치시,,,매트리스,3단 쇼파겸용,4000,,15114559,https://www.data.go.kr/data/15114559/fileData.do
세종특별자치시,,,문짝,대형(2㎡이상),6000,,15114559,https://www.data.go.kr/data/15114559/fileData.do
세종특별자치시,,,문짝,소형(2㎡미만),3000,,15114559,https://www.data.go.kr/data/15114559/fileData.do
세종특별자치시,,,미끄럼틀,유아용(나무),5000,,15114559,https://www.data.go.kr/data/15114559/fileData.do
세종특별자치시,,,밥상,대형(5인이상),3000,,15114559,https://www.data.go.kr/data/15114559/fileData.do
세종특별자치시,,,밥상,소형(5인미만),2000,,15114559,https://www.data.go.kr/data/15114559/fileData.do
세종특별자치시,,,방충망,모든규격,2000,,15114559,https://www.data.go.kr/data/15114559/fileData.do
세종특별자치시,,,베개,모든 규격,1000,,15114559,https://www.data.go.kr/data/15114559/fileData.do
세종특별자치시,,,벽시계,모든규격,2000,,15114559,https://www.data.go.kr/data/15114559/fileData.do
세종특별자치시,,,변기통,모든규격,3000,,15114559,https://www.data.go.kr/data/15114559/fileData.do
세종특별자치시,,,병풍,모든규격,3000,,15114559,https://www.data.go.kr/data/15114559/fileData.do
세종특별자치시,,,보일러,모든규격,5000,,15114559,https://www.data.go.kr/data/15114559/fileData.do
세종특별자치시,,,보행기,모든규격,2000,,15114559,https://www.data.go.kr/data/15114559/fileData.do
세종특별자치시,,,블라인드,모든규격,3000,,15114559,https://www.data.go.kr/data/15114559/fileData.do
세종특별자치시,,,비키니옷장,모든규격,5000,,15114559,https://www.data.go.kr/data/15114559/fileData.do
세종특별자치시,,,서랍장,5단 미만,3000,,15114559,https://www.data.go.kr/data/15114559/fileData.do
세종특별자치시,,,서랍장,5단 이상,5000,,15114559,https://www.data.go.kr/data/15114559/fileData.do
세종특별자치시,,,석유난로,모든규격,4000,,15114559,https://www.data.go.kr/data/15114559/fileData.do
세종특별자치시,,,세면대,모든규격,3000,,15114559,https://www.data.go.kr/data/15114559/fileData.do
세종특별자치시,,,소파,1인용(개당),3000,,15114559,https://www.data.go.kr/data/15114559/fileData.do
세종특별자치시,,,소파,2인용이상(개당),4000,,15114559,https://www.data.go.kr/data/15114559/fileData.do
세종특별자치시,,,소파,대형(6인용),8000,,15114559,https://www.data.go.kr/data/15114559/fileData.do
세종특별자치시,,,소파,소형(4인용),5000,,15114559,https://www.data.go.kr/data/15114559/fileData.do
세종특별자치시,,,소화기(약제기준),3.3㎏이하,3000,,15114559,https://www.data.go.kr/data/15114559/fileData.do
세종특별자치시,,,소화기(약제기준),3.3㎏초과,5000,,15114559,https://www.data.go.kr/data/15114559/fileData.do
세종특별자치시,,,수족관,1m 미만,3000,,15114559,https://www.data.go.kr/data/15114559/fileData.do
세종특별자치시,,,수족관,1m 이상,7000,,15114559,https://www.data.go.kr/data/15114559/fileData.do
세종특별자치시,,,스텝퍼,모든 규격,4000,,15114559,https://www.data.go.kr/data/15114559/fileData.do
세종특별자치시,,,식탁,5인용 이하,4000,,15114559,https://www.data.go.kr/data/15114559/fileData.do
세종특별자치시,,,식탁,6인용 이상,5000,,15114559,https://www.data.go.kr/data/15114559/fileData.do
세종특별자치시,,,신발장,높이1m미만,2000,,15114559,https://www.data.go.kr/data/15114559/fileData.do
세종특별자치시,,,신발장,높이1m이상,3000,,15114559,https://www.data.go.kr/data/15114559/fileData.do
세종특별자치시,,,싯업보드,모든 규격,4000,,15114559,https://www.data.go.kr/data/15114559/fileData.do
세종특별자치시,,,씽크대,가스레인지대(개당),2000,,15114559,https://www.data.go.kr/data/15114559/fileData.do
세종특별자치시,,,씽크대,개수대(개당),3000,,15114559,https://www.data.go.kr/data/15114559/fileData.do
세종특별자치시,,,씽크대,찬장(개당),3000,,15114559,https://www.data.go.kr/data/15114559/fileData.do
세종특별자치시,,,아기용 침대,모든규격,8000,,15114559,https://www.data.go.kr/data/15114559/fileData.do
세종특별자치시,,,아이스박스,모든규격,2000,,15114559,https://www.data.go.kr/data/15114559/fileData.do
세종특별자치시,,,액자,모든규격,2000,,15114559,https://www.data.go.kr/data/15114559/fileData.do
세종특별자치시,,,오디오케이스,모든규격,2000,,15114559,https://www.data.go.kr/data/15114559/fileData.do
세종특별자치시,,,옷걸이대,모든규격,2000,,15114559,https://www.data.go.kr/data/15114559/fileData.do
세종특별자치시,,,욕조,모든규격,4000,,15114559,https://www.data.go.kr/data/15114559/fileData.do
세종특별자치시,,,우산,모든규격,2000,,15114559,https://www.data.go.kr/data/15114559/fileData.do
세종특별자치시,,,유리판,모든규격,2000,,15114559,https://www.data.go.kr/data/15114559/fileData.do
세종특별자치시,,,유모차,모든규격,2000,,15114559,https://www.data.go.kr/data/15114559/fileData.do
세종특별자치시,,,의자,바퀴달린의자,3000,,15114559,https://www.data.go.kr/data/15114559/fileData.do
세종특별자치시,,,의자,일반의자,2000,,15114559,https://www.data.go.kr/data/15114559/fileData.do
세종특별자치시,,,이불,대(겨울용),4000,,15114559,https://www.data.go.kr/data/15114559/fileData.do
세종특별자치시,,,이불,소(여름용),2000,,15114559,https://www.data.go.kr/data/15114559/fileData.do
세종특별자치시,,,자석요,모든규격,4000,,15114559,https://www.data.go.kr/data/15114559/fileData.do
세종특별자치시,,,자전거,성인용,3000,,15114559,https://www.data.go.kr/data/15114559/fileData.do
세종특별자치시,,,자전거,어린이용,2000,,15114559,https://www.data.go.kr/data/15114559/fileData.do
세종특별자치시,,,장롱,120㎝장1쪽,15000,,15114559,https://www.data.go.kr/data/15114559/fileData.do
세종특별자치시,,,장롱,90㎝장1쪽,10000,,15114559,https://www.data.go.kr/data/15114559/fileData.do
세종특별자치시,,,장식장(책장)·차단스,90×180㎝미만,5000,,15114559,https://www.data.go.kr/data/15114559/fileData.do
세종특별자치시,,,장식장(책장)·차단스,90×180㎝이상,7000,,15114559,https://www.data.go.kr/data/15114559/fileData.do
세종특별자치시,,,장판,평당,1000,,15114559,https://www.data.go.kr/data/15114559/fileData.do
세종특별자치시,,,재봉틀,모든규격,4000,,15114559,https://www.data.go.kr/data/15114559/fileData.do
세종특별자치시,,,제도판,모든규격,2000,,15114559,https://www.data.go.kr/data/15114559/fileData.do
세종특별자치시,,,진열장,"약장, 금방",10000,,15114559,https://www.data.go.kr/data/15114559/fileData.do
세종특별자치시,,,책꽂이,다용도(3단),3000,,15114559,https://www.data.go.kr/data/15114559/fileData.do
세종특별자치시,,,책꽂이,일반(2단),2000,,15114559,https://www.data.go.kr/data/15114559/fileData.do
세종특별자치시,,,책상,대형(양수),5000,,15114559,https://www.data.go.kr/data/15114559/fileData.do
세종특별자치시,,,책상,소형(편수),4000,,15114559,https://www.data.go.kr/data/15114559/fileData.do
세종특별자치시,,,칠판,모든규격,3000,,15114559,https://www.data.go.kr/data/15114559/fileData.do
세종특별자치시,,,침대 프레임,1인용침대,8000,,15114559,https://www.data.go.kr/data/15114559/fileData.do
세종특별자치시,,,침대 프레임,2인용침대,10000,,15114559,https://www.data.go.kr/data/15114559/fileData.do
세종특별자치시,,,카펫,평당,2000,,15114559,https://www.data.go.kr/data/15114559/fileData.do
세종특별자치시,,,칼라박스,모든규격,2000,,15114559,https://www.data.go.kr/data/15114559/fileData.do
세종특별자치시,,,캐비닛,철재,4000,,15114559,https://www.data.go.kr/data/15114559/fileData.do
세종특별자치시,,,캐비닛,파일 3단미만,2000,,15114559,https://www.data.go.kr/data/15114559/fileData.do
세종특별자치시,,,캐비닛,파일 4단이상,3000,,15114559,https://www.data.go.kr/data/15114559/fileData.do
세종특별자치시,,,캣타워,모든 규격,3000,,15114559,https://www.data.go.kr/data/15114559/fileData.do
세종특별자치시,,,쿠션,모든 규격,1000,,15114559,https://www.data.go.kr/data/15114559/fileData.do
세종특별자치시,,,탁구대,모든규격,7000,,15114559,https://www.data.go.kr/data/15114559/fileData.do
세종특별자치시,,,탁자,모든규격,3000,,15114559,https://www.data.go.kr/data/15114559/fileData.do
세종특별자치시,,,텐트,5인 미만,2000,,15114559,https://www.data.go.kr/data/15114559/fileData.do
세종특별자치시,,,텐트,5인 이상,3000,,15114559,https://www.data.go.kr/data/15114559/fileData.do
세종특별자치시,,,파라솔,모든규격,3000,,15114559,https://www.data.go.kr/data/15114559/fileData.do
세종특별자치시,,,평상,모든규격,5000,,15114559,https://www.data.go.kr/data/15114559/fileData.do
세종특별자치시,,,폐차광막,묶음단위(길이2mx지름30cm),4000,,15114559,https://www.data.go.kr/data/15114559/fileData.do
세종특별자치시,,,피아노,그랜드,15000,,15114559,https://www.data.go.kr/data/15114559/fileData.do
세종특별자치시,,,피아노,어프라이트,10000,,15114559,https://www.data.go.kr/data/15114559/fileData.do
세종특별자치시,,,항아리,모든규격,2000,,15114559,https://www.data.go.kr/data/15114559/fileData.do
세종특별자치시,,,헬스자전거,모든 규격,7000,,15114559,https://www.data.go.kr/data/15114559/fileData.do
세종특별자치시,,,화장대,폭120㎝미만,5000,,15114559,https://www.data.go.kr/data/15114559/fileData.do
세종특별자치시,,,화장대,폭120㎝이상,8000,,15114559,https://www.data.go.kr/data/15114559/fileData.do
세종특별자치시,,,화판,모든규격,2000,,15114559,https://www.data.go.kr/data/15114559/fileData.do
세종특별자치시,,,휠체어,모든규격,2000,,15114559,https://www.data.go.kr/data/15114559/fileData.do
울산광역시,남구,,가방,골프가방,4000,,15147674,https://www.data.go.kr/data/15147674/fileData.do
울산광역시,남구,,가방,그 외,1000,,15147674,https://www.data.go.kr/data/15147674/fileData.do
울산광역시,남구,,가방,여행용(기내용),2000,,15147674,https://www.data.go.kr/data/15147674/fileData.do
울산광역시,남구,,가방,여행용(화물용),3000,,15147674,https://www.data.go.kr/data/15147674/fileData.do
울산광역시,남구,,가스레인지,일반 규격,2000,,15147674,https://www.data.go.kr/data/15147674/fileData.do
울산광역시,남구,,가스레인지대,일반 규격,2000,,15147674,https://www.data.go.kr/data/15147674/fileData.do
울산광역시,남구,,가정배출소량폐기물,40kg 기준,6000,,15147674,https://www.data.go.kr/data/15147674/fileData.do
울산광역시,남구,,간판,길이 2m 미만,4000,,15147674,https://www.data.go.kr/data/15147674/fileData.do
울산광역시,남구,,간판,길이 2m 이상,6000,,15147674,https://www.data.go.kr/data/15147674/fileData.do
울산광역시,남구,,개 집,일반 규격,4000,,15147674,https://www.data.go.kr/data/15147674/fileData.do
울산광역시,남구,,금고,가로 60cm 미만,30000,,15147674,https://www.data.go.kr/data/15147674/fileData.do
울산광역시,남구,,금고,가로 60cm 이상,50000,,15147674,https://www.data.go.kr/data/15147674/fileData.do
울산광역시,남구,,기름 탱크,400l 미만,4000,,15147674,https://www.data.go.kr/data/15147674/fileData.do
울산광역시,남구,,기름 탱크,400l 이상,6000,,15147674,https://www.data.go.kr/data/15147674/fileData.do
울산광역시,남구,,깨진 유리,1kg 당,2000,,15147674,https://www.data.go.kr/data/15147674/fileData.do
울산광역시,남구,,돌+흑침대,1인용,20000,,15147674,https://www.data.go.kr/data/15147674/fileData.do
울산광역시,남구,,돌+흑침대,2인용,30000,,15147674,https://www.data.go.kr/data/15147674/fileData.do
울산광역시,남구,,마네킹,일반 규격,5000,,15147674,https://www.data.go.kr/data/15147674/fileData.do
울산광역시,남구,,목재류,정원수(100l 마대),9000,,15147674,https://www.data.go.kr/data/15147674/fileData.do
울산광역시,남구,,목재류,폐목재류(10kg 당),2000,,15147674,https://www.data.go.kr/data/15147674/fileData.do
울산광역시,남구,,문갑,1짝 당,4000,,15147674,https://www.data.go.kr/data/15147674/fileData.do
울산광역시,남구,,문짝,일반 규격,4000,,15147674,https://www.data.go.kr/data/15147674/fileData.do
울산광역시,남구,,물탱크(FRP),1톤 미만,15000,,15147674,https://www.data.go.kr/data/15147674/fileData.do
울산광역시,남구,,물탱크(FRP),3톤 이상,30000,,15147674,https://www.data.go.kr/data/15147674/fileData.do
울산광역시,남구,,물탱크(FRP),3톤미만 1톤이상,20000,,15147674,https://www.data.go.kr/data/15147674/fileData.do
울산광역시,남구,,배기후드,일반 규격,2000,,15147674,https://www.data.go.kr/data/15147674/fileData.do
울산광역시,남구,,변기(물통포함),양변기,10000,,15147674,https://www.data.go.kr/data/15147674/fileData.do
울산광역시,남구,,변기(물통포함),좌변기(소형),5000,,15147674,https://www.data.go.kr/data/15147674/fileData.do
울산광역시,남구,,병풍,일반 규격,3000,,15147674,https://www.data.go.kr/data/15147674/fileData.do
울산광역시,남구,,보일러,기름 일반 규격,7000,,15147674,https://www.data.go.kr/data/15147674/fileData.do
울산광역시,남구,,보일러,연탄+가스 일반 규격,6000,,15147674,https://www.data.go.kr/data/15147674/fileData.do
울산광역시,남구,,보행기,일반 규격,2000,,15147674,https://www.data.go.kr/data/15147674/fileData.do
울산광역시,남구,,블라인드,일반 규격,3000,,15147674,https://www.data.go.kr/data/15147674/fileData.do
울산광역시,남구,,비디오테이프,20l 당,2000,,15147674,https://www.data.go.kr/data/15147674/fileData.do
울산광역시,남구,,상(교자상 등),6인용 미만,2000,,15147674,https://www.data.go.kr/data/15147674/fileData.do
울산광역시,남구,,상(교자상 등),6인용 이상,3000,,15147674,https://www.data.go.kr/data/15147674/fileData.do
울산광역시,남구,,서랍장,5단 미만,7000,,15147674,https://www.data.go.kr/data/15147674/fileData.do
울산광역시,남구,,서랍장,5단 이상,10000,,15147674,https://www.data.go.kr/data/15147674/fileData.do
울산광역시,남구,,세면대,일반 규격,5000,,15147674,https://www.data.go.kr/data/15147674/fileData.do
울산광역시,남구,,소화기,일반 규격,3000,,15147674,https://www.data.go.kr/data/15147674/fileData.do
울산광역시,남구,,쇼파,1인용,5000,,15147674,https://www.data.go.kr/data/15147674/fileData.do
울산광역시,남구,,쇼파,2인용,7000,,15147674,https://www.data.go.kr/data/15147674/fileData.do
울산광역시,남구,,쇼파,3인용,10000,,15147674,https://www.data.go.kr/data/15147674/fileData.do
울산광역시,남구,,쇼파,스툴 및 보조의자,3000,,15147674,https://www.data.go.kr/data/15147674/fileData.do
울산광역시,남구,,수도호스,10m 당,2000,,15147674,https://www.data.go.kr/data/15147674/fileData.do
울산광역시,남구,,수족관(어항),2m미만 1m이상,5000,,15147674,https://www.data.go.kr/data/15147674/fileData.do
울산광역시,남구,,수족관(어항),길이 1m 미만,3000,,15147674,https://www.data.go.kr/data/15147674/fileData.do
울산광역시,남구,,수족관(어항),길이 2m 이상,7000,,15147674,https://www.data.go.kr/data/15147674/fileData.do
울산광역시,남구,,시계(벽시계 등),대형,5000,,15147674,https://www.data.go.kr/data/15147674/fileData.do
울산광역시,남구,,시계(벽시계 등),소형,2000,,15147674,https://www.data.go.kr/data/15147674/fileData.do
울산광역시,남구,,시계(벽시계 등),중형,3000,,15147674,https://www.data.go.kr/data/15147674/fileData.do
울산광역시,남구,,식탁(대리석),6인용 미만,7000,,15147674,https://www.data.go.kr/data/15147674/fileData.do
울산광역시,남구,,식탁(대리석),6인용 이상,10000,,15147674,https://www.data.go.kr/data/15147674/fileData.do
울산광역시,남구,,식탁(목재),6인용 미만,5000,,15147674,https://www.data.go.kr/data/15147674/fileData.do
울산광역시,남구,,식탁(목재),6인용 이상,7000,,15147674,https://www.data.go.kr/data/15147674/fileData.do
울산광역시,남구,,신발장,높이 1m 미만,4000,,15147674,https://www.data.go.kr/data/15147674/fileData.do
울산광역시,남구,,신발장,높이 1m 이상,6000,,15147674,https://www.data.go.kr/data/15147674/fileData.do
울산광역시,남구,,쌀 통,일반 규격,3000,,15147674,https://www.data.go.kr/data/15147674/fileData.do
울산광역시,남구,,씽크대,길이 1m 미만(1쪽),7000,,15147674,https://www.data.go.kr/data/15147674/fileData.do
울산광역시,남구,,씽크대,길이 1m 이상(1쪽),10000,,15147674,https://www.data.go.kr/data/15147674/fileData.do
울산광역시,남구,,씽크찬장,1쪽 당,4000,,15147674,https://www.data.go.kr/data/15147674/fileData.do
울산광역시,남구,,액자(거울포함),1m*1m 미만,2000,,15147674,https://www.data.go.kr/data/15147674/fileData.do
울산광역시,남구,,액자(거울포함),1m*1m 이상,3000,,15147674,https://www.data.go.kr/data/15147674/fileData.do
울산광역시,남구,,오디오장식장,일반 규격,4000,,15147674,https://www.data.go.kr/data/15147674/fileData.do
울산광역시,남구,,옷걸이,스탠드형,2000,,15147674,https://www.data.go.kr/data/15147674/fileData.do
울산광역시,남구,,요(담요),장 당,3000,,15147674,https://www.data.go.kr/data/15147674/fileData.do
울산광역시,남구,,욕조,2m미만 1m이상,10000,,15147674,https://www.data.go.kr/data/15147674/fileData.do
울산광역시,남구,,욕조,길이 1m 미만,7000,,15147674,https://www.data.go.kr/data/15147674/fileData.do
울산광역시,남구,,욕조,길이 2m 이상,20000,,15147674,https://www.data.go.kr/data/15147674/fileData.do
울산광역시,남구,,우산,일반 규격,1000,,15147674,https://www.data.go.kr/data/15147674/fileData.do
울산광역시,남구,,운동기구,기타,3000,,15147674,https://www.data.go.kr/data/15147674/fileData.do
울산광역시,남구,,운동기구,러닝머신,10000,,15147674,https://www.data.go.kr/data/15147674/fileData.do
울산광역시,남구,,유모차,일반 규격,3000,,15147674,https://www.data.go.kr/data/15147674/fileData.do
울산광역시,남구,,의자,보조의자(플라스틱),1000,,15147674,https://www.data.go.kr/data/15147674/fileData.do
울산광역시,남구,,의자,안마의자,15000,,15147674,https://www.data.go.kr/data/15147674/fileData.do
울산광역시,남구,,의자,일반의자,3000,,15147674,https://www.data.go.kr/data/15147674/fileData.do
울산광역시,남구,,이불(돗자리),돗자리,2000,,15147674,https://www.data.go.kr/data/15147674/fileData.do
울산광역시,남구,,이불(돗자리),솜이불,3000,,15147674,https://www.data.go.kr/data/15147674/fileData.do
울산광역시,남구,,이불(돗자리),홑이불,2000,,15147674,https://www.data.go.kr/data/15147674/fileData.do
울산광역시,남구,,인형+장난감류,20l 당,1000,,15147674,https://www.data.go.kr/data/15147674/fileData.do
울산광역시,남구,,자전거,성인용,3000,,15147674,https://www.data.go.kr/data/15147674/fileData.do
울산광역시,남구,,자전거,유아용,2000,,15147674,https://www.data.go.kr/data/15147674/fileData.do
울산광역시,남구,,장독(항아리),20l 미만,2000,,15147674,https://www.data.go.kr/data/15147674/fileData.do
울산광역시,남구,,장독(항아리),20l 이상,4000,,15147674,https://www.data.go.kr/data/15147674/fileData.do
울산광역시,남구,,장롱,길이 120cm 미만,12000,,15147674,https://www.data.go.kr/data/15147674/fileData.do
울산광역시,남구,,장롱,길이 120cm 이상,15000,,15147674,https://www.data.go.kr/data/15147674/fileData.do
울산광역시,남구,,장판,5m 당,4000,,15147674,https://www.data.go.kr/data/15147674/fileData.do
울산광역시,남구,,전기매트(옥매트+온수매트),1인용,5000,,15147674,https://www.data.go.kr/data/15147674/fileData.do
울산광역시,남구,,전기매트(옥매트+온수매트),2인용 이상,8000,,15147674,https://www.data.go.kr/data/15147674/fileData.do
울산광역시,남구,,전등 기구류(형광등 류),일반용,1000,,15147674,https://www.data.go.kr/data/15147674/fileData.do
울산광역시,남구,,전등 기구류(형광등 류),장식용,5000,,15147674,https://www.data.go.kr/data/15147674/fileData.do
울산광역시,남구,,진열장+장식장+책장(문유리 포함),120cm미만 90cm이상,12000,,15147674,https://www.data.go.kr/data/15147674/fileData.do
울산광역시,남구,,진열장+장식장+책장(문유리 포함),길이 120cm 이상,15000,,15147674,https://www.data.go.kr/data/15147674/fileData.do
울산광역시,남구,,진열장+장식장+책장(문유리 포함),길이 90cm 미만,10000,,15147674,https://www.data.go.kr/data/15147674/fileData.do
울산광역시,남구,,창문(틀),일반 규격,2000,,15147674,https://www.data.go.kr/data/15147674/fileData.do
울산광역시,남구,,책꽂이,1단,2000,,15147674,https://www.data.go.kr/data/15147674/fileData.do
울산광역시,남구,,책상,양수(대형),7000,,15147674,https://www.data.go.kr/data/15147674/fileData.do
울산광역시,남구,,책상,책장세트,12000,,15147674,https://www.data.go.kr/data/15147674/fileData.do
울산광역시,남구,,책상,편수(소형),5000,,15147674,https://www.data.go.kr/data/15147674/fileData.do
울산광역시,남구,,침대,라텍스(1인용),5000,,15147674,https://www.data.go.kr/data/15147674/fileData.do
울산광역시,남구,,침대,라텍스(2인용),10000,,15147674,https://www.data.go.kr/data/15147674/fileData.do
울산광역시,남구,,침대,매트리스(1인용),10000,,15147674,https://www.data.go.kr/data/15147674/fileData.do
울산광역시,남구,,침대,매트리스(2인용),15000,,15147674,https://www.data.go.kr/data/15147674/fileData.do
울산광역시,남구,,침대,유아용,10000,,15147674,https://www.data.go.kr/data/15147674/fileData.do
울산광역시,남구,,침대 받침대,1인용,5000,,15147674,https://www.data.go.kr/data/15147674/fileData.do
울산광역시,남구,,침대 받침대,2인용,8000,,15147674,https://www.data.go.kr/data/15147674/fileData.do
울산광역시,남구,,카시트(유아용),일반 규격,2000,,15147674,https://www.data.go.kr/data/15147674/fileData.do
울산광역시,남구,,카펫,1m2 당,3000,,15147674,https://www.data.go.kr/data/15147674/fileData.do
울산광역시,남구,,칸막이(판넬),1m 당,4000,,15147674,https://www.data.go.kr/data/15147674/fileData.do
울산광역시,남구,,캐비닛,높이 1m 미만,4000,,15147674,https://www.data.go.kr/data/15147674/fileData.do
울산광역시,남구,,캐비닛,높이 1m 이상,8000,,15147674,https://www.data.go.kr/data/15147674/fileData.do
울산광역시,남구,,텐트(천막),100l 마대 기준,7000,,15147674,https://www.data.go.kr/data/15147674/fileData.do
울산광역시,남구,,텔레비전 받침대,일반 규격,4000,,15147674,https://www.data.go.kr/data/15147674/fileData.do
울산광역시,남구,,평상,2m*2m미만,10000,,15147674,https://www.data.go.kr/data/15147674/fileData.do
울산광역시,남구,,평상,2m*2m이상,15000,,15147674,https://www.data.go.kr/data/15147674/fileData.do
울산광역시,남구,,피아노,그랜드,25000,,15147674,https://www.data.go.kr/data/15147674/fileData.do
울산광역시,남구,,피아노,디지털,15000,,15147674,https://www.data.go.kr/data/15147674/fileData.do
울산광역시,남구,,피아노,업라이트,18000,,15147674,https://www.data.go.kr/data/15147674/fileData.do
울산광역시,남구,,합판,장 당,3000,,15147674,https://www.data.go.kr/data/15147674/fileData.do
울산광역시,남구,,화분,대형,2000,,15147674,https://www.data.go.kr/data/15147674/fileData.do
울산광역시,남구,,화분,소형,1000,,15147674,https://www.data.go.kr/data/15147674/fileData.do
울산광역시,남구,,화장대,120cm미만 90cm이상,6000,,15147674,https://www.data.go.kr/data/15147674/fileData.do
울산광역시,남구,,화장대,길이 120cm 이상,7000,,15147674,https://www.data.go.kr/data/15147674/fileData.do
울산광역시,남구,,화장대,길이 90cm 미만,5000,,15147674,https://www.data.go.kr/data/15147674/fileData.do
인천광역시,남동구,가구/사무,2층침대,더블,20000,2024-05-08,15087486,https://www.data.go.kr/data/15087486/fileData.do
인천광역시,남동구,가구/사무,2층침대,싱글,17000,2024-05-08,15087486,https://www.data.go.kr/data/15087486/fileData.do
인천광역시,남동구,가구/사무,CD장식장,,3000,2024-05-08,15087486,https://www.data.go.kr/data/15087486/fileData.do
인천광역시,남동구,가구/사무,TV다이,가운데긴 것(서랍장 5단미만),5000,2024-05-08,15087486,https://www.data.go.kr/data/15087486/fileData.do
인천광역시,남동구,가구/사무,간이침대,라꾸라꾸,10000,2024-05-08,15087486,https://www.data.go.kr/data/15087486/fileData.do
인천광역시,남동구,가구/사무,공간박스,,2000,2024-05-08,15087486,https://www.data.go.kr/data/15087486/fileData.do
인천광역시,남동구,가구/사무,교회의자,길다란 것,15000,2024-05-08,15087486,https://www.data.go.kr/data/15087486/fileData.do
인천광역시,남동구,가구/사무,대나무 돗자리,,5000,2024-05-08,15087486,https://www.data.go.kr/data/15087486/fileData.do
인천광역시,남동구,가구/사무,대나무발,,2000,2024-05-08,15087486,https://www.data.go.kr/data/15087486/fileData.do
인천광역시,남동구,가구/사무,대리석(돌) 식탁,모든규격,10000,2024-05-08,15087486,https://www.data.go.kr/data/15087486/fileData.do
인천광역시,남동구,가구/사무,독서실책상,모든 규격,7000,2024-05-08,15087486,https://www.data.go.kr/data/15087486/fileData.do
인천광역시,남동구,가구/사무,돌문갑,3단분리형 좌우양쪽 개당,5000,2024-05-08,15087486,https://www.data.go.kr/data/15087486/fileData.do
인천광역시,남동구,가구/사무,돌문갑,3단분리형 중앙,10000,2024-05-08,15087486,https://www.data.go.kr/data/15087486/fileData.do
인천광역시,남동구,가구/사무,돌침대,돌침대+ 흙침대,20000,2024-05-08,15087486,https://www.data.go.kr/data/15087486/fileData.do
인천광역시,남동구,가구/사무,라텍스매트+ 메모리폼매트,퀸사이즈,8000,2024-05-08,15087486,https://www.data.go.kr/data/15087486/fileData.do
인천광역시,남동구,가구/사무,렌지대,일반규격,7000,2024-05-08,15087486,https://www.data.go.kr/data/15087486/fileData.do
인천광역시,남동구,가구/사무,마네킹,반신,5000,2024-05-08,15087486,https://www.data.go.kr/data/15087486/fileData.do
인천광역시,남동구,가구/사무,마네킹,전신,10000,2024-05-08,15087486,https://www.data.go.kr/data/15087486/fileData.do
인천광역시,남동구,가구/사무,문갑,모든규격,5000,2024-05-08,15087486,https://www.data.go.kr/data/15087486/fileData.do
인천광역시,남동구,가구/사무,블라인드,거실,5000,2024-05-08,15087486,https://www.data.go.kr/data/15087486/fileData.do
인천광역시,남동구,가구/사무,블라인드,방 창문용,3000,2024-05-08,15087486,https://www.data.go.kr/data/15087486/fileData.do
인천광역시,남동구,가구/사무,서랍낱개,1m 미만,1000,2024-05-08,15087486,https://www.data.go.kr/data/15087486/fileData.do
인천광역시,남동구,가구/사무,서랍낱개,1m 이상,2000,2024-05-08,15087486,https://www.data.go.kr/data/15087486/fileData.do
인천광역시,남동구,가구/사무,서랍장,5단미만,5000,2024-05-08,15087486,https://www.data.go.kr/data/15087486/fileData.do
인천광역시,남동구,가구/사무,서랍장,5단이상,7000,2024-05-08,15087486,https://www.data.go.kr/data/15087486/fileData.do
인천광역시,남동구,가구/사무,소형 밥상,상다리 접이식,3000,2024-05-08,15087486,https://www.data.go.kr/data/15087486/fileData.do
인천광역시,남동구,가구/사무,쇼파,1인용 의자,5000,2024-05-08,15087486,https://www.data.go.kr/data/15087486/fileData.do
인천광역시,남동구,가구/사무,쇼파,2인용 의자,7000,2024-05-08,15087486,https://www.data.go.kr/data/15087486/fileData.do
인천광역시,남동구,가구/사무,쇼파,3인용 의자,9000,2024-05-08,15087486,https://www.data.go.kr/data/15087486/fileData.do
인천광역시,남동구,가구/사무,쇼파,4인용 의자(2인용+2인용),14000,2024-05-08,15087486,https://www.data.go.kr/data/15087486/fileData.do
인천광역시,남동구,가구/사무,쇼파,테이블(1m이하),3000,2024-05-08,15087486,https://www.data.go.kr/data/15087486/fileData.do
인천광역시,남동구,가구/사무,쇼파테이블,,3000,2024-05-08,15087486,https://www.data.go.kr/data/15087486/fileData.do
인천광역시,남동구,가구/사무,수건장,,3000,2024-05-08,15087486,https://www.data.go.kr/data/15087486/fileData.do
인천광역시,남동구,가구/사무,시스템책상,책장+상판+받침서랍,10000,2024-05-08,15087486,https://www.data.go.kr/data/15087486/fileData.do
인천광역시,남동구,가구/사무,식탁,6인용미만,5000,2024-05-08,15087486,https://www.data.go.kr/data/15087486/fileData.do
인천광역시,남동구,가구/사무,식탁,6인용이상,6000,2024-05-08,15087486,https://www.data.go.kr/data/15087486/fileData.do
인천광역시,남동구,가구/사무,신발장,모든 규격,5000,2024-05-08,15087486,https://www.data.go.kr/data/15087486/fileData.do
인천광역시,남동구,가구/사무,싱크대,대(개수대포함),5000,2024-05-08,15087486,https://www.data.go.kr/data/15087486/fileData.do
인천광역시,남동구,가구/사무,싱크대,소,4000,2024-05-08,15087486,https://www.data.go.kr/data/15087486/fileData.do
인천광역시,남동구,가구/사무,싱크대문짝,문짝만,1000,2024-05-08,15087486,https://www.data.go.kr/data/15087486/fileData.do
인천광역시,남동구,가구/사무,아기쇼파,,4000,2024-05-08,15087486,https://www.data.go.kr/data/15087486/fileData.do
인천광역시,남동구,가구/사무,아기침대,1인용,10000,2024-05-08,15087486,https://www.data.go.kr/data/15087486/fileData.do
인천광역시,남동구,가구/사무,아일랜드식탁,,7000,2024-05-08,15087486,https://www.data.go.kr/data/15087486/fileData.do
인천광역시,남동구,가구/사무,옥돌+자석요,모든규격,10000,2024-05-08,15087486,https://www.data.go.kr/data/15087486/fileData.do
인천광역시,남동구,가구/사무,의자,모든규격,4000,2024-05-08,15087486,https://www.data.go.kr/data/15087486/fileData.do
인천광역시,남동구,가구/사무,이젤,,3000,2024-05-08,15087486,https://www.data.go.kr/data/15087486/fileData.do
인천광역시,남동구,가구/사무,장롱 문짝,개당,5000,2024-05-08,15087486,https://www.data.go.kr/data/15087486/fileData.do
인천광역시,남동구,가구/사무,장롱 틀,전체,5000,2024-05-08,15087486,https://www.data.go.kr/data/15087486/fileData.do
인천광역시,남동구,가구/사무,장롱(쪽당),120㎝ 이상,10000,2024-05-08,15087486,https://www.data.go.kr/data/15087486/fileData.do
인천광역시,남동구,가구/사무,장롱(쪽당),90㎝ 미만,7000,2024-05-08,15087486,https://www.data.go.kr/data/15087486/fileData.do
인천광역시,남동구,가구/사무,장롱(쪽당),90㎝ 이상,9000,2024-05-08,15087486,https://www.data.go.kr/data/15087486/fileData.do
인천광역시,남동구,가구/사무,장식장,대형(3단문+90cm이상),12000,2024-05-08,15087486,https://www.data.go.kr/data/15087486/fileData.do
인천광역시,남동구,가구/사무,장식장(차단스),모든규격,5000,2024-05-08,15087486,https://www.data.go.kr/data/15087486/fileData.do
인천광역시,남동구,가구/사무,접이식 책상,,5000,2024-05-08,15087486,https://www.data.go.kr/data/15087486/fileData.do
인천광역시,남동구,가구/사무,접이식쇼파,침대사이즈,9000,2024-05-08,15087486,https://www.data.go.kr/data/15087486/fileData.do
인천광역시,남동구,가구/사무,좌식책상,,4000,2024-05-08,15087486,https://www.data.go.kr/data/15087486/fileData.do
인천광역시,남동구,가구/사무,죽부인,2.5m 미만,3000,2024-05-08,15087486,https://www.data.go.kr/data/15087486/fileData.do
인천광역시,남동구,가구/사무,죽부인,2.5m 이상,5000,2024-05-08,15087486,https://www.data.go.kr/data/15087486/fileData.do
인천광역시,남동구,가구/사무,책꽂이,3단 미만,3000,2024-05-08,15087486,https://www.data.go.kr/data/15087486/fileData.do
인천광역시,남동구,가구/사무,책꽂이,3단 이상,4000,2024-05-08,15087486,https://www.data.go.kr/data/15087486/fileData.do
인천광역시,남동구,가구/사무,책상,상판,3000,2024-05-08,15087486,https://www.data.go.kr/data/15087486/fileData.do
인천광역시,남동구,가구/사무,책상,양수(대형),6000,2024-05-08,15087486,https://www.data.go.kr/data/15087486/fileData.do
인천광역시,남동구,가구/사무,책상,의자,4000,2024-05-08,15087486,https://www.data.go.kr/data/15087486/fileData.do
인천광역시,남동구,가구/사무,책상,편수(소형),5000,2024-05-08,15087486,https://www.data.go.kr/data/15087486/fileData.do
인천광역시,남동구,가구/사무,책장,,6000,2024-05-08,15087486,https://www.data.go.kr/data/15087486/fileData.do
인천광역시,남동구,가구/사무,침대 매트리스(1인용),1인용 매트리스,7000,2024-05-08,15087486,https://www.data.go.kr/data/15087486/fileData.do
인천광역시,남동구,가구/사무,침대 매트리스(2인용),2인용 매트리스,8000,2024-05-08,15087486,https://www.data.go.kr/data/15087486/fileData.do
인천광역시,남동구,가구/사무,침대 틀(1인용),1인용 침대 틀,3000,2024-05-08,15087486,https://www.data.go.kr/data/15087486/fileData.do
인천광역시,남동구,가구/사무,침대 틀(2인용),2인용 침대 틀,4000,2024-05-08,15087486,https://www.data.go.kr/data/15087486/fileData.do
인천광역시,남동구,가구/사무,침대 판 (레자형+쇼파형),레자형+ 쇼파형 (개당),5000,2024-05-08,15087486,https://www.data.go.kr/data/15087486/fileData.do
인천광역시,남동구,가구/사무,침대 판 (수납형+서랍형),수납(서랍)형 판 (개당),5000,2024-05-08,15087486,https://www.data.go.kr/data/15087486/fileData.do
인천광역시,남동구,가구/사무,침대 판(1인용),침대판+ 두꺼운 나무판(개당),3000,2024-05-08,15087486,https://www.data.go.kr/data/15087486/fileData.do
인천광역시,남동구,가구/사무,침대 판(2인용),침대판+ 두꺼운 나무판(개당),4000,2024-05-08,15087486,https://www.data.go.kr/data/15087486/fileData.do
인천광역시,남동구,가구/사무,침대 헤드(머리판),모든 규격,3000,2024-05-08,15087486,https://www.data.go.kr/data/15087486/fileData.do
인천광역시,남동구,가구/사무,침대1인세트,,20000,2024-05-08,15087486,https://www.data.go.kr/data/15087486/fileData.do
인천광역시,남동구,가구/사무,침대2인세트,,25000,2024-05-08,15087486,https://www.data.go.kr/data/15087486/fileData.do
인천광역시,남동구,가구/사무,카우치쇼파,2인용,7000,2024-05-08,15087486,https://www.data.go.kr/data/15087486/fileData.do
인천광역시,남동구,가구/사무,카우치쇼파,3인용,9000,2024-05-08,15087486,https://www.data.go.kr/data/15087486/fileData.do
인천광역시,남동구,가구/사무,카펫트,대(길이 2.5m 이상),12000,2024-05-08,15087486,https://www.data.go.kr/data/15087486/fileData.do
인천광역시,남동구,가구/사무,카펫트,소(길이 2.5m 미만),7000,2024-05-08,15087486,https://www.data.go.kr/data/15087486/fileData.do
인천광역시,남동구,가구/사무,커튼봉,,2000,2024-05-08,15087486,https://www.data.go.kr/data/15087486/fileData.do
인천광역시,남동구,가구/사무,케비닛,모든규격,5000,2024-05-08,15087486,https://www.data.go.kr/data/15087486/fileData.do
인천광역시,남동구,가구/사무,키높이 장롱서랍,개당,3000,2024-05-08,15087486,https://www.data.go.kr/data/15087486/fileData.do
인천광역시,남동구,가구/사무,파일캐비닛,서랍식 3단이하,4000,2024-05-08,15087486,https://www.data.go.kr/data/15087486/fileData.do
인천광역시,남동구,가구/사무,파일캐비닛,서랍식 4단이상,5000,2024-05-08,15087486,https://www.data.go.kr/data/15087486/fileData.do
인천광역시,남동구,가구/사무,파티션,모든규격,4000,2024-05-08,15087486,https://www.data.go.kr/data/15087486/fileData.do
인천광역시,남동구,가구/사무,평상,,9000,2024-05-08,15087486,https://www.data.go.kr/data/15087486/fileData.do
인천광역시,남동구,가구/사무,학교교탁,,10000,2024-05-08,15087486,https://www.data.go.kr/data/15087486/fileData.do
인천광역시,남동구,가구/사무,행거,나무 외 재질,3000,2024-05-08,15087486,https://www.data.go.kr/data/15087486/fileData.do
인천광역시,남동구,가구/사무,행거,나무재질,4000,2024-05-08,15087486,https://www.data.go.kr/data/15087486/fileData.do
인천광역시,남동구,가구/사무,협탁,,3000,2024-05-08,15087486,https://www.data.go.kr/data/15087486/fileData.do
인천광역시,남동구,가구/사무,화이트보드+ 자석칠판,50cm 미만,3000,2024-05-08,15087486,https://www.data.go.kr/data/15087486/fileData.do
인천광역시,남동구,가구/사무,화이트보드+ 자석칠판,50cm 이상,5000,2024-05-08,15087486,https://www.data.go.kr/data/15087486/fileData.do
인천광역시,남동구,가구/사무,화장대,모든규격(일반),5000,2024-05-08,15087486,https://www.data.go.kr/data/15087486/fileData.do
인천광역시,남동구,가구/사무,화장대,영업용(미용실용),10000,2024-05-08,15087486,https://www.data.go.kr/data/15087486/fileData.do
인천광역시,남동구,가구/사무,화장대 거울,가정용 모든규격,5000,2024-05-08,15087486,https://www.data.go.kr/data/15087486/fileData.do
인천광역시,남동구,가구/사무,회의용테이블,,15000,2024-05-08,15087486,https://www.data.go.kr/data/15087486/fileData.do
인천광역시,남동구,가전/전자,가스렌지,높이 1m미만,2000,2024-05-08,15087486,https://www.data.go.kr/data/15087486/fileData.do
인천광역시,남동구,가전/전자,가스렌지,높이 1m이상,4000,2024-05-08,15087486,https://www.data.go.kr/data/15087486/fileData.do
인천광역시,남동구,가전/전자,보일러,모든규격,6000,2024-05-08,15087486,https://www.data.go.kr/data/15087486/fileData.do
인천광역시,남동구,가전/전자,석유난로,,4000,2024-05-08,15087486,https://www.data.go.kr/data/15087486/fileData.do
인천광역시,남동구,가전/전자,셋톱박스,,2000,2024-05-08,15087486,https://www.data.go.kr/data/15087486/fileData.do
인천광역시,남동구,가전/전자,오락기,대(높이1.2m초과),10000,2024-05-08,15087486,https://www.data.go.kr/data/15087486/fileData.do
인천광역시,남동구,가전/전자,오락기,소(높이0.8m미만),5000,2024-05-08,15087486,https://www.data.go.kr/data/15087486/fileData.do
인천광역시,남동구,가전/전자,오락기,중(높이0.8m~1.2m),8000,2024-05-08,15087486,https://www.data.go.kr/data/15087486/fileData.do
인천광역시,남동구,가전/전자,옥매트,모든규격,10000,2024-05-08,15087486,https://www.data.go.kr/data/15087486/fileData.do
인천광역시,남동구,가전/전자,온수매트+전기매트,1인용,4000,2024-05-08,15087486,https://www.data.go.kr/data/15087486/fileData.do
인천광역시,남동구,가전/전자,온수매트+전기매트,2인용,5000,2024-05-08,15087486,https://www.data.go.kr/data/15087486/fileData.do
인천광역시,남동구,가전/전자,재봉틀,대,5000,2024-05-08,15087486,https://www.data.go.kr/data/15087486/fileData.do
인천광역시,남동구,가전/전자,재봉틀,소,3000,2024-05-08,15087486,https://www.data.go.kr/data/15087486/fileData.do
인천광역시,남동구,가전/전자,전기장판,모든규격,3000,2024-05-08,15087486,https://www.data.go.kr/data/15087486/fileData.do
인천광역시,남동구,기타,강아지계단,,3000,2024-05-08,15087486,https://www.data.go.kr/data/15087486/fileData.do
인천광역시,남동구,기타,강화유리문(아파트),,12000,2024-05-08,15087486,https://www.data.go.kr/data/15087486/fileData.do
인천광역시,남동구,기타,개집,대형,5000,2024-05-08,15087486,https://www.data.go.kr/data/15087486/fileData.do
인천광역시,남동구,기타,개집,소형,3000,2024-05-08,15087486,https://www.data.go.kr/data/15087486/fileData.do
인천광역시,남동구,기타,광고용 풍선대야,,10000,2024-05-08,15087486,https://www.data.go.kr/data/15087486/fileData.do
인천광역시,남동구,기타,문짝,목재,4000,2024-05-08,15087486,https://www.data.go.kr/data/15087486/fileData.do
인천광역시,남동구,기타,문짝,철재,5000,2024-05-08,15087486,https://www.data.go.kr/data/15087486/fileData.do
인천광역시,남동구,기타,변기+세면기,모든규격,5000,2024-05-08,15087486,https://www.data.go.kr/data/15087486/fileData.do
인천광역시,남동구,기타,비데,,3000,2024-05-08,15087486,https://www.data.go.kr/data/15087486/fileData.do
인천광역시,남동구,기타,샌드위치 판넬,높이+ 너비 1m미만,5000,2024-05-08,15087486,https://www.data.go.kr/data/15087486/fileData.do
인천광역시,남동구,기타,샌드위치 판넬,높이+ 너비 1m이상,10000,2024-05-08,15087486,https://www.data.go.kr/data/15087486/fileData.do
인천광역시,남동구,기타,아크릴박스,추첨함 등,3000,2024-05-08,15087486,https://www.data.go.kr/data/15087486/fileData.do
인천광역시,남동구,기타,욕조,재질(돌),10000,2024-05-08,15087486,https://www.data.go.kr/data/15087486/fileData.do
인천광역시,남동구,기타,욕조,재질(플라스틱),5000,2024-05-08,15087486,https://www.data.go.kr/data/15087486/fileData.do
인천광역시,남동구,기타,유리,식탁 및 책상유리,3000,2024-05-08,15087486,https://www.data.go.kr/data/15087486/fileData.do
인천광역시,남동구,기타,의료기기,,10000,2024-05-08,15087486,https://www.data.go.kr/data/15087486/fileData.do
인천광역시,남동구,기타,의료기기,침대형,12000,2024-05-08,15087486,https://www.data.go.kr/data/15087486/fileData.do
인천광역시,남동구,기타,입간판,1m50이상,20000,2024-05-08,15087486,https://www.data.go.kr/data/15087486/fileData.do
인천광역시,남동구,기타,장판,5m 마다,5000,2024-05-08,15087486,https://www.data.go.kr/data/15087486/fileData.do
인천광역시,남동구,기타,장판,5m 미만,4000,2024-05-08,15087486,https://www.data.go.kr/data/15087486/fileData.do
인천광역시,남동구,기타,족욕기,,5000,2024-05-08,15087486,https://www.data.go.kr/data/15087486/fileData.do
인천광역시,남동구,기타,파렛트,항공용,15000,2024-05-08,15087486,https://www.data.go.kr/data/15087486/fileData.do
인천광역시,남동구,기타,폐타이어,대형(버스+대형트럭),15000,2024-05-08,15087486,https://www.data.go.kr/data/15087486/fileData.do
인천광역시,남동구,기타,폐타이어,일반,5000,2024-05-08,15087486,https://www.data.go.kr/data/15087486/fileData.do
인천광역시,남동구,기타,행사 매대,나무,15000,2024-05-08,15087486,https://www.data.go.kr/data/15087486/fileData.do
인천광역시,남동구,기타,행사 매대,유리,30000,2024-05-08,15087486,https://www.data.go.kr/data/15087486/fileData.do
인천광역시,남동구,기타,헬멧,,2000,2024-05-08,15087486,https://www.data.go.kr/data/15087486/fileData.do
인천광역시,남동구,기타,화환(큰것),,5000,2024-05-08,15087486,https://www.data.go.kr/data/15087486/fileData.do
인천광역시,남동구,생활용품,거울,일반거울(소),2000,2024-05-08,15087486,https://www.data.go.kr/data/15087486/fileData.do
인천광역시,남동구,생활용품,거울,전신거울(대),3000,2024-05-08,15087486,https://www.data.go.kr/data/15087486/fileData.do
인천광역시,남동구,생활용품,고무대야,김장용으로 넓은 것,3000,2024-05-08,15087486,https://www.data.go.kr/data/15087486/fileData.do
인천광역시,남동구,생활용품,고무대야,허리밑까지오는 저수용,5000,2024-05-08,15087486,https://www.data.go.kr/data/15087486/fileData.do
인천광역시,남동구,생활용품,다리미판,모든규격,1000,2024-05-08,15087486,https://www.data.go.kr/data/15087486/fileData.do
인천광역시,남동구,생활용품,롤스크린,,5000,2024-05-08,15087486,https://www.data.go.kr/data/15087486/fileData.do
인천광역시,남동구,생활용품,마사지베드,,10000,2024-05-08,15087486,https://www.data.go.kr/data/15087486/fileData.do
인천광역시,남동구,생활용품,목발,,2000,2024-05-08,15087486,https://www.data.go.kr/data/15087486/fileData.do
인천광역시,남동구,생활용품,반신욕기,,15000,2024-05-08,15087486,https://www.data.go.kr/data/15087486/fileData.do
인천광역시,남동구,생활용품,발안마기,,5000,2024-05-08,15087486,https://www.data.go.kr/data/15087486/fileData.do
인천광역시,남동구,생활용품,벽시계,대(입식),5000,2024-05-08,15087486,https://www.data.go.kr/data/15087486/fileData.do
인천광역시,남동구,생활용품,벽시계,소(일반),3000,2024-05-08,15087486,https://www.data.go.kr/data/15087486/fileData.do
인천광역시,남동구,생활용품,변기앞 발판,,2000,2024-05-08,15087486,https://www.data.go.kr/data/15087486/fileData.do
인천광역시,남동구,생활용품,병풍,모든규격,5000,2024-05-08,15087486,https://www.data.go.kr/data/15087486/fileData.do
인천광역시,남동구,생활용품,빨래건조대,모든규격,2000,2024-05-08,15087486,https://www.data.go.kr/data/15087486/fileData.do
인천광역시,남동구,생활용품,빨래판,,1000,2024-05-08,15087486,https://www.data.go.kr/data/15087486/fileData.do
인천광역시,남동구,생활용품,사다리 선반,,5000,2024-05-08,15087486,https://www.data.go.kr/data/15087486/fileData.do
인천광역시,남동구,생활용품,상패+ 감사패,크리스탈+ 돌 (마대 20kg 기준),5000,2024-05-08,15087486,https://www.data.go.kr/data/15087486/fileData.do
인천광역시,남동구,생활용품,소화기,10kg 까지,5000,2024-05-08,15087486,https://www.data.go.kr/data/15087486/fileData.do
인천광역시,남동구,생활용품,소화기,20kg 까지,7000,2024-05-08,15087486,https://www.data.go.kr/data/15087486/fileData.do
인천광역시,남동구,생활용품,소화기,3.3kg 까지,3000,2024-05-08,15087486,https://www.data.go.kr/data/15087486/fileData.do
인천광역시,남동구,생활용품,스탠드,모든 규격,2000,2024-05-08,15087486,https://www.data.go.kr/data/15087486/fileData.do
인천광역시,남동구,생활용품,쌀통,모든 규격,4000,2024-05-08,15087486,https://www.data.go.kr/data/15087486/fileData.do
인천광역시,남동구,생활용품,안마의자,바디프렌즈 등 큰것,20000,2024-05-08,15087486,https://www.data.go.kr/data/15087486/fileData.do
인천광역시,남동구,생활용품,안마의자,일체 형 외 간이의자에 얹는 작은규격,10000,2024-05-08,15087486,https://www.data.go.kr/data/15087486/fileData.do
인천광역시,남동구,생활용품,액자,대(대각선1m초과),5000,2024-05-08,15087486,https://www.data.go.kr/data/15087486/fileData.do
인천광역시,남동구,생활용품,액자,소(대각선0.5m미만),2000,2024-05-08,15087486,https://www.data.go.kr/data/15087486/fileData.do
인천광역시,남동구,생활용품,액자,중(대각선0.5m~1m),3000,2024-05-08,15087486,https://www.data.go.kr/data/15087486/fileData.do
인천광역시,남동구,생활용품,어항,대(2m이상),8000,2024-05-08,15087486,https://www.data.go.kr/data/15087486/fileData.do
인천광역시,남동구,생활용품,어항,소(1m미만),3000,2024-05-08,15087486,https://www.data.go.kr/data/15087486/fileData.do
인천광역시,남동구,생활용품,어항,중(1.5m이상),5000,2024-05-08,15087486,https://www.data.go.kr/data/15087486/fileData.do
인천광역시,남동구,생활용품,여행가방,기내용 외+ 골프백,5000,2024-05-08,15087486,https://www.data.go.kr/data/15087486/fileData.do
인천광역시,남동구,생활용품,여행가방,기내용+ 골프가방(보스턴백),3000,2024-05-08,15087486,https://www.data.go.kr/data/15087486/fileData.do
인천광역시,남동구,생활용품,옷걸이,,3000,2024-05-08,15087486,https://www.data.go.kr/data/15087486/fileData.do
인천광역시,남동구,생활용품,우산 비닐꽂이,,5000,2024-05-08,15087486,https://www.data.go.kr/data/15087486/fileData.do
인천광역시,남동구,생활용품,우유상자,플라스틱 재질,3000,2024-05-08,15087486,https://www.data.go.kr/data/15087486/fileData.do
인천광역시,남동구,생활용품,절구,돌,5000,2024-05-08,15087486,https://www.data.go.kr/data/15087486/fileData.do
인천광역시,남동구,생활용품,제기함,,4000,2024-05-08,15087486,https://www.data.go.kr/data/15087486/fileData.do
인천광역시,남동구,생활용품,캣타워,대형(사람키),10000,2024-05-08,15087486,https://www.data.go.kr/data/15087486/fileData.do
인천광역시,남동구,생활용품,캣타워,중소형,5000,2024-05-08,15087486,https://www.data.go.kr/data/15087486/fileData.do
인천광역시,남동구,생활용품,크리스마스트리,,5000,2024-05-08,15087486,https://www.data.go.kr/data/15087486/fileData.do
인천광역시,남동구,생활용품,파레트,,4000,2024-05-08,15087486,https://www.data.go.kr/data/15087486/fileData.do
인천광역시,남동구,생활용품,항아리,대(높이70cm초과),5000,2024-05-08,15087486,https://www.data.go.kr/data/15087486/fileData.do
인천광역시,남동구,생활용품,항아리,소(높이40cm미만),2000,2024-05-08,15087486,https://www.data.go.kr/data/15087486/fileData.do
인천광역시,남동구,생활용품,항아리,중(높이70cm~40cm),3000,2024-05-08,15087486,https://www.data.go.kr/data/15087486/fileData.do
인천광역시,남동구,생활용품,현관발판,나무,4000,2024-05-08,15087486,https://www.data.go.kr/data/15087486/fileData.do
인천광역시,남동구,생활용품,형광등 및 거실커버등,기본,3000,2024-05-08,15087486,https://www.data.go.kr/data/15087486/fileData.do
인천광역시,남동구,생활용품,형광등 및 거실커버등,부착물이있는경우,5000,2024-05-08,15087486,https://www.data.go.kr/data/15087486/fileData.do
인천광역시,남동구,생활용품,형광등 및 거실커버등,스탠드,2000,2024-05-08,15087486,https://www.data.go.kr/data/15087486/fileData.do
인천광역시,남동구,생활용품,화분,대(높이 70cm초과),4000,2024-05-08,15087486,https://www.data.go.kr/data/15087486/fileData.do
인천광역시,남동구,생활용품,화분,소(높이 40cm미만),2000,2024-05-08,15087486,https://www.data.go.kr/data/15087486/fileData.do
인천광역시,남동구,생활용품,화분,중(높이 40cm~70cm),3000,2024-05-08,15087486,https://www.data.go.kr/data/15087486/fileData.do
인천광역시,남동구,생활용품,화분 조약돌,20kg 기준,10000,2024-05-08,15087486,https://www.data.go.kr/data/15087486/fileData.do
인천광역시,남동구,생활용품,휠체어,수동휠체어,5000,2024-05-08,15087486,https://www.data.go.kr/data/15087486/fileData.do
인천광역시,남동구,생활용품,휠체어,전동휠체어,20000,2024-05-08,15087486,https://www.data.go.kr/data/15087486/fileData.do
인천광역시,남동구,아웃도어/스포츠/악기,기타(악기),전자기타,5000,2024-05-08,15087486,https://www.data.go.kr/data/15087486/fileData.do
인천광역시,남동구,아웃도어/스포츠/악기,기타(악기),통기타,3000,2024-05-08,15087486,https://www.data.go.kr/data/15087486/fileData.do
인천광역시,남동구,아웃도어/스포츠/악기,돗자리,2.5m 미만,3000,2024-05-08,15087486,https://www.data.go.kr/data/15087486/fileData.do
인천광역시,남동구,아웃도어/스포츠/악기,돗자리,2.5m이상,5000,2024-05-08,15087486,https://www.data.go.kr/data/15087486/fileData.do
인천광역시,남동구,아웃도어/스포츠/악기,미니당구대,,5000,2024-05-08,15087486,https://www.data.go.kr/data/15087486/fileData.do
인천광역시,남동구,아웃도어/스포츠/악기,바둑판,두꺼운것,4000,2024-05-08,15087486,https://www.data.go.kr/data/15087486/fileData.do
인천광역시,남동구,아웃도어/스포츠/악기,바둑판,얇은것,2000,2024-05-08,15087486,https://www.data.go.kr/data/15087486/fileData.do
인천광역시,남동구,아웃도어/스포츠/악기,스노우보드,,5000,2024-05-08,15087486,https://www.data.go.kr/data/15087486/fileData.do
인천광역시,남동구,아웃도어/스포츠/악기,스케이트보드,모든규격,3000,2024-05-08,15087486,https://www.data.go.kr/data/15087486/fileData.do
인천광역시,남동구,아웃도어/스포츠/악기,스키,,3000,2024-05-08,15087486,https://www.data.go.kr/data/15087486/fileData.do
인천광역시,남동구,아웃도어/스포츠/악기,실내자전거,모든규격,7000,2024-05-08,15087486,https://www.data.go.kr/data/15087486/fileData.do
인천광역시,남동구,아웃도어/스포츠/악기,실로폰,악기,1000,2024-05-08,15087486,https://www.data.go.kr/data/15087486/fileData.do
인천광역시,남동구,아웃도어/스포츠/악기,아이스박스,대(1m이상),4000,2024-05-08,15087486,https://www.data.go.kr/data/15087486/fileData.do
인천광역시,남동구,아웃도어/스포츠/악기,아이스박스,소(0.5m미만),2000,2024-05-08,15087486,https://www.data.go.kr/data/15087486/fileData.do
인천광역시,남동구,아웃도어/스포츠/악기,아이스박스,중(1m미만),3000,2024-05-08,15087486,https://www.data.go.kr/data/15087486/fileData.do
인천광역시,남동구,아웃도어/스포츠/악기,오르간,모든규격,6000,2024-05-08,15087486,https://www.data.go.kr/data/15087486/fileData.do
인천광역시,남동구,아웃도어/스포츠/악기,요가매트,,3000,2024-05-08,15087486,https://www.data.go.kr/data/15087486/fileData.do
인천광역시,남동구,아웃도어/스포츠/악기,자전거,대(어른용),5000,2024-05-08,15087486,https://www.data.go.kr/data/15087486/fileData.do
인천광역시,남동구,아웃도어/스포츠/악기,자전거,소(어린이용),4000,2024-05-08,15087486,https://www.data.go.kr/data/15087486/fileData.do
인천광역시,남동구,아웃도어/스포츠/악기,장구,악기,3000,2024-05-08,15087486,https://www.data.go.kr/data/15087486/fileData.do
인천광역시,남동구,아웃도어/스포츠/악기,킥보드,플라스틱,3000,2024-05-08,15087486,https://www.data.go.kr/data/15087486/fileData.do
인천광역시,남동구,아웃도어/스포츠/악기,탁구대,,20000,2024-05-08,15087486,https://www.data.go.kr/data/15087486/fileData.do
인천광역시,남동구,아웃도어/스포츠/악기,텐트,모든 규격,5000,2024-05-08,15087486,https://www.data.go.kr/data/15087486/fileData.do
인천광역시,남동구,아웃도어/스포츠/악기,트램펄린,,5000,2024-05-08,15087486,https://www.data.go.kr/data/15087486/fileData.do
인천광역시,남동구,아웃도어/스포츠/악기,파라솔,우산+테이블,5000,2024-05-08,15087486,https://www.data.go.kr/data/15087486/fileData.do
인천광역시,남동구,아웃도어/스포츠/악기,피아노,그랜드,15000,2024-05-08,15087486,https://www.data.go.kr/data/15087486/fileData.do
인천광역시,남동구,아웃도어/스포츠/악기,피아노,어프라이트,10000,2024-05-08,15087486,https://www.data.go.kr/data/15087486/fileData.do
인천광역시,남동구,아웃도어/스포츠/악기,피아노 건반,피아노 건반,6000,2024-05-08,15087486,https://www.data.go.kr/data/15087486/fileData.do
인천광역시,남동구,유아/완구,아기매트,말리는것,5000,2024-05-08,15087486,https://www.data.go.kr/data/15087486/fileData.do
인천광역시,남동구,유아/완구,아기매트,접는것,7000,2024-05-08,15087486,https://www.data.go.kr/data/15087486/fileData.do
인천광역시,남동구,유아/완구,아기자동차,큰것(전동차),5000,2024-05-08,15087486,https://www.data.go.kr/data/15087486/fileData.do
인천광역시,남동구,유아/완구,유모차+ 보행기,모든규격,3000,2024-05-08,15087486,https://www.data.go.kr/data/15087486/fileData.do
인천광역시,남동구,유아/완구,유아미끄럼틀,1m 미만,5000,2024-05-08,15087486,https://www.data.go.kr/data/15087486/fileData.do
인천광역시,남동구,유아/완구,유아미끄럼틀,1m 이상,10000,2024-05-08,15087486,https://www.data.go.kr/data/15087486/fileData.do
인천광역시,남동구,유아/완구,카시트,모든규격,4000,2024-05-08,15087486,https://www.data.go.kr/data/15087486/fileData.do
인천광역시,부평구,,가스레인지,모든규격,2000,,15103769,https://www.data.go.kr/data/15103769/fileData.do
인천광역시,부평구,,가스오븐레이지,높이 1M이하,2000,,15103769,https://www.data.go.kr/data/15103769/fileData.do
인천광역시,부평구,,가스오븐레이지,높이 1M초과,4000,,15103769,https://www.data.go.kr/data/15103769/fileData.do
인천광역시,부평구,,가스히터,모든규격,5000,,15103769,https://www.data.go.kr/data/15103769/fileData.do
인천광역시,부평구,,거울,"반신거울, 대(1M이상)",5000,,15103769,https://www.data.go.kr/data/15103769/fileData.do
인천광역시,부평구,,거울,"반신거울, 소(1M미만)",2000,,15103769,https://www.data.go.kr/data/15103769/fileData.do
인천광역시,부평구,,게시판(칠판),너비 1M 초과,7000,,15103769,https://www.data.go.kr/data/15103769/fileData.do
인천광역시,부평구,,게시판(칠판),너비 50CM이하,3000,,15103769,https://www.data.go.kr/data/15103769/fileData.do
인천광역시,부평구,,게시판(칠판),너비 50M~1M미만,5000,,15103769,https://www.data.go.kr/data/15103769/fileData.do
인천광역시,부평구,,고무통,지름 1M이하,3000,,15103769,https://www.data.go.kr/data/15103769/fileData.do
인천광역시,부평구,,고무통,지름 1M초과,4000,,15103769,https://www.data.go.kr/data/15103769/fileData.do
인천광역시,부평구,,골프가방,모든규격,5000,,15103769,https://www.data.go.kr/data/15103769/fileData.do
인천광역시,부평구,,골프채,개당,1000,,15103769,https://www.data.go.kr/data/15103769/fileData.do
인천광역시,부평구,,기타(악기),모든규격,3000,,15103769,https://www.data.go.kr/data/15103769/fileData.do
인천광역시,부평구,,난로,석유,4000,,15103769,https://www.data.go.kr/data/15103769/fileData.do
인천광역시,부평구,,다리미판,모든규격,2000,,15103769,https://www.data.go.kr/data/15103769/fileData.do
인천광역시,부평구,,다용도수납장,"전자레인지, 쌀통용",4000,,15103769,https://www.data.go.kr/data/15103769/fileData.do
인천광역시,부평구,,돌문갑,3단분리형 좌우양쪽(개당),5000,,15103769,https://www.data.go.kr/data/15103769/fileData.do
인천광역시,부평구,,돌문갑,3단분리형 중앙(개당),10000,,15103769,https://www.data.go.kr/data/15103769/fileData.do
인천광역시,부평구,,돗자리,대자리,10000,,15103769,https://www.data.go.kr/data/15103769/fileData.do
인천광역시,부평구,,돗자리,대자리를 제외한 모든규격,5000,,15103769,https://www.data.go.kr/data/15103769/fileData.do
인천광역시,부평구,,마네킹,반신용,3000,,15103769,https://www.data.go.kr/data/15103769/fileData.do
인천광역시,부평구,,마네킹,전신용,5000,,15103769,https://www.data.go.kr/data/15103769/fileData.do
인천광역시,부평구,,매트리스,1인용,8000,,15103769,https://www.data.go.kr/data/15103769/fileData.do
인천광역시,부평구,,매트리스,2인용,9000,,15103769,https://www.data.go.kr/data/15103769/fileData.do
인천광역시,부평구,,매트리스,유아용,3000,,15103769,https://www.data.go.kr/data/15103769/fileData.do
인천광역시,부평구,,문갑(거실장),유리(부착)문갑,10000,,15103769,https://www.data.go.kr/data/15103769/fileData.do
인천광역시,부평구,,문갑(거실장),유리(부착)문갑을 제외한 모든규격,6000,,15103769,https://www.data.go.kr/data/15103769/fileData.do
인천광역시,부평구,,문짝,목재,4000,,15103769,https://www.data.go.kr/data/15103769/fileData.do
인천광역시,부평구,,문짝,철재,5000,,15103769,https://www.data.go.kr/data/15103769/fileData.do
인천광역시,부평구,,문틀,대(높이 1.6M 이상),5000,,15103769,https://www.data.go.kr/data/15103769/fileData.do
인천광역시,부평구,,문틀,소(높이 1.6M 미만),3000,,15103769,https://www.data.go.kr/data/15103769/fileData.do
인천광역시,부평구,,물탱크(FRP제외),2.5톤 미만,30000,,15103769,https://www.data.go.kr/data/15103769/fileData.do
인천광역시,부평구,,물탱크(FRP제외),2.5톤 이상,50000,,15103769,https://www.data.go.kr/data/15103769/fileData.do
인천광역시,부평구,,바둑판,대형(두꺼운 판),2000,,15103769,https://www.data.go.kr/data/15103769/fileData.do
인천광역시,부평구,,바둑판,소형(얇은 판),1000,,15103769,https://www.data.go.kr/data/15103769/fileData.do
인천광역시,부평구,,밥상,다과상,2000,,15103769,https://www.data.go.kr/data/15103769/fileData.do
인천광역시,부평구,,밥상,"대(길이1.2M미만), 4인용미만",3000,,15103769,https://www.data.go.kr/data/15103769/fileData.do
인천광역시,부평구,,밥상,"대(길이1.2M이상), 4인용이상",4000,,15103769,https://www.data.go.kr/data/15103769/fileData.do
인천광역시,부평구,,방충망,대(문),4000,,15103769,https://www.data.go.kr/data/15103769/fileData.do
인천광역시,부평구,,방충망,소(창문),3000,,15103769,https://www.data.go.kr/data/15103769/fileData.do
인천광역시,부평구,,배기후두,모든규격,2000,,15103769,https://www.data.go.kr/data/15103769/fileData.do
인천광역시,부평구,,변기,모든규격,5000,,15103769,https://www.data.go.kr/data/15103769/fileData.do
인천광역시,부평구,,병풍,모든규격,5000,,15103769,https://www.data.go.kr/data/15103769/fileData.do
인천광역시,부평구,,"보드, 킥보드",모든규격,3000,,15103769,https://www.data.go.kr/data/15103769/fileData.do
인천광역시,부평구,,보일러,모든규격,6000,,15103769,https://www.data.go.kr/data/15103769/fileData.do
인천광역시,부평구,,볼링공,개당,2000,,15103769,https://www.data.go.kr/data/15103769/fileData.do
인천광역시,부평구,,블라인드,쪽당,5000,,15103769,https://www.data.go.kr/data/15103769/fileData.do
인천광역시,부평구,,"빨래건조대, 행거(옷걸이)",모든규격,3000,,15103769,https://www.data.go.kr/data/15103769/fileData.do
인천광역시,부평구,,사무용칸막이,모든규격,5000,,15103769,https://www.data.go.kr/data/15103769/fileData.do
인천광역시,부평구,,샌드위치판넬,1.5M²당,5000,,15103769,https://www.data.go.kr/data/15103769/fileData.do
인천광역시,부평구,,서랍장,5단 미만,6000,,15103769,https://www.data.go.kr/data/15103769/fileData.do
인천광역시,부평구,,서랍장,5단 이상(3단양수 포함),8000,,15103769,https://www.data.go.kr/data/15103769/fileData.do
인천광역시,부평구,,서랍장,"미용실, 금은방용",10000,,15103769,https://www.data.go.kr/data/15103769/fileData.do
인천광역시,부평구,,세면기,모든규격,5000,,15103769,https://www.data.go.kr/data/15103769/fileData.do
인천광역시,부평구,,소파(분리기준),1인용(개당),5000,,15103769,https://www.data.go.kr/data/15103769/fileData.do
인천광역시,부평구,,소파(분리기준),2인용(개당),6000,,15103769,https://www.data.go.kr/data/15103769/fileData.do
인천광역시,부평구,,소파(분리기준),3인용(개당),10000,,15103769,https://www.data.go.kr/data/15103769/fileData.do
인천광역시,부평구,,소파(분리기준),4인용(2인용 두개),12000,,15103769,https://www.data.go.kr/data/15103769/fileData.do
인천광역시,부평구,,소파(분리기준),4인용(분리불가),11000,,15103769,https://www.data.go.kr/data/15103769/fileData.do
인천광역시,부평구,,소파(분리기준),보조소파(스툴),5000,,15103769,https://www.data.go.kr/data/15103769/fileData.do
인천광역시,부평구,,소파(분리기준),소파베드,9000,,15103769,https://www.data.go.kr/data/15103769/fileData.do
인천광역시,부평구,,소파(분리기준),소파테이블,3000,,15103769,https://www.data.go.kr/data/15103769/fileData.do
인천광역시,부평구,,소파(분리기준),유아용(1인),3000,,15103769,https://www.data.go.kr/data/15103769/fileData.do
인천광역시,부평구,,소파(분리기준),유아용(2인용),4000,,15103769,https://www.data.go.kr/data/15103769/fileData.do
인천광역시,부평구,,소파(분리기준),카우치(1인용),10000,,15103769,https://www.data.go.kr/data/15103769/fileData.do
인천광역시,부평구,,소화기,10KG 이하,5000,,15103769,https://www.data.go.kr/data/15103769/fileData.do
인천광역시,부평구,,소화기,20KG 이하,7000,,15103769,https://www.data.go.kr/data/15103769/fileData.do
인천광역시,부평구,,소화기,3.3KG 이하,3000,,15103769,https://www.data.go.kr/data/15103769/fileData.do
인천광역시,부평구,,순간온수기,모든규격,2000,,15103769,https://www.data.go.kr/data/15103769/fileData.do
인천광역시,부평구,,스키(스키부츠),모든규격,3000,,15103769,https://www.data.go.kr/data/15103769/fileData.do
인천광역시,부평구,,스탠드벽시계,모든규격,5000,,15103769,https://www.data.go.kr/data/15103769/fileData.do
인천광역시,부평구,,식탁,6인용 미만,6000,,15103769,https://www.data.go.kr/data/15103769/fileData.do
인천광역시,부평구,,식탁,6인용 이상,7000,,15103769,https://www.data.go.kr/data/15103769/fileData.do
인천광역시,부평구,,식탁,6인용미만(대리석),10000,,15103769,https://www.data.go.kr/data/15103769/fileData.do
인천광역시,부평구,,식탁,6인용이상(대리석),12000,,15103769,https://www.data.go.kr/data/15103769/fileData.do
인천광역시,부평구,,식탁,아일랜드(나무),10000,,15103769,https://www.data.go.kr/data/15103769/fileData.do
인천광역시,부평구,,식탁,아일랜드(대리석),15000,,15103769,https://www.data.go.kr/data/15103769/fileData.do
인천광역시,부평구,,신발장,대(높이 2M이상),10000,,15103769,https://www.data.go.kr/data/15103769/fileData.do
인천광역시,부평구,,신발장,소(높이 1.5M 미만),3000,,15103769,https://www.data.go.kr/data/15103769/fileData.do
인천광역시,부평구,,신발장,중(높이 2M미만),6000,,15103769,https://www.data.go.kr/data/15103769/fileData.do
인천광역시,부평구,,실내운동기구,스피닝 자전거(금속류),20000,,15103769,https://www.data.go.kr/data/15103769/fileData.do
인천광역시,부평구,,실내운동기구,"자전거(플라스틱), 런닝머신",10000,,15103769,https://www.data.go.kr/data/15103769/fileData.do
인천광역시,부평구,,싱크대,대(1M이상),6000,,15103769,https://www.data.go.kr/data/15103769/fileData.do
인천광역시,부평구,,싱크대,"상부장(플랜장,후두)",5000,,15103769,https://www.data.go.kr/data/15103769/fileData.do
인천광역시,부평구,,싱크대,소(1M미만),4000,,15103769,https://www.data.go.kr/data/15103769/fileData.do
인천광역시,부평구,,씰링팬,모든규격,5000,,15103769,https://www.data.go.kr/data/15103769/fileData.do
인천광역시,부평구,,아이스박스,대(길이 1M이상),5000,,15103769,https://www.data.go.kr/data/15103769/fileData.do
인천광역시,부평구,,아이스박스,소(길이 50CM 미만),2000,,15103769,https://www.data.go.kr/data/15103769/fileData.do
인천광역시,부평구,,아이스박스,중(길이 1M 미만),3000,,15103769,https://www.data.go.kr/data/15103769/fileData.do
인천광역시,부평구,,안마의자,간이 의자용,10000,,15103769,https://www.data.go.kr/data/15103769/fileData.do
인천광역시,부평구,,안마의자,일체형,20000,,15103769,https://www.data.go.kr/data/15103769/fileData.do
인천광역시,부평구,,액자,대(대각선 1M 초과),5000,,15103769,https://www.data.go.kr/data/15103769/fileData.do
인천광역시,부평구,,액자,소(대각선 0.5M 미만),2000,,15103769,https://www.data.go.kr/data/15103769/fileData.do
인천광역시,부평구,,액자,중(대각선 0.5M~1M 이상),3000,,15103769,https://www.data.go.kr/data/15103769/fileData.do
인천광역시,부평구,,어린이용 전동자동차,모든규격,5000,,15103769,https://www.data.go.kr/data/15103769/fileData.do
인천광역시,부평구,,어항,대(1Mⅹ60CM초과),8000,,15103769,https://www.data.go.kr/data/15103769/fileData.do
인천광역시,부평구,,어항,소(1Mⅹ30CM이하),3000,,15103769,https://www.data.go.kr/data/15103769/fileData.do
인천광역시,부평구,,어항,중(1Mⅹ60CM이하),5000,,15103769,https://www.data.go.kr/data/15103769/fileData.do
인천광역시,부평구,,여행용가방,대(화물용),5000,,15103769,https://www.data.go.kr/data/15103769/fileData.do
인천광역시,부평구,,여행용가방,소(기내용),3000,,15103769,https://www.data.go.kr/data/15103769/fileData.do
인천광역시,부평구,,영유아용 카시트,모든규격,4000,,15103769,https://www.data.go.kr/data/15103769/fileData.do
인천광역시,부평구,,오르간,모든규격,6000,,15103769,https://www.data.go.kr/data/15103769/fileData.do
인천광역시,부평구,,옥돌자석매트,모든규격,11000,,15103769,https://www.data.go.kr/data/15103769/fileData.do
인천광역시,부평구,,욕조,모든규격,10000,,15103769,https://www.data.go.kr/data/15103769/fileData.do
인천광역시,부평구,,유리(쪽당),강화유리(샤워부스 칸막이 등),10000,,15103769,https://www.data.go.kr/data/15103769/fileData.do
인천광역시,부평구,,유리(쪽당),대(120CM이상),5000,,15103769,https://www.data.go.kr/data/15103769/fileData.do
인천광역시,부평구,,유리(쪽당),식탁 및 책상유리,3000,,15103769,https://www.data.go.kr/data/15103769/fileData.do
인천광역시,부평구,,"유모차, 보행기",모든규격,3000,,15103769,https://www.data.go.kr/data/15103769/fileData.do
인천광역시,부평구,,유아 미끄럼틀,모든규격,5000,,15103769,https://www.data.go.kr/data/15103769/fileData.do
인천광역시,부평구,,의자,모든규격,4000,,15103769,https://www.data.go.kr/data/15103769/fileData.do
인천광역시,부평구,,일반벽시계,모든규격,3000,,15103769,https://www.data.go.kr/data/15103769/fileData.do
인천광역시,부평구,,자전거,대(어른용),5000,,15103769,https://www.data.go.kr/data/15103769/fileData.do
인천광역시,부평구,,자전거,"소(유아용, 유모차겸용)",3000,,15103769,https://www.data.go.kr/data/15103769/fileData.do
인천광역시,부평구,,자전거,중(어린이용),4000,,15103769,https://www.data.go.kr/data/15103769/fileData.do
인천광역시,부평구,,장롱(1쪽당),너비 120CM 이상,11000,,15103769,https://www.data.go.kr/data/15103769/fileData.do
인천광역시,부평구,,장롱(1쪽당),너비 90CM 미만,8000,,15103769,https://www.data.go.kr/data/15103769/fileData.do
인천광역시,부평구,,장롱(1쪽당),너비 90CM 이상 ~ 120CM 미만,10000,,15103769,https://www.data.go.kr/data/15103769/fileData.do
인천광역시,부평구,,장롱(1쪽당),프레임(틀),5000,,15103769,https://www.data.go.kr/data/15103769/fileData.do
인천광역시,부평구,,"장식장, 진열장",높이 60CM ~ 90CM 미만,6000,,15103769,https://www.data.go.kr/data/15103769/fileData.do
인천광역시,부평구,,"장식장, 진열장",높이 60CM 미만,3000,,15103769,https://www.data.go.kr/data/15103769/fileData.do
인천광역시,부평구,,"장식장, 진열장",높이 90CM 이상,8000,,15103769,https://www.data.go.kr/data/15103769/fileData.do
인천광역시,부평구,,장판,5M미만,4000,,15103769,https://www.data.go.kr/data/15103769/fileData.do
인천광역시,부평구,,장판,5M이상,5000,,15103769,https://www.data.go.kr/data/15103769/fileData.do
인천광역시,부평구,,전기(온수)매트,1인용,7000,,15103769,https://www.data.go.kr/data/15103769/fileData.do
인천광역시,부평구,,전기(온수)매트,2인용,8000,,15103769,https://www.data.go.kr/data/15103769/fileData.do
인천광역시,부평구,,조명기구(등류),샹들리에,2000,,15103769,https://www.data.go.kr/data/15103769/fileData.do
인천광역시,부평구,,조명기구(등류),스탠드형,1000,,15103769,https://www.data.go.kr/data/15103769/fileData.do
인천광역시,부평구,,책상,독서실 책상,7000,,15103769,https://www.data.go.kr/data/15103769/fileData.do
인천광역시,부평구,,책상,사무용,10000,,15103769,https://www.data.go.kr/data/15103769/fileData.do
인천광역시,부평구,,책상,상판,3000,,15103769,https://www.data.go.kr/data/15103769/fileData.do
인천광역시,부평구,,책상,양수(양서랍),7000,,15103769,https://www.data.go.kr/data/15103769/fileData.do
인천광역시,부평구,,책상,컴퓨터책상,5000,,15103769,https://www.data.go.kr/data/15103769/fileData.do
인천광역시,부평구,,책상,"편수(외서랍, 무서랍)",6000,,15103769,https://www.data.go.kr/data/15103769/fileData.do
인천광역시,부평구,,책장(책꽂이),대(3단 이상),6000,,15103769,https://www.data.go.kr/data/15103769/fileData.do
인천광역시,부평구,,책장(책꽂이),소(3단 미만),5000,,15103769,https://www.data.go.kr/data/15103769/fileData.do
인천광역시,부평구,,천막,모든규격,6000,,15103769,https://www.data.go.kr/data/15103769/fileData.do
인천광역시,부평구,,층간소음용 매트,롤매트,6000,,15103769,https://www.data.go.kr/data/15103769/fileData.do
인천광역시,부평구,,층간소음용 매트,폴더매트,8000,,15103769,https://www.data.go.kr/data/15103769/fileData.do
인천광역시,부평구,,침대매트판,나무(개당),5000,,15103769,https://www.data.go.kr/data/15103769/fileData.do
인천광역시,부평구,,침대매트판,서랍형(개당),5000,,15103769,https://www.data.go.kr/data/15103769/fileData.do
인천광역시,부평구,,침대매트판,플라스틱(개당),2000,,15103769,https://www.data.go.kr/data/15103769/fileData.do
인천광역시,부평구,,침대머리,모든규격,3000,,15103769,https://www.data.go.kr/data/15103769/fileData.do
인천광역시,부평구,,침대틀,1인용,3000,,15103769,https://www.data.go.kr/data/15103769/fileData.do
인천광역시,부평구,,침대틀,2인용(퀸사이즈 포함),4000,,15103769,https://www.data.go.kr/data/15103769/fileData.do
인천광역시,부평구,,침대틀,2층 침대틀,10000,,15103769,https://www.data.go.kr/data/15103769/fileData.do
인천광역시,부평구,,침대틀,간이침대(라꾸라꾸),10000,,15103769,https://www.data.go.kr/data/15103769/fileData.do
인천광역시,부평구,,침대틀,돌침대(돌포함),12000,,15103769,https://www.data.go.kr/data/15103769/fileData.do
인천광역시,부평구,,침대틀,모텔용,12000,,15103769,https://www.data.go.kr/data/15103769/fileData.do
인천광역시,부평구,,침대틀,범퍼침대,10000,,15103769,https://www.data.go.kr/data/15103769/fileData.do
인천광역시,부평구,,침대틀,유아용(신생아용),5000,,15103769,https://www.data.go.kr/data/15103769/fileData.do
인천광역시,부평구,,카펫,대(길이2.5M 이상),12000,,15103769,https://www.data.go.kr/data/15103769/fileData.do
인천광역시,부평구,,카펫,소(길이1.5M 미만),5000,,15103769,https://www.data.go.kr/data/15103769/fileData.do
인천광역시,부평구,,카펫,중(길이1.5M~2.5M미만),7000,,15103769,https://www.data.go.kr/data/15103769/fileData.do
인천광역시,부평구,,칼라박스,모든규격,2000,,15103769,https://www.data.go.kr/data/15103769/fileData.do
인천광역시,부평구,,캐비닛,모든규격,5000,,15103769,https://www.data.go.kr/data/15103769/fileData.do
인천광역시,부평구,,캣타워,대형(1M초과),10000,,15103769,https://www.data.go.kr/data/15103769/fileData.do
인천광역시,부평구,,캣타워,소형(1M이하),5000,,15103769,https://www.data.go.kr/data/15103769/fileData.do
인천광역시,부평구,,킥보드(전동),모든규격,5000,,15103769,https://www.data.go.kr/data/15103769/fileData.do
인천광역시,부평구,,타이어,"1,100MM 이하",5000,,15103769,https://www.data.go.kr/data/15103769/fileData.do
인천광역시,부평구,,타이어,"1,100MM 초과",12000,,15103769,https://www.data.go.kr/data/15103769/fileData.do
인천광역시,부평구,,타이어,600MM 이하,3000,,15103769,https://www.data.go.kr/data/15103769/fileData.do
인천광역시,부평구,,탁구대,모든규격,15000,,15103769,https://www.data.go.kr/data/15103769/fileData.do
인천광역시,부평구,,탁자,10인용 미만,5000,,15103769,https://www.data.go.kr/data/15103769/fileData.do
인천광역시,부평구,,탁자,10인용 이상,9000,,15103769,https://www.data.go.kr/data/15103769/fileData.do
인천광역시,부평구,,테니스라켓,모든규격,1000,,15103769,https://www.data.go.kr/data/15103769/fileData.do
인천광역시,부평구,,텐트,모든규격,2000,,15103769,https://www.data.go.kr/data/15103769/fileData.do
인천광역시,부평구,,팔레트(나무),모든규격,5000,,15103769,https://www.data.go.kr/data/15103769/fileData.do
인천광역시,부평구,,페인트통(빈통),1개당(페인트는 별도처리),1000,,15103769,https://www.data.go.kr/data/15103769/fileData.do
인천광역시,부평구,,피아노,대형(그랜드),12000,,15103769,https://www.data.go.kr/data/15103769/fileData.do
인천광역시,부평구,,피아노,"일반(업라이트), 전자피아노",11000,,15103769,https://www.data.go.kr/data/15103769/fileData.do
인천광역시,부평구,,피아노,전자피아노 구형(소형),6000,,15103769,https://www.data.go.kr/data/15103769/fileData.do
인천광역시,부평구,,항아리(화분),대(70CM 이상),5000,,15103769,https://www.data.go.kr/data/15103769/fileData.do
인천광역시,부평구,,항아리(화분),소(40CM 미만),3000,,15103769,https://www.data.go.kr/data/15103769/fileData.do
인천광역시,부평구,,항아리(화분),중(40CM~70CM미만),4000,,15103769,https://www.data.go.kr/data/15103769/fileData.do
인천광역시,부평구,,협탁,모든규격,2000,,15103769,https://www.data.go.kr/data/15103769/fileData.do
인천광역시,부평구,,화장대(거울별도),가정용,6000,,15103769,https://www.data.go.kr/data/15103769/fileData.do
인천광역시,부평구,,화장대(거울별도),업소용,10000,,15103769,https://www.data.go.kr/data/15103769/fileData.do
인천광역시,부평구,,화환,모든규격,3000,,15103769,https://www.data.go.kr/data/15103769/fileData.do
인천광역시,부평구,,환풍기,가정용,2000,,15103769,https://www.data.go.kr/data/15103769/fileData.do
인천광역시,부평구,,환풍기,업소용,3000,,15103769,https://www.data.go.kr/data/15103769/fileData.do
인천광역시,부평구,,휠체어,수동,2000,,15103769,https://www.data.go.kr/data/15103769/fileData.do
인천광역시,부평구,,휠체어,전동,10000,,15103769,https://www.data.go.kr/data/15103769/fileData.do
인천광역시,연수구,,가스레인지/오븐레인지,1m 미만,2000,,15116346,https://www.data.go.kr/data/15116346/fileData.do
인천광역시,연수구,,가스레인지/오븐레인지,1m 이상,4000,,15116346,https://www.data.go.kr/data/15116346/fileData.do
인천광역시,연수구,,가스히터,모든 규격,5000,,15116346,https://www.data.go.kr/data/15116346/fileData.do
인천광역시,연수구,,가습기,모든 규격,2000,,15116346,https://www.data.go.kr/data/15116346/fileData.do
인천광역시,연수구,,거울,반신거울(대)(1m 이상),5000,,15116346,https://www.data.go.kr/data/15116346/fileData.do
인천광역시,연수구,,거울,반신거울(소)(1m 미만),2000,,15116346,https://www.data.go.kr/data/15116346/fileData.do
인천광역시,연수구,,고무대야(통),대,5000,,15116346,https://www.data.go.kr/data/15116346/fileData.do
인천광역시,연수구,,골프가방,모든 규격,5000,,15116346,https://www.data.go.kr/data/15116346/fileData.do
인천광역시,연수구,,공기청정기,1m미만,2000,,15116346,https://www.data.go.kr/data/15116346/fileData.do
인천광역시,연수구,,공기청정기,1m이상,4000,,15116346,https://www.data.go.kr/data/15116346/fileData.do
인천광역시,연수구,,금고,1m 미만,7000,,15116346,https://www.data.go.kr/data/15116346/fileData.do
인천광역시,연수구,,금고,1m 이상,10000,,15116346,https://www.data.go.kr/data/15116346/fileData.do
인천광역시,연수구,,기타(악기),모든 규격,3000,,15116346,https://www.data.go.kr/data/15116346/fileData.do
인천광역시,연수구,,난로,석유,4000,,15116346,https://www.data.go.kr/data/15116346/fileData.do
인천광역시,연수구,,다리미,모든 규격,2000,,15116346,https://www.data.go.kr/data/15116346/fileData.do
인천광역시,연수구,,다리미판,모든 규격,2000,,15116346,https://www.data.go.kr/data/15116346/fileData.do
인천광역시,연수구,,다용도 수납장,모든 규격,4000,,15116346,https://www.data.go.kr/data/15116346/fileData.do
인천광역시,연수구,,대자리,2인 이상,10000,,15116346,https://www.data.go.kr/data/15116346/fileData.do
인천광역시,연수구,,돗자리,모든 규격,5000,,15116346,https://www.data.go.kr/data/15116346/fileData.do
인천광역시,연수구,,레인지후드,모든 규격,2000,,15116346,https://www.data.go.kr/data/15116346/fileData.do
인천광역시,연수구,,마네킹,반신용(머리 포함),3000,,15116346,https://www.data.go.kr/data/15116346/fileData.do
인천광역시,연수구,,마네킹,전신용,5000,,15116346,https://www.data.go.kr/data/15116346/fileData.do
인천광역시,연수구,,목발,,2000,,15116346,https://www.data.go.kr/data/15116346/fileData.do
인천광역시,연수구,,문갑(거실장),돌문갑,10000,,15116346,https://www.data.go.kr/data/15116346/fileData.do
인천광역시,연수구,,문갑(거실장),모든 규격,6000,,15116346,https://www.data.go.kr/data/15116346/fileData.do
인천광역시,연수구,,문갑(거실장),유리(부착)문갑,8000,,15116346,https://www.data.go.kr/data/15116346/fileData.do
인천광역시,연수구,,문짝,목재,4000,,15116346,https://www.data.go.kr/data/15116346/fileData.do
인천광역시,연수구,,문짝,철재,5000,,15116346,https://www.data.go.kr/data/15116346/fileData.do
인천광역시,연수구,,문틀,대(높이 1.6m 이상),5000,,15116346,https://www.data.go.kr/data/15116346/fileData.do
인천광역시,연수구,,문틀,소(높이 1.6m 미만),3000,,15116346,https://www.data.go.kr/data/15116346/fileData.do
인천광역시,연수구,,물탱크(FRP 제외),2.5톤 미만,30000,,15116346,https://www.data.go.kr/data/15116346/fileData.do
인천광역시,연수구,,물탱크(FRP 제외),2.5톤 이상,50000,,15116346,https://www.data.go.kr/data/15116346/fileData.do
인천광역시,연수구,,믹서기,모든 규격,2000,,15116346,https://www.data.go.kr/data/15116346/fileData.do
인천광역시,연수구,,바둑판,대(두꺼운 판),2000,,15116346,https://www.data.go.kr/data/15116346/fileData.do
인천광역시,연수구,,바둑판,소(얆은 판),1000,,15116346,https://www.data.go.kr/data/15116346/fileData.do
인천광역시,연수구,,밥상,다과상,2000,,15116346,https://www.data.go.kr/data/15116346/fileData.do
인천광역시,연수구,,밥상,"대(1.2m 이상), 4인용 이상",4000,,15116346,https://www.data.go.kr/data/15116346/fileData.do
인천광역시,연수구,,밥상,"소(1.2m 미만), 4인용 미만",3000,,15116346,https://www.data.go.kr/data/15116346/fileData.do
인천광역시,연수구,,방충망,대(문),4000,,15116346,https://www.data.go.kr/data/15116346/fileData.do
인천광역시,연수구,,방충망,소(창문),3000,,15116346,https://www.data.go.kr/data/15116346/fileData.do
인천광역시,연수구,,벽시계,모든 규격,5000,,15116346,https://www.data.go.kr/data/15116346/fileData.do
인천광역시,연수구,,변기,모든 규격,5000,,15116346,https://www.data.go.kr/data/15116346/fileData.do
인천광역시,연수구,,병풍,모든 규격,5000,,15116346,https://www.data.go.kr/data/15116346/fileData.do
인천광역시,연수구,,보드,모든 규격,3000,,15116346,https://www.data.go.kr/data/15116346/fileData.do
인천광역시,연수구,,보일러,모든 규격,6000,,15116346,https://www.data.go.kr/data/15116346/fileData.do
인천광역시,연수구,,부츠,모든 규격,3000,,15116346,https://www.data.go.kr/data/15116346/fileData.do
인천광역시,연수구,,블라인드,쪽 당,5000,,15116346,https://www.data.go.kr/data/15116346/fileData.do
인천광역시,연수구,,비디오(VTR),모든 규격,3000,,15116346,https://www.data.go.kr/data/15116346/fileData.do
인천광역시,연수구,,"빨래건조대, 행거",모든 규격,3000,,15116346,https://www.data.go.kr/data/15116346/fileData.do
인천광역시,연수구,,빨래판,모든 규격,2000,,15116346,https://www.data.go.kr/data/15116346/fileData.do
인천광역시,연수구,,사무용칸막이(파티션),모든 규격,5000,,15116346,https://www.data.go.kr/data/15116346/fileData.do
인천광역시,연수구,,서랍장,5단 미만,6000,,15116346,https://www.data.go.kr/data/15116346/fileData.do
인천광역시,연수구,,서랍장,5단 이상(3단양수 포함),8000,,15116346,https://www.data.go.kr/data/15116346/fileData.do
인천광역시,연수구,,서랍장,"미용실, 금은방용",10000,,15116346,https://www.data.go.kr/data/15116346/fileData.do
인천광역시,연수구,,선반,1m²당,3000,,15116346,https://www.data.go.kr/data/15116346/fileData.do
인천광역시,연수구,,선풍기,모든 규격,3000,,15116346,https://www.data.go.kr/data/15116346/fileData.do
인천광역시,연수구,,세면대,모든 규격,5000,,15116346,https://www.data.go.kr/data/15116346/fileData.do
인천광역시,연수구,,세탁기,8㎏미만,5000,,15116346,https://www.data.go.kr/data/15116346/fileData.do
인천광역시,연수구,,세탁기,8㎏이상,6000,,15116346,https://www.data.go.kr/data/15116346/fileData.do
인천광역시,연수구,,소파,1인용(개당),5000,,15116346,https://www.data.go.kr/data/15116346/fileData.do
인천광역시,연수구,,소파,2인용(개당),6000,,15116346,https://www.data.go.kr/data/15116346/fileData.do
인천광역시,연수구,,소파,3인용(개당),10000,,15116346,https://www.data.go.kr/data/15116346/fileData.do
인천광역시,연수구,,소파,4인용(2인용 두개),12000,,15116346,https://www.data.go.kr/data/15116346/fileData.do
인천광역시,연수구,,소파,4인용(분리불가),11000,,15116346,https://www.data.go.kr/data/15116346/fileData.do
인천광역시,연수구,,소파,보조소파(스툴),5000,,15116346,https://www.data.go.kr/data/15116346/fileData.do
인천광역시,연수구,,소파,소파테이블,3000,,15116346,https://www.data.go.kr/data/15116346/fileData.do
인천광역시,연수구,,소파,유아용,3000,,15116346,https://www.data.go.kr/data/15116346/fileData.do
인천광역시,연수구,,소파,카우치(1인용),6000,,15116346,https://www.data.go.kr/data/15116346/fileData.do
인천광역시,연수구,,소화기,10kg 이하,5000,,15116346,https://www.data.go.kr/data/15116346/fileData.do
인천광역시,연수구,,소화기,20kg 이하,7000,,15116346,https://www.data.go.kr/data/15116346/fileData.do
인천광역시,연수구,,소화기,3.3kg 이하,3000,,15116346,https://www.data.go.kr/data/15116346/fileData.do
인천광역시,연수구,,수도호스,10m 당,1000,,15116346,https://www.data.go.kr/data/15116346/fileData.do
인천광역시,연수구,,수족관,대(100cm× 60cm 이상),8000,,15116346,https://www.data.go.kr/data/15116346/fileData.do
인천광역시,연수구,,수족관,소(100cm× 30cm 미만),3000,,15116346,https://www.data.go.kr/data/15116346/fileData.do
인천광역시,연수구,,수족관,소(100cm× 30cm 이상),5000,,15116346,https://www.data.go.kr/data/15116346/fileData.do
인천광역시,연수구,,수족관,어항,1000,,15116346,https://www.data.go.kr/data/15116346/fileData.do
인천광역시,연수구,,스키,모든 규격,3000,,15116346,https://www.data.go.kr/data/15116346/fileData.do
인천광역시,연수구,,스피커,대(높이50cm이상),3000,,15116346,https://www.data.go.kr/data/15116346/fileData.do
인천광역시,연수구,,스피커,소(높이50cm미만),2000,,15116346,https://www.data.go.kr/data/15116346/fileData.do
인천광역시,연수구,,시계,대형(50cm 이상),3000,,15116346,https://www.data.go.kr/data/15116346/fileData.do
인천광역시,연수구,,시계,소형(50cm 미만),1000,,15116346,https://www.data.go.kr/data/15116346/fileData.do
인천광역시,연수구,,식기 건조기,모든 규격,3000,,15116346,https://www.data.go.kr/data/15116346/fileData.do
인천광역시,연수구,,식탁,6인용 미만(대리석),10000,,15116346,https://www.data.go.kr/data/15116346/fileData.do
인천광역시,연수구,,식탁,6인용 미만(의자 별도),6000,,15116346,https://www.data.go.kr/data/15116346/fileData.do
인천광역시,연수구,,식탁,6인용 이상(대리석),12000,,15116346,https://www.data.go.kr/data/15116346/fileData.do
인천광역시,연수구,,식탁,6인용 이상(의자 별도),7000,,15116346,https://www.data.go.kr/data/15116346/fileData.do
인천광역시,연수구,,식탁,아일랜드(나무),10000,,15116346,https://www.data.go.kr/data/15116346/fileData.do
인천광역시,연수구,,식탁,아일랜드(대리석),15000,,15116346,https://www.data.go.kr/data/15116346/fileData.do
인천광역시,연수구,,신발장,대(높이 1.5m 이상),6000,,15116346,https://www.data.go.kr/data/15116346/fileData.do
인천광역시,연수구,,신발장,소(높이 1.5m 미만),3000,,15116346,https://www.data.go.kr/data/15116346/fileData.do
인천광역시,연수구,,실내운동기구,덤벨(5kg당),2000,,15116346,https://www.data.go.kr/data/15116346/fileData.do
인천광역시,연수구,,실내운동기구,러닝머신,15000,,15116346,https://www.data.go.kr/data/15116346/fileData.do
인천광역시,연수구,,실내운동기구,바벨(5kg당),2000,,15116346,https://www.data.go.kr/data/15116346/fileData.do
인천광역시,연수구,,실내운동기구,볼링공,3000,,15116346,https://www.data.go.kr/data/15116346/fileData.do
인천광역시,연수구,,실내운동기구,사이클,10000,,15116346,https://www.data.go.kr/data/15116346/fileData.do
인천광역시,연수구,,실내운동기구,소형 운동기구,5000,,15116346,https://www.data.go.kr/data/15116346/fileData.do
인천광역시,연수구,,싱크대(싱크대찬장 포함),대(1m 이상),6000,,15116346,https://www.data.go.kr/data/15116346/fileData.do
인천광역시,연수구,,싱크대(싱크대찬장 포함),"상부장(플랜장, 후드)",5000,,15116346,https://www.data.go.kr/data/15116346/fileData.do
인천광역시,연수구,,싱크대(싱크대찬장 포함),소(1m 미만),4000,,15116346,https://www.data.go.kr/data/15116346/fileData.do
인천광역시,연수구,,쌀통,모든 규격,4000,,15116346,https://www.data.go.kr/data/15116346/fileData.do
인천광역시,연수구,,씰링펜(전등),모든 규격,5000,,15116346,https://www.data.go.kr/data/15116346/fileData.do
인천광역시,연수구,,아이스박스,대(길이 1m 이상),5000,,15116346,https://www.data.go.kr/data/15116346/fileData.do
인천광역시,연수구,,아이스박스,소(길이 50cm 미만),2000,,15116346,https://www.data.go.kr/data/15116346/fileData.do
인천광역시,연수구,,아이스박스,중(길이 1m 미만),3000,,15116346,https://www.data.go.kr/data/15116346/fileData.do
인천광역시,연수구,,안내카운터(데스크),대(가로 1.5m 이상),10000,,15116346,https://www.data.go.kr/data/15116346/fileData.do
인천광역시,연수구,,안내카운터(데스크),중(가로 1.5m 미만),8000,,15116346,https://www.data.go.kr/data/15116346/fileData.do
인천광역시,연수구,,안마의자,모든 규격,10000,,15116346,https://www.data.go.kr/data/15116346/fileData.do
인천광역시,연수구,,액자,대(대각선 1m 초과),5000,,15116346,https://www.data.go.kr/data/15116346/fileData.do
인천광역시,연수구,,액자,소(대각선 0.5m 미만),2000,,15116346,https://www.data.go.kr/data/15116346/fileData.do
인천광역시,연수구,,액자,중(대각선 0.5~1.0m),3000,,15116346,https://www.data.go.kr/data/15116346/fileData.do
인천광역시,연수구,,어린이 장난감,소형(3kg당),1000,,15116346,https://www.data.go.kr/data/15116346/fileData.do
인천광역시,연수구,,에어컨,264㎡이상,10000,,15116346,https://www.data.go.kr/data/15116346/fileData.do
인천광역시,연수구,,에어컨,66㎡미만,5000,,15116346,https://www.data.go.kr/data/15116346/fileData.do
인천광역시,연수구,,에어컨,66㎡이상,7000,,15116346,https://www.data.go.kr/data/15116346/fileData.do
인천광역시,연수구,,여행용가방,대(화물용),5000,,15116346,https://www.data.go.kr/data/15116346/fileData.do
인천광역시,연수구,,여행용가방,소(기내용),3000,,15116346,https://www.data.go.kr/data/15116346/fileData.do
인천광역시,연수구,,오디오,대(높이60cm초과),5000,,15116346,https://www.data.go.kr/data/15116346/fileData.do
인천광역시,연수구,,오디오,소(높이30cm미만),3000,,15116346,https://www.data.go.kr/data/15116346/fileData.do
인천광역시,연수구,,오디오,중(높이30cm~60cm),4000,,15116346,https://www.data.go.kr/data/15116346/fileData.do
인천광역시,연수구,,오락기,소(높이0.8m미만),5000,,15116346,https://www.data.go.kr/data/15116346/fileData.do
인천광역시,연수구,,오르간,모든 규격,6000,,15116346,https://www.data.go.kr/data/15116346/fileData.do
인천광역시,연수구,,옥돌자석매트,모든 규격,11000,,15116346,https://www.data.go.kr/data/15116346/fileData.do
인천광역시,연수구,,온수매트,1인용,9000,,15116346,https://www.data.go.kr/data/15116346/fileData.do
인천광역시,연수구,,온수매트,2인용,10000,,15116346,https://www.data.go.kr/data/15116346/fileData.do
인천광역시,연수구,,옷걸이,모든 규격,3000,,15116346,https://www.data.go.kr/data/15116346/fileData.do
인천광역시,연수구,,욕조,모든 규격,10000,,15116346,https://www.data.go.kr/data/15116346/fileData.do
인천광역시,연수구,,우산,모든 규격,1000,,15116346,https://www.data.go.kr/data/15116346/fileData.do
인천광역시,연수구,,유리(1쪽 당),강화유리(샤워부스 칸막이 등),10000,,15116346,https://www.data.go.kr/data/15116346/fileData.do
인천광역시,연수구,,유리(1쪽 당),대(120cm 이상),5000,,15116346,https://www.data.go.kr/data/15116346/fileData.do
인천광역시,연수구,,유리(1쪽 당),식탁 및 책상유리,3000,,15116346,https://www.data.go.kr/data/15116346/fileData.do
인천광역시,연수구,,유아용품,"유모차, 보행기",3000,,15116346,https://www.data.go.kr/data/15116346/fileData.do
인천광역시,연수구,,유아용품,전동차,5000,,15116346,https://www.data.go.kr/data/15116346/fileData.do
인천광역시,연수구,,유아용품,카시트,4000,,15116346,https://www.data.go.kr/data/15116346/fileData.do
인천광역시,연수구,,의자,"사무용, 게이밍용",4000,,15116346,https://www.data.go.kr/data/15116346/fileData.do
인천광역시,연수구,,의자,플라스틱 원형(사각),2000,,15116346,https://www.data.go.kr/data/15116346/fileData.do
인천광역시,연수구,,자전거,자전거(어린이),4000,,15116346,https://www.data.go.kr/data/15116346/fileData.do
인천광역시,연수구,,자전거,자전거(유아용),3000,,15116346,https://www.data.go.kr/data/15116346/fileData.do
인천광역시,연수구,,자전거,자전거(일반),5000,,15116346,https://www.data.go.kr/data/15116346/fileData.do
인천광역시,연수구,,장롱(1쪽 당),너비 120cm 이상,11000,,15116346,https://www.data.go.kr/data/15116346/fileData.do
인천광역시,연수구,,장롱(1쪽 당),너비 90cm 이하,8000,,15116346,https://www.data.go.kr/data/15116346/fileData.do
인천광역시,연수구,,장롱(1쪽 당),너비 90cm 초과,10000,,15116346,https://www.data.go.kr/data/15116346/fileData.do
인천광역시,연수구,,장롱(1쪽 당),프레임(틀),5000,,15116346,https://www.data.go.kr/data/15116346/fileData.do
인천광역시,연수구,,"장식장,진열장",가로 60cm 미만,4000,,15116346,https://www.data.go.kr/data/15116346/fileData.do
인천광역시,연수구,,"장식장,진열장",가로 90cm 미만,6000,,15116346,https://www.data.go.kr/data/15116346/fileData.do
인천광역시,연수구,,"장식장,진열장",가로 90cm 이상,8000,,15116346,https://www.data.go.kr/data/15116346/fileData.do
인천광역시,연수구,,장판,5m 미만,4000,,15116346,https://www.data.go.kr/data/15116346/fileData.do
인천광역시,연수구,,장판,5m 이상,5000,,15116346,https://www.data.go.kr/data/15116346/fileData.do
인천광역시,연수구,,재봉틀,대,5000,,15116346,https://www.data.go.kr/data/15116346/fileData.do
인천광역시,연수구,,재봉틀,소,3000,,15116346,https://www.data.go.kr/data/15116346/fileData.do
인천광역시,연수구,,전기 난방기구,모든 규격,4000,,15116346,https://www.data.go.kr/data/15116346/fileData.do
인천광역시,연수구,,전기밥솥,중(높이0.8m~1.2m),8000,,15116346,https://www.data.go.kr/data/15116346/fileData.do
인천광역시,연수구,,전기장판,모든 규격,6000,,15116346,https://www.data.go.kr/data/15116346/fileData.do
인천광역시,연수구,,창문,1㎡ 당,2000,,15116346,https://www.data.go.kr/data/15116346/fileData.do
인천광역시,연수구,,책상,"h형책상(상판,책장,서랍 포함)",10000,,15116346,https://www.data.go.kr/data/15116346/fileData.do
인천광역시,연수구,,책상,독서실책상,10000,,15116346,https://www.data.go.kr/data/15116346/fileData.do
인천광역시,연수구,,책상,사무용,10000,,15116346,https://www.data.go.kr/data/15116346/fileData.do
인천광역시,연수구,,책상,상판,3000,,15116346,https://www.data.go.kr/data/15116346/fileData.do
인천광역시,연수구,,책상,양수(양서랍),7000,,15116346,https://www.data.go.kr/data/15116346/fileData.do
인천광역시,연수구,,책상,"편수(외서랍, 무서랍)",6000,,15116346,https://www.data.go.kr/data/15116346/fileData.do
인천광역시,연수구,,책장(책꽂이),3단 미만,5000,,15116346,https://www.data.go.kr/data/15116346/fileData.do
인천광역시,연수구,,책장(책꽂이),3단 이상,6000,,15116346,https://www.data.go.kr/data/15116346/fileData.do
인천광역시,연수구,,천막,가정용,6000,,15116346,https://www.data.go.kr/data/15116346/fileData.do
인천광역시,연수구,,청소기,대(높이1.2m초과),10000,,15116346,https://www.data.go.kr/data/15116346/fileData.do
인천광역시,연수구,,층간소음방지매트,3.3㎡(1평) 당,4000,,15116346,https://www.data.go.kr/data/15116346/fileData.do
인천광역시,연수구,,칠판,대형(1.5m 이상),5000,,15116346,https://www.data.go.kr/data/15116346/fileData.do
인천광역시,연수구,,칠판,소형(1.5m 미만),3000,,15116346,https://www.data.go.kr/data/15116346/fileData.do
인천광역시,연수구,,침대 프레임,돌침대,22000,,15116346,https://www.data.go.kr/data/15116346/fileData.do
인천광역시,연수구,,침대 프레임,"라지킹, 이스턴킹",17000,,15116346,https://www.data.go.kr/data/15116346/fileData.do
인천광역시,연수구,,침대 프레임,"싱글(슈퍼싱글), 더블",5000,,15116346,https://www.data.go.kr/data/15116346/fileData.do
인천광역시,연수구,,침대 프레임,유아용,3000,,15116346,https://www.data.go.kr/data/15116346/fileData.do
인천광역시,연수구,,침대 프레임,"퀸, 킹",11000,,15116346,https://www.data.go.kr/data/15116346/fileData.do
인천광역시,연수구,,침대(매트리스),돌침대,12000,,15116346,https://www.data.go.kr/data/15116346/fileData.do
인천광역시,연수구,,침대(매트리스),"라지킹, 이스턴킹",10000,,15116346,https://www.data.go.kr/data/15116346/fileData.do
인천광역시,연수구,,침대(매트리스),"싱글(슈퍼싱글), 더블",8000,,15116346,https://www.data.go.kr/data/15116346/fileData.do
인천광역시,연수구,,침대(매트리스),유아용,3000,,15116346,https://www.data.go.kr/data/15116346/fileData.do
인천광역시,연수구,,침대(매트리스),"퀸, 킹",9000,,15116346,https://www.data.go.kr/data/15116346/fileData.do
인천광역시,연수구,,카펫,대(길이2.5m 이상),12000,,15116346,https://www.data.go.kr/data/15116346/fileData.do
인천광역시,연수구,,카펫,소(길이1.5m 미만),5000,,15116346,https://www.data.go.kr/data/15116346/fileData.do
인천광역시,연수구,,카펫,중(길이2.5m 미만),7000,,15116346,https://www.data.go.kr/data/15116346/fileData.do
인천광역시,연수구,,칼라박스,모든 규격,2000,,15116346,https://www.data.go.kr/data/15116346/fileData.do
인천광역시,연수구,,캐비닛,모든 규격,5000,,15116346,https://www.data.go.kr/data/15116346/fileData.do
인천광역시,연수구,,캣타워,대(높이 1m 이상),10000,,15116346,https://www.data.go.kr/data/15116346/fileData.do
인천광역시,연수구,,캣타워,소(높이 1m 미만),5000,,15116346,https://www.data.go.kr/data/15116346/fileData.do
인천광역시,연수구,,컴퓨터,모니터,3000,,15116346,https://www.data.go.kr/data/15116346/fileData.do
인천광역시,연수구,,컴퓨터,모든 규격,3000,,15116346,https://www.data.go.kr/data/15116346/fileData.do
인천광역시,연수구,,컴퓨터,모든 규격,3000,,15116346,https://www.data.go.kr/data/15116346/fileData.do
인천광역시,연수구,,컴퓨터,본체,2000,,15116346,https://www.data.go.kr/data/15116346/fileData.do
인천광역시,연수구,,컴퓨터,키보드,1000,,15116346,https://www.data.go.kr/data/15116346/fileData.do
인천광역시,연수구,,컴퓨터,프린터,2000,,15116346,https://www.data.go.kr/data/15116346/fileData.do
인천광역시,연수구,,"쿠션, 대형 인형",,2000,,15116346,https://www.data.go.kr/data/15116346/fileData.do
인천광역시,연수구,,타이어,"1,100mm 이상",12000,,15116346,https://www.data.go.kr/data/15116346/fileData.do
인천광역시,연수구,,타이어,600mm 이상,5000,,15116346,https://www.data.go.kr/data/15116346/fileData.do
인천광역시,연수구,,탁구대,모든 규격,15000,,15116346,https://www.data.go.kr/data/15116346/fileData.do
인천광역시,연수구,,탁상 조명,모든 규격,2000,,15116346,https://www.data.go.kr/data/15116346/fileData.do
인천광역시,연수구,,탁자,10인용 미만,5000,,15116346,https://www.data.go.kr/data/15116346/fileData.do
인천광역시,연수구,,탁자,10인용 이상,9000,,15116346,https://www.data.go.kr/data/15116346/fileData.do
인천광역시,연수구,,탈수기,모든 규격,5000,,15116346,https://www.data.go.kr/data/15116346/fileData.do
인천광역시,연수구,,테니스라켓,개당,1000,,15116346,https://www.data.go.kr/data/15116346/fileData.do
인천광역시,연수구,,텐트,가정용,2000,,15116346,https://www.data.go.kr/data/15116346/fileData.do
인천광역시,연수구,,텔레비전,25인치 이상,5000,,15116346,https://www.data.go.kr/data/15116346/fileData.do
인천광역시,연수구,,토스터,25인치 미만,3000,,15116346,https://www.data.go.kr/data/15116346/fileData.do
인천광역시,연수구,,토스터,모든 규격,2000,,15116346,https://www.data.go.kr/data/15116346/fileData.do
인천광역시,연수구,,토퍼,"싱글(슈퍼싱글), 더블",4000,,15116346,https://www.data.go.kr/data/15116346/fileData.do
인천광역시,연수구,,토퍼,"퀸, 킹",5000,,15116346,https://www.data.go.kr/data/15116346/fileData.do
인천광역시,연수구,,트램펄린,가정용,5000,,15116346,https://www.data.go.kr/data/15116346/fileData.do
인천광역시,연수구,,팰릿(팔레트)-나무,모든 규격,5000,,15116346,https://www.data.go.kr/data/15116346/fileData.do
인천광역시,연수구,,폴더매트,3.3㎡(1평) 당,8000,,15116346,https://www.data.go.kr/data/15116346/fileData.do
인천광역시,연수구,,피아노,대형(그랜드),12000,,15116346,https://www.data.go.kr/data/15116346/fileData.do
인천광역시,연수구,,피아노,일반(업라이트),11000,,15116346,https://www.data.go.kr/data/15116346/fileData.do
인천광역시,연수구,,피아노,전자피아노,5000,,15116346,https://www.data.go.kr/data/15116346/fileData.do
인천광역시,연수구,,항아리(화분),대(70cm 초과),5000,,15116346,https://www.data.go.kr/data/15116346/fileData.do
인천광역시,연수구,,항아리(화분),소(40cm 미만),3000,,15116346,https://www.data.go.kr/data/15116346/fileData.do
인천광역시,연수구,,항아리(화분),중(70cm 미만),4000,,15116346,https://www.data.go.kr/data/15116346/fileData.do
인천광역시,연수구,,협탁(사이드테이블),모든 규격,2000,,15116346,https://www.data.go.kr/data/15116346/fileData.do
인천광역시,연수구,,화장대,가정용,6000,,15116346,https://www.data.go.kr/data/15116346/fileData.do
인천광역시,연수구,,화장대,업소용,10000,,15116346,https://www.data.go.kr/data/15116346/fileData.do
인천광역시,연수구,,화환,모든 규격,3000,,15116346,https://www.data.go.kr/data/15116346/fileData.do
인천광역시,연수구,,환풍기,가정용,2000,,15116346,https://www.data.go.kr/data/15116346/fileData.do
인천광역시,연수구,,환풍기,업소용,3000,,15116346,https://www.data.go.kr/data/15116346/fileData.do
인천광역시,연수구,,휠체어,모든 규격,2000,,15116346,https://www.data.go.kr/data/15116346/fileData.do
전남광주통합특별시,남광주통합특별시,,방문(문짝),방문,3000,2025-07-23,15093651,https://www.data.go.kr/data/15093651/fileData.do
전남광주통합특별시,남광주통합특별시,가구류,가스레인지 받침대,모든규격,3000,2025-07-23,15093651,https://www.data.go.kr/data/15093651/fileData.do
전남광주통합특별시,남광주통합특별시,가구류,교자상,6인 미만,3000,2025-07-23,15093651,https://www.data.go.kr/data/15093651/fileData.do
전남광주통합특별시,남광주통합특별시,가구류,교자상,6인 이상,4000,2025-07-23,15093651,https://www.data.go.kr/data/15093651/fileData.do
전남광주통합특별시,남광주통합특별시,가구류,다듬이판,모든규격,2000,2025-07-23,15093651,https://www.data.go.kr/data/15093651/fileData.do
전남광주통합특별시,남광주통합특별시,가구류,돌침대,1인용(받침 별도),10000,,15084135,https://www.data.go.kr/data/15084135/fileData.do
전남광주통합특별시,남광주통합특별시,가구류,돌침대,2인용(받침 별도),20000,,15084135,https://www.data.go.kr/data/15084135/fileData.do
전남광주통합특별시,남광주통합특별시,가구류,돌침대 받침,1인용(돌침대 별도),10000,,15084135,https://www.data.go.kr/data/15084135/fileData.do
전남광주통합특별시,남광주통합특별시,가구류,돌침대 받침,2인용(돌침대 별도),20000,,15084135,https://www.data.go.kr/data/15084135/fileData.do
전남광주통합특별시,남광주통합특별시,가구류,매트리스,1인용(침대 별도),3000,,15084135,https://www.data.go.kr/data/15084135/fileData.do
전남광주통합특별시,남광주통합특별시,가구류,매트리스,2인용이상(침대 별도),5000,,15084135,https://www.data.go.kr/data/15084135/fileData.do
전남광주통합특별시,남광주통합특별시,가구류,문갑,모든 규격,3000,,15084135,https://www.data.go.kr/data/15084135/fileData.do
전남광주통합특별시,남광주통합특별시,가구류,문갑,모든규격,3500,2025-07-23,15093651,https://www.data.go.kr/data/15093651/fileData.do
전남광주통합특별시,남광주통합특별시,가구류,문짝,1m x 1m 미만,2000,,15084135,https://www.data.go.kr/data/15084135/fileData.do
전남광주통합특별시,남광주통합특별시,가구류,문짝,1m x 1m 이상,4000,,15084135,https://www.data.go.kr/data/15084135/fileData.do
전남광주통합특별시,남광주통합특별시,가구류,비키니옷장,개당,2000,,15084135,https://www.data.go.kr/data/15084135/fileData.do
전남광주통합특별시,남광주통합특별시,가구류,비키니옷장,모든규격,3000,2025-07-23,15093651,https://www.data.go.kr/data/15093651/fileData.do
전남광주통합특별시,남광주통합특별시,가구류,서랍장,3단 미만,2000,,15084135,https://www.data.go.kr/data/15084135/fileData.do
전남광주통합특별시,남광주통합특별시,가구류,서랍장,3단 미만,2500,2025-07-23,15093651,https://www.data.go.kr/data/15093651/fileData.do
전남광주통합특별시,남광주통합특별시,가구류,서랍장,3단 이상,4000,,15084135,https://www.data.go.kr/data/15084135/fileData.do
전남광주통합특별시,남광주통합특별시,가구류,서랍장,3단 이상,4500,2025-07-23,15093651,https://www.data.go.kr/data/15093651/fileData.do
전남광주통합특별시,남광주통합특별시,가구류,서랍장,5단 이상,6000,,15084135,https://www.data.go.kr/data/15084135/fileData.do
전남광주통합특별시,남광주통합특별시,가구류,서랍장,5단 이상,7000,2025-07-23,15093651,https://www.data.go.kr/data/15093651/fileData.do
전남광주통합특별시,남광주통합특별시,가구류,쇼파,1인용(개당),2000,,15084135,https://www.data.go.kr/data/15084135/fileData.do
전남광주통합특별시,남광주통합특별시,가구류,쇼파,1인용(개당),2500,2025-07-23,15093651,https://www.data.go.kr/data/15093651/fileData.do
전남광주통합특별시,남광주통합특별시,가구류,쇼파,2인용,4000,,15084135,https://www.data.go.kr/data/15084135/fileData.do
전남광주통합특별시,남광주통합특별시,가구류,쇼파,2인용 이상,4000,2025-07-23,15093651,https://www.data.go.kr/data/15093651/fileData.do
전남광주통합특별시,남광주통합특별시,가구류,쇼파,3인 이상,6000,2025-07-23,15093651,https://www.data.go.kr/data/15093651/fileData.do
전남광주통합특별시,남광주통합특별시,가구류,쇼파,3인용,5000,,15084135,https://www.data.go.kr/data/15084135/fileData.do
전남광주통합특별시,남광주통합특별시,가구류,쇼파,대형 4인용,6000,,15084135,https://www.data.go.kr/data/15084135/fileData.do
전남광주통합특별시,남광주통합특별시,가구류,쇼파,대형 6인용,8000,,15084135,https://www.data.go.kr/data/15084135/fileData.do
전남광주통합특별시,남광주통합특별시,가구류,쇼파,대형 6인용 이상,9500,2025-07-23,15093651,https://www.data.go.kr/data/15093651/fileData.do
전남광주통합특별시,남광주통합특별시,가구류,스탠드 옷걸이,소 형,2500,2025-07-23,15093651,https://www.data.go.kr/data/15093651/fileData.do
전남광주통합특별시,남광주통합특별시,가구류,식탁,6인용 미만,4000,,15084135,https://www.data.go.kr/data/15084135/fileData.do
전남광주통합특별시,남광주통합특별시,가구류,식탁,6인용 이상,5000,,15084135,https://www.data.go.kr/data/15084135/fileData.do
전남광주통합특별시,남광주통합특별시,가구류,식탁(테이블),6인 미만,4500,2025-07-23,15093651,https://www.data.go.kr/data/15093651/fileData.do
전남광주통합특별시,남광주통합특별시,가구류,식탁(테이블),6인 이상,6000,2025-07-23,15093651,https://www.data.go.kr/data/15093651/fileData.do
전남광주통합특별시,남광주통합특별시,가구류,신발장,대 형,2500,2025-07-23,15093651,https://www.data.go.kr/data/15093651/fileData.do
전남광주통합특별시,남광주통합특별시,가구류,신발장,대형,3000,,15084135,https://www.data.go.kr/data/15084135/fileData.do
전남광주통합특별시,남광주통합특별시,가구류,신발장,소형,1000,,15084135,https://www.data.go.kr/data/15084135/fileData.do
전남광주통합특별시,남광주통합특별시,가구류,신발장,중형,2000,,15084135,https://www.data.go.kr/data/15084135/fileData.do
전남광주통합특별시,남광주통합특별시,가구류,싱크대,60cm 1짝당,3000,2025-07-23,15093651,https://www.data.go.kr/data/15093651/fileData.do
전남광주통합특별시,남광주통합특별시,가구류,싱크대,개수대,4000,2025-07-23,15093651,https://www.data.go.kr/data/15093651/fileData.do
전남광주통합특별시,남광주통합특별시,가구류,쌀통,모든 규격,4000,,15084135,https://www.data.go.kr/data/15084135/fileData.do
전남광주통합특별시,남광주통합특별시,가구류,어린이2층 침대,개당,20000,,15084135,https://www.data.go.kr/data/15084135/fileData.do
전남광주통합특별시,남광주통합특별시,가구류,유아용침대,개당,3000,,15084135,https://www.data.go.kr/data/15084135/fileData.do
전남광주통합특별시,남광주통합특별시,가구류,응접세트탁자,5인 미만,3000,2025-07-23,15093651,https://www.data.go.kr/data/15093651/fileData.do
전남광주통합특별시,남광주통합특별시,가구류,응접세트탁자,5인 이상,5000,2025-07-23,15093651,https://www.data.go.kr/data/15093651/fileData.do
전남광주통합특별시,남광주통합특별시,가구류,의자,대형,3000,,15084135,https://www.data.go.kr/data/15084135/fileData.do
전남광주통합특별시,남광주통합특별시,가구류,의자,대형,3500,2025-07-23,15093651,https://www.data.go.kr/data/15093651/fileData.do
전남광주통합특별시,남광주통합특별시,가구류,의자,소형,1000,,15084135,https://www.data.go.kr/data/15084135/fileData.do
전남광주통합특별시,남광주통합특별시,가구류,의자,소형(접의자),1500,2025-07-23,15093651,https://www.data.go.kr/data/15093651/fileData.do
전남광주통합특별시,남광주통합특별시,가구류,의자,중형,2000,,15084135,https://www.data.go.kr/data/15084135/fileData.do
전남광주통합특별시,남광주통합특별시,가구류,의자,중형,2500,2025-07-23,15093651,https://www.data.go.kr/data/15093651/fileData.do
전남광주통합특별시,남광주통합특별시,가구류,장롱,90cm미만 장 1쪽(가로길이),10000,,15084135,https://www.data.go.kr/data/15084135/fileData.do
전남광주통합특별시,남광주통합특별시,가구류,장롱,90cm이상 장 1쪽(가로길이),15000,,15084135,https://www.data.go.kr/data/15084135/fileData.do
전남광주통합특별시,남광주통합특별시,가구류,장롱,쪽 120cm 장 1쪽,18000,2025-07-23,15093651,https://www.data.go.kr/data/15093651/fileData.do
전남광주통합특별시,남광주통합특별시,가구류,장롱,쪽 90cm 장 1쪽,12000,2025-07-23,15093651,https://www.data.go.kr/data/15093651/fileData.do
전남광주통합특별시,남광주통합특별시,가구류,"장식장, 진열장, 그릇장, 책장 등",폭 60cm 미만,5000,2025-07-23,15093651,https://www.data.go.kr/data/15093651/fileData.do
전남광주통합특별시,남광주통합특별시,가구류,"장식장, 진열장, 그릇장, 책장 등",폭 60cm 이상,8000,2025-07-23,15093651,https://www.data.go.kr/data/15093651/fileData.do
전남광주통합특별시,남광주통합특별시,가구류,"장식장, 진열장, 그릇장, 책장 등",폭 90cm 이상,10000,2025-07-23,15093651,https://www.data.go.kr/data/15093651/fileData.do
전남광주통합특별시,남광주통합특별시,가구류,진열장,대형,5000,,15084135,https://www.data.go.kr/data/15084135/fileData.do
전남광주통합특별시,남광주통합특별시,가구류,진열장,소형,3000,,15084135,https://www.data.go.kr/data/15084135/fileData.do
전남광주통합특별시,남광주통합특별시,가구류,찬장,90cm 이하,5000,,15084135,https://www.data.go.kr/data/15084135/fileData.do
전남광주통합특별시,남광주통합특별시,가구류,찬장,90cm 초과,8000,,15084135,https://www.data.go.kr/data/15084135/fileData.do
전남광주통합특별시,남광주통합특별시,가구류,책꽂이,2단이하,2000,,15084135,https://www.data.go.kr/data/15084135/fileData.do
전남광주통합특별시,남광주통합특별시,가구류,책꽂이,4단이하,4000,,15084135,https://www.data.go.kr/data/15084135/fileData.do
전남광주통합특별시,남광주통합특별시,가구류,책꽃이,모든 규격,3000,2025-07-23,15093651,https://www.data.go.kr/data/15093651/fileData.do
전남광주통합특별시,남광주통합특별시,가구류,책상,양수 대형,7000,2025-07-23,15093651,https://www.data.go.kr/data/15093651/fileData.do
전남광주통합특별시,남광주통합특별시,가구류,책상,양수 및 대형,5000,,15084135,https://www.data.go.kr/data/15084135/fileData.do
전남광주통합특별시,남광주통합특별시,가구류,책상,컴퓨터용 책상(서랍없음),3000,,15084135,https://www.data.go.kr/data/15084135/fileData.do
전남광주통합특별시,남광주통합특별시,가구류,책상,편수 및 소형,4000,,15084135,https://www.data.go.kr/data/15084135/fileData.do
전남광주통합특별시,남광주통합특별시,가구류,책상,편수 소형,4000,2025-07-23,15093651,https://www.data.go.kr/data/15093651/fileData.do
전남광주통합특별시,남광주통합특별시,가구류,책장,1m 미만,5000,,15084135,https://www.data.go.kr/data/15084135/fileData.do
전남광주통합특별시,남광주통합특별시,가구류,책장,1m 이상,8000,,15084135,https://www.data.go.kr/data/15084135/fileData.do
전남광주통합특별시,남광주통합특별시,가구류,침대,1인용(매트리스 별도),4000,,15084135,https://www.data.go.kr/data/15084135/fileData.do
전남광주통합특별시,남광주통합특별시,가구류,침대,2인용(매트리스 별도),8000,,15084135,https://www.data.go.kr/data/15084135/fileData.do
전남광주통합특별시,남광주통합특별시,가구류,침대 (매트리스 제외),1인용,5000,2025-07-23,15093651,https://www.data.go.kr/data/15093651/fileData.do
전남광주통합특별시,남광주통합특별시,가구류,침대 (매트리스 제외),2인 이상,8000,2025-07-23,15093651,https://www.data.go.kr/data/15093651/fileData.do
전남광주통합특별시,남광주통합특별시,가구류,침대 2층 침대,개당,20000,2025-07-23,15093651,https://www.data.go.kr/data/15093651/fileData.do
전남광주통합특별시,남광주통합특별시,가구류,침대 돌침대 받침,1인용,10000,2025-07-23,15093651,https://www.data.go.kr/data/15093651/fileData.do
전남광주통합특별시,남광주통합특별시,가구류,침대 돌침대 받침,2인 이상,15000,2025-07-23,15093651,https://www.data.go.kr/data/15093651/fileData.do
전남광주통합특별시,남광주통합특별시,가구류,침대 돌침대(받침 제외),1인용,10000,2025-07-23,15093651,https://www.data.go.kr/data/15093651/fileData.do
전남광주통합특별시,남광주통합특별시,가구류,침대 돌침대(받침 제외),2인 이상,15000,2025-07-23,15093651,https://www.data.go.kr/data/15093651/fileData.do
전남광주통합특별시,남광주통합특별시,가구류,침대 매트리스,1인용,3500,2025-07-23,15093651,https://www.data.go.kr/data/15093651/fileData.do
전남광주통합특별시,남광주통합특별시,가구류,침대 매트리스,2인 이상,6000,2025-07-23,15093651,https://www.data.go.kr/data/15093651/fileData.do
전남광주통합특별시,남광주통합특별시,가구류,침대 유아용 침대,개당,3000,2025-07-23,15093651,https://www.data.go.kr/data/15093651/fileData.do
전남광주통합특별시,남광주통합특별시,가구류,캐비닛,대형,6000,,15084135,https://www.data.go.kr/data/15084135/fileData.do
전남광주통합특별시,남광주통합특별시,가구류,캐비닛,소형,4000,,15084135,https://www.data.go.kr/data/15084135/fileData.do
전남광주통합특별시,남광주통합특별시,가구류,화장대,1미터 미만,3000,2025-07-23,15093651,https://www.data.go.kr/data/15093651/fileData.do
전남광주통합특별시,남광주통합특별시,가구류,화장대,1미터 이상,5000,2025-07-23,15093651,https://www.data.go.kr/data/15093651/fileData.do
전남광주통합특별시,남광주통합특별시,가구류,화장대,모든 규격,4000,,15084135,https://www.data.go.kr/data/15084135/fileData.do
전남광주통합특별시,남광주통합특별시,가전제품,(전자)복사기,모든규격,4500,2025-07-23,15093651,https://www.data.go.kr/data/15093651/fileData.do
전남광주통합특별시,남광주통합특별시,가전제품,가스레인지,모든규격,3000,2025-07-23,15093651,https://www.data.go.kr/data/15093651/fileData.do
전남광주통합특별시,남광주통합특별시,가전제품,가스오븐레인지,높이 1m미만,2500,2025-07-23,15093651,https://www.data.go.kr/data/15093651/fileData.do
전남광주통합특별시,남광주통합특별시,가전제품,가스오븐레인지,높이 1m이상,4500,2025-07-23,15093651,https://www.data.go.kr/data/15093651/fileData.do
전남광주통합특별시,남광주통합특별시,가전제품,가스오븐렌지,높이 1m미만,2000,,15084135,https://www.data.go.kr/data/15084135/fileData.do
전남광주통합특별시,남광주통합특별시,가전제품,가스오븐렌지,높이 1m이상,4000,,15084135,https://www.data.go.kr/data/15084135/fileData.do
전남광주통합특별시,남광주통합특별시,가전제품,가습기,개당,2000,,15084135,https://www.data.go.kr/data/15084135/fileData.do
전남광주통합특별시,남광주통합특별시,가전제품,가습기,모든규격,3000,2025-07-23,15093651,https://www.data.go.kr/data/15093651/fileData.do
전남광주통합특별시,남광주통합특별시,가전제품,건조기,모든규격,5000,2025-07-23,15093651,https://www.data.go.kr/data/15093651/fileData.do
전남광주통합특별시,남광주통합특별시,가전제품,검퓨터,모니터(LCD)포함,2000,2025-07-23,15093651,https://www.data.go.kr/data/15093651/fileData.do
전남광주통합특별시,남광주통합특별시,가전제품,공기청정기,높이 1m 미만,3000,2025-07-23,15093651,https://www.data.go.kr/data/15093651/fileData.do
전남광주통합특별시,남광주통합특별시,가전제품,공기청정기,높이 1m 이상,5000,2025-07-23,15093651,https://www.data.go.kr/data/15093651/fileData.do
전남광주통합특별시,남광주통합특별시,가전제품,공기청정기,높이 1m미만,2000,,15084135,https://www.data.go.kr/data/15084135/fileData.do
전남광주통합특별시,남광주통합특별시,가전제품,공기청정기,높이 1m이상,4000,,15084135,https://www.data.go.kr/data/15084135/fileData.do
전남광주통합특별시,남광주통합특별시,가전제품,기타 가전제품 사무용제품,대형,6000,2025-07-23,15093651,https://www.data.go.kr/data/15093651/fileData.do
전남광주통합특별시,남광주통합특별시,가전제품,기타 가전제품 사무용제품,소형,2500,2025-07-23,15093651,https://www.data.go.kr/data/15093651/fileData.do
전남광주통합특별시,남광주통합특별시,가전제품,기타 가전제품 사무용제품,중형,4500,2025-07-23,15093651,https://www.data.go.kr/data/15093651/fileData.do
전남광주통합특별시,남광주통합특별시,가전제품,기타(가전 및 사무용품),대형,5000,,15084135,https://www.data.go.kr/data/15084135/fileData.do
전남광주통합특별시,남광주통합특별시,가전제품,기타(가전 및 사무용품),소형,2000,,15084135,https://www.data.go.kr/data/15084135/fileData.do
전남광주통합특별시,남광주통합특별시,가전제품,기타(가전 및 사무용품),중형,4000,,15084135,https://www.data.go.kr/data/15084135/fileData.do
전남광주통합특별시,남광주통합특별시,가전제품,김치냉장고,130ℓ미만,3000,,15084135,https://www.data.go.kr/data/15084135/fileData.do
전남광주통합특별시,남광주통합특별시,가전제품,김치냉장고,130ℓ이상,5000,,15084135,https://www.data.go.kr/data/15084135/fileData.do
전남광주통합특별시,남광주통합특별시,가전제품,난로,대형(석유난로),4000,,15084135,https://www.data.go.kr/data/15084135/fileData.do
전남광주통합특별시,남광주통합특별시,가전제품,난로,"소형(전기,가스난로)",2000,,15084135,https://www.data.go.kr/data/15084135/fileData.do
전남광주통합특별시,남광주통합특별시,가전제품,냉온수기,모든규격,3500,2025-07-23,15093651,https://www.data.go.kr/data/15093651/fileData.do
전남광주통합특별시,남광주통합특별시,가전제품,냉장고,300 리터 미만,4000,,15084135,https://www.data.go.kr/data/15084135/fileData.do
전남광주통합특별시,남광주통합특별시,가전제품,냉장고,300 리터 이상,6000,,15084135,https://www.data.go.kr/data/15084135/fileData.do
전남광주통합특별시,남광주통합특별시,가전제품,냉장고,300ℓ 미만,4500,2025-07-23,15093651,https://www.data.go.kr/data/15093651/fileData.do
전남광주통합특별시,남광주통합특별시,가전제품,냉장고,300ℓ 이상,7000,2025-07-23,15093651,https://www.data.go.kr/data/15093651/fileData.do
전남광주통합특별시,남광주통합특별시,가전제품,냉장고,300리터 미만,5000,,15084179,https://www.data.go.kr/data/15084179/fileData.do
전남광주통합특별시,남광주통합특별시,가전제품,냉장고,300리터 이상,8000,,15084179,https://www.data.go.kr/data/15084179/fileData.do
전남광주통합특별시,남광주통합특별시,가전제품,냉장고,500 리터 이상,8000,,15084135,https://www.data.go.kr/data/15084135/fileData.do
전남광주통합특별시,남광주통합특별시,가전제품,냉장고,500ℓ 이상,9500,2025-07-23,15093651,https://www.data.go.kr/data/15093651/fileData.do
전남광주통합특별시,남광주통합특별시,가전제품,냉장고,500리터 이상,11000,,15084179,https://www.data.go.kr/data/15084179/fileData.do
전남광주통합특별시,남광주통합특별시,가전제품,냉장고,양문형 냉장고(600ℓ이상),12000,,15084135,https://www.data.go.kr/data/15084135/fileData.do
전남광주통합특별시,남광주통합특별시,가전제품,냉장고,양문형 냉장고(700ℓ이상),15000,,15084135,https://www.data.go.kr/data/15084135/fileData.do
전남광주통합특별시,남광주통합특별시,가전제품,냉장고,양문형(500ℓ 이상),12000,2025-07-23,15093651,https://www.data.go.kr/data/15093651/fileData.do
전남광주통합특별시,남광주통합특별시,가전제품,냉장고,양문형(700ℓ 이상),15000,2025-07-23,15093651,https://www.data.go.kr/data/15093651/fileData.do
전남광주통합특별시,남광주통합특별시,가전제품,"녹즙기, 믹서",모든규격,2500,2025-07-23,15093651,https://www.data.go.kr/data/15093651/fileData.do
전남광주통합특별시,남광주통합특별시,가전제품,밥통,개당,2000,,15084135,https://www.data.go.kr/data/15084135/fileData.do
전남광주통합특별시,남광주통합특별시,가전제품,보일러,20평형 미만,3000,2025-07-23,15093651,https://www.data.go.kr/data/15093651/fileData.do
전남광주통합특별시,남광주통합특별시,가전제품,보일러,20평형 이상,5000,2025-07-23,15093651,https://www.data.go.kr/data/15093651/fileData.do
전남광주통합특별시,남광주통합특별시,가전제품,보일러통,대형,8000,,15084135,https://www.data.go.kr/data/15084135/fileData.do
전남광주통합특별시,남광주통합특별시,가전제품,보일러통,대형,9500,2025-07-23,15093651,https://www.data.go.kr/data/15093651/fileData.do
전남광주통합특별시,남광주통합특별시,가전제품,보일러통,소형,3000,,15084135,https://www.data.go.kr/data/15084135/fileData.do
전남광주통합특별시,남광주통합특별시,가전제품,보일러통,소형,3500,2025-07-23,15093651,https://www.data.go.kr/data/15093651/fileData.do
전남광주통합특별시,남광주통합특별시,가전제품,보일러통,중형,5000,,15084135,https://www.data.go.kr/data/15084135/fileData.do
전남광주통합특별시,남광주통합특별시,가전제품,보일러통,중형,6000,2025-07-23,15093651,https://www.data.go.kr/data/15093651/fileData.do
전남광주통합특별시,남광주통합특별시,가전제품,복사기,모든 규격,9000,,15084135,https://www.data.go.kr/data/15084135/fileData.do
전남광주통합특별시,남광주통합특별시,가전제품,비디오,모든 규격,2000,,15084135,https://www.data.go.kr/data/15084135/fileData.do
전남광주통합특별시,남광주통합특별시,가전제품,비디오,모든규격,2500,2025-07-23,15093651,https://www.data.go.kr/data/15093651/fileData.do
전남광주통합특별시,남광주통합특별시,가전제품,선풍기,개당,2000,,15084135,https://www.data.go.kr/data/15084135/fileData.do
전남광주통합특별시,남광주통합특별시,가전제품,선풍기,대형(사업장용),3000,,15084179,https://www.data.go.kr/data/15084179/fileData.do
전남광주통합특별시,남광주통합특별시,가전제품,선풍기,모든규격,2500,2025-07-23,15093651,https://www.data.go.kr/data/15093651/fileData.do
전남광주통합특별시,남광주통합특별시,가전제품,세단기,모든 규격,5000,,15084135,https://www.data.go.kr/data/15084135/fileData.do
전남광주통합특별시,남광주통합특별시,가전제품,세탁기,가정용,5000,2025-07-23,15093651,https://www.data.go.kr/data/15093651/fileData.do
전남광주통합특별시,남광주통합특별시,가전제품,세탁기,모든 규격,4000,,15084135,https://www.data.go.kr/data/15084135/fileData.do
전남광주통합특별시,남광주통합특별시,가전제품,세탁기,모든규격,4000,,15084179,https://www.data.go.kr/data/15084179/fileData.do
전남광주통합특별시,남광주통합특별시,가전제품,세탁기,업소용,8000,2025-07-23,15093651,https://www.data.go.kr/data/15093651/fileData.do
전남광주통합특별시,남광주통합특별시,가전제품,스캐너,대형,5000,2025-07-23,15093651,https://www.data.go.kr/data/15093651/fileData.do
전남광주통합특별시,남광주통합특별시,가전제품,스캐너,소형,3000,2025-07-23,15093651,https://www.data.go.kr/data/15093651/fileData.do
전남광주통합특별시,남광주통합특별시,가전제품,스피커,모든규격,3000,,15084179,https://www.data.go.kr/data/15084179/fileData.do
전남광주통합특별시,남광주통합특별시,가전제품,식기건조기,모든 규격,2000,,15084135,https://www.data.go.kr/data/15084135/fileData.do
전남광주통합특별시,남광주통합특별시,가전제품,식기건조기,모든규격,2500,2025-07-23,15093651,https://www.data.go.kr/data/15093651/fileData.do
전남광주통합특별시,남광주통합특별시,가전제품,식기세척기,모든 규격,3000,,15084135,https://www.data.go.kr/data/15084135/fileData.do
전남광주통합특별시,남광주통합특별시,가전제품,에어컨,264㎡ 이상,8000,,15084135,https://www.data.go.kr/data/15084135/fileData.do
전남광주통합특별시,남광주통합특별시,가전제품,에어컨,264㎥ 이상,9500,2025-07-23,15093651,https://www.data.go.kr/data/15093651/fileData.do
전남광주통합특별시,남광주통합특별시,가전제품,에어컨,66㎡ 미만,3000,,15084135,https://www.data.go.kr/data/15084135/fileData.do
전남광주통합특별시,남광주통합특별시,가전제품,에어컨,66㎡ 이상,5000,,15084135,https://www.data.go.kr/data/15084135/fileData.do
전남광주통합특별시,남광주통합특별시,가전제품,에어컨,66㎥ 미만,3500,2025-07-23,15093651,https://www.data.go.kr/data/15093651/fileData.do
전남광주통합특별시,남광주통합특별시,가전제품,에어컨,66㎥ 이상,6000,2025-07-23,15093651,https://www.data.go.kr/data/15093651/fileData.do
전남광주통합특별시,남광주통합특별시,가전제품,에어프라이어,모든규격,3000,2025-07-23,15093651,https://www.data.go.kr/data/15093651/fileData.do
전남광주통합특별시,남광주통합특별시,가전제품,오디오,모든규격,3000,,15084179,https://www.data.go.kr/data/15084179/fileData.do
전남광주통합특별시,남광주통합특별시,가전제품,오락기(브라운관 기준),10인치 미만,3000,2025-07-23,15093651,https://www.data.go.kr/data/15093651/fileData.do
전남광주통합특별시,남광주통합특별시,가전제품,오락기(브라운관 기준),10인치 이상,4500,2025-07-23,15093651,https://www.data.go.kr/data/15093651/fileData.do
전남광주통합특별시,남광주통합특별시,가전제품,오락기(브라운관 기준),20인치 이상,7000,2025-07-23,15093651,https://www.data.go.kr/data/15093651/fileData.do
전남광주통합특별시,남광주통합특별시,가전제품,오락기기,대형,6000,,15084135,https://www.data.go.kr/data/15084135/fileData.do
전남광주통합특별시,남광주통합특별시,가전제품,오락기기,소형,4000,,15084135,https://www.data.go.kr/data/15084135/fileData.do
전남광주통합특별시,남광주통합특별시,가전제품,온풍기,대형,10000,,15084135,https://www.data.go.kr/data/15084135/fileData.do
전남광주통합특별시,남광주통합특별시,가전제품,온풍기,대형,12000,2025-07-23,15093651,https://www.data.go.kr/data/15093651/fileData.do
전남광주통합특별시,남광주통합특별시,가전제품,온풍기,소형,7000,,15084135,https://www.data.go.kr/data/15084135/fileData.do
전남광주통합특별시,남광주통합특별시,가전제품,온풍기,소형,8500,2025-07-23,15093651,https://www.data.go.kr/data/15093651/fileData.do
전남광주통합특별시,남광주통합특별시,가전제품,자판기,개당,8000,,15084135,https://www.data.go.kr/data/15084135/fileData.do
전남광주통합특별시,남광주통합특별시,가전제품,자판기,모든규격,9500,2025-07-23,15093651,https://www.data.go.kr/data/15093651/fileData.do
전남광주통합특별시,남광주통합특별시,가전제품,전공청소기,개당,2000,,15084135,https://www.data.go.kr/data/15084135/fileData.do
전남광주통합특별시,남광주통합특별시,가전제품,전기밥솥(통),모든규격,2500,2025-07-23,15093651,https://www.data.go.kr/data/15093651/fileData.do
전남광주통합특별시,남광주통합특별시,가전제품,전기스토브,모든규격,2500,2025-07-23,15093651,https://www.data.go.kr/data/15093651/fileData.do
전남광주통합특별시,남광주통합특별시,가전제품,전기장판(담요),1인용,2500,2025-07-23,15093651,https://www.data.go.kr/data/15093651/fileData.do
전남광주통합특별시,남광주통합특별시,가전제품,전기장판(담요),2인용 이상,4000,2025-07-23,15093651,https://www.data.go.kr/data/15093651/fileData.do
전남광주통합특별시,남광주통합특별시,가전제품,전자레인지,모든규격,2500,2025-07-23,15093651,https://www.data.go.kr/data/15093651/fileData.do
전남광주통합특별시,남광주통합특별시,가전제품,전축,모든규격,3000,,15084179,https://www.data.go.kr/data/15084179/fileData.do
전남광주통합특별시,남광주통합특별시,가전제품,전축(오디오),대형,15000,,15084135,https://www.data.go.kr/data/15084135/fileData.do
전남광주통합특별시,남광주통합특별시,가전제품,전축(오디오),대형,18000,2025-07-23,15093651,https://www.data.go.kr/data/15093651/fileData.do
전남광주통합특별시,남광주통합특별시,가전제품,전축(오디오),소형,5000,,15084135,https://www.data.go.kr/data/15084135/fileData.do
전남광주통합특별시,남광주통합특별시,가전제품,전축(오디오),소형,6000,2025-07-23,15093651,https://www.data.go.kr/data/15093651/fileData.do
전남광주통합특별시,남광주통합특별시,가전제품,전축(오디오),중형,10000,,15084135,https://www.data.go.kr/data/15084135/fileData.do
전남광주통합특별시,남광주통합특별시,가전제품,전축(오디오),중형,12000,2025-07-23,15093651,https://www.data.go.kr/data/15093651/fileData.do
전남광주통합특별시,남광주통합특별시,가전제품,전화기,모든규격,1000,2025-07-23,15093651,https://www.data.go.kr/data/15093651/fileData.do
전남광주통합특별시,남광주통합특별시,가전제품,제습기,모든규격,3000,2025-07-23,15093651,https://www.data.go.kr/data/15093651/fileData.do
전남광주통합특별시,남광주통합특별시,가전제품,진공청소기,모든규격,2500,2025-07-23,15093651,https://www.data.go.kr/data/15093651/fileData.do
전남광주통합특별시,남광주통합특별시,가전제품,컴퓨터,"모니터(LCD,LED)",2000,,15084135,https://www.data.go.kr/data/15084135/fileData.do
전남광주통합특별시,남광주통합특별시,가전제품,컴퓨터,모니터(브라운관),3000,,15084135,https://www.data.go.kr/data/15084135/fileData.do
전남광주통합특별시,남광주통합특별시,가전제품,컴퓨터,본체,2000,2025-07-23,15093651,https://www.data.go.kr/data/15093651/fileData.do
전남광주통합특별시,남광주통합특별시,가전제품,컴퓨터,본체,3000,,15084135,https://www.data.go.kr/data/15084135/fileData.do
전남광주통합특별시,남광주통합특별시,가전제품,컴퓨터,키보드,1000,,15084135,https://www.data.go.kr/data/15084135/fileData.do
전남광주통합특별시,남광주통합특별시,가전제품,컴퓨터,키보드,1000,2025-07-23,15093651,https://www.data.go.kr/data/15093651/fileData.do
전남광주통합특별시,남광주통합특별시,가전제품,탈수기,모든 규격,2000,,15084135,https://www.data.go.kr/data/15084135/fileData.do
전남광주통합특별시,남광주통합특별시,가전제품,탈수기,모든규격,2000,,15084179,https://www.data.go.kr/data/15084179/fileData.do
전남광주통합특별시,남광주통합특별시,가전제품,탈수기,모든규격,2500,2025-07-23,15093651,https://www.data.go.kr/data/15093651/fileData.do
전남광주통합특별시,남광주통합특별시,가전제품,텔레비전,12~42인치 이상,3000,,15084179,https://www.data.go.kr/data/15084179/fileData.do
전남광주통합특별시,남광주통합특별시,가전제품,텔레비전,12인치 미만,2000,,15084179,https://www.data.go.kr/data/15084179/fileData.do
전남광주통합특별시,남광주통합특별시,가전제품,텔레비전,42인치 미만,3000,,15084135,https://www.data.go.kr/data/15084135/fileData.do
전남광주통합특별시,남광주통합특별시,가전제품,텔레비전,42인치 이상,5000,,15084135,https://www.data.go.kr/data/15084135/fileData.do
전남광주통합특별시,남광주통합특별시,가전제품,텔레비전,42인치 이상,5000,,15084179,https://www.data.go.kr/data/15084179/fileData.do
전남광주통합특별시,남광주통합특별시,가전제품,텔레비젼,30인치 미만,3000,2025-07-23,15093651,https://www.data.go.kr/data/15093651/fileData.do
전남광주통합특별시,남광주통합특별시,가전제품,텔레비젼,30인치 이상,6000,2025-07-23,15093651,https://www.data.go.kr/data/15093651/fileData.do
전남광주통합특별시,남광주통합특별시,가전제품,텔레비젼,50인치 이상(받침포함),10000,2025-07-23,15093651,https://www.data.go.kr/data/15093651/fileData.do
전남광주통합특별시,남광주통합특별시,가전제품,팬히터,모든규격,2500,2025-07-23,15093651,https://www.data.go.kr/data/15093651/fileData.do
전남광주통합특별시,남광주통합특별시,가전제품,팬히트,모든 규격,4000,,15084135,https://www.data.go.kr/data/15084135/fileData.do
전남광주통합특별시,남광주통합특별시,가전제품,프린터,모든규격,3000,,15084179,https://www.data.go.kr/data/15084179/fileData.do
전남광주통합특별시,남광주통합특별시,가전제품,프린터기,대형,5000,2025-07-23,15093651,https://www.data.go.kr/data/15093651/fileData.do
전남광주통합특별시,남광주통합특별시,가전제품,프린터기,소형,3000,2025-07-23,15093651,https://www.data.go.kr/data/15093651/fileData.do
전남광주통합특별시,남광주통합특별시,가전제품,프린터기(팩시밀리),모든 규격,3000,,15084135,https://www.data.go.kr/data/15084135/fileData.do
전남광주통합특별시,남광주통합특별시,기타,(고무)호스,10m 당,2000,2025-07-23,15093651,https://www.data.go.kr/data/15093651/fileData.do
전남광주통합특별시,남광주통합특별시,기타,가방,50cm 미만,2000,2025-07-23,15093651,https://www.data.go.kr/data/15093651/fileData.do
전남광주통합특별시,남광주통합특별시,기타,가방,50cm 이상,3000,2025-07-23,15093651,https://www.data.go.kr/data/15093651/fileData.do
전남광주통합특별시,남광주통합특별시,기타,가방,가로 50cm 미만,2000,,15084135,https://www.data.go.kr/data/15084135/fileData.do
전남광주통합특별시,남광주통합특별시,기타,가방,가로 50cm 이상,3000,,15084135,https://www.data.go.kr/data/15084135/fileData.do
전남광주통합특별시,남광주통합특별시,기타,가방,골프가방,3000,,15084135,https://www.data.go.kr/data/15084135/fileData.do
전남광주통합특별시,남광주통합특별시,기타,가정배출 소형폐기물(종량제봉투에 담기 어려운 생활폐기물을 말한다),마대 1개당(20kg 기준),2500,2025-07-23,15093651,https://www.data.go.kr/data/15093651/fileData.do
전남광주통합특별시,남광주통합특별시,기타,간판,3m 미만,4000,,15084135,https://www.data.go.kr/data/15084135/fileData.do
전남광주통합특별시,남광주통합특별시,기타,간판,3m 미만,4500,2025-07-23,15093651,https://www.data.go.kr/data/15093651/fileData.do
전남광주통합특별시,남광주통합특별시,기타,간판,3m 이상,8000,,15084135,https://www.data.go.kr/data/15084135/fileData.do
전남광주통합특별시,남광주통합특별시,기타,간판,3m 이상,9500,2025-07-23,15093651,https://www.data.go.kr/data/15093651/fileData.do
전남광주통합특별시,남광주통합특별시,기타,고무통,모든 규격,1000,,15084135,https://www.data.go.kr/data/15084135/fileData.do
전남광주통합특별시,남광주통합특별시,기타,고무통,모든규격,1500,2025-07-23,15093651,https://www.data.go.kr/data/15093651/fileData.do
전남광주통합특별시,남광주통합특별시,기타,금고,대형,15000,,15084135,https://www.data.go.kr/data/15084135/fileData.do
전남광주통합특별시,남광주통합특별시,기타,금고,대형(50cm 이상),18000,2025-07-23,15093651,https://www.data.go.kr/data/15093651/fileData.do
전남광주통합특별시,남광주통합특별시,기타,금고,소형,10000,,15084135,https://www.data.go.kr/data/15084135/fileData.do
전남광주통합특별시,남광주통합특별시,기타,금고,소형(50cm 미만),12000,2025-07-23,15093651,https://www.data.go.kr/data/15093651/fileData.do
전남광주통합특별시,남광주통합특별시,기타,나뭇가지,묶음단위(1m x 지름30cm),2000,,15084135,https://www.data.go.kr/data/15084135/fileData.do
전남광주통합특별시,남광주통합특별시,기타,나뭇가지(목재류)(길이 40cm 이하),kg 당,200,2025-07-23,15093651,https://www.data.go.kr/data/15093651/fileData.do
전남광주통합특별시,남광주통합특별시,기타,런닝머신,개당,10000,,15084135,https://www.data.go.kr/data/15084135/fileData.do
전남광주통합특별시,남광주통합특별시,기타,런닝머신,개당,10000,2025-07-23,15093651,https://www.data.go.kr/data/15093651/fileData.do
전남광주통합특별시,남광주통합특별시,기타,마네킹,개당,3000,,15084135,https://www.data.go.kr/data/15084135/fileData.do
전남광주통합특별시,남광주통합특별시,기타,마네킹,모든 규격,3500,2025-07-23,15093651,https://www.data.go.kr/data/15093651/fileData.do
전남광주통합특별시,남광주통합특별시,기타,마대,20kg,2000,,15084135,https://www.data.go.kr/data/15084135/fileData.do
전남광주통합특별시,남광주통합특별시,기타,물탱크,1000리터 미만,5000,2025-07-23,15093651,https://www.data.go.kr/data/15093651/fileData.do
전남광주통합특별시,남광주통합특별시,기타,물탱크,1000리터 이상,8000,2025-07-23,15093651,https://www.data.go.kr/data/15093651/fileData.do
전남광주통합특별시,남광주통합특별시,기타,물탱크,2000리터 이상,12000,2025-07-23,15093651,https://www.data.go.kr/data/15093651/fileData.do
전남광주통합특별시,남광주통합특별시,기타,물탱크,FRP(공동주택용 제외),6000,,15084135,https://www.data.go.kr/data/15084135/fileData.do
전남광주통합특별시,남광주통합특별시,기타,밥상,90CmX90Cm 미만,2000,,15084135,https://www.data.go.kr/data/15084135/fileData.do
전남광주통합특별시,남광주통합특별시,기타,밥상,90CmX90Cm 이상,3000,,15084135,https://www.data.go.kr/data/15084135/fileData.do
전남광주통합특별시,남광주통합특별시,기타,방문(문짝),문틀포함,4500,2025-07-23,15093651,https://www.data.go.kr/data/15093651/fileData.do
전남광주통합특별시,남광주통합특별시,기타,배기(렌지)후드,모든 규격,3000,2025-07-23,15093651,https://www.data.go.kr/data/15093651/fileData.do
전남광주통합특별시,남광주통합특별시,기타,벽시계,대형,2000,,15084135,https://www.data.go.kr/data/15084135/fileData.do
전남광주통합특별시,남광주통합특별시,기타,벽시계,소형,1000,,15084135,https://www.data.go.kr/data/15084135/fileData.do
전남광주통합특별시,남광주통합특별시,기타,변기,개당,3000,,15084135,https://www.data.go.kr/data/15084135/fileData.do
전남광주통합특별시,남광주통합특별시,기타,변기,양변기,5000,2025-07-23,15093651,https://www.data.go.kr/data/15093651/fileData.do
전남광주통합특별시,남광주통합특별시,기타,변기,화변기(소형),3000,2025-07-23,15093651,https://www.data.go.kr/data/15093651/fileData.do
전남광주통합특별시,남광주통합특별시,기타,병풍,모든 규격,6000,2025-07-23,15093651,https://www.data.go.kr/data/15093651/fileData.do
전남광주통합특별시,남광주통합특별시,기타,보행기,모든 규격,2000,,15084135,https://www.data.go.kr/data/15084135/fileData.do
전남광주통합특별시,남광주통합특별시,기타,보행기,모든 규격,2500,2025-07-23,15093651,https://www.data.go.kr/data/15093651/fileData.do
전남광주통합특별시,남광주통합특별시,기타,"블라인드, 버티컬",모든규격,2000,2025-07-23,15093651,https://www.data.go.kr/data/15093651/fileData.do
전남광주통합특별시,남광주통합특별시,기타,빨래건조대,모든 규격,2500,2025-07-23,15093651,https://www.data.go.kr/data/15093651/fileData.do
전남광주통합특별시,남광주통합특별시,기타,세면기,개당,3000,,15084135,https://www.data.go.kr/data/15084135/fileData.do
전남광주통합특별시,남광주통합특별시,기타,세면기,모든 규격,2500,2025-07-23,15093651,https://www.data.go.kr/data/15093651/fileData.do
전남광주통합특별시,남광주통합특별시,기타,소화기,10kg 이상,5000,2025-07-23,15093651,https://www.data.go.kr/data/15093651/fileData.do
전남광주통합특별시,남광주통합특별시,기타,소화기,3.3kg 미만,2000,2025-07-23,15093651,https://www.data.go.kr/data/15093651/fileData.do
전남광주통합특별시,남광주통합특별시,기타,소화기,3.3kg 이상,3500,2025-07-23,15093651,https://www.data.go.kr/data/15093651/fileData.do
전남광주통합특별시,남광주통합특별시,기타,수족관,대형(1M 이상),12000,2025-07-23,15093651,https://www.data.go.kr/data/15093651/fileData.do
전남광주통합특별시,남광주통합특별시,기타,수족관,대형(사업자 제외),10000,,15084135,https://www.data.go.kr/data/15084135/fileData.do
전남광주통합특별시,남광주통합특별시,기타,수족관,소형,5000,,15084135,https://www.data.go.kr/data/15084135/fileData.do
전남광주통합특별시,남광주통합특별시,기타,수족관,소형(1M 미만),6000,2025-07-23,15093651,https://www.data.go.kr/data/15093651/fileData.do
전남광주통합특별시,남광주통합특별시,기타,스텐드옷걸이,개당,2000,,15084135,https://www.data.go.kr/data/15084135/fileData.do
전남광주통합특별시,남광주통합특별시,기타,쌀통,모든 규격,4500,2025-07-23,15093651,https://www.data.go.kr/data/15093651/fileData.do
전남광주통합특별시,남광주통합특별시,기타,쓰레기통,50리터 미만,1000,2025-07-23,15093651,https://www.data.go.kr/data/15093651/fileData.do
전남광주통합특별시,남광주통합특별시,기타,쓰레기통,50리터 이상,2000,2025-07-23,15093651,https://www.data.go.kr/data/15093651/fileData.do
전남광주통합특별시,남광주통합특별시,기타,씽크대,싱크대조리대,2000,,15084135,https://www.data.go.kr/data/15084135/fileData.do
전남광주통합특별시,남광주통합특별시,기타,씽크대,싱크대조리대,4000,,15084135,https://www.data.go.kr/data/15084135/fileData.do
전남광주통합특별시,남광주통합특별시,기타,씽크대,조리대,2000,,15084135,https://www.data.go.kr/data/15084135/fileData.do
전남광주통합특별시,남광주통합특별시,기타,아이스박스,대형,2000,,15084135,https://www.data.go.kr/data/15084135/fileData.do
전남광주통합특별시,남광주통합특별시,기타,아이스박스,소형,1000,,15084135,https://www.data.go.kr/data/15084135/fileData.do
전남광주통합특별시,남광주통합특별시,기타,안마의자,모든 규격,10000,2025-07-23,15093651,https://www.data.go.kr/data/15093651/fileData.do
전남광주통합특별시,남광주통합특별시,기타,액자,소형(0.5mX1m미만),1000,,15084135,https://www.data.go.kr/data/15084135/fileData.do
전남광주통합특별시,남광주통합특별시,기타,액자,소형(0.5mX1m이상),2000,,15084135,https://www.data.go.kr/data/15084135/fileData.do
전남광주통합특별시,남광주통합특별시,기타,액자(유리 포함),대형(1M 이상),5000,2025-07-23,15093651,https://www.data.go.kr/data/15093651/fileData.do
전남광주통합특별시,남광주통합특별시,기타,액자(유리 포함),소형(50cm 미만),1500,2025-07-23,15093651,https://www.data.go.kr/data/15093651/fileData.do
전남광주통합특별시,남광주통합특별시,기타,액자(유리 포함),중형(50cm 이상),3500,2025-07-23,15093651,https://www.data.go.kr/data/15093651/fileData.do
전남광주통합특별시,남광주통합특별시,기타,오르간,모든 규격,5000,2025-07-23,15093651,https://www.data.go.kr/data/15093651/fileData.do
전남광주통합특별시,남광주통합특별시,기타,옥매트,1인용,2000,,15084135,https://www.data.go.kr/data/15084135/fileData.do
전남광주통합특별시,남광주통합특별시,기타,옥매트,2인용,3000,,15084135,https://www.data.go.kr/data/15084135/fileData.do
전남광주통합특별시,남광주통합특별시,기타,"옷걸이, 행거",모든 규격,2500,2025-07-23,15093651,https://www.data.go.kr/data/15093651/fileData.do
전남광주통합특별시,남광주통합특별시,기타,욕실 수건함,개당,2000,,15084135,https://www.data.go.kr/data/15084135/fileData.do
전남광주통합특별시,남광주통합특별시,기타,욕조,개당,4000,,15084135,https://www.data.go.kr/data/15084135/fileData.do
전남광주통합특별시,남광주통합특별시,기타,욕조,모든 규격,4500,2025-07-23,15093651,https://www.data.go.kr/data/15093651/fileData.do
전남광주통합특별시,남광주통합특별시,기타,유리(거울 포함),1제곱미터 당,2000,2025-07-23,15093651,https://www.data.go.kr/data/15093651/fileData.do
전남광주통합특별시,남광주통합특별시,기타,유모차,모든 규격,2000,,15084135,https://www.data.go.kr/data/15084135/fileData.do
전남광주통합특별시,남광주통합특별시,기타,유모차,모든 규격,2500,2025-07-23,15093651,https://www.data.go.kr/data/15093651/fileData.do
전남광주통합특별시,남광주통합특별시,기타,의류 및 이불,묶음단위(100리터 봉투기준),2000,,15084135,https://www.data.go.kr/data/15084135/fileData.do
전남광주통합특별시,남광주통합특별시,기타,의류(재활용품 제외),1묶음(100리터 봉투기준),2500,2025-07-23,15093651,https://www.data.go.kr/data/15093651/fileData.do
전남광주통합특별시,남광주통합특별시,기타,이불(담요 포함),1묶음(100리터 봉투기준),2000,2025-07-23,15093651,https://www.data.go.kr/data/15093651/fileData.do
전남광주통합특별시,남광주통합특별시,기타,"인형, 장남감류",5kg 기준,2000,2025-07-23,15093651,https://www.data.go.kr/data/15093651/fileData.do
전남광주통합특별시,남광주통합특별시,기타,자전거,개당,3000,,15084135,https://www.data.go.kr/data/15084135/fileData.do
전남광주통합특별시,남광주통합특별시,기타,자전거,개당,3000,2025-07-23,15093651,https://www.data.go.kr/data/15093651/fileData.do
전남광주통합특별시,남광주통합특별시,기타,장판 및 카펫,1묶음(20kg 기준),2500,2025-07-23,15093651,https://www.data.go.kr/data/15093651/fileData.do
전남광주통합특별시,남광주통합특별시,기타,장판(카페트),1묶음(20Kg),2000,,15084135,https://www.data.go.kr/data/15084135/fileData.do
전남광주통합특별시,남광주통합특별시,기타,재봉틀,개당,3000,,15084135,https://www.data.go.kr/data/15084135/fileData.do
전남광주통합특별시,남광주통합특별시,기타,정수기,개당,3000,,15084135,https://www.data.go.kr/data/15084135/fileData.do
전남광주통합특별시,남광주통합특별시,기타,조명기구,모든 규격,2000,2025-07-23,15093651,https://www.data.go.kr/data/15093651/fileData.do
전남광주통합특별시,남광주통합특별시,기타,칸막이 판넬(합판),개당,2000,2025-07-23,15093651,https://www.data.go.kr/data/15093651/fileData.do
전남광주통합특별시,남광주통합특별시,기타,칸막이판넬,개당,2000,,15084135,https://www.data.go.kr/data/15084135/fileData.do
전남광주통합특별시,남광주통합특별시,기타,캐비닛,높이 1.5m 이상,7000,2025-07-23,15093651,https://www.data.go.kr/data/15093651/fileData.do
전남광주통합특별시,남광주통합특별시,기타,캐비닛,높이 1.5m 이하,4000,2025-07-23,15093651,https://www.data.go.kr/data/15093651/fileData.do
전남광주통합특별시,남광주통합특별시,기타,판유리(잡재물류),60kg 미만,2000,,15084135,https://www.data.go.kr/data/15084135/fileData.do
전남광주통합특별시,남광주통합특별시,기타,판유리(잡재물류),60kg 이상,3000,,15084135,https://www.data.go.kr/data/15084135/fileData.do
전남광주통합특별시,남광주통합특별시,기타,피아노,그랜드,15000,,15084135,https://www.data.go.kr/data/15084135/fileData.do
전남광주통합특별시,남광주통합특별시,기타,피아노,그랜드 피아노,18000,2025-07-23,15093651,https://www.data.go.kr/data/15093651/fileData.do
전남광주통합특별시,남광주통합특별시,기타,피아노,어프라이트,10000,,15084135,https://www.data.go.kr/data/15084135/fileData.do
전남광주통합특별시,남광주통합특별시,기타,피아노,어프라이트 피아노,12000,2025-07-23,15093651,https://www.data.go.kr/data/15093651/fileData.do
전남광주통합특별시,남광주통합특별시,기타,피아노,전자 피아노,8000,2025-07-23,15093651,https://www.data.go.kr/data/15093651/fileData.do
전남광주통합특별시,남광주통합특별시,기타,항아리,50cm 이상,5000,2025-07-23,15093651,https://www.data.go.kr/data/15093651/fileData.do
전남광주통합특별시,남광주통합특별시,기타,항아리,50cm 이하,3000,2025-07-23,15093651,https://www.data.go.kr/data/15093651/fileData.do
전남광주통합특별시,남광주통합특별시,기타,화분,대형(60cm 이상),4000,2025-07-23,15093651,https://www.data.go.kr/data/15093651/fileData.do
전남광주통합특별시,남광주통합특별시,기타,화분,소형(40cm 미만),1500,2025-07-23,15093651,https://www.data.go.kr/data/15093651/fileData.do
전남광주통합특별시,남광주통합특별시,기타,화분,중형(40cm 이상),2500,2025-07-23,15093651,https://www.data.go.kr/data/15093651/fileData.do
전남광주통합특별시,남광주통합특별시,기타,휠체어,모든 규격,3000,2025-07-23,15093651,https://www.data.go.kr/data/15093651/fileData.do
전남광주통합특별시,남광주통합특별시,냉난방기,공기청정기,66제곱미터 미만,2000,,15084179,https://www.data.go.kr/data/15084179/fileData.do
전남광주통합특별시,남광주통합특별시,냉난방기,공기청정기,66제곱미터 이상,3000,,15084179,https://www.data.go.kr/data/15084179/fileData.do
전남광주통합특별시,남광주통합특별시,냉난방기,난로,대형(최장 1m이상 석유난로 등),5000,,15084179,https://www.data.go.kr/data/15084179/fileData.do
전남광주통합특별시,남광주통합특별시,냉난방기,난로,소형(최장 1m미만 석유난로 등),3000,,15084179,https://www.data.go.kr/data/15084179/fileData.do
전남광주통합특별시,남광주통합특별시,냉난방기,보일러통,대형(높이 1.0미터 미만),3000,,15084179,https://www.data.go.kr/data/15084179/fileData.do
전남광주통합특별시,남광주통합특별시,냉난방기,보일러통,대형(높이 1.5미터 이상),9000,,15084179,https://www.data.go.kr/data/15084179/fileData.do
전남광주통합특별시,남광주통합특별시,냉난방기,보일러통,중형(높이 1.0미터 이상),6000,,15084179,https://www.data.go.kr/data/15084179/fileData.do
전남광주통합특별시,남광주통합특별시,냉난방기,에어컨/온풍기,264제곱미터 이상,10000,,15084179,https://www.data.go.kr/data/15084179/fileData.do
전남광주통합특별시,남광주통합특별시,냉난방기,에어컨/온풍기,66~264제곱미터,6000,,15084179,https://www.data.go.kr/data/15084179/fileData.do
전남광주통합특별시,남광주통합특별시,냉난방기,에어컨/온풍기,66제곱미터 미만,5000,,15084179,https://www.data.go.kr/data/15084179/fileData.do
전남광주통합특별시,남광주통합특별시,냉난방기,에어컨/온풍기,모든실외기,3000,,15084179,https://www.data.go.kr/data/15084179/fileData.do
전남광주통합특별시,남광주통합특별시,냉난방기,팬히터,모든규격,5000,,15084179,https://www.data.go.kr/data/15084179/fileData.do
전남광주통합특별시,남광주통합특별시,사무용품 및 기타,기타,대형(부피 1.0 세제곱미터 미만),7000,,15084179,https://www.data.go.kr/data/15084179/fileData.do
전남광주통합특별시,남광주통합특별시,사무용품 및 기타,기타,소형(부피 0.5 세제곱미터 미만),2000,,15084179,https://www.data.go.kr/data/15084179/fileData.do
전남광주통합특별시,남광주통합특별시,사무용품 및 기타,기타,중형(부피 0.5 세제곱미터 이상),5000,,15084179,https://www.data.go.kr/data/15084179/fileData.do
전남광주통합특별시,남광주통합특별시,사무용품 및 기타,나뭇가지,10kg 미만,6000,,15084179,https://www.data.go.kr/data/15084179/fileData.do
전남광주통합특별시,남광주통합특별시,사무용품 및 기타,나뭇가지,5kg 미만,3000,,15084179,https://www.data.go.kr/data/15084179/fileData.do
전남광주통합특별시,남광주통합특별시,사무용품 및 기타,드럼통,10L 이하,2000,,15084179,https://www.data.go.kr/data/15084179/fileData.do
전남광주통합특별시,남광주통합특별시,사무용품 및 기타,드럼통,10L 초과,3000,,15084179,https://www.data.go.kr/data/15084179/fileData.do
전남광주통합특별시,남광주통합특별시,사무용품 및 기타,방충망,1mX2m 이하,3000,,15084179,https://www.data.go.kr/data/15084179/fileData.do
전남광주통합특별시,남광주통합특별시,사무용품 및 기타,병풍,1.5m,4000,,15084179,https://www.data.go.kr/data/15084179/fileData.do
전남광주통합특별시,남광주통합특별시,사무용품 및 기타,쓰레기통,50L 미만,2000,,15084179,https://www.data.go.kr/data/15084179/fileData.do
전남광주통합특별시,남광주통합특별시,사무용품 및 기타,쓰레기통,50L 이상,4000,,15084179,https://www.data.go.kr/data/15084179/fileData.do
전남광주통합특별시,남광주통합특별시,사무용품 및 기타,이동식화장실,(1칸 기준)1.5mX2m 미만,110000,,15084179,https://www.data.go.kr/data/15084179/fileData.do
전남광주통합특별시,남광주통합특별시,사무용품 및 기타,이동식화장실,(1칸 기준)1.5mX2m 이상,170000,,15084179,https://www.data.go.kr/data/15084179/fileData.do
전남광주통합특별시,남광주통합특별시,사무용품 및 기타,자동판매기,높이 1미터 미만,5000,,15084179,https://www.data.go.kr/data/15084179/fileData.do
전남광주통합특별시,남광주통합특별시,사무용품 및 기타,자동판매기,높이 1미터 이상,9000,,15084179,https://www.data.go.kr/data/15084179/fileData.do
전남광주통합특별시,남광주통합특별시,사무용품 및 기타,"잡재물류(그릇, 도자기, 유리용품, 타일파편류 등)",10kg 미만,10000,,15084179,https://www.data.go.kr/data/15084179/fileData.do
전남광주통합특별시,남광주통합특별시,사무용품 및 기타,"잡재물류(그릇, 도자기, 유리용품, 타일파편류 등)",5kg 미만,5000,,15084179,https://www.data.go.kr/data/15084179/fileData.do
전남광주통합특별시,남광주통합특별시,사무용품 및 기타,전자복사기,모든규격,5000,,15084179,https://www.data.go.kr/data/15084179/fileData.do
전남광주통합특별시,남광주통합특별시,사무용품 및 기타,조명기구,모든 규격,3000,,15084179,https://www.data.go.kr/data/15084179/fileData.do
전남광주통합특별시,남광주통합특별시,사무용품 및 기타,판유리,10kg 미만,13000,,15084179,https://www.data.go.kr/data/15084179/fileData.do
전남광주통합특별시,남광주통합특별시,사무용품 및 기타,판유리,3kg 미만,5000,,15084179,https://www.data.go.kr/data/15084179/fileData.do
전남광주통합특별시,남광주통합특별시,사무용품 및 기타,판유리,5kg 미만,7000,,15084179,https://www.data.go.kr/data/15084179/fileData.do
전남광주통합특별시,남광주통합특별시,사무용품 및 기타,화분,최장측면 길이 1m 이상,5000,,15084179,https://www.data.go.kr/data/15084179/fileData.do
전남광주통합특별시,남광주통합특별시,사무용품 및 기타,화분,최장측면 길이 30cm 미만,2000,,15084179,https://www.data.go.kr/data/15084179/fileData.do
전남광주통합특별시,남광주통합특별시,사무용품 및 기타,화분,최장측면 길이 50cm 이상,4000,,15084179,https://www.data.go.kr/data/15084179/fileData.do
전남광주통합특별시,남광주통합특별시,사무용품 및 기타,화분,최창측면 길이 30cm 이상,3000,,15084179,https://www.data.go.kr/data/15084179/fileData.do
전남광주통합특별시,남광주통합특별시,생활용품,3단 트레이(카트),3단 이하,4000,,15084179,https://www.data.go.kr/data/15084179/fileData.do
전남광주통합특별시,남광주통합특별시,생활용품,가방,가로 50cm 미만,2000,,15084179,https://www.data.go.kr/data/15084179/fileData.do
전남광주통합특별시,남광주통합특별시,생활용품,가방,가로 50cm 이상,3000,,15084179,https://www.data.go.kr/data/15084179/fileData.do
전남광주통합특별시,남광주통합특별시,생활용품,가방,골프가방,4000,,15084179,https://www.data.go.kr/data/15084179/fileData.do
전남광주통합특별시,남광주통합특별시,생활용품,간판,3미터 미만,5000,,15084179,https://www.data.go.kr/data/15084179/fileData.do
전남광주통합특별시,남광주통합특별시,생활용품,간판,3미터 이상,9000,,15084179,https://www.data.go.kr/data/15084179/fileData.do
전남광주통합특별시,남광주통합특별시,생활용품,강연대,폭 0.9미터 미만,5000,,15084179,https://www.data.go.kr/data/15084179/fileData.do
전남광주통합특별시,남광주통합특별시,생활용품,강연대,폭 0.9미터 이상,8000,,15084179,https://www.data.go.kr/data/15084179/fileData.do
전남광주통합특별시,남광주통합특별시,생활용품,개집(FRP),모든규격,3000,,15084179,https://www.data.go.kr/data/15084179/fileData.do
전남광주통합특별시,남광주통합특별시,생활용품,고무통,지름 1m 미만,2000,,15084179,https://www.data.go.kr/data/15084179/fileData.do
전남광주통합특별시,남광주통합특별시,생활용품,고무통,지름 1m 이상,3000,,15084179,https://www.data.go.kr/data/15084179/fileData.do
전남광주통합특별시,남광주통합특별시,생활용품,금고,가정용,2000,,15084179,https://www.data.go.kr/data/15084179/fileData.do
전남광주통합특별시,남광주통합특별시,생활용품,금고,대형(높이 0.5미터 이상),18000,,15084179,https://www.data.go.kr/data/15084179/fileData.do
전남광주통합특별시,남광주통합특별시,생활용품,금고,소형(높이 0.5미터 미만),12000,,15084179,https://www.data.go.kr/data/15084179/fileData.do
전남광주통합특별시,남광주통합특별시,생활용품,노인보행보조기,무전동식,3000,,15084179,https://www.data.go.kr/data/15084179/fileData.do
전남광주통합특별시,남광주통합특별시,생활용품,노인보행보조기,전동식,18000,,15084179,https://www.data.go.kr/data/15084179/fileData.do
전남광주통합특별시,남광주통합특별시,생활용품,다리미,스탠드용,3000,,15084179,https://www.data.go.kr/data/15084179/fileData.do
전남광주통합특별시,남광주통합특별시,생활용품,다리미,좌식용(80cm 미만),1000,,15084179,https://www.data.go.kr/data/15084179/fileData.do
전남광주통합특별시,남광주통합특별시,생활용품,런닝머신,모든규격,11000,,15084179,https://www.data.go.kr/data/15084179/fileData.do
전남광주통합특별시,남광주통합특별시,생활용품,마네킹,1.5m 미만,3000,,15084179,https://www.data.go.kr/data/15084179/fileData.do
전남광주통합특별시,남광주통합특별시,생활용품,마네킹,1.5m 이상,6000,,15084179,https://www.data.go.kr/data/15084179/fileData.do
전남광주통합특별시,남광주통합특별시,생활용품,문갑,길이 1m 미만,3000,,15084179,https://www.data.go.kr/data/15084179/fileData.do
전남광주통합특별시,남광주통합특별시,생활용품,문갑,길이 1m 이상,5000,,15084179,https://www.data.go.kr/data/15084179/fileData.do
전남광주통합특별시,남광주통합특별시,생활용품,문짝,대(방문),4000,,15084179,https://www.data.go.kr/data/15084179/fileData.do
전남광주통합특별시,남광주통합특별시,생활용품,문짝,소(창문),3000,,15084179,https://www.data.go.kr/data/15084179/fileData.do
전남광주통합특별시,남광주통합특별시,생활용품,물탱크,용량 0.5톤 미만,8000,,15084179,https://www.data.go.kr/data/15084179/fileData.do
전남광주통합특별시,남광주통합특별시,생활용품,물탱크,용량 0.5톤 이상,11000,,15084179,https://www.data.go.kr/data/15084179/fileData.do
전남광주통합특별시,남광주통합특별시,생활용품,물탱크,용량 1.0톤 이상,25000,,15084179,https://www.data.go.kr/data/15084179/fileData.do
전남광주통합특별시,남광주통합특별시,생활용품,미끄럼틀,"돌,계단",5000,,15084179,https://www.data.go.kr/data/15084179/fileData.do
전남광주통합특별시,남광주통합특별시,생활용품,"바닥매트리스(토퍼,라텍스,접이식)",1인용,3000,,15084179,https://www.data.go.kr/data/15084179/fileData.do
전남광주통합특별시,남광주통합특별시,생활용품,"바닥매트리스(토퍼,라텍스,접이식)",2인용,4000,,15084179,https://www.data.go.kr/data/15084179/fileData.do
전남광주통합특별시,남광주통합특별시,생활용품,벽시계,높이 1m 미만,2000,,15084179,https://www.data.go.kr/data/15084179/fileData.do
전남광주통합특별시,남광주통합특별시,생활용품,벽시계,높이 1m 이상,3000,,15084179,https://www.data.go.kr/data/15084179/fileData.do
전남광주통합특별시,남광주통합특별시,생활용품,보행기,모든규격,2000,,15084179,https://www.data.go.kr/data/15084179/fileData.do
전남광주통합특별시,남광주통합특별시,생활용품,블라인드,1m 이하,2000,,15084179,https://www.data.go.kr/data/15084179/fileData.do
전남광주통합특별시,남광주통합특별시,생활용품,블라인드,1m 초과,4000,,15084179,https://www.data.go.kr/data/15084179/fileData.do
전남광주통합특별시,남광주통합특별시,생활용품,빨래건조대,1단,2000,,15084179,https://www.data.go.kr/data/15084179/fileData.do
전남광주통합특별시,남광주통합특별시,생활용품,빨래건조대,2단,3000,,15084179,https://www.data.go.kr/data/15084179/fileData.do
전남광주통합특별시,남광주통합특별시,생활용품,서랍장,5단미만,3000,,15084179,https://www.data.go.kr/data/15084179/fileData.do
전남광주통합특별시,남광주통합특별시,생활용품,서랍장,5단이상,6000,,15084179,https://www.data.go.kr/data/15084179/fileData.do
전남광주통합특별시,남광주통합특별시,생활용품,소파,"1인용, 스툴",3000,,15084179,https://www.data.go.kr/data/15084179/fileData.do
전남광주통합특별시,남광주통합특별시,생활용품,소파,2인용,4000,,15084179,https://www.data.go.kr/data/15084179/fileData.do
전남광주통합특별시,남광주통합특별시,생활용품,소파,3인용,5000,,15084179,https://www.data.go.kr/data/15084179/fileData.do
전남광주통합특별시,남광주통합특별시,생활용품,소파,4~5인용,7000,,15084179,https://www.data.go.kr/data/15084179/fileData.do
전남광주통합특별시,남광주통합특별시,생활용품,소파,6인용 이상,10000,,15084179,https://www.data.go.kr/data/15084179/fileData.do
전남광주통합특별시,남광주통합특별시,생활용품,수족관,1미터 미만,4000,,15084179,https://www.data.go.kr/data/15084179/fileData.do
전남광주통합특별시,남광주통합특별시,생활용품,수족관,1미터 이상,6000,,15084179,https://www.data.go.kr/data/15084179/fileData.do
전남광주통합특별시,남광주통합특별시,생활용품,신발장,높이 1m 미만,2000,,15084179,https://www.data.go.kr/data/15084179/fileData.do
전남광주통합특별시,남광주통합특별시,생활용품,신발장,높이 1m 이상,3000,,15084179,https://www.data.go.kr/data/15084179/fileData.do
전남광주통합특별시,남광주통합특별시,생활용품,신발장,높이 2m 이상,4000,,15084179,https://www.data.go.kr/data/15084179/fileData.do
전남광주통합특별시,남광주통합특별시,생활용품,아이스박스,길이 1m 미만,2000,,15084179,https://www.data.go.kr/data/15084179/fileData.do
전남광주통합특별시,남광주통합특별시,생활용품,아이스박스,길이 1m 이상,3000,,15084179,https://www.data.go.kr/data/15084179/fileData.do
전남광주통합특별시,남광주통합특별시,생활용품,안마의자,모든 규격,33000,,15084179,https://www.data.go.kr/data/15084179/fileData.do
전남광주통합특별시,남광주통합특별시,생활용품,애견용품,기타 애견용품,3000,,15084179,https://www.data.go.kr/data/15084179/fileData.do
전남광주통합특별시,남광주통합특별시,생활용품,애견용품,애견 이동가방,3000,,15084179,https://www.data.go.kr/data/15084179/fileData.do
전남광주통합특별시,남광주통합특별시,생활용품,애견용품,애견 침대,6000,,15084179,https://www.data.go.kr/data/15084179/fileData.do
전남광주통합특별시,남광주통합특별시,생활용품,애견용품,애견 쿠션,3000,,15084179,https://www.data.go.kr/data/15084179/fileData.do
전남광주통합특별시,남광주통합특별시,생활용품,애견용품,애견 텐트,4000,,15084179,https://www.data.go.kr/data/15084179/fileData.do
전남광주통합특별시,남광주통합특별시,생활용품,"액자,거울",최장측면 길이 1m 미만,3000,,15084179,https://www.data.go.kr/data/15084179/fileData.do
전남광주통합특별시,남광주통합특별시,생활용품,"액자,거울",최장측면 길이 1m 이상,4000,,15084179,https://www.data.go.kr/data/15084179/fileData.do
전남광주통합특별시,남광주통합특별시,생활용품,어린이용매트,10kg 이하(개당),3000,,15084179,https://www.data.go.kr/data/15084179/fileData.do
전남광주통합특별시,남광주통합특별시,생활용품,오락기,높이1m 미만,5000,,15084179,https://www.data.go.kr/data/15084179/fileData.do
전남광주통합특별시,남광주통합특별시,생활용품,오락기,높이1m 이상,8000,,15084179,https://www.data.go.kr/data/15084179/fileData.do
전남광주통합특별시,남광주통합특별시,생활용품,오락기,대형(사업자용),7000,,15084179,https://www.data.go.kr/data/15084179/fileData.do
전남광주통합특별시,남광주통합특별시,생활용품,"오르간, 디지털피아노",모든규격,6000,,15084179,https://www.data.go.kr/data/15084179/fileData.do
전남광주통합특별시,남광주통합특별시,생활용품,옷걸이,스탠드형,2000,,15084179,https://www.data.go.kr/data/15084179/fileData.do
전남광주통합특별시,남광주통합특별시,생활용품,운동기구,10kg 이상,11000,,15084179,https://www.data.go.kr/data/15084179/fileData.do
전남광주통합특별시,남광주통합특별시,생활용품,운동기구,10kg 이하,8000,,15084179,https://www.data.go.kr/data/15084179/fileData.do
전남광주통합특별시,남광주통합특별시,생활용품,유모차,모든규격,2000,,15084179,https://www.data.go.kr/data/15084179/fileData.do
전남광주통합특별시,남광주통합특별시,생활용품,유아용 카시트,모든 규격,3000,,15084179,https://www.data.go.kr/data/15084179/fileData.do
전남광주통합특별시,남광주통합특별시,생활용품,의자,대형[PC방용 대형 회전의자 등(1인용)],3000,,15084179,https://www.data.go.kr/data/15084179/fileData.do
전남광주통합특별시,남광주통합특별시,생활용품,의자,소형[유치원 의자 등(1인용)],1000,,15084179,https://www.data.go.kr/data/15084179/fileData.do
전남광주통합특별시,남광주통합특별시,생활용품,의자,"중형[식탁의자, 일반사무실용회정의자(1인용)]",2000,,15084179,https://www.data.go.kr/data/15084179/fileData.do
전남광주통합특별시,남광주통합특별시,생활용품,이불,묶음단위(100리터 봉투기준),2000,,15084179,https://www.data.go.kr/data/15084179/fileData.do
전남광주통합특별시,남광주통합특별시,생활용품,자전거,성인용,4000,,15084179,https://www.data.go.kr/data/15084179/fileData.do
전남광주통합특별시,남광주통합특별시,생활용품,자전거,아동용,3000,,15084179,https://www.data.go.kr/data/15084179/fileData.do
전남광주통합특별시,남광주통합특별시,생활용품,장롱,120센티미터 미만 1쪽,14000,,15084179,https://www.data.go.kr/data/15084179/fileData.do
전남광주통합특별시,남광주통합특별시,생활용품,장롱,120센티미터 이상 1쪽,19000,,15084179,https://www.data.go.kr/data/15084179/fileData.do
전남광주통합특별시,남광주통합특별시,생활용품,장롱,90cm 이상 장2쪽,27000,,15084179,https://www.data.go.kr/data/15084179/fileData.do
전남광주통합특별시,남광주통합특별시,생활용품,장식장,대형(1.2미터 이상),8000,,15084179,https://www.data.go.kr/data/15084179/fileData.do
전남광주통합특별시,남광주통합특별시,생활용품,장식장,소형(1.2미터 미만),4000,,15084179,https://www.data.go.kr/data/15084179/fileData.do
전남광주통합특별시,남광주통합특별시,생활용품,재봉틀,모든규격,3000,,15084179,https://www.data.go.kr/data/15084179/fileData.do
전남광주통합특별시,남광주통합특별시,생활용품,전기장판(옥매트류),모든규격,6000,,15084179,https://www.data.go.kr/data/15084179/fileData.do
전남광주통합특별시,남광주통합특별시,생활용품,전동 킥보드,성인용,4000,,15084179,https://www.data.go.kr/data/15084179/fileData.do
전남광주통합특별시,남광주통합특별시,생활용품,정화조,10인용 이상,17000,,15084179,https://www.data.go.kr/data/15084179/fileData.do
전남광주통합특별시,남광주통합특별시,생활용품,정화조,10인용 이하,12000,,15084179,https://www.data.go.kr/data/15084179/fileData.do
전남광주통합특별시,남광주통합특별시,생활용품,"조립식 간이옷장(비키니, 행거)",개당,3000,,15084179,https://www.data.go.kr/data/15084179/fileData.do
전남광주통합특별시,남광주통합특별시,생활용품,진열장,높이 2m 이상,12000,,15084179,https://www.data.go.kr/data/15084179/fileData.do
전남광주통합특별시,남광주통합특별시,생활용품,진열장,대형(1m 이상),8000,,15084179,https://www.data.go.kr/data/15084179/fileData.do
전남광주통합특별시,남광주통합특별시,생활용품,진열장,소형(1m 미만),6000,,15084179,https://www.data.go.kr/data/15084179/fileData.do
전남광주통합특별시,남광주통합특별시,생활용품,찬장,1m 미만,5000,,15084179,https://www.data.go.kr/data/15084179/fileData.do
전남광주통합특별시,남광주통합특별시,생활용품,찬장,1m 이상,8000,,15084179,https://www.data.go.kr/data/15084179/fileData.do
전남광주통합특별시,남광주통합특별시,생활용품,책꽂이(책장),대형(60×120센티미터 이상),4000,,15084179,https://www.data.go.kr/data/15084179/fileData.do
전남광주통합특별시,남광주통합특별시,생활용품,책꽂이(책장),소형(60×120센티미터 미만),3000,,15084179,https://www.data.go.kr/data/15084179/fileData.do
전남광주통합특별시,남광주통합특별시,생활용품,책상,"세트(서랍,상판,책장)",8000,,15084179,https://www.data.go.kr/data/15084179/fileData.do
전남광주통합특별시,남광주통합특별시,생활용품,책상,양수(대형),8000,,15084179,https://www.data.go.kr/data/15084179/fileData.do
전남광주통합특별시,남광주통합특별시,생활용품,책상,컴퓨터용 책상(서랍없음),4000,,15084179,https://www.data.go.kr/data/15084179/fileData.do
전남광주통합특별시,남광주통합특별시,생활용품,책상,편수(소형),6000,,15084179,https://www.data.go.kr/data/15084179/fileData.do
전남광주통합특별시,남광주통합특별시,생활용품,침대,1인용틀,8000,,15084179,https://www.data.go.kr/data/15084179/fileData.do
전남광주통합특별시,남광주통합특별시,생활용품,침대,2인용틀,12000,,15084179,https://www.data.go.kr/data/15084179/fileData.do
전남광주통합특별시,남광주통합특별시,생활용품,침대,돌침대 받침(1인용),12000,,15084179,https://www.data.go.kr/data/15084179/fileData.do
전남광주통합특별시,남광주통합특별시,생활용품,침대,돌침대 받침(2인용),22000,,15084179,https://www.data.go.kr/data/15084179/fileData.do
전남광주통합특별시,남광주통합특별시,생활용품,침대,돌침대(1인용),15000,,15084179,https://www.data.go.kr/data/15084179/fileData.do
전남광주통합특별시,남광주통합특별시,생활용품,침대,돌침대(2인용),22000,,15084179,https://www.data.go.kr/data/15084179/fileData.do
전남광주통합특별시,남광주통합특별시,생활용품,침대,라꾸라꾸(1인용),12000,,15084179,https://www.data.go.kr/data/15084179/fileData.do
전남광주통합특별시,남광주통합특별시,생활용품,침대,라꾸라꾸(2인용),15000,,15084179,https://www.data.go.kr/data/15084179/fileData.do
전남광주통합특별시,남광주통합특별시,생활용품,침대,매트리스(1인용),5000,,15084179,https://www.data.go.kr/data/15084179/fileData.do
전남광주통합특별시,남광주통합특별시,생활용품,침대,매트리스(2인용),8000,,15084179,https://www.data.go.kr/data/15084179/fileData.do
전남광주통합특별시,남광주통합특별시,생활용품,침대,어린이용 2층 침대,22000,,15084179,https://www.data.go.kr/data/15084179/fileData.do
전남광주통합특별시,남광주통합특별시,생활용품,침대,유아용,6000,,15084179,https://www.data.go.kr/data/15084179/fileData.do
전남광주통합특별시,남광주통합특별시,생활용품,카페트,6㎡당,5000,,15084179,https://www.data.go.kr/data/15084179/fileData.do
전남광주통합특별시,남광주통합특별시,생활용품,칸막이판넬,모든규격,3000,,15084179,https://www.data.go.kr/data/15084179/fileData.do
전남광주통합특별시,남광주통합특별시,생활용품,캐비넷,4단 미만,4000,,15084179,https://www.data.go.kr/data/15084179/fileData.do
전남광주통합특별시,남광주통합특별시,생활용품,캐비넷,4단 이상,6000,,15084179,https://www.data.go.kr/data/15084179/fileData.do
전남광주통합특별시,남광주통합특별시,생활용품,킥보드,어린이용,2000,,15084179,https://www.data.go.kr/data/15084179/fileData.do
전남광주통합특별시,남광주통합특별시,생활용품,타이어(12~14인치),1톤 트럭 뒷바퀴 등의 타이어(화물),6000,,15084179,https://www.data.go.kr/data/15084179/fileData.do
전남광주통합특별시,남광주통합특별시,생활용품,타이어(12~14인치),"경차(1,000cc급) 등의 타이어(승용)",3000,,15084179,https://www.data.go.kr/data/15084179/fileData.do
전남광주통합특별시,남광주통합특별시,생활용품,타이어(12인치 미만),손수레 등의 타이어(화물),4000,,15084179,https://www.data.go.kr/data/15084179/fileData.do
전남광주통합특별시,남광주통합특별시,생활용품,타이어(12인치 미만),전동승용기구 등의 타이어(승용),2000,,15084179,https://www.data.go.kr/data/15084179/fileData.do
전남광주통합특별시,남광주통합특별시,생활용품,타이어(15~17 인치),"승용차(1,400cc이상)등의 타이어(승용)",4000,,15084179,https://www.data.go.kr/data/15084179/fileData.do
전남광주통합특별시,남광주통합특별시,생활용품,타이어(15~17 인치),트럭(2.5톤 이상)등의 타이어(1톤트럭 앞바퀴)(화물),8000,,15084179,https://www.data.go.kr/data/15084179/fileData.do
전남광주통합특별시,남광주통합특별시,생활용품,타이어(18~20 인치),"SUV(1,6000cc이상)등의 타이어(승용)",6000,,15084179,https://www.data.go.kr/data/15084179/fileData.do
전남광주통합특별시,남광주통합특별시,생활용품,타이어(18~20 인치),트럭(5톤 이상) 등의 특수타이어(화물),12000,,15084179,https://www.data.go.kr/data/15084179/fileData.do
전남광주통합특별시,남광주통합특별시,생활용품,타이어(21~25 인치),"SUV(1,6000cc이상)등의 특수타이어(승용)",12000,,15084179,https://www.data.go.kr/data/15084179/fileData.do
전남광주통합특별시,남광주통합특별시,생활용품,타이어(21~25 인치),트럭(5톤 이상) 등의 특수타이어(화물),24000,,15084179,https://www.data.go.kr/data/15084179/fileData.do
전남광주통합특별시,남광주통합특별시,생활용품,탁구대,모든규격,17000,,15084179,https://www.data.go.kr/data/15084179/fileData.do
전남광주통합특별시,남광주통합특별시,생활용품,트램폴린(점핑운동기구),성인용(1m) 이상,8000,,15084179,https://www.data.go.kr/data/15084179/fileData.do
전남광주통합특별시,남광주통합특별시,생활용품,트램폴린(점핑운동기구),유아용(1m) 미만,6000,,15084179,https://www.data.go.kr/data/15084179/fileData.do
전남광주통합특별시,남광주통합특별시,생활용품,피아노,그랜드,18000,,15084179,https://www.data.go.kr/data/15084179/fileData.do
전남광주통합특별시,남광주통합특별시,생활용품,피아노,어프라이드,13000,,15084179,https://www.data.go.kr/data/15084179/fileData.do
전남광주통합특별시,남광주통합특별시,생활용품,헬스자전거,모든규격,6000,,15084179,https://www.data.go.kr/data/15084179/fileData.do
전남광주통합특별시,남광주통합특별시,생활용품,협탁,모든규격,3000,,15084179,https://www.data.go.kr/data/15084179/fileData.do
전남광주통합특별시,남광주통합특별시,생활용품,화장대,거울부착형,5000,,15084179,https://www.data.go.kr/data/15084179/fileData.do
전남광주통합특별시,남광주통합특별시,생활용품,화장대,거울제외형,3000,,15084179,https://www.data.go.kr/data/15084179/fileData.do
전남광주통합특별시,남광주통합특별시,생활용품,회의탁자,"폭 1.2미터 미만, 원탁",5000,,15084179,https://www.data.go.kr/data/15084179/fileData.do
전남광주통합특별시,남광주통합특별시,생활용품,회의탁자,폭 1.2미터 이상,7000,,15084179,https://www.data.go.kr/data/15084179/fileData.do
전남광주통합특별시,남광주통합특별시,욕실용품,변기,모든규격,5000,,15084179,https://www.data.go.kr/data/15084179/fileData.do
전남광주통합특별시,남광주통합특별시,욕실용품,변기물통,모든규격,2000,,15084179,https://www.data.go.kr/data/15084179/fileData.do
전남광주통합특별시,남광주통합특별시,욕실용품,비데,모든규격,1000,,15084179,https://www.data.go.kr/data/15084179/fileData.do
전남광주통합특별시,남광주통합특별시,욕실용품,세면대,모든규격,3000,,15084179,https://www.data.go.kr/data/15084179/fileData.do
전남광주통합특별시,남광주통합특별시,욕실용품,욕실 수건함,1mX0.8m 미만,3000,,15084179,https://www.data.go.kr/data/15084179/fileData.do
전남광주통합특별시,남광주통합특별시,욕실용품,욕실 수건함,1mX0.8m 이상,5000,,15084179,https://www.data.go.kr/data/15084179/fileData.do
전남광주통합특별시,남광주통합특별시,욕실용품,욕조,모든규격,5000,,15084179,https://www.data.go.kr/data/15084179/fileData.do
전남광주통합특별시,남광주통합특별시,주방용품,가스(오븐)렌지,높이 0.5미터 미만,2000,,15084179,https://www.data.go.kr/data/15084179/fileData.do
전남광주통합특별시,남광주통합특별시,주방용품,가스(오븐)렌지,높이 0.5미터 이상,6000,,15084179,https://www.data.go.kr/data/15084179/fileData.do
전남광주통합특별시,남광주통합특별시,주방용품,밥상,90cm*90cm 미만,3000,,15084179,https://www.data.go.kr/data/15084179/fileData.do
전남광주통합특별시,남광주통합특별시,주방용품,밥상,90cm*90cm 이상,4000,,15084179,https://www.data.go.kr/data/15084179/fileData.do
전남광주통합특별시,남광주통합특별시,주방용품,식기건조기,높이 1m 미만,3000,,15084179,https://www.data.go.kr/data/15084179/fileData.do
전남광주통합특별시,남광주통합특별시,주방용품,식기건조기,높이 1m 이상,5000,,15084179,https://www.data.go.kr/data/15084179/fileData.do
전남광주통합특별시,남광주통합특별시,주방용품,식기세척기,모든규격,5000,,15084179,https://www.data.go.kr/data/15084179/fileData.do
전남광주통합특별시,남광주통합특별시,주방용품,식탁(밥상),4인용 미만,5000,,15084179,https://www.data.go.kr/data/15084179/fileData.do
전남광주통합특별시,남광주통합특별시,주방용품,식탁(밥상),4인용 이상,6000,,15084179,https://www.data.go.kr/data/15084179/fileData.do
전남광주통합특별시,남광주통합특별시,주방용품,식탁(밥상),6인용 미만,5000,,15084179,https://www.data.go.kr/data/15084179/fileData.do
전남광주통합특별시,남광주통합특별시,주방용품,식탁(밥상),6인용 이상,6000,,15084179,https://www.data.go.kr/data/15084179/fileData.do
전남광주통합특별시,남광주통합특별시,주방용품,식탁(밥상),대리석식탁 4인용 미만,7000,,15084179,https://www.data.go.kr/data/15084179/fileData.do
전남광주통합특별시,남광주통합특별시,주방용품,식탁(밥상),대리석식탁 4인용 이상,12000,,15084179,https://www.data.go.kr/data/15084179/fileData.do
전남광주통합특별시,남광주통합특별시,주방용품,쌀통,모든규격,4000,,15084179,https://www.data.go.kr/data/15084179/fileData.do
전남광주통합특별시,남광주통합특별시,주방용품,씽크대,가로 60센티미터 미만,3000,,15084179,https://www.data.go.kr/data/15084179/fileData.do
전남광주통합특별시,남광주통합특별시,주방용품,씽크대,가로 60센티미터 이상,7000,,15084179,https://www.data.go.kr/data/15084179/fileData.do
전남광주통합특별시,남광주통합특별시,주방용품,씽크대(가스대),길이 1m 미만,3000,,15084179,https://www.data.go.kr/data/15084179/fileData.do
전남광주통합특별시,남광주통합특별시,주방용품,씽크대(가스대),길이 1m 이상,6000,,15084179,https://www.data.go.kr/data/15084179/fileData.do
전남광주통합특별시,남광주통합특별시,주방용품,씽크대(조리대),길이 1m 미만,3000,,15084179,https://www.data.go.kr/data/15084179/fileData.do
전남광주통합특별시,남광주통합특별시,주방용품,씽크대(조리대),길이 1m 이상,5000,,15084179,https://www.data.go.kr/data/15084179/fileData.do
전남광주통합특별시,남광주통합특별시,주방용품,에어프라이어,둥근형태,3000,,15084179,https://www.data.go.kr/data/15084179/fileData.do
전남광주통합특별시,남광주통합특별시,주방용품,음식물류통,20l 미만,2000,,15084179,https://www.data.go.kr/data/15084179/fileData.do
전남광주통합특별시,남광주통합특별시,주방용품,음식물류통,20l 이상,4000,,15084179,https://www.data.go.kr/data/15084179/fileData.do
전남광주통합특별시,남광주통합특별시,주방용품,음식물류통,50l 이상,6000,,15084179,https://www.data.go.kr/data/15084179/fileData.do
전남광주통합특별시,남광주통합특별시,주방용품,정수기(냉온수기),모든규격,3000,,15084179,https://www.data.go.kr/data/15084179/fileData.do
제주특별자치도,제주시,가구류,"거실장, 장식장",1.2m×0.9m 미만,4500,2026-06-25,15071215,https://www.data.go.kr/data/15071215/fileData.do
제주특별자치도,제주시,가구류,"거실장, 장식장",1.2m×0.9m 이상,7500,2026-06-25,15071215,https://www.data.go.kr/data/15071215/fileData.do
제주특별자치도,제주시,가구류,"거실장, 장식장",1.2m×2.4m 이상,12000,2026-06-25,15071215,https://www.data.go.kr/data/15071215/fileData.do
제주특별자치도,제주시,가구류,다용도수납장(전자레인지 수납장),높이 1m 이상,6000,2026-06-25,15071215,https://www.data.go.kr/data/15071215/fileData.do
제주특별자치도,제주시,가구류,다용도수납장(전자레인지 수납장),높이 1m 이하,4000,2026-06-25,15071215,https://www.data.go.kr/data/15071215/fileData.do
제주특별자치도,제주시,가구류,락커,0.4m*0.3m 미만,2000,2026-06-25,15071215,https://www.data.go.kr/data/15071215/fileData.do
제주특별자치도,제주시,가구류,락커,0.4m*0.3m 이상,6000,2026-06-25,15071215,https://www.data.go.kr/data/15071215/fileData.do
제주특별자치도,제주시,가구류,"매트(옥매트, 돌매트, 자석매트, 황토매트)",가로 150cm 미만,5000,2026-06-25,15071215,https://www.data.go.kr/data/15071215/fileData.do
제주특별자치도,제주시,가구류,"매트(옥매트, 돌매트, 자석매트, 황토매트)",가로 150cm 이상,10000,2026-06-25,15071215,https://www.data.go.kr/data/15071215/fileData.do
제주특별자치도,제주시,가구류,매트리스 받침대,1인용(1.4m x 2m 미만),3000,2026-06-25,15071215,https://www.data.go.kr/data/15071215/fileData.do
제주특별자치도,제주시,가구류,매트리스 받침대,2인용(1.4m x 2m 이상),4500,2026-06-25,15071215,https://www.data.go.kr/data/15071215/fileData.do
제주특별자치도,제주시,가구류,"매트리스(10cm이상 라텍스, 메모리폼 류)",1인용(1.4m x 2m 미만),10000,2026-06-25,15071215,https://www.data.go.kr/data/15071215/fileData.do
제주특별자치도,제주시,가구류,"매트리스(10cm이상 라텍스, 메모리폼 류)",2인용(1.4m x 2m 이상),15000,2026-06-25,15071215,https://www.data.go.kr/data/15071215/fileData.do
제주특별자치도,제주시,가구류,매트리스(일반),1인용(1.4m x 2m 미만),7500,2026-06-25,15071215,https://www.data.go.kr/data/15071215/fileData.do
제주특별자치도,제주시,가구류,매트리스(일반),2인용(1.4m x 2m 이상),12000,2026-06-25,15071215,https://www.data.go.kr/data/15071215/fileData.do
제주특별자치도,제주시,가구류,문갑,1.2m×0.9m 미만,4500,2026-06-25,15071215,https://www.data.go.kr/data/15071215/fileData.do
제주특별자치도,제주시,가구류,문갑,1.2m×0.9m 이상,7500,2026-06-25,15071215,https://www.data.go.kr/data/15071215/fileData.do
제주특별자치도,제주시,가구류,문갑,1.2m×2.4m 이상,12000,2026-06-25,15071215,https://www.data.go.kr/data/15071215/fileData.do
제주특별자치도,제주시,가구류,바닥매트(폴더매트),180cm×180cm당,5000,2026-06-25,15071215,https://www.data.go.kr/data/15071215/fileData.do
제주특별자치도,제주시,가구류,밥상,1.2m×0.9m 미만,2000,2026-06-25,15071215,https://www.data.go.kr/data/15071215/fileData.do
제주특별자치도,제주시,가구류,밥상,1.2m×0.9m 이상,3000,2026-06-25,15071215,https://www.data.go.kr/data/15071215/fileData.do
제주특별자치도,제주시,가구류,서랍장,1.2m×0.9m 미만,4500,2026-06-25,15071215,https://www.data.go.kr/data/15071215/fileData.do
제주특별자치도,제주시,가구류,서랍장,1.2m×0.9m 이상,7500,2026-06-25,15071215,https://www.data.go.kr/data/15071215/fileData.do
제주특별자치도,제주시,가구류,서랍장,1.2m×2.4m 이상,12000,2026-06-25,15071215,https://www.data.go.kr/data/15071215/fileData.do
제주특별자치도,제주시,가구류,소파,"1인용, 스툴, 빈백",3000,2026-06-25,15071215,https://www.data.go.kr/data/15071215/fileData.do
제주특별자치도,제주시,가구류,소파,"2인용, 카우치(가로 1.5m 미만)",4500,2026-06-25,15071215,https://www.data.go.kr/data/15071215/fileData.do
제주특별자치도,제주시,가구류,소파,3인용 이상(가로 1.5m이상),7500,2026-06-25,15071215,https://www.data.go.kr/data/15071215/fileData.do
제주특별자치도,제주시,가구류,소파(리클라이너),1인용,6000,2026-06-25,15071215,https://www.data.go.kr/data/15071215/fileData.do
제주특별자치도,제주시,가구류,소파(리클라이너),2인용,9000,2026-06-25,15071215,https://www.data.go.kr/data/15071215/fileData.do
제주특별자치도,제주시,가구류,소파(리클라이너),3인용 이상,15000,2026-06-25,15071215,https://www.data.go.kr/data/15071215/fileData.do
제주특별자치도,제주시,가구류,식탁(목재),가장 긴면 120cm 미만,6000,2026-06-25,15071215,https://www.data.go.kr/data/15071215/fileData.do
제주특별자치도,제주시,가구류,식탁(목재),가장 긴면 120cm 이상,7500,2026-06-25,15071215,https://www.data.go.kr/data/15071215/fileData.do
제주특별자치도,제주시,가구류,"식탁, 아일랜드식탁(상판, 다리 포함)",가장 긴면 120cm 미만,12000,2026-06-25,15071215,https://www.data.go.kr/data/15071215/fileData.do
제주특별자치도,제주시,가구류,"식탁, 아일랜드식탁(상판, 다리 포함)",가장 긴면 120cm 이상,15000,2026-06-25,15071215,https://www.data.go.kr/data/15071215/fileData.do
제주특별자치도,제주시,가구류,식탁용 대리석 상판(식탁 다리 미포함),가장 긴면 120cm 미만,10000,2026-06-25,15071215,https://www.data.go.kr/data/15071215/fileData.do
제주특별자치도,제주시,가구류,식탁용 대리석 상판(식탁 다리 미포함),가장 긴면 120cm 이상,12000,2026-06-25,15071215,https://www.data.go.kr/data/15071215/fileData.do
제주특별자치도,제주시,가구류,신발장,1.2m×0.9m 미만,4500,2026-06-25,15071215,https://www.data.go.kr/data/15071215/fileData.do
제주특별자치도,제주시,가구류,신발장,1.2m×0.9m 이상,7500,2026-06-25,15071215,https://www.data.go.kr/data/15071215/fileData.do
제주특별자치도,제주시,가구류,신발장,1.2m×2.4m 이상,12000,2026-06-25,15071215,https://www.data.go.kr/data/15071215/fileData.do
제주특별자치도,제주시,가구류,싱크대 상부장,가로 1m 미만 수납장,3000,2026-06-25,15071215,https://www.data.go.kr/data/15071215/fileData.do
제주특별자치도,제주시,가구류,싱크대 상부장,가로 1m 이상 수납장,6000,2026-06-25,15071215,https://www.data.go.kr/data/15071215/fileData.do
제주특별자치도,제주시,가구류,싱크대 상판,가로 1m 미만,2500,2026-06-25,15071215,https://www.data.go.kr/data/15071215/fileData.do
제주특별자치도,제주시,가구류,싱크대 상판,가로 1m 이상,5000,2026-06-25,15071215,https://www.data.go.kr/data/15071215/fileData.do
제주특별자치도,제주시,가구류,싱크대 하부장,서랍장(가로 50cm 미만),3000,2026-06-25,15071215,https://www.data.go.kr/data/15071215/fileData.do
제주특별자치도,제주시,가구류,싱크대 하부장,서랍장(가로 50cm 이상),6000,2026-06-25,15071215,https://www.data.go.kr/data/15071215/fileData.do
제주특별자치도,제주시,가구류,싱크대 하부장,수납장(가로 1m 미만),3000,2026-06-25,15071215,https://www.data.go.kr/data/15071215/fileData.do
제주특별자치도,제주시,가구류,싱크대 하부장,수납장(가로 1m 이상),6000,2026-06-25,15071215,https://www.data.go.kr/data/15071215/fileData.do
제주특별자치도,제주시,가구류,쌀통,모든 규격,6000,2026-06-25,15071215,https://www.data.go.kr/data/15071215/fileData.do
제주특별자치도,제주시,가구류,야전침대,모든 규격,10000,2026-06-25,15071215,https://www.data.go.kr/data/15071215/fileData.do
제주특별자치도,제주시,가구류,"옷걸이(스탠드, 행거)",모든 규격,3000,2026-06-25,15071215,https://www.data.go.kr/data/15071215/fileData.do
제주특별자치도,제주시,가구류,응접세트(거실용 테이블),1.2m×0.6m 미만,3000,2026-06-25,15071215,https://www.data.go.kr/data/15071215/fileData.do
제주특별자치도,제주시,가구류,응접세트(거실용 테이블),1.2m×0.6m 이상,4500,2026-06-25,15071215,https://www.data.go.kr/data/15071215/fileData.do
제주특별자치도,제주시,가구류,의자,"1인용 바퀴의자, 피아노의자",3000,2026-06-25,15071215,https://www.data.go.kr/data/15071215/fileData.do
제주특별자치도,제주시,가구류,의자,1인용 식탁의자,1500,2026-06-25,15071215,https://www.data.go.kr/data/15071215/fileData.do
제주특별자치도,제주시,가구류,의자,다인용(벤치) 목받침 의자,4500,2026-06-25,15071215,https://www.data.go.kr/data/15071215/fileData.do
제주특별자치도,제주시,가구류,의자,유아용 식탁의자,1500,2026-06-25,15071215,https://www.data.go.kr/data/15071215/fileData.do
제주특별자치도,제주시,가구류,"장롱, 옷장, 붙박이장",120cm장 1쪽,22500,2026-06-25,15071215,https://www.data.go.kr/data/15071215/fileData.do
제주특별자치도,제주시,가구류,"장롱, 옷장, 붙박이장",90cm장 1쪽,15000,2026-06-25,15071215,https://www.data.go.kr/data/15071215/fileData.do
제주특별자치도,제주시,가구류,진열장,1.2m×0.9m 미만,4500,2026-06-25,15071215,https://www.data.go.kr/data/15071215/fileData.do
제주특별자치도,제주시,가구류,진열장,1.2m×0.9m 이상,7500,2026-06-25,15071215,https://www.data.go.kr/data/15071215/fileData.do
제주특별자치도,제주시,가구류,진열장,1.2m×2.4m 이상,12000,2026-06-25,15071215,https://www.data.go.kr/data/15071215/fileData.do
제주특별자치도,제주시,가구류,책꽂이,1.2m×0.6m 미만,3000,2026-06-25,15071215,https://www.data.go.kr/data/15071215/fileData.do
제주특별자치도,제주시,가구류,책꽂이,1.2m×0.6m 이상,4500,2026-06-25,15071215,https://www.data.go.kr/data/15071215/fileData.do
제주특별자치도,제주시,가구류,책상,가로 1.2m 미만,6000,2026-06-25,15071215,https://www.data.go.kr/data/15071215/fileData.do
제주특별자치도,제주시,가구류,책상,가로 1.2m 이상,7500,2026-06-25,15071215,https://www.data.go.kr/data/15071215/fileData.do
제주특별자치도,제주시,가구류,책상,책상 세트,12000,2026-06-25,15071215,https://www.data.go.kr/data/15071215/fileData.do
제주특별자치도,제주시,가구류,책상,컴퓨터 책상,5000,2026-06-25,15071215,https://www.data.go.kr/data/15071215/fileData.do
제주특별자치도,제주시,가구류,책장,1.2m×0.9m 미만,4500,2026-06-25,15071215,https://www.data.go.kr/data/15071215/fileData.do
제주특별자치도,제주시,가구류,책장,1.2m×0.9m 이상,7500,2026-06-25,15071215,https://www.data.go.kr/data/15071215/fileData.do
제주특별자치도,제주시,가구류,책장,1.2m×2.4m 이상,12000,2026-06-25,15071215,https://www.data.go.kr/data/15071215/fileData.do
제주특별자치도,제주시,가구류,"침대(돌, 흙, 옥, 황토)",1인용(1.4m x 2m 미만),20000,2026-06-25,15071215,https://www.data.go.kr/data/15071215/fileData.do
제주특별자치도,제주시,가구류,"침대(돌, 흙, 옥, 황토)",2인용(1.4m x 2m 이상),30000,2026-06-25,15071215,https://www.data.go.kr/data/15071215/fileData.do
제주특별자치도,제주시,가구류,침대(틀),1인용(1.4m x 2m 미만),7500,2026-06-25,15071215,https://www.data.go.kr/data/15071215/fileData.do
제주특별자치도,제주시,가구류,침대(틀),2인용(1.4m x 2m 이상),12000,2026-06-25,15071215,https://www.data.go.kr/data/15071215/fileData.do
제주특별자치도,제주시,가구류,침대(헤드),모든 규격,6000,2026-06-25,15071215,https://www.data.go.kr/data/15071215/fileData.do
제주특별자치도,제주시,가구류,피아노,그랜드,22500,2026-06-25,15071215,https://www.data.go.kr/data/15071215/fileData.do
제주특별자치도,제주시,가구류,피아노,"어프라이트, 전자피아노, 오르간",15000,2026-06-25,15071215,https://www.data.go.kr/data/15071215/fileData.do
제주특별자치도,제주시,가구류,피아노,전자피아노 건반,8000,2026-06-25,15071215,https://www.data.go.kr/data/15071215/fileData.do
제주특별자치도,제주시,가구류,화장대,1.2m×0.9m 미만,4500,2026-06-25,15071215,https://www.data.go.kr/data/15071215/fileData.do
제주특별자치도,제주시,가구류,화장대,1.2m×0.9m 이상,7500,2026-06-25,15071215,https://www.data.go.kr/data/15071215/fileData.do
제주특별자치도,제주시,가구류,화장대,1.2m×2.4m 이상,12000,2026-06-25,15071215,https://www.data.go.kr/data/15071215/fileData.do
제주특별자치도,제주시,가전류,"(빨래)건조기, 세탁기",10kg 미만,6000,2026-06-25,15071215,https://www.data.go.kr/data/15071215/fileData.do
제주특별자치도,제주시,가전류,"(빨래)건조기, 세탁기",10~15kg 미만,10000,2026-06-25,15071215,https://www.data.go.kr/data/15071215/fileData.do
제주특별자치도,제주시,가전류,"(빨래)건조기, 세탁기",15kg 이상,26000,2026-06-25,15071215,https://www.data.go.kr/data/15071215/fileData.do
제주특별자치도,제주시,가전류,"VTR, DVD",모든 규격,3000,2026-06-25,15071215,https://www.data.go.kr/data/15071215/fileData.do
제주특별자치도,제주시,가전류,가스레인지,가장 긴면 1m 미만,3000,2026-06-25,15071215,https://www.data.go.kr/data/15071215/fileData.do
제주특별자치도,제주시,가전류,가스레인지,가장 긴면 1m 이상,4500,2026-06-25,15071215,https://www.data.go.kr/data/15071215/fileData.do
제주특별자치도,제주시,가전류,가스오븐레인지,높이 1m 미만,3000,2026-06-25,15071215,https://www.data.go.kr/data/15071215/fileData.do
제주특별자치도,제주시,가전류,가스오븐레인지,높이 1m 이상,6000,2026-06-25,15071215,https://www.data.go.kr/data/15071215/fileData.do
제주특별자치도,제주시,가전류,가습기,모든 규격,3000,2026-06-25,15071215,https://www.data.go.kr/data/15071215/fileData.do
제주특별자치도,제주시,가전류,공기청청기,높이1m 미만,2000,2026-06-25,15071215,https://www.data.go.kr/data/15071215/fileData.do
제주특별자치도,제주시,가전류,공기청청기,높이1m 이상,3000,2026-06-25,15071215,https://www.data.go.kr/data/15071215/fileData.do
제주특별자치도,제주시,가전류,난로,높이1m 미만,3000,2026-06-25,15071215,https://www.data.go.kr/data/15071215/fileData.do
제주특별자치도,제주시,가전류,난로,높이1m 이상,4500,2026-06-25,15071215,https://www.data.go.kr/data/15071215/fileData.do
제주특별자치도,제주시,가전류,"냉, 온수기",모든 규격,4500,2026-06-25,15071215,https://www.data.go.kr/data/15071215/fileData.do
제주특별자치도,제주시,가전류,냉장고,"1,000ℓ용 이상",15000,2026-06-25,15071215,https://www.data.go.kr/data/15071215/fileData.do
제주특별자치도,제주시,가전류,냉장고,1700ℓ용(65박스) 이상,20000,2026-06-25,15071215,https://www.data.go.kr/data/15071215/fileData.do
제주특별자치도,제주시,가전류,냉장고,300ℓ용 미만,6000,2026-06-25,15071215,https://www.data.go.kr/data/15071215/fileData.do
제주특별자치도,제주시,가전류,냉장고,300ℓ용 이상,9000,2026-06-25,15071215,https://www.data.go.kr/data/15071215/fileData.do
제주특별자치도,제주시,가전류,냉장고,500ℓ용 이상,12000,2026-06-25,15071215,https://www.data.go.kr/data/15071215/fileData.do
제주특별자치도,제주시,가전류,라디에이터 (가정용),가장 긴면 1m당,3000,2026-06-25,15071215,https://www.data.go.kr/data/15071215/fileData.do
제주특별자치도,제주시,가전류,모니터(컴퓨터),17인치 미만,3000,2026-06-25,15071215,https://www.data.go.kr/data/15071215/fileData.do
제주특별자치도,제주시,가전류,모니터(컴퓨터),17인치 이상,4500,2026-06-25,15071215,https://www.data.go.kr/data/15071215/fileData.do
제주특별자치도,제주시,가전류,밥통,10인용 이하,3000,2026-06-25,15071215,https://www.data.go.kr/data/15071215/fileData.do
제주특별자치도,제주시,가전류,밥통,10인용 초과,4500,2026-06-25,15071215,https://www.data.go.kr/data/15071215/fileData.do
제주특별자치도,제주시,가전류,복사기(사무용),모든 규격,12000,2026-06-25,15071215,https://www.data.go.kr/data/15071215/fileData.do
제주특별자치도,제주시,가전류,비데,모든 규격,3000,2026-06-25,15071215,https://www.data.go.kr/data/15071215/fileData.do
제주특별자치도,제주시,가전류,선풍기,날개 크기 45cm(18'')미만,3000,2026-06-25,15071215,https://www.data.go.kr/data/15071215/fileData.do
제주특별자치도,제주시,가전류,선풍기,날개 크기 45cm(18'')이상,4500,2026-06-25,15071215,https://www.data.go.kr/data/15071215/fileData.do
제주특별자치도,제주시,가전류,스타일러,모든 규격,10000,2026-06-25,15071215,https://www.data.go.kr/data/15071215/fileData.do
제주특별자치도,제주시,가전류,스피커,높이 1m 미만,1500,2026-06-25,15071215,https://www.data.go.kr/data/15071215/fileData.do
제주특별자치도,제주시,가전류,스피커,높이 1m 이상,3000,2026-06-25,15071215,https://www.data.go.kr/data/15071215/fileData.do
제주특별자치도,제주시,가전류,"식기건조기, 식기세척기",높이 1m 미만,3000,2026-06-25,15071215,https://www.data.go.kr/data/15071215/fileData.do
제주특별자치도,제주시,가전류,"식기건조기, 식기세척기",높이 1m 이상,5000,2026-06-25,15071215,https://www.data.go.kr/data/15071215/fileData.do
제주특별자치도,제주시,가전류,안마의자,모든 규격,20000,2026-06-25,15071215,https://www.data.go.kr/data/15071215/fileData.do
제주특별자치도,제주시,가전류,안마침대,모든 규격,20000,2026-06-25,15071215,https://www.data.go.kr/data/15071215/fileData.do
제주특별자치도,제주시,가전류,"에어컨디셔너, 냉 ·온풍기(단, 실외기)",1m×0.6m 미만,3000,2026-06-25,15071215,https://www.data.go.kr/data/15071215/fileData.do
제주특별자치도,제주시,가전류,"에어컨디셔너, 냉 ·온풍기(단, 실외기)",1m×0.6m 이상,4500,2026-06-25,15071215,https://www.data.go.kr/data/15071215/fileData.do
제주특별자치도,제주시,가전류,"에어컨디셔너,냉 ·온풍기(단, 실내기)",264㎡형 이상,12000,2026-06-25,15071215,https://www.data.go.kr/data/15071215/fileData.do
제주특별자치도,제주시,가전류,"에어컨디셔너,냉 ·온풍기(단, 실내기)",66㎡형 미만,4500,2026-06-25,15071215,https://www.data.go.kr/data/15071215/fileData.do
제주특별자치도,제주시,가전류,"에어컨디셔너,냉 ·온풍기(단, 실내기)",66㎡형 이상,7500,2026-06-25,15071215,https://www.data.go.kr/data/15071215/fileData.do
제주특별자치도,제주시,가전류,오디오,모든 규격,3000,2026-06-25,15071215,https://www.data.go.kr/data/15071215/fileData.do
제주특별자치도,제주시,가전류,오락기,높이1m 미만,7500,2026-06-25,15071215,https://www.data.go.kr/data/15071215/fileData.do
제주특별자치도,제주시,가전류,오락기,높이1m 이상,12000,2026-06-25,15071215,https://www.data.go.kr/data/15071215/fileData.do
제주특별자치도,제주시,가전류,오락기,모니터,3000,2026-06-25,15071215,https://www.data.go.kr/data/15071215/fileData.do
제주특별자치도,제주시,가전류,자동판매기(자판기),1m 미만,12000,2026-06-25,15071215,https://www.data.go.kr/data/15071215/fileData.do
제주특별자치도,제주시,가전류,자동판매기(자판기),1m 이상,15000,2026-06-25,15071215,https://www.data.go.kr/data/15071215/fileData.do
제주특별자치도,제주시,가전류,"전기스토브(전기프라이팬, 그릴, 인덕션)",1m 미만,3000,2026-06-25,15071215,https://www.data.go.kr/data/15071215/fileData.do
제주특별자치도,제주시,가전류,"전기스토브(전기프라이팬, 그릴, 인덕션)",1m 이상,4500,2026-06-25,15071215,https://www.data.go.kr/data/15071215/fileData.do
제주특별자치도,제주시,가전류,전자레인지,23ℓ 미만,3000,2026-06-25,15071215,https://www.data.go.kr/data/15071215/fileData.do
제주특별자치도,제주시,가전류,전자레인지,23ℓ 이상,4500,2026-06-25,15071215,https://www.data.go.kr/data/15071215/fileData.do
제주특별자치도,제주시,가전류,정수기,높이 1m 미만,3000,2026-06-25,15071215,https://www.data.go.kr/data/15071215/fileData.do
제주특별자치도,제주시,가전류,정수기,높이 1m 이상,4500,2026-06-25,15071215,https://www.data.go.kr/data/15071215/fileData.do
제주특별자치도,제주시,가전류,제습기,모든 규격,4500,2026-06-25,15071215,https://www.data.go.kr/data/15071215/fileData.do
제주특별자치도,제주시,가전류,청소기,20ℓ 미만,3000,2026-06-25,15071215,https://www.data.go.kr/data/15071215/fileData.do
제주특별자치도,제주시,가전류,청소기,20ℓ 이상,4500,2026-06-25,15071215,https://www.data.go.kr/data/15071215/fileData.do
제주특별자치도,제주시,가전류,컴퓨터 본체,모든 규격(노트북 포함),3000,2026-06-25,15071215,https://www.data.go.kr/data/15071215/fileData.do
제주특별자치도,제주시,가전류,컴퓨터 키보드,모든 규격,1500,2026-06-25,15071215,https://www.data.go.kr/data/15071215/fileData.do
제주특별자치도,제주시,가전류,컴퓨터 키보드,키보드,1500,2026-06-25,15071215,https://www.data.go.kr/data/15071215/fileData.do
제주특별자치도,제주시,가전류,탈수기,모든 규격,3000,2026-06-25,15071215,https://www.data.go.kr/data/15071215/fileData.do
제주특별자치도,제주시,가전류,텔레비전,42~70인치 미만,7500,2026-06-25,15071215,https://www.data.go.kr/data/15071215/fileData.do
제주특별자치도,제주시,가전류,텔레비전,42인치 미만,4500,2026-06-25,15071215,https://www.data.go.kr/data/15071215/fileData.do
제주특별자치도,제주시,가전류,텔레비전,70인치 이상,20000,2026-06-25,15071215,https://www.data.go.kr/data/15071215/fileData.do
제주특별자치도,제주시,가전류,팩스기기,모든 규격,3000,2026-06-25,15071215,https://www.data.go.kr/data/15071215/fileData.do
제주특별자치도,제주시,가전류,프린터,높이 1m 이상,7500,2026-06-25,15071215,https://www.data.go.kr/data/15071215/fileData.do
제주특별자치도,제주시,가전류,프린터,높이 50cm ~ 1m 미만,4500,2026-06-25,15071215,https://www.data.go.kr/data/15071215/fileData.do
제주특별자치도,제주시,가전류,프린터,높이 50cm 미만,3000,2026-06-25,15071215,https://www.data.go.kr/data/15071215/fileData.do
제주특별자치도,제주시,기타류,(빨래)건조대,모든 규격,3000,2026-06-25,15071215,https://www.data.go.kr/data/15071215/fileData.do
제주특별자치도,제주시,기타류,가방,골프가방,5000,2026-06-25,15071215,https://www.data.go.kr/data/15071215/fileData.do
제주특별자치도,제주시,기타류,가방,그 밖의 가방,3000,2026-06-25,15071215,https://www.data.go.kr/data/15071215/fileData.do
제주특별자치도,제주시,기타류,가방,낚시가방,4000,2026-06-25,15071215,https://www.data.go.kr/data/15071215/fileData.do
제주특별자치도,제주시,기타류,가방,높이 1m 이상 여행용가방,5000,2026-06-25,15071215,https://www.data.go.kr/data/15071215/fileData.do
제주특별자치도,제주시,기타류,"간판(입간판, 광고판)",가장 긴면 1m 미만,6000,2026-06-25,15071215,https://www.data.go.kr/data/15071215/fileData.do
제주특별자치도,제주시,기타류,"간판(입간판, 광고판)",가장 긴면 1~2m 미만,10000,2026-06-25,15071215,https://www.data.go.kr/data/15071215/fileData.do
제주특별자치도,제주시,기타류,"간판(입간판, 광고판)",가장 긴면 2m 이상 (직접운반),20000,2026-06-25,15071215,https://www.data.go.kr/data/15071215/fileData.do
제주특별자치도,제주시,기타류,거울,높이 1.2m 미만,3000,2026-06-25,15071215,https://www.data.go.kr/data/15071215/fileData.do
제주특별자치도,제주시,기타류,거울,높이 1.2m~1.8m 미만,4500,2026-06-25,15071215,https://www.data.go.kr/data/15071215/fileData.do
제주특별자치도,제주시,기타류,거울,높이 1.8m 이상,7000,2026-06-25,15071215,https://www.data.go.kr/data/15071215/fileData.do
제주특별자치도,제주시,기타류,"게시판(화이트보드, 각종상판)",가장 긴면 1m당,3000,2026-06-25,15071215,https://www.data.go.kr/data/15071215/fileData.do
제주특별자치도,제주시,기타류,고무통(고무대야),높이 50cm 또는 길이 1m 미만,3000,2026-06-25,15071215,https://www.data.go.kr/data/15071215/fileData.do
제주특별자치도,제주시,기타류,고무통(고무대야),높이 50cm 또는 길이 1m 이상,6000,2026-06-25,15071215,https://www.data.go.kr/data/15071215/fileData.do
제주특별자치도,제주시,기타류,그 밖의 가전제품 및 사무용품,대 형,7500,2026-06-25,15071215,https://www.data.go.kr/data/15071215/fileData.do
제주특별자치도,제주시,기타류,그 밖의 가전제품 및 사무용품,소 형,3000,2026-06-25,15071215,https://www.data.go.kr/data/15071215/fileData.do
제주특별자치도,제주시,기타류,그 밖의 가전제품 및 사무용품,중 형,6000,2026-06-25,15071215,https://www.data.go.kr/data/15071215/fileData.do
제주특별자치도,제주시,기타류,금고,가장 긴면 1m~2m 미만,100000,2026-06-25,15071215,https://www.data.go.kr/data/15071215/fileData.do
제주특별자치도,제주시,기타류,금고,가장 긴면 30cm 미만,10000,2026-06-25,15071215,https://www.data.go.kr/data/15071215/fileData.do
제주특별자치도,제주시,기타류,금고,가장 긴면 30cm~1m 미만,15000,2026-06-25,15071215,https://www.data.go.kr/data/15071215/fileData.do
제주특별자치도,제주시,기타류,다리미판,모든 규격,3000,2026-06-25,15071215,https://www.data.go.kr/data/15071215/fileData.do
제주특별자치도,제주시,기타류,당구대,나무틀,20000,2026-06-25,15071215,https://www.data.go.kr/data/15071215/fileData.do
제주특별자치도,제주시,기타류,대걸레,모든 규격,1000,2026-06-25,15071215,https://www.data.go.kr/data/15071215/fileData.do
제주특별자치도,제주시,기타류,대자리,모든 규격,4000,2026-06-25,15071215,https://www.data.go.kr/data/15071215/fileData.do
제주특별자치도,제주시,기타류,"도마, 빨래판",모든 규격,3000,2026-06-25,15071215,https://www.data.go.kr/data/15071215/fileData.do
제주특별자치도,제주시,기타류,돗자리(발),모든 규격,3000,2026-06-25,15071215,https://www.data.go.kr/data/15071215/fileData.do
제주특별자치도,제주시,기타류,라켓,"테니스라켓, 배드민턴라켓",1000,2026-06-25,15071215,https://www.data.go.kr/data/15071215/fileData.do
제주특별자치도,제주시,기타류,레인지후드(배기후드),모든 규격,3000,2026-06-25,15071215,https://www.data.go.kr/data/15071215/fileData.do
제주특별자치도,제주시,기타류,마네킹,모든 규격,3000,2026-06-25,15071215,https://www.data.go.kr/data/15071215/fileData.do
제주특별자치도,제주시,기타류,모기장,모든 규격,3000,2026-06-25,15071215,https://www.data.go.kr/data/15071215/fileData.do
제주특별자치도,제주시,기타류,목재류(나뭇가지) 등,"마대당(60×90cm, 목재 등 길이 70cm이하)",3000,2026-06-25,15071215,https://www.data.go.kr/data/15071215/fileData.do
제주특별자치도,제주시,기타류,문짝(문틀),1m×1.8m 이상,6000,2026-06-25,15071215,https://www.data.go.kr/data/15071215/fileData.do
제주특별자치도,제주시,기타류,문짝(문틀),1m×1.8m 이하,3000,2026-06-25,15071215,https://www.data.go.kr/data/15071215/fileData.do
제주특별자치도,제주시,기타류,문짝(문틀),강화유리문,20000,2026-06-25,15071215,https://www.data.go.kr/data/15071215/fileData.do
제주특별자치도,제주시,기타류,문짝(문틀),하이샤시,10000,2026-06-25,15071215,https://www.data.go.kr/data/15071215/fileData.do
제주특별자치도,제주시,기타류,물탱크,"1,000~2,000ℓ",15000,2026-06-25,15071215,https://www.data.go.kr/data/15071215/fileData.do
제주특별자치도,제주시,기타류,물탱크,"1,000ℓ 미만",6000,2026-06-25,15071215,https://www.data.go.kr/data/15071215/fileData.do
제주특별자치도,제주시,기타류,물탱크,"2,000ℓ 초과 직접 운반",30000,2026-06-25,15071215,https://www.data.go.kr/data/15071215/fileData.do
제주특별자치도,제주시,기타류,"미끄럼틀, 그네",1m 이상,5000,2026-06-25,15071215,https://www.data.go.kr/data/15071215/fileData.do
제주특별자치도,제주시,기타류,"미끄럼틀, 그네",1m 이하,3000,2026-06-25,15071215,https://www.data.go.kr/data/15071215/fileData.do
제주특별자치도,제주시,기타류,바둑판,모든규격,2000,2026-06-25,15071215,https://www.data.go.kr/data/15071215/fileData.do
제주특별자치도,제주시,기타류,"반려동물 집(개집, 고양이타워)",가장 긴면 1.5m 이상,10000,2026-06-25,15071215,https://www.data.go.kr/data/15071215/fileData.do
제주특별자치도,제주시,기타류,"반려동물 집(개집, 고양이타워)",가장 긴면 1m 미만,3000,2026-06-25,15071215,https://www.data.go.kr/data/15071215/fileData.do
제주특별자치도,제주시,기타류,"반려동물 집(개집, 고양이타워)",가장 긴면 1m~1.5m,5000,2026-06-25,15071215,https://www.data.go.kr/data/15071215/fileData.do
제주특별자치도,제주시,기타류,"방석, 베개, 쿠션",모든 규격,1000,2026-06-25,15071215,https://www.data.go.kr/data/15071215/fileData.do
제주특별자치도,제주시,기타류,방충망,1m×1.8m 기준,6000,2026-06-25,15071215,https://www.data.go.kr/data/15071215/fileData.do
제주특별자치도,제주시,기타류,방충망,1m×1m 당,3000,2026-06-25,15071215,https://www.data.go.kr/data/15071215/fileData.do
제주특별자치도,제주시,기타류,벽시계,가장 긴면 1m 이상,5000,2026-06-25,15071215,https://www.data.go.kr/data/15071215/fileData.do
제주특별자치도,제주시,기타류,벽시계,가장 긴면 1m 이하,3000,2026-06-25,15071215,https://www.data.go.kr/data/15071215/fileData.do
제주특별자치도,제주시,기타류,벽시계,괘종시계,7500,2026-06-25,15071215,https://www.data.go.kr/data/15071215/fileData.do
제주특별자치도,제주시,기타류,변기통,모든 규격,4500,2026-06-25,15071215,https://www.data.go.kr/data/15071215/fileData.do
제주특별자치도,제주시,기타류,변압기(가정용),모든 규격,3000,2026-06-25,15071215,https://www.data.go.kr/data/15071215/fileData.do
제주특별자치도,제주시,기타류,병풍,1폭(가로 30cm)당,2000,2026-06-25,15071215,https://www.data.go.kr/data/15071215/fileData.do
제주특별자치도,제주시,기타류,보일러기름탱크,모든 규격,4000,2026-06-25,15071215,https://www.data.go.kr/data/15071215/fileData.do
제주특별자치도,제주시,기타류,보일러통,200L 이하 또는 높이 1m 미만,4500,2026-06-25,15071215,https://www.data.go.kr/data/15071215/fileData.do
제주특별자치도,제주시,기타류,보일러통,600ℓ 이상 또는 높이 1.5m 이상,12000,2026-06-25,15071215,https://www.data.go.kr/data/15071215/fileData.do
제주특별자치도,제주시,기타류,보일러통,600ℓ 이하 또는 높이 1~ 1.5m 미만,7500,2026-06-25,15071215,https://www.data.go.kr/data/15071215/fileData.do
제주특별자치도,제주시,기타류,보행기,모든 규격,3000,2026-06-25,15071215,https://www.data.go.kr/data/15071215/fileData.do
제주특별자치도,제주시,기타류,볼링공,모든규격,2000,2026-06-25,15071215,https://www.data.go.kr/data/15071215/fileData.do
제주특별자치도,제주시,기타류,블라인드,1m×1.8m 이상,4000,2026-06-25,15071215,https://www.data.go.kr/data/15071215/fileData.do
제주특별자치도,제주시,기타류,블라인드,1m×1.8m 이하,1500,2026-06-25,15071215,https://www.data.go.kr/data/15071215/fileData.do
제주특별자치도,제주시,기타류,사다리,모든 규격,4500,2026-06-25,15071215,https://www.data.go.kr/data/15071215/fileData.do
제주특별자치도,제주시,기타류,"서핑보드, 각종보드",모든 규격,3000,2026-06-25,15071215,https://www.data.go.kr/data/15071215/fileData.do
제주특별자치도,제주시,기타류,세면대,모든 규격,4500,2026-06-25,15071215,https://www.data.go.kr/data/15071215/fileData.do
제주특별자치도,제주시,기타류,소화기(가정용),3.3kg 이하,3000,2026-06-25,15071215,https://www.data.go.kr/data/15071215/fileData.do
제주특별자치도,제주시,기타류,소화기(가정용),3.3~6.5kg 이하,5000,2026-06-25,15071215,https://www.data.go.kr/data/15071215/fileData.do
제주특별자치도,제주시,기타류,소화기(가정용),6.5kg~10kg,18000,2026-06-25,15071215,https://www.data.go.kr/data/15071215/fileData.do
제주특별자치도,제주시,기타류,손수레,모든 규격,3000,2026-06-25,15071215,https://www.data.go.kr/data/15071215/fileData.do
제주특별자치도,제주시,기타류,수납상자(리빙박스),모든 규격,2000,2026-06-25,15071215,https://www.data.go.kr/data/15071215/fileData.do
제주특별자치도,제주시,기타류,수족관(가정용),높이 또는 폭 2m 미만,12000,2026-06-25,15071215,https://www.data.go.kr/data/15071215/fileData.do
제주특별자치도,제주시,기타류,수족관(가정용),높이 또는 폭 2m 이상 (직접운반),20000,2026-06-25,15071215,https://www.data.go.kr/data/15071215/fileData.do
제주특별자치도,제주시,기타류,수족관(가정용),높이 또는 폭 50cm 미만,4500,2026-06-25,15071215,https://www.data.go.kr/data/15071215/fileData.do
제주특별자치도,제주시,기타류,수족관(가정용),높이 또는 폭 50cm~1m 미만,7500,2026-06-25,15071215,https://www.data.go.kr/data/15071215/fileData.do
제주특별자치도,제주시,기타류,스케이트,모든 규격,3000,2026-06-25,15071215,https://www.data.go.kr/data/15071215/fileData.do
제주특별자치도,제주시,기타류,스키,모든 규격,3000,2026-06-25,15071215,https://www.data.go.kr/data/15071215/fileData.do
제주특별자치도,제주시,기타류,스테인레스호스(철호스),10m 당,3000,2026-06-25,15071215,https://www.data.go.kr/data/15071215/fileData.do
제주특별자치도,제주시,기타류,아이스박스,50ℓ 미만,3000,2026-06-25,15071215,https://www.data.go.kr/data/15071215/fileData.do
제주특별자치도,제주시,기타류,아이스박스,50ℓ 이상,5000,2026-06-25,15071215,https://www.data.go.kr/data/15071215/fileData.do
제주특별자치도,제주시,기타류,악기(피아노 제외),대형,7500,2026-06-25,15071215,https://www.data.go.kr/data/15071215/fileData.do
제주특별자치도,제주시,기타류,악기(피아노 제외),소형,3000,2026-06-25,15071215,https://www.data.go.kr/data/15071215/fileData.do
제주특별자치도,제주시,기타류,악기(피아노 제외),중형,5000,2026-06-25,15071215,https://www.data.go.kr/data/15071215/fileData.do
제주특별자치도,제주시,기타류,액자,가장 긴면 120m 미만,3000,2026-06-25,15071215,https://www.data.go.kr/data/15071215/fileData.do
제주특별자치도,제주시,기타류,액자,가장 긴면 120m 이상,4500,2026-06-25,15071215,https://www.data.go.kr/data/15071215/fileData.do
제주특별자치도,제주시,기타류,욕실발판,모든 규격,1000,2026-06-25,15071215,https://www.data.go.kr/data/15071215/fileData.do
제주특별자치도,제주시,기타류,욕조,길이 1m 미만,4500,2026-06-25,15071215,https://www.data.go.kr/data/15071215/fileData.do
제주특별자치도,제주시,기타류,욕조,길이 1m~2m 미만,7500,2026-06-25,15071215,https://www.data.go.kr/data/15071215/fileData.do
제주특별자치도,제주시,기타류,욕조,길이 2m 이상(직접 운반),20000,2026-06-25,15071215,https://www.data.go.kr/data/15071215/fileData.do
제주특별자치도,제주시,기타류,우산,장우산,1500,2026-06-25,15071215,https://www.data.go.kr/data/15071215/fileData.do
제주특별자치도,제주시,기타류,우산,"접이식, 유아",1000,2026-06-25,15071215,https://www.data.go.kr/data/15071215/fileData.do
제주특별자치도,제주시,기타류,운동기구,골프채,1000,2026-06-25,15071215,https://www.data.go.kr/data/15071215/fileData.do
제주특별자치도,제주시,기타류,운동기구,그 밖의 운동기구(10kg 이하),4500,2026-06-25,15071215,https://www.data.go.kr/data/15071215/fileData.do
제주특별자치도,제주시,기타류,운동기구,그 밖의 운동기구(10kg 초과),7000,2026-06-25,15071215,https://www.data.go.kr/data/15071215/fileData.do
제주특별자치도,제주시,기타류,운동기구,그 밖의 운동기구(5kg 이하),3000,2026-06-25,15071215,https://www.data.go.kr/data/15071215/fileData.do
제주특별자치도,제주시,기타류,운동기구,낚시대,1000,2026-06-25,15071215,https://www.data.go.kr/data/15071215/fileData.do
제주특별자치도,제주시,기타류,운동기구,런닝머신,10000,2026-06-25,15071215,https://www.data.go.kr/data/15071215/fileData.do
제주특별자치도,제주시,기타류,운동기구,스텝퍼,4000,2026-06-25,15071215,https://www.data.go.kr/data/15071215/fileData.do
제주특별자치도,제주시,기타류,운동기구,실내자전거,7000,2026-06-25,15071215,https://www.data.go.kr/data/15071215/fileData.do
제주특별자치도,제주시,기타류,운동기구,일반킥보드,3000,2026-06-25,15071215,https://www.data.go.kr/data/15071215/fileData.do
제주특별자치도,제주시,기타류,운동기구,전동킥보드,4000,2026-06-25,15071215,https://www.data.go.kr/data/15071215/fileData.do
제주특별자치도,제주시,기타류,운동기구,트램폴린,7000,2026-06-25,15071215,https://www.data.go.kr/data/15071215/fileData.do
제주특별자치도,제주시,기타류,유리,강화유리(샤워부스) 1m 당,10000,2026-06-25,15071215,https://www.data.go.kr/data/15071215/fileData.do
제주특별자치도,제주시,기타류,유리,높이 1.2m 미만,3000,2026-06-25,15071215,https://www.data.go.kr/data/15071215/fileData.do
제주특별자치도,제주시,기타류,유리,높이 1.2m~1.8m 미만,4500,2026-06-25,15071215,https://www.data.go.kr/data/15071215/fileData.do
제주특별자치도,제주시,기타류,유리,높이 1.8m 이상,7000,2026-06-25,15071215,https://www.data.go.kr/data/15071215/fileData.do
제주특별자치도,제주시,기타류,유모차,모든 규격,3000,2026-06-25,15071215,https://www.data.go.kr/data/15071215/fileData.do
제주특별자치도,제주시,기타류,유아용전동차,모든 규격,5000,2026-06-25,15071215,https://www.data.go.kr/data/15071215/fileData.do
제주특별자치도,제주시,기타류,유아용카시트,모든 규격,3000,2026-06-25,15071215,https://www.data.go.kr/data/15071215/fileData.do
제주특별자치도,제주시,기타류,의료기기,마사지기,3000,2026-06-25,15071215,https://www.data.go.kr/data/15071215/fileData.do
제주특별자치도,제주시,기타류,의료기기,목발,2000,2026-06-25,15071215,https://www.data.go.kr/data/15071215/fileData.do
제주특별자치도,제주시,기타류,의료기기,휠체어,3000,2026-06-25,15071215,https://www.data.go.kr/data/15071215/fileData.do
제주특별자치도,제주시,기타류,의류,묶음 단위(100ℓ 봉투기준),3000,2026-06-25,15071215,https://www.data.go.kr/data/15071215/fileData.do
제주특별자치도,제주시,기타류,이불(요),"솜이불, 차렵이불(두꺼운 요)",3000,2026-06-25,15071215,https://www.data.go.kr/data/15071215/fileData.do
제주특별자치도,제주시,기타류,인형류,묶음 단위(100ℓ 봉투기준),3000,2026-06-25,15071215,https://www.data.go.kr/data/15071215/fileData.do
제주특별자치도,제주시,기타류,자전거,아동 및 성인용,4500,2026-06-25,15071215,https://www.data.go.kr/data/15071215/fileData.do
제주특별자치도,제주시,기타류,자전거,유아용(세발),3000,2026-06-25,15071215,https://www.data.go.kr/data/15071215/fileData.do
제주특별자치도,제주시,기타류,장난감,가장 긴면 50cm 미만,3000,2026-06-25,15071215,https://www.data.go.kr/data/15071215/fileData.do
제주특별자치도,제주시,기타류,장난감,가장 긴면 50cm 이상,5000,2026-06-25,15071215,https://www.data.go.kr/data/15071215/fileData.do
제주특별자치도,제주시,기타류,장독(항아리),20ℓ(높이 50cm) 미만,3000,2026-06-25,15071215,https://www.data.go.kr/data/15071215/fileData.do
제주특별자치도,제주시,기타류,장독(항아리),20ℓ(높이 50cm) 이상,5000,2026-06-25,15071215,https://www.data.go.kr/data/15071215/fileData.do
제주특별자치도,제주시,기타류,장판,묶음단위(길이2m×지름30㎝),4500,2026-06-25,15071215,https://www.data.go.kr/data/15071215/fileData.do
제주특별자치도,제주시,기타류,재봉틀,모든 규격(책상 제외),5000,2026-06-25,15071215,https://www.data.go.kr/data/15071215/fileData.do
제주특별자치도,제주시,기타류,재봉틀,책상일체형,10000,2026-06-25,15071215,https://www.data.go.kr/data/15071215/fileData.do
제주특별자치도,제주시,기타류,"전기장판(온수매트, 전기매트,전기담요)",가로 1.5m 이상,10000,2026-06-25,15071215,https://www.data.go.kr/data/15071215/fileData.do
제주특별자치도,제주시,기타류,"전기장판(온수매트, 전기매트,전기담요)",가로 1.5m 이하,5000,2026-06-25,15071215,https://www.data.go.kr/data/15071215/fileData.do
제주특별자치도,제주시,기타류,정화조,"1,000~2,000ℓ",30000,2026-06-25,15071215,https://www.data.go.kr/data/15071215/fileData.do
제주특별자치도,제주시,기타류,정화조,"1,000ℓ 미만",10000,2026-06-25,15071215,https://www.data.go.kr/data/15071215/fileData.do
제주특별자치도,제주시,기타류,정화조,"2,000ℓ 초과(직접 운반)",40000,2026-06-25,15071215,https://www.data.go.kr/data/15071215/fileData.do
제주특별자치도,제주시,기타류,조명기구,"일반용, 스탠드",3000,2026-06-25,15071215,https://www.data.go.kr/data/15071215/fileData.do
제주특별자치도,제주시,기타류,조명기구,장식용(샹들리에 포함),6000,2026-06-25,15071215,https://www.data.go.kr/data/15071215/fileData.do
제주특별자치도,제주시,기타류,차광막(천막),묶음 단위(길이2m×지름30㎝),4000,2026-06-25,15071215,https://www.data.go.kr/data/15071215/fileData.do
제주특별자치도,제주시,기타류,창문,1m×1.8m 기준,6000,2026-06-25,15071215,https://www.data.go.kr/data/15071215/fileData.do
제주특별자치도,제주시,기타류,창문,1m×1m 기준,3000,2026-06-25,15071215,https://www.data.go.kr/data/15071215/fileData.do
제주특별자치도,제주시,기타류,창문,강화유리창문,20000,2026-06-25,15071215,https://www.data.go.kr/data/15071215/fileData.do
제주특별자치도,제주시,기타류,창문,하이샤시,10000,2026-06-25,15071215,https://www.data.go.kr/data/15071215/fileData.do
제주특별자치도,제주시,기타류,체중계,길이 1m 미만,3000,2026-06-25,15071215,https://www.data.go.kr/data/15071215/fileData.do
제주특별자치도,제주시,기타류,체중계,길이 1m 이상,7500,2026-06-25,15071215,https://www.data.go.kr/data/15071215/fileData.do
제주특별자치도,제주시,기타류,카펫,묶음단위(길이2m×지름30cm),7500,2026-06-25,15071215,https://www.data.go.kr/data/15071215/fileData.do
제주특별자치도,제주시,기타류,"칸막이(판넬, 파티션)",가장 긴 면 1m당,6000,2026-06-25,15071215,https://www.data.go.kr/data/15071215/fileData.do
제주특별자치도,제주시,기타류,캐비닛,모든 규격,6000,2026-06-25,15071215,https://www.data.go.kr/data/15071215/fileData.do
제주특별자치도,제주시,기타류,캠핑용 텐트,모든 규격,4500,2026-06-25,15071215,https://www.data.go.kr/data/15071215/fileData.do
제주특별자치도,제주시,기타류,커튼봉,1m 당,1000,2026-06-25,15071215,https://www.data.go.kr/data/15071215/fileData.do
제주특별자치도,제주시,기타류,컨테이너(감귤),모든 규격,3000,2026-06-25,15071215,https://www.data.go.kr/data/15071215/fileData.do
제주특별자치도,제주시,기타류,크리스마스트리,모든 규격,4500,2026-06-25,15071215,https://www.data.go.kr/data/15071215/fileData.do
제주특별자치도,제주시,기타류,타이어(휠 제외),지름 110 이상,10000,2026-06-25,15071215,https://www.data.go.kr/data/15071215/fileData.do
제주특별자치도,제주시,기타류,타이어(휠 제외),지름 60cm 미만,3000,2026-06-25,15071215,https://www.data.go.kr/data/15071215/fileData.do
제주특별자치도,제주시,기타류,타이어(휠 제외),지름 60~100cm 미만,5000,2026-06-25,15071215,https://www.data.go.kr/data/15071215/fileData.do
제주특별자치도,제주시,기타류,탁구대,모든 규격,7000,2026-06-25,15071215,https://www.data.go.kr/data/15071215/fileData.do
제주특별자치도,제주시,기타류,파라솔,살대 1m 미만,3000,2026-06-25,15071215,https://www.data.go.kr/data/15071215/fileData.do
제주특별자치도,제주시,기타류,파라솔,살대 1m 이상,10000,2026-06-25,15071215,https://www.data.go.kr/data/15071215/fileData.do
제주특별자치도,제주시,기타류,팔레트,모든 규격,5000,2026-06-25,15071215,https://www.data.go.kr/data/15071215/fileData.do
제주특별자치도,제주시,기타류,퍼즐매트(폼블럭),40cm이내 10개 묶음,3000,2026-06-25,15071215,https://www.data.go.kr/data/15071215/fileData.do
제주특별자치도,제주시,기타류,평상,2m×2m 미만,15000,2026-06-25,15071215,https://www.data.go.kr/data/15071215/fileData.do
제주특별자치도,제주시,기타류,평상,2m×2m 이상,20000,2026-06-25,15071215,https://www.data.go.kr/data/15071215/fileData.do
제주특별자치도,제주시,기타류,합판,50cm×50cm당,2000,2026-06-25,15071215,https://www.data.go.kr/data/15071215/fileData.do
제주특별자치도,제주시,기타류,화분,지름 50cm 미만,1000,2026-06-25,15071215,https://www.data.go.kr/data/15071215/fileData.do
제주특별자치도,제주시,기타류,화분,지름 50cm 이상,2000,2026-06-25,15071215,https://www.data.go.kr/data/15071215/fileData.do
제주특별자치도,제주시,기타류,환풍기,모든규격,3000,2026-06-25,15071215,https://www.data.go.kr/data/15071215/fileData.do
제주특별자치도,제주시,기타류,흔들그네,정원용,10000,2026-06-25,15071215,https://www.data.go.kr/data/15071215/fileData.do
충청남도,보령시,가구류,거실장,높이 또는 폭(큰수) 1.5미터 미만,3000,,15099142,https://www.data.go.kr/data/15099142/fileData.do
충청남도,보령시,가구류,거실장,높이 또는 폭(큰수) 1.5미터 이상,5000,,15099142,https://www.data.go.kr/data/15099142/fileData.do
충청남도,보령시,가구류,거실장,높이 또는 폭(큰수) 2미터 이상,7000,,15099142,https://www.data.go.kr/data/15099142/fileData.do
충청남도,보령시,가구류,교자상,모든 규격,2000,,15099142,https://www.data.go.kr/data/15099142/fileData.do
충청남도,보령시,가구류,대리석 식탁 및 탁자,4인용 미만,10000,,15099142,https://www.data.go.kr/data/15099142/fileData.do
충청남도,보령시,가구류,대리석 식탁 및 탁자,4인용 이상,15000,,15099142,https://www.data.go.kr/data/15099142/fileData.do
충청남도,보령시,가구류,돌 침대,모든 규격,20000,,15099142,https://www.data.go.kr/data/15099142/fileData.do
충청남도,보령시,가구류,문짝,창문,2000,,15099142,https://www.data.go.kr/data/15099142/fileData.do
충청남도,보령시,가구류,문짝,현관문,5000,,15099142,https://www.data.go.kr/data/15099142/fileData.do
충청남도,보령시,가구류,비키니(bikini) 옷장,모든 규격,2000,,15099142,https://www.data.go.kr/data/15099142/fileData.do
충청남도,보령시,가구류,서랍장,높이 또는 폭(큰수) 1.5미터 미만,2000,,15099142,https://www.data.go.kr/data/15099142/fileData.do
충청남도,보령시,가구류,서랍장,높이 또는 폭(큰수) 1.5미터 이상,4000,,15099142,https://www.data.go.kr/data/15099142/fileData.do
충청남도,보령시,가구류,서랍장,높이 또는 폭(큰수) 2미터 이상,6000,,15099142,https://www.data.go.kr/data/15099142/fileData.do
충청남도,보령시,가구류,소파,1인용,3000,,15099142,https://www.data.go.kr/data/15099142/fileData.do
충청남도,보령시,가구류,소파,2인용,4000,,15099142,https://www.data.go.kr/data/15099142/fileData.do
충청남도,보령시,가구류,소파,3인용,5000,,15099142,https://www.data.go.kr/data/15099142/fileData.do
충청남도,보령시,가구류,소파,4인용,6000,,15099142,https://www.data.go.kr/data/15099142/fileData.do
충청남도,보령시,가구류,소파,6인용,8000,,15099142,https://www.data.go.kr/data/15099142/fileData.do
충청남도,보령시,가구류,소파,유아용,1000,,15099142,https://www.data.go.kr/data/15099142/fileData.do
충청남도,보령시,가구류,식탁,4인용 미만,4000,,15099142,https://www.data.go.kr/data/15099142/fileData.do
충청남도,보령시,가구류,식탁,4인용 이상,5000,,15099142,https://www.data.go.kr/data/15099142/fileData.do
충청남도,보령시,가구류,신발장,높이 또는 폭(큰수) 1.5미터 미만,3000,,15099142,https://www.data.go.kr/data/15099142/fileData.do
충청남도,보령시,가구류,신발장,높이 또는 폭(큰수) 1.5미터 이상,5000,,15099142,https://www.data.go.kr/data/15099142/fileData.do
충청남도,보령시,가구류,신발장,높이 또는 폭(큰수) 2미터 이상,7000,,15099142,https://www.data.go.kr/data/15099142/fileData.do
충청남도,보령시,가구류,어린이 옷장,1쪽당,8000,,15099142,https://www.data.go.kr/data/15099142/fileData.do
충청남도,보령시,가구류,응접탁자,모든 규격,4000,,15099142,https://www.data.go.kr/data/15099142/fileData.do
충청남도,보령시,가구류,의자,사무용의자,3000,,15099142,https://www.data.go.kr/data/15099142/fileData.do
충청남도,보령시,가구류,의자,유아용 식탁의자,2000,,15099142,https://www.data.go.kr/data/15099142/fileData.do
충청남도,보령시,가구류,의자,장의자(2인),3000,,15099142,https://www.data.go.kr/data/15099142/fileData.do
충청남도,보령시,가구류,의자,장의자(3인 이상),5000,,15099142,https://www.data.go.kr/data/15099142/fileData.do
충청남도,보령시,가구류,의자,접의자,2000,,15099142,https://www.data.go.kr/data/15099142/fileData.do
충청남도,보령시,가구류,입식 옷걸이,모든 규격,1000,,15099142,https://www.data.go.kr/data/15099142/fileData.do
충청남도,보령시,가구류,장롱,120센치미터 미만 1쪽당,10000,,15099142,https://www.data.go.kr/data/15099142/fileData.do
충청남도,보령시,가구류,장롱,120센치미터 이상 1쪽당,15000,,15099142,https://www.data.go.kr/data/15099142/fileData.do
충청남도,보령시,가구류,장식대,모든 규격,4000,,15099142,https://www.data.go.kr/data/15099142/fileData.do
충청남도,보령시,가구류,진열장,높이 또는 폭(큰수) 1.5미터 미만,3000,,15099142,https://www.data.go.kr/data/15099142/fileData.do
충청남도,보령시,가구류,진열장,높이 또는 폭(큰수) 1.5미터 이상,5000,,15099142,https://www.data.go.kr/data/15099142/fileData.do
충청남도,보령시,가구류,진열장,높이 또는 폭(큰수) 2미터 이상,7000,,15099142,https://www.data.go.kr/data/15099142/fileData.do
충청남도,보령시,가구류,책꽂이,모든 규격,3000,,15099142,https://www.data.go.kr/data/15099142/fileData.do
충청남도,보령시,가구류,책상,양수 및 대형,5000,,15099142,https://www.data.go.kr/data/15099142/fileData.do
충청남도,보령시,가구류,책상,편수 및 소형,4000,,15099142,https://www.data.go.kr/data/15099142/fileData.do
충청남도,보령시,가구류,책장,높이 또는 폭(큰수) 1.5미터 미만,3000,,15099142,https://www.data.go.kr/data/15099142/fileData.do
충청남도,보령시,가구류,책장,높이 또는 폭(큰수) 1.5미터 이상,5000,,15099142,https://www.data.go.kr/data/15099142/fileData.do
충청남도,보령시,가구류,책장,높이 또는 폭(큰수) 2미터 이상,7000,,15099142,https://www.data.go.kr/data/15099142/fileData.do
충청남도,보령시,가구류,침대 매트리스,1인용,5000,,15099142,https://www.data.go.kr/data/15099142/fileData.do
충청남도,보령시,가구류,침대 매트리스,2인용 이상,8000,,15099142,https://www.data.go.kr/data/15099142/fileData.do
충청남도,보령시,가구류,침대 받침대,1인용,5000,,15099142,https://www.data.go.kr/data/15099142/fileData.do
충청남도,보령시,가구류,침대 받침대,2인용 이상,8000,,15099142,https://www.data.go.kr/data/15099142/fileData.do
충청남도,보령시,가구류,캐비닛,모든 규격,3000,,15099142,https://www.data.go.kr/data/15099142/fileData.do
충청남도,보령시,가구류,토퍼 매트리스(접이식포함),1인용,3000,,15099142,https://www.data.go.kr/data/15099142/fileData.do
충청남도,보령시,가구류,토퍼 매트리스(접이식포함),2인용,5000,,15099142,https://www.data.go.kr/data/15099142/fileData.do
충청남도,보령시,가구류,화장대,거울 미포함,3000,,15099142,https://www.data.go.kr/data/15099142/fileData.do
충청남도,보령시,가구류,화장대,거울 포함,5000,,15099142,https://www.data.go.kr/data/15099142/fileData.do
충청남도,보령시,가전제품,가스레인지,모든 규격,2000,,15099142,https://www.data.go.kr/data/15099142/fileData.do
충청남도,보령시,가전제품,가스오븐레인지,1m 미만,2000,,15099142,https://www.data.go.kr/data/15099142/fileData.do
충청남도,보령시,가전제품,가스오븐레인지,1m 이상,4000,,15099142,https://www.data.go.kr/data/15099142/fileData.do
충청남도,보령시,가전제품,가습기,모든 규격,2000,,15099142,https://www.data.go.kr/data/15099142/fileData.do
충청남도,보령시,가전제품,가습기,모든 규격,2000,,15099142,https://www.data.go.kr/data/15099142/fileData.do
충청남도,보령시,가전제품,공기청정기,높이 1미터 미만,3000,,15099142,https://www.data.go.kr/data/15099142/fileData.do
충청남도,보령시,가전제품,공기청정기,높이 1미터 이상,5000,,15099142,https://www.data.go.kr/data/15099142/fileData.do
충청남도,보령시,가전제품,기타 소형가전,모든 규격,2000,,15099142,https://www.data.go.kr/data/15099142/fileData.do
충청남도,보령시,가전제품,난로,모든 규격,2000,,15099142,https://www.data.go.kr/data/15099142/fileData.do
충청남도,보령시,가전제품,냉장고,300리터 미만,4000,,15099142,https://www.data.go.kr/data/15099142/fileData.do
충청남도,보령시,가전제품,냉장고,300리터 이상,6000,,15099142,https://www.data.go.kr/data/15099142/fileData.do
충청남도,보령시,가전제품,냉장고,500리터 이상,8000,,15099142,https://www.data.go.kr/data/15099142/fileData.do
충청남도,보령시,가전제품,냉장고,업소용,15000,,15099142,https://www.data.go.kr/data/15099142/fileData.do
충청남도,보령시,가전제품,다리미,모든 규격,1000,,15099142,https://www.data.go.kr/data/15099142/fileData.do
충청남도,보령시,가전제품,러닝머신,모든 규격,10000,,15099142,https://www.data.go.kr/data/15099142/fileData.do
충청남도,보령시,가전제품,발 마사지기,모든 규격,2000,,15099142,https://www.data.go.kr/data/15099142/fileData.do
충청남도,보령시,가전제품,복사기,모든 규격,10000,,15099142,https://www.data.go.kr/data/15099142/fileData.do
충청남도,보령시,가전제품,비데,모든 규격,3000,,15099142,https://www.data.go.kr/data/15099142/fileData.do
충청남도,보령시,가전제품,비디오,모든 규격,2000,,15099142,https://www.data.go.kr/data/15099142/fileData.do
충청남도,보령시,가전제품,선풍기,가정용,2000,,15099142,https://www.data.go.kr/data/15099142/fileData.do
충청남도,보령시,가전제품,선풍기,업소용,5000,,15099142,https://www.data.go.kr/data/15099142/fileData.do
충청남도,보령시,가전제품,세탁기,모든 규격,4000,,15099142,https://www.data.go.kr/data/15099142/fileData.do
충청남도,보령시,가전제품,식기건조기,모든 규격,2000,,15099142,https://www.data.go.kr/data/15099142/fileData.do
충청남도,보령시,가전제품,안마의자,모든 규격,10000,,15099142,https://www.data.go.kr/data/15099142/fileData.do
충청남도,보령시,가전제품,에어컨,264제곱미터 이상,8000,,15099142,https://www.data.go.kr/data/15099142/fileData.do
충청남도,보령시,가전제품,에어컨,66제곱미터 미만,3000,,15099142,https://www.data.go.kr/data/15099142/fileData.do
충청남도,보령시,가전제품,에어컨,66제곱미터 이상 264제곱미터 미만,5000,,15099142,https://www.data.go.kr/data/15099142/fileData.do
충청남도,보령시,가전제품,온풍기,264제곱미터 이상,8000,,15099142,https://www.data.go.kr/data/15099142/fileData.do
충청남도,보령시,가전제품,온풍기,66제곱미터 미만,3000,,15099142,https://www.data.go.kr/data/15099142/fileData.do
충청남도,보령시,가전제품,온풍기,66제곱미터 이상 264제곱미터 미만,5000,,15099142,https://www.data.go.kr/data/15099142/fileData.do
충청남도,보령시,가전제품,전기밥솥,모든 규격,2000,,15099142,https://www.data.go.kr/data/15099142/fileData.do
충청남도,보령시,가전제품,전자레인지,모든 규격,2000,,15099142,https://www.data.go.kr/data/15099142/fileData.do
충청남도,보령시,가전제품,정수기,모든 규격,3000,,15099142,https://www.data.go.kr/data/15099142/fileData.do
충청남도,보령시,가전제품,청소기,가정용(10리터 미만),2000,,15099142,https://www.data.go.kr/data/15099142/fileData.do
충청남도,보령시,가전제품,청소기,업소용(10리터 이상),5000,,15099142,https://www.data.go.kr/data/15099142/fileData.do
충청남도,보령시,가전제품,컴퓨터,노트북,2000,,15099142,https://www.data.go.kr/data/15099142/fileData.do
충청남도,보령시,가전제품,컴퓨터,모니터,3000,,15099142,https://www.data.go.kr/data/15099142/fileData.do
충청남도,보령시,가전제품,컴퓨터,본체,3000,,15099142,https://www.data.go.kr/data/15099142/fileData.do
충청남도,보령시,가전제품,컴퓨터,키보드,1000,,15099142,https://www.data.go.kr/data/15099142/fileData.do
충청남도,보령시,가전제품,탈수기,모든 규격,3000,,15099142,https://www.data.go.kr/data/15099142/fileData.do
충청남도,보령시,가전제품,텔레비전,42인치 미만,3000,,15099142,https://www.data.go.kr/data/15099142/fileData.do
충청남도,보령시,가전제품,텔레비전,42인치 이상,5000,,15099142,https://www.data.go.kr/data/15099142/fileData.do
충청남도,보령시,가전제품,팩스밀리,모든 규격,2000,,15099142,https://www.data.go.kr/data/15099142/fileData.do
충청남도,보령시,가전제품,프린터,모든 규격,3000,,15099142,https://www.data.go.kr/data/15099142/fileData.do
충청남도,보령시,그 밖에 품목,간판,높이 또는 폭(큰수) 1m 미만,4000,,15099142,https://www.data.go.kr/data/15099142/fileData.do
충청남도,보령시,그 밖에 품목,간판,높이 또는 폭(큰수) 1m 이상,8000,,15099142,https://www.data.go.kr/data/15099142/fileData.do
충청남도,보령시,그 밖에 품목,거울(판유리),1미터당,2000,,15099142,https://www.data.go.kr/data/15099142/fileData.do
충청남도,보령시,그 밖에 품목,고무통,1제곱미터 미만,2000,,15099142,https://www.data.go.kr/data/15099142/fileData.do
충청남도,보령시,그 밖에 품목,고무통,1제곱미터 이상,4000,,15099142,https://www.data.go.kr/data/15099142/fileData.do
충청남도,보령시,그 밖에 품목,다리미판,모든 규격,1000,,15099142,https://www.data.go.kr/data/15099142/fileData.do
충청남도,보령시,그 밖에 품목,물탱크(저수조),1톤 용량당,8000,,15099142,https://www.data.go.kr/data/15099142/fileData.do
충청남도,보령시,그 밖에 품목,배기 후드,모든 규격,2000,,15099142,https://www.data.go.kr/data/15099142/fileData.do
충청남도,보령시,그 밖에 품목,벽시계,1제곱미터당,3000,,15099142,https://www.data.go.kr/data/15099142/fileData.do
충청남도,보령시,그 밖에 품목,벽시계,대각선 50센치미터 미만,1000,,15099142,https://www.data.go.kr/data/15099142/fileData.do
충청남도,보령시,그 밖에 품목,벽시계,대각선 50센치미터 이상,2000,,15099142,https://www.data.go.kr/data/15099142/fileData.do
충청남도,보령시,그 밖에 품목,벽시계,모든 규격,2000,,15099142,https://www.data.go.kr/data/15099142/fileData.do
충청남도,보령시,그 밖에 품목,변기통,모든 규격,5000,,15099142,https://www.data.go.kr/data/15099142/fileData.do
충청남도,보령시,그 밖에 품목,병풍,모든 규격,2000,,15099142,https://www.data.go.kr/data/15099142/fileData.do
충청남도,보령시,그 밖에 품목,보행기,모든 규격,2000,,15099142,https://www.data.go.kr/data/15099142/fileData.do
충청남도,보령시,그 밖에 품목,블라인드,길이 1.5m 미만 1개당,2000,,15099142,https://www.data.go.kr/data/15099142/fileData.do
충청남도,보령시,그 밖에 품목,블라인드,길이 1.5m 이상 1개당,3000,,15099142,https://www.data.go.kr/data/15099142/fileData.do
충청남도,보령시,그 밖에 품목,빨래건조대,모든 규격,2000,,15099142,https://www.data.go.kr/data/15099142/fileData.do
충청남도,보령시,그 밖에 품목,세면대,모든 규격,3000,,15099142,https://www.data.go.kr/data/15099142/fileData.do
충청남도,보령시,그 밖에 품목,소화기,3.3kg 미만,2000,,15099142,https://www.data.go.kr/data/15099142/fileData.do
충청남도,보령시,그 밖에 품목,소화기,3.3kg 이상,3000,,15099142,https://www.data.go.kr/data/15099142/fileData.do
충청남도,보령시,그 밖에 품목,솜이불,1장당,2000,,15099142,https://www.data.go.kr/data/15099142/fileData.do
충청남도,보령시,그 밖에 품목,수족관(어항),1세제곱미터 미만,3000,,15099142,https://www.data.go.kr/data/15099142/fileData.do
충청남도,보령시,그 밖에 품목,수족관(어항),1세제곱미터 이상,5000,,15099142,https://www.data.go.kr/data/15099142/fileData.do
충청남도,보령시,그 밖에 품목,싱크대,1쪽(60센치미터)당,3000,,15099142,https://www.data.go.kr/data/15099142/fileData.do
충청남도,보령시,그 밖에 품목,쌀통,모든 규격,2000,,15099142,https://www.data.go.kr/data/15099142/fileData.do
충청남도,보령시,그 밖에 품목,아이스박스,모든 규격,2000,,15099142,https://www.data.go.kr/data/15099142/fileData.do
충청남도,보령시,그 밖에 품목,액자,1제곱미터당,3000,,15099142,https://www.data.go.kr/data/15099142/fileData.do
충청남도,보령시,그 밖에 품목,액자,대각선 50센치미터 미만,1000,,15099142,https://www.data.go.kr/data/15099142/fileData.do
충청남도,보령시,그 밖에 품목,액자,대각선 50센치미터 이상,2000,,15099142,https://www.data.go.kr/data/15099142/fileData.do
충청남도,보령시,그 밖에 품목,에어풍선,모든 규격,3000,,15099142,https://www.data.go.kr/data/15099142/fileData.do
충청남도,보령시,그 밖에 품목,여행용가방,모든 규격,2000,,15099142,https://www.data.go.kr/data/15099142/fileData.do
충청남도,보령시,그 밖에 품목,옥매트(자석요),1인용,2000,,15099142,https://www.data.go.kr/data/15099142/fileData.do
충청남도,보령시,그 밖에 품목,옥매트(자석요),2인용,4000,,15099142,https://www.data.go.kr/data/15099142/fileData.do
충청남도,보령시,그 밖에 품목,욕조,모든 규격,5000,,15099142,https://www.data.go.kr/data/15099142/fileData.do
충청남도,보령시,그 밖에 품목,운동기구,가정용,5000,,15099142,https://www.data.go.kr/data/15099142/fileData.do
충청남도,보령시,그 밖에 품목,운동기구,소형(50cm 미만),3000,,15099142,https://www.data.go.kr/data/15099142/fileData.do
충청남도,보령시,그 밖에 품목,운동기구,업소용,8000,,15099142,https://www.data.go.kr/data/15099142/fileData.do
충청남도,보령시,그 밖에 품목,유모차,모든 규격,2000,,15099142,https://www.data.go.kr/data/15099142/fileData.do
충청남도,보령시,그 밖에 품목,인형 및 장난감류,대형(미끄럼틀 등),3000,,15099142,https://www.data.go.kr/data/15099142/fileData.do
충청남도,보령시,그 밖에 품목,인형 및 장난감류,소형,1000,,15099142,https://www.data.go.kr/data/15099142/fileData.do
충청남도,보령시,그 밖에 품목,자전거,모든 규격,5000,,15099142,https://www.data.go.kr/data/15099142/fileData.do
충청남도,보령시,그 밖에 품목,장판,5미터당,2000,,15099142,https://www.data.go.kr/data/15099142/fileData.do
충청남도,보령시,그 밖에 품목,재봉틀,가종용(탁상없음),3000,,15099142,https://www.data.go.kr/data/15099142/fileData.do
충청남도,보령시,그 밖에 품목,재봉틀,업소용(탁상일체형),4000,,15099142,https://www.data.go.kr/data/15099142/fileData.do
충청남도,보령시,그 밖에 품목,칠판,높이 또는 폭(큰수) 1.5m 미만,2000,,15099142,https://www.data.go.kr/data/15099142/fileData.do
충청남도,보령시,그 밖에 품목,칠판,높이 또는 폭(큰수) 1.5m 이상,3000,,15099142,https://www.data.go.kr/data/15099142/fileData.do
충청남도,보령시,그 밖에 품목,칠판,높이 또는 폭(큰수) 3m 이상,6000,,15099142,https://www.data.go.kr/data/15099142/fileData.do
충청남도,보령시,그 밖에 품목,카시트,모든 규격,2000,,15099142,https://www.data.go.kr/data/15099142/fileData.do
충청남도,보령시,그 밖에 품목,카펫,5미터당,2000,,15099142,https://www.data.go.kr/data/15099142/fileData.do
충청남도,보령시,그 밖에 품목,칸막이,120㎝(대각선 기준) 미만,3000,,15099142,https://www.data.go.kr/data/15099142/fileData.do
충청남도,보령시,그 밖에 품목,칸막이,120㎝(대각선 기준) 이상,4000,,15099142,https://www.data.go.kr/data/15099142/fileData.do
충청남도,보령시,그 밖에 품목,캣타워,높이 또는 폭(큰수) 1.5미터 미만,2000,,15099142,https://www.data.go.kr/data/15099142/fileData.do
충청남도,보령시,그 밖에 품목,캣타워,높이 또는 폭(큰수) 1.5미터 이상,3000,,15099142,https://www.data.go.kr/data/15099142/fileData.do
충청남도,보령시,그 밖에 품목,킥보드,모든 규격,2000,,15099142,https://www.data.go.kr/data/15099142/fileData.do
충청남도,보령시,그 밖에 품목,타이어,모든 규격,3000,,15099142,https://www.data.go.kr/data/15099142/fileData.do
충청남도,보령시,그 밖에 품목,텐트,10kg당,1000,,15099142,https://www.data.go.kr/data/15099142/fileData.do
충청남도,보령시,그 밖에 품목,파라솔,모든 규격,3000,,15099142,https://www.data.go.kr/data/15099142/fileData.do
충청남도,보령시,그 밖에 품목,피아노,그랜드(grand),15000,,15099142,https://www.data.go.kr/data/15099142/fileData.do
충청남도,보령시,그 밖에 품목,피아노,업라이트(upright),10000,,15099142,https://www.data.go.kr/data/15099142/fileData.do
충청남도,보령시,그 밖에 품목,합판 책상상판,높이 또는 폭(큰수) 1.5m 미만,2000,,15099142,https://www.data.go.kr/data/15099142/fileData.do
충청남도,보령시,그 밖에 품목,합판 책상상판,높이 또는 폭(큰수) 1.5m 이상,3000,,15099142,https://www.data.go.kr/data/15099142/fileData.do
충청남도,보령시,그 밖에 품목,항아리,대형,4000,,15099142,https://www.data.go.kr/data/15099142/fileData.do
충청남도,보령시,그 밖에 품목,항아리,소형,2000,,15099142,https://www.data.go.kr/data/15099142/fileData.do
충청남도,보령시,그 밖에 품목,항아리,중형,3000,,15099142,https://www.data.go.kr/data/15099142/fileData.do
충청남도,보령시,그 밖에 품목,화분,높이 50㎝ 미만,1000,,15099142,https://www.data.go.kr/data/15099142/fileData.do
충청남도,보령시,그 밖에 품목,화분,높이 50㎝ 이상,2000,,15099142,https://www.data.go.kr/data/15099142/fileData.do
충청남도,보령시,그 밖에 품목,휠체어,모든 규격,2000,,15099142,https://www.data.go.kr/data/15099142/fileData.do
충청남도,부여군,,가스레인지,휴대용,2000,2025-11-30,3046045,https://www.data.go.kr/data/3046045/fileData.do
충청남도,부여군,,가스레인지,휴대용외,3000,2025-11-30,3046045,https://www.data.go.kr/data/3046045/fileData.do
충청남도,부여군,,가스오븐렌지,높이1m미만,3000,2025-11-30,3046045,https://www.data.go.kr/data/3046045/fileData.do
충청남도,부여군,,가스오븐렌지,높이1m이상,5000,2025-11-30,3046045,https://www.data.go.kr/data/3046045/fileData.do
충청남도,부여군,,가스히터,모든규격,5000,2025-11-30,3046045,https://www.data.go.kr/data/3046045/fileData.do
충청남도,부여군,,가습기,모든규격,2000,2025-11-30,3046045,https://www.data.go.kr/data/3046045/fileData.do
충청남도,부여군,,가정배출소량폐물,40kg 기준,4000,2025-11-30,3046045,https://www.data.go.kr/data/3046045/fileData.do
충청남도,부여군,,간이화장실,상단,10000,2025-11-30,3046045,https://www.data.go.kr/data/3046045/fileData.do
충청남도,부여군,,간이화장실,하단,15000,2025-11-30,3046045,https://www.data.go.kr/data/3046045/fileData.do
충청남도,부여군,,간판,긴면1m 미만,5000,2025-11-30,3046045,https://www.data.go.kr/data/3046045/fileData.do
충청남도,부여군,,간판,긴면1m이상2m미만,8000,2025-11-30,3046045,https://www.data.go.kr/data/3046045/fileData.do
충청남도,부여군,,간판,긴면2m이상3m미만,10000,2025-11-30,3046045,https://www.data.go.kr/data/3046045/fileData.do
충청남도,부여군,,간판,긴면3m이상,15000,2025-11-30,3046045,https://www.data.go.kr/data/3046045/fileData.do
충청남도,부여군,,거실등류,1m미만,2000,2025-11-30,3046045,https://www.data.go.kr/data/3046045/fileData.do
충청남도,부여군,,거실등류,1m이상,5000,2025-11-30,3046045,https://www.data.go.kr/data/3046045/fileData.do
충청남도,부여군,,"골프백,캐리어",대형,5000,2025-11-30,3046045,https://www.data.go.kr/data/3046045/fileData.do
충청남도,부여군,,"골프백,캐리어",소형,2000,2025-11-30,3046045,https://www.data.go.kr/data/3046045/fileData.do
충청남도,부여군,,"골프백,캐리어",중형,3000,2025-11-30,3046045,https://www.data.go.kr/data/3046045/fileData.do
충청남도,부여군,,골프채,10개미만,3000,2025-11-30,3046045,https://www.data.go.kr/data/3046045/fileData.do
충청남도,부여군,,골프채,10개이상,5000,2025-11-30,3046045,https://www.data.go.kr/data/3046045/fileData.do
충청남도,부여군,,골프채,5개미만,2000,2025-11-30,3046045,https://www.data.go.kr/data/3046045/fileData.do
충청남도,부여군,,공기청정기,모든규격,3000,2025-11-30,3046045,https://www.data.go.kr/data/3046045/fileData.do
충청남도,부여군,,"교자상,밥상",가로세로1m미만,2000,2025-11-30,3046045,https://www.data.go.kr/data/3046045/fileData.do
충청남도,부여군,,"교자상,밥상",가로세로1m이상,5000,2025-11-30,3046045,https://www.data.go.kr/data/3046045/fileData.do
충청남도,부여군,,나무묶음,직경 40cm,2000,2025-11-30,3046045,https://www.data.go.kr/data/3046045/fileData.do
충청남도,부여군,,냉온수기,모든규격,5000,2025-11-30,3046045,https://www.data.go.kr/data/3046045/fileData.do
충청남도,부여군,,냉장고,300리터 이하,5000,2025-11-30,3046045,https://www.data.go.kr/data/3046045/fileData.do
충청남도,부여군,,냉장고,600리터이하,8000,2025-11-30,3046045,https://www.data.go.kr/data/3046045/fileData.do
충청남도,부여군,,냉장고,900리터 이하,10000,2025-11-30,3046045,https://www.data.go.kr/data/3046045/fileData.do
충청남도,부여군,,냉장고,업소용,15000,2025-11-30,3046045,https://www.data.go.kr/data/3046045/fileData.do
충청남도,부여군,,노트북,모든규격,3000,2025-11-30,3046045,https://www.data.go.kr/data/3046045/fileData.do
충청남도,부여군,,녹즙기,모든규격,2000,2025-11-30,3046045,https://www.data.go.kr/data/3046045/fileData.do
충청남도,부여군,,다리미,모든규격,2000,2025-11-30,3046045,https://www.data.go.kr/data/3046045/fileData.do
충청남도,부여군,,다림이판,모든규격,2000,2025-11-30,3046045,https://www.data.go.kr/data/3046045/fileData.do
충청남도,부여군,,도마,모든규격,2000,2025-11-30,3046045,https://www.data.go.kr/data/3046045/fileData.do
충청남도,부여군,,도배지,10kg기준,2000,2025-11-30,3046045,https://www.data.go.kr/data/3046045/fileData.do
충청남도,부여군,,돌침대,모든규격,15000,2025-11-30,3046045,https://www.data.go.kr/data/3046045/fileData.do
충청남도,부여군,,돗자리,모든규격,2000,2025-11-30,3046045,https://www.data.go.kr/data/3046045/fileData.do
충청남도,부여군,,런닝머신,모든규격,8000,2025-11-30,3046045,https://www.data.go.kr/data/3046045/fileData.do
충청남도,부여군,,목마,모든규격,2000,2025-11-30,3046045,https://www.data.go.kr/data/3046045/fileData.do
충청남도,부여군,,문갑,모든규격,5000,2025-11-30,3046045,https://www.data.go.kr/data/3046045/fileData.do
충청남도,부여군,,문짝,"나무,유리",8000,2025-11-30,3046045,https://www.data.go.kr/data/3046045/fileData.do
충청남도,부여군,,문짝,창문,3000,2025-11-30,3046045,https://www.data.go.kr/data/3046045/fileData.do
충청남도,부여군,,물탱크 (저수조),500리터당,5000,2025-11-30,3046045,https://www.data.go.kr/data/3046045/fileData.do
충청남도,부여군,,미싱,모든규격,2000,2025-11-30,3046045,https://www.data.go.kr/data/3046045/fileData.do
충청남도,부여군,,믹서기,모든규격,2000,2025-11-30,3046045,https://www.data.go.kr/data/3046045/fileData.do
충청남도,부여군,,벽시계,대형,5000,2025-11-30,3046045,https://www.data.go.kr/data/3046045/fileData.do
충청남도,부여군,,벽시계,소형,2000,2025-11-30,3046045,https://www.data.go.kr/data/3046045/fileData.do
충청남도,부여군,,벽시계,중형,3000,2025-11-30,3046045,https://www.data.go.kr/data/3046045/fileData.do
충청남도,부여군,,변기,양변기,10000,2025-11-30,3046045,https://www.data.go.kr/data/3046045/fileData.do
충청남도,부여군,,변기,좌변기(소형),5000,2025-11-30,3046045,https://www.data.go.kr/data/3046045/fileData.do
충청남도,부여군,,병풍,모든규격,3000,2025-11-30,3046045,https://www.data.go.kr/data/3046045/fileData.do
충청남도,부여군,,"보드판,칠판",1m미만,2000,2025-11-30,3046045,https://www.data.go.kr/data/3046045/fileData.do
충청남도,부여군,,"보드판,칠판",1~2m,3000,2025-11-30,3046045,https://www.data.go.kr/data/3046045/fileData.do
충청남도,부여군,,"보드판,칠판",2m이상,5000,2025-11-30,3046045,https://www.data.go.kr/data/3046045/fileData.do
충청남도,부여군,,보일러,66㎡미만,5000,2025-11-30,3046045,https://www.data.go.kr/data/3046045/fileData.do
충청남도,부여군,,보일러,66㎡이상,10000,2025-11-30,3046045,https://www.data.go.kr/data/3046045/fileData.do
충청남도,부여군,,보일러기름탱크,모든규격,8000,2025-11-30,3046045,https://www.data.go.kr/data/3046045/fileData.do
충청남도,부여군,,보행기,모든규격,2000,2025-11-30,3046045,https://www.data.go.kr/data/3046045/fileData.do
충청남도,부여군,,복사기,모든규격,10000,2025-11-30,3046045,https://www.data.go.kr/data/3046045/fileData.do
충청남도,부여군,,블라인드,개당,2000,2025-11-30,3046045,https://www.data.go.kr/data/3046045/fileData.do
충청남도,부여군,,비디오플레이어,,2000,2025-11-30,3046045,https://www.data.go.kr/data/3046045/fileData.do
충청남도,부여군,,비키니옷장,모든규격,3000,2025-11-30,3046045,https://www.data.go.kr/data/3046045/fileData.do
충청남도,부여군,,빙수기,모든규격,2000,2025-11-30,3046045,https://www.data.go.kr/data/3046045/fileData.do
충청남도,부여군,,빨래건조대,모든규격,2000,2025-11-30,3046045,https://www.data.go.kr/data/3046045/fileData.do
충청남도,부여군,,사물함,모든규격,5000,2025-11-30,3046045,https://www.data.go.kr/data/3046045/fileData.do
충청남도,부여군,,서랍장,3단이하,2000,2025-11-30,3046045,https://www.data.go.kr/data/3046045/fileData.do
충청남도,부여군,,서랍장,4단이상,5000,2025-11-30,3046045,https://www.data.go.kr/data/3046045/fileData.do
충청남도,부여군,,석유난로,모든규격,2000,2025-11-30,3046045,https://www.data.go.kr/data/3046045/fileData.do
충청남도,부여군,,선풍기,가정용,5000,2025-11-30,3046045,https://www.data.go.kr/data/3046045/fileData.do
충청남도,부여군,,선풍기,사업장용,8000,2025-11-30,3046045,https://www.data.go.kr/data/3046045/fileData.do
충청남도,부여군,,세단기,모든규격,5000,2025-11-30,3046045,https://www.data.go.kr/data/3046045/fileData.do
충청남도,부여군,,세면기,모든규격,3000,2025-11-30,3046045,https://www.data.go.kr/data/3046045/fileData.do
충청남도,부여군,,세탁기,가정용,5000,2025-11-30,3046045,https://www.data.go.kr/data/3046045/fileData.do
충청남도,부여군,,세탁기,사업장용,8000,2025-11-30,3046045,https://www.data.go.kr/data/3046045/fileData.do
충청남도,부여군,,쇼파,2인이하,3000,2025-11-30,3046045,https://www.data.go.kr/data/3046045/fileData.do
충청남도,부여군,,쇼파,3인이상,5000,2025-11-30,3046045,https://www.data.go.kr/data/3046045/fileData.do
충청남도,부여군,,수도호수,10m미만,2000,2025-11-30,3046045,https://www.data.go.kr/data/3046045/fileData.do
충청남도,부여군,,수도호수,10m이상,3000,2025-11-30,3046045,https://www.data.go.kr/data/3046045/fileData.do
충청남도,부여군,,수족관,120cm미만,5000,2025-11-30,3046045,https://www.data.go.kr/data/3046045/fileData.do
충청남도,부여군,,수족관,120cm이상,8000,2025-11-30,3046045,https://www.data.go.kr/data/3046045/fileData.do
충청남도,부여군,,수족관,90cm미만,3000,2025-11-30,3046045,https://www.data.go.kr/data/3046045/fileData.do
충청남도,부여군,,"스키,보드",모든규격,2000,2025-11-30,3046045,https://www.data.go.kr/data/3046045/fileData.do
충청남도,부여군,,스탠드,모든규격,2000,2025-11-30,3046045,https://www.data.go.kr/data/3046045/fileData.do
충청남도,부여군,,스피커,모든규격,2000,2025-11-30,3046045,https://www.data.go.kr/data/3046045/fileData.do
충청남도,부여군,,식기건조기,업소용,8000,2025-11-30,3046045,https://www.data.go.kr/data/3046045/fileData.do
충청남도,부여군,,식기건조지,가정용,3000,2025-11-30,3046045,https://www.data.go.kr/data/3046045/fileData.do
충청남도,부여군,,식기세척기,가정용,5000,2025-11-30,3046045,https://www.data.go.kr/data/3046045/fileData.do
충청남도,부여군,,식기세척기,업소용,8000,2025-11-30,3046045,https://www.data.go.kr/data/3046045/fileData.do
충청남도,부여군,,식탁(테이블),2인용,3000,2025-11-30,3046045,https://www.data.go.kr/data/3046045/fileData.do
충청남도,부여군,,식탁(테이블),4인용,5000,2025-11-30,3046045,https://www.data.go.kr/data/3046045/fileData.do
충청남도,부여군,,식탁(테이블),4인용초과,8000,2025-11-30,3046045,https://www.data.go.kr/data/3046045/fileData.do
충청남도,부여군,,식탁(테이블),대리석4인용,10000,2025-11-30,3046045,https://www.data.go.kr/data/3046045/fileData.do
충청남도,부여군,,식탁(테이블),대리석4인용이상,15000,2025-11-30,3046045,https://www.data.go.kr/data/3046045/fileData.do
충청남도,부여군,,신발장,높이1m미만,2000,2025-11-30,3046045,https://www.data.go.kr/data/3046045/fileData.do
충청남도,부여군,,신발장,높이1m이상,5000,2025-11-30,3046045,https://www.data.go.kr/data/3046045/fileData.do
충청남도,부여군,,쌀통,모든규격,2000,2025-11-30,3046045,https://www.data.go.kr/data/3046045/fileData.do
충청남도,부여군,,쌀통,모든규격,2000,2025-11-30,3046045,https://www.data.go.kr/data/3046045/fileData.do
충청남도,부여군,,씽크대,120cm이하,5000,2025-11-30,3046045,https://www.data.go.kr/data/3046045/fileData.do
충청남도,부여군,,씽크대,60cm이하,3000,2025-11-30,3046045,https://www.data.go.kr/data/3046045/fileData.do
충청남도,부여군,,아이스박스,모든규격,2000,2025-11-30,3046045,https://www.data.go.kr/data/3046045/fileData.do
충청남도,부여군,,안마의자,모든규격,10000,2025-11-30,3046045,https://www.data.go.kr/data/3046045/fileData.do
충청남도,부여군,,액자,대형,5000,2025-11-30,3046045,https://www.data.go.kr/data/3046045/fileData.do
충청남도,부여군,,액자,소형,2000,2025-11-30,3046045,https://www.data.go.kr/data/3046045/fileData.do
충청남도,부여군,,액자,중형,3000,2025-11-30,3046045,https://www.data.go.kr/data/3046045/fileData.do
충청남도,부여군,,앰프,모든규격,5000,2025-11-30,3046045,https://www.data.go.kr/data/3046045/fileData.do
충청남도,부여군,,어항,1m미만,3000,2025-11-30,3046045,https://www.data.go.kr/data/3046045/fileData.do
충청남도,부여군,,어항,1m이상,5000,2025-11-30,3046045,https://www.data.go.kr/data/3046045/fileData.do
충청남도,부여군,,에어컨,82 m3 미만,8000,2025-11-30,3046045,https://www.data.go.kr/data/3046045/fileData.do
충청남도,부여군,,에어컨,82 m3 이상,10000,2025-11-30,3046045,https://www.data.go.kr/data/3046045/fileData.do
충청남도,부여군,,에어컨,걸이형,5000,2025-11-30,3046045,https://www.data.go.kr/data/3046045/fileData.do
충청남도,부여군,,오디오,대형,5000,2025-11-30,3046045,https://www.data.go.kr/data/3046045/fileData.do
충청남도,부여군,,오디오,소형,3000,2025-11-30,3046045,https://www.data.go.kr/data/3046045/fileData.do
충청남도,부여군,,옥매트,1인용,5000,2025-11-30,3046045,https://www.data.go.kr/data/3046045/fileData.do
충청남도,부여군,,옥매트,2인용,8000,2025-11-30,3046045,https://www.data.go.kr/data/3046045/fileData.do
충청남도,부여군,,온풍기,용량165m2이상,8000,2025-11-30,3046045,https://www.data.go.kr/data/3046045/fileData.do
충청남도,부여군,,온풍기,용량264m2이상,10000,2025-11-30,3046045,https://www.data.go.kr/data/3046045/fileData.do
충청남도,부여군,,온풍기,용량66m2미만,3000,2025-11-30,3046045,https://www.data.go.kr/data/3046045/fileData.do
충청남도,부여군,,온풍기,용량66m2이상,5000,2025-11-30,3046045,https://www.data.go.kr/data/3046045/fileData.do
충청남도,부여군,,올겐,모든규격,4000,2025-11-30,3046045,https://www.data.go.kr/data/3046045/fileData.do
충청남도,부여군,,옷걸이,모든규격,2000,2025-11-30,3046045,https://www.data.go.kr/data/3046045/fileData.do
충청남도,부여군,,옷장,목재성인용,8000,2025-11-30,3046045,https://www.data.go.kr/data/3046045/fileData.do
충청남도,부여군,,옷장,목재아동용,5000,2025-11-30,3046045,https://www.data.go.kr/data/3046045/fileData.do
충청남도,부여군,,욕조,모든규격,8000,2025-11-30,3046045,https://www.data.go.kr/data/3046045/fileData.do
충청남도,부여군,,"유리 (거울,판유리)",1m2당,2000,2025-11-30,3046045,https://www.data.go.kr/data/3046045/fileData.do
충청남도,부여군,,유모차,1인용,2000,2025-11-30,3046045,https://www.data.go.kr/data/3046045/fileData.do
충청남도,부여군,,유모차,2인용,3000,2025-11-30,3046045,https://www.data.go.kr/data/3046045/fileData.do
충청남도,부여군,,의자,모든규격,3000,2025-11-30,3046045,https://www.data.go.kr/data/3046045/fileData.do
충청남도,부여군,,"이불 (담요,솜이불)",장당,3000,2025-11-30,3046045,https://www.data.go.kr/data/3046045/fileData.do
충청남도,부여군,,자동판매기,가정용,5000,2025-11-30,3046045,https://www.data.go.kr/data/3046045/fileData.do
충청남도,부여군,,자동판매기,업소용,10000,2025-11-30,3046045,https://www.data.go.kr/data/3046045/fileData.do
충청남도,부여군,,자전거,모든규격,2000,2025-11-30,3046045,https://www.data.go.kr/data/3046045/fileData.do
충청남도,부여군,,장롱,90cm 미만,8000,2025-11-30,3046045,https://www.data.go.kr/data/3046045/fileData.do
충청남도,부여군,,장롱,폭120cm 이상,15000,2025-11-30,3046045,https://www.data.go.kr/data/3046045/fileData.do
충청남도,부여군,,장롱,폭90cm이상,10000,2025-11-30,3046045,https://www.data.go.kr/data/3046045/fileData.do
충청남도,부여군,,장식장,90cm 미만,5000,2025-11-30,3046045,https://www.data.go.kr/data/3046045/fileData.do
충청남도,부여군,,장식장,폭90cm이상,8000,2025-11-30,3046045,https://www.data.go.kr/data/3046045/fileData.do
충청남도,부여군,,장판,5m당,2000,2025-11-30,3046045,https://www.data.go.kr/data/3046045/fileData.do
충청남도,부여군,,재봉틀,모든규격,2000,2025-11-30,3046045,https://www.data.go.kr/data/3046045/fileData.do
충청남도,부여군,,전기밥솥,모든규격,2000,2025-11-30,3046045,https://www.data.go.kr/data/3046045/fileData.do
충청남도,부여군,,전기장판,1인용,3000,2025-11-30,3046045,https://www.data.go.kr/data/3046045/fileData.do
충청남도,부여군,,전기장판,2인용,5000,2025-11-30,3046045,https://www.data.go.kr/data/3046045/fileData.do
충청남도,부여군,,전기포트,모든규격,2000,2025-11-30,3046045,https://www.data.go.kr/data/3046045/fileData.do
충청남도,부여군,,전기히터,대형,5000,2025-11-30,3046045,https://www.data.go.kr/data/3046045/fileData.do
충청남도,부여군,,전기히터,소형,3000,2025-11-30,3046045,https://www.data.go.kr/data/3046045/fileData.do
충청남도,부여군,,전자레인지,모든규격,3000,2025-11-30,3046045,https://www.data.go.kr/data/3046045/fileData.do
충청남도,부여군,,전자피아노,모든규격,5000,2025-11-30,3046045,https://www.data.go.kr/data/3046045/fileData.do
충청남도,부여군,,전화기,모든규격,2000,2025-11-30,3046045,https://www.data.go.kr/data/3046045/fileData.do
충청남도,부여군,,정수기,모든규격,5000,2025-11-30,3046045,https://www.data.go.kr/data/3046045/fileData.do
충청남도,부여군,,진열장,90cm미만,5000,2025-11-30,3046045,https://www.data.go.kr/data/3046045/fileData.do
충청남도,부여군,,진열장,90cm이상,8000,2025-11-30,3046045,https://www.data.go.kr/data/3046045/fileData.do
충청남도,부여군,,찬장,모든규격,5000,2025-11-30,3046045,https://www.data.go.kr/data/3046045/fileData.do
충청남도,부여군,,책꽂이,1단,2000,2025-11-30,3046045,https://www.data.go.kr/data/3046045/fileData.do
충청남도,부여군,,책꽂이,2단이상,5000,2025-11-30,3046045,https://www.data.go.kr/data/3046045/fileData.do
충청남도,부여군,,책상,사무용,8000,2025-11-30,3046045,https://www.data.go.kr/data/3046045/fileData.do
충청남도,부여군,,책상,유아용,3000,2025-11-30,3046045,https://www.data.go.kr/data/3046045/fileData.do
충청남도,부여군,,책상,일반용,5000,2025-11-30,3046045,https://www.data.go.kr/data/3046045/fileData.do
충청남도,부여군,,청소기,가정용,3000,2025-11-30,3046045,https://www.data.go.kr/data/3046045/fileData.do
충청남도,부여군,,청소기,사업장용,5000,2025-11-30,3046045,https://www.data.go.kr/data/3046045/fileData.do
충청남도,부여군,,청소기,휴대용,2000,2025-11-30,3046045,https://www.data.go.kr/data/3046045/fileData.do
충청남도,부여군,,침구류,"베개,쿠션",2000,2025-11-30,3046045,https://www.data.go.kr/data/3046045/fileData.do
충청남도,부여군,,침구류,운동매트,5000,2025-11-30,3046045,https://www.data.go.kr/data/3046045/fileData.do
충청남도,부여군,,침구류,"이불,담요",3000,2025-11-30,3046045,https://www.data.go.kr/data/3046045/fileData.do
충청남도,부여군,,침대매트리스,1인용,10000,2025-11-30,3046045,https://www.data.go.kr/data/3046045/fileData.do
충청남도,부여군,,침대매트리스,2인용,15000,2025-11-30,3046045,https://www.data.go.kr/data/3046045/fileData.do
충청남도,부여군,,침대매트리스,유아용,5000,2025-11-30,3046045,https://www.data.go.kr/data/3046045/fileData.do
충청남도,부여군,,침대세트,1인용,10000,2025-11-30,3046045,https://www.data.go.kr/data/3046045/fileData.do
충청남도,부여군,,침대세트,2인용,15000,2025-11-30,3046045,https://www.data.go.kr/data/3046045/fileData.do
충청남도,부여군,,침대세트,유아용,8000,2025-11-30,3046045,https://www.data.go.kr/data/3046045/fileData.do
충청남도,부여군,,침대틀,1인용,5000,2025-11-30,3046045,https://www.data.go.kr/data/3046045/fileData.do
충청남도,부여군,,침대틀,2인용,8000,2025-11-30,3046045,https://www.data.go.kr/data/3046045/fileData.do
충청남도,부여군,,침대틀,유야용,3000,2025-11-30,3046045,https://www.data.go.kr/data/3046045/fileData.do
충청남도,부여군,,카시트,모든규격,2000,2025-11-30,3046045,https://www.data.go.kr/data/3046045/fileData.do
충청남도,부여군,,카페트,모든규격,3000,2025-11-30,3046045,https://www.data.go.kr/data/3046045/fileData.do
충청남도,부여군,,칸막이,대형,5000,2025-11-30,3046045,https://www.data.go.kr/data/3046045/fileData.do
충청남도,부여군,,칸막이,소형,2000,2025-11-30,3046045,https://www.data.go.kr/data/3046045/fileData.do
충청남도,부여군,,캐비닛,그외,5000,2025-11-30,3046045,https://www.data.go.kr/data/3046045/fileData.do
충청남도,부여군,,캐비닛,철재,3000,2025-11-30,3046045,https://www.data.go.kr/data/3046045/fileData.do
충청남도,부여군,,컴퓨터모니터,모든규격,3000,2025-11-30,3046045,https://www.data.go.kr/data/3046045/fileData.do
충청남도,부여군,,컴퓨터본체,모든규격,5000,2025-11-30,3046045,https://www.data.go.kr/data/3046045/fileData.do
충청남도,부여군,,컴퓨터키보드,모든규격,2000,2025-11-30,3046045,https://www.data.go.kr/data/3046045/fileData.do
충청남도,부여군,,타이어,"RV,JEEP",5000,2025-11-30,3046045,https://www.data.go.kr/data/3046045/fileData.do
충청남도,부여군,,타이어,대형차량,8000,2025-11-30,3046045,https://www.data.go.kr/data/3046045/fileData.do
충청남도,부여군,,타이어,승용차,3000,2025-11-30,3046045,https://www.data.go.kr/data/3046045/fileData.do
충청남도,부여군,,타이어,"자전거,오토바이",2000,2025-11-30,3046045,https://www.data.go.kr/data/3046045/fileData.do
충청남도,부여군,,탁구대,모든규격,8000,2025-11-30,3046045,https://www.data.go.kr/data/3046045/fileData.do
충청남도,부여군,,탁자,120cm미만,3000,2025-11-30,3046045,https://www.data.go.kr/data/3046045/fileData.do
충청남도,부여군,,탁자,120cm이상,5000,2025-11-30,3046045,https://www.data.go.kr/data/3046045/fileData.do
충청남도,부여군,,탈수기,가정용,3000,2025-11-30,3046045,https://www.data.go.kr/data/3046045/fileData.do
충청남도,부여군,,탈수기,사업장용,5000,2025-11-30,3046045,https://www.data.go.kr/data/3046045/fileData.do
충청남도,부여군,,탤레비전,42인치미만,5000,2025-11-30,3046045,https://www.data.go.kr/data/3046045/fileData.do
충청남도,부여군,,탤레비전,42인치이상,8000,2025-11-30,3046045,https://www.data.go.kr/data/3046045/fileData.do
충청남도,부여군,,팩스기기,모든규격,3000,2025-11-30,3046045,https://www.data.go.kr/data/3046045/fileData.do
충청남도,부여군,,프린터기,대형,3000,2025-11-30,3046045,https://www.data.go.kr/data/3046045/fileData.do
충청남도,부여군,,프린터기,소형,2000,2025-11-30,3046045,https://www.data.go.kr/data/3046045/fileData.do
충청남도,부여군,,피아노,모든규격,15000,2025-11-30,3046045,https://www.data.go.kr/data/3046045/fileData.do
충청남도,부여군,,항아리,대형,3000,2025-11-30,3046045,https://www.data.go.kr/data/3046045/fileData.do
충청남도,부여군,,항아리,소형,2000,2025-11-30,3046045,https://www.data.go.kr/data/3046045/fileData.do
충청남도,부여군,,화분,대형,3000,2025-11-30,3046045,https://www.data.go.kr/data/3046045/fileData.do
충청남도,부여군,,화분,소형,2000,2025-11-30,3046045,https://www.data.go.kr/data/3046045/fileData.do
충청남도,부여군,,화장대,모든규격,5000,2025-11-30,3046045,https://www.data.go.kr/data/3046045/fileData.do
충청남도,부여군,,환풍기,모든규격,2000,2025-11-30,3046045,https://www.data.go.kr/data/3046045/fileData.do
충청남도,부여군,,휠체어,모든규격,2000,2025-11-30,3046045,https://www.data.go.kr/data/3046045/fileData.do
충청남도,청양군,가구류,가방,가로 50cm 미만,2000,2025-11-14,15093694,https://www.data.go.kr/data/15093694/fileData.do
충청남도,청양군,가구류,가방,가로 50cm 이상,3000,2025-11-14,15093694,https://www.data.go.kr/data/15093694/fileData.do
충청남도,청양군,가구류,가방,골프가방,4000,2025-11-14,15093694,https://www.data.go.kr/data/15093694/fileData.do
충청남도,청양군,가구류,"거실장, 문갑",1쪽 당,5000,2025-11-14,15093694,https://www.data.go.kr/data/15093694/fileData.do
충청남도,청양군,가구류,돌침대,모든규격,23000,2025-11-14,15093694,https://www.data.go.kr/data/15093694/fileData.do
충청남도,청양군,가구류,매트리스,슈퍼싱글,13000,2025-11-14,15093694,https://www.data.go.kr/data/15093694/fileData.do
충청남도,청양군,가구류,매트리스,싱글,12000,2025-11-14,15093694,https://www.data.go.kr/data/15093694/fileData.do
충청남도,청양군,가구류,매트리스,퀸,15000,2025-11-14,15093694,https://www.data.go.kr/data/15093694/fileData.do
충청남도,청양군,가구류,매트리스,킹,20000,2025-11-14,15093694,https://www.data.go.kr/data/15093694/fileData.do
충청남도,청양군,가구류,밥상,4인 미만,3000,2025-11-14,15093694,https://www.data.go.kr/data/15093694/fileData.do
충청남도,청양군,가구류,밥상,4인 이상,4000,2025-11-14,15093694,https://www.data.go.kr/data/15093694/fileData.do
충청남도,청양군,가구류,비키니옷장,모든규격,4000,2025-11-14,15093694,https://www.data.go.kr/data/15093694/fileData.do
충청남도,청양군,가구류,서랍장,5단 미만,4000,2025-11-14,15093694,https://www.data.go.kr/data/15093694/fileData.do
충청남도,청양군,가구류,서랍장,5단 이상,7000,2025-11-14,15093694,https://www.data.go.kr/data/15093694/fileData.do
충청남도,청양군,가구류,소파,2인용 이하,3000,2025-11-14,15093694,https://www.data.go.kr/data/15093694/fileData.do
충청남도,청양군,가구류,소파,3인용,4000,2025-11-14,15093694,https://www.data.go.kr/data/15093694/fileData.do
충청남도,청양군,가구류,소파,4인용,6000,2025-11-14,15093694,https://www.data.go.kr/data/15093694/fileData.do
충청남도,청양군,가구류,소파,5인용 이상,9000,2025-11-14,15093694,https://www.data.go.kr/data/15093694/fileData.do
충청남도,청양군,가구류,식탁,4인용 미만,4000,2025-11-14,15093694,https://www.data.go.kr/data/15093694/fileData.do
충청남도,청양군,가구류,식탁,4인용 미만(대리석),7000,2025-11-14,15093694,https://www.data.go.kr/data/15093694/fileData.do
충청남도,청양군,가구류,식탁,4인용 이상,7000,2025-11-14,15093694,https://www.data.go.kr/data/15093694/fileData.do
충청남도,청양군,가구류,식탁,4인용 이상(대리석),10000,2025-11-14,15093694,https://www.data.go.kr/data/15093694/fileData.do
충청남도,청양군,가구류,신발장,높이 1m 미만,4000,2025-11-14,15093694,https://www.data.go.kr/data/15093694/fileData.do
충청남도,청양군,가구류,신발장,높이 1m 이상,5000,2025-11-14,15093694,https://www.data.go.kr/data/15093694/fileData.do
충청남도,청양군,가구류,싱크대,가스레인지대(개 당),2000,2025-11-14,15093694,https://www.data.go.kr/data/15093694/fileData.do
충청남도,청양군,가구류,싱크대,개수대(개 당),5000,2025-11-14,15093694,https://www.data.go.kr/data/15093694/fileData.do
충청남도,청양군,가구류,싱크대,찬장(개 당),4000,2025-11-14,15093694,https://www.data.go.kr/data/15093694/fileData.do
충청남도,청양군,가구류,유아용 침대,모든규격,4000,2025-11-14,15093694,https://www.data.go.kr/data/15093694/fileData.do
충청남도,청양군,가구류,의자,바퀴달린 의자,4000,2025-11-14,15093694,https://www.data.go.kr/data/15093694/fileData.do
충청남도,청양군,가구류,의자,안마의자,10000,2025-11-14,15093694,https://www.data.go.kr/data/15093694/fileData.do
충청남도,청양군,가구류,의자,일반의자,2000,2025-11-14,15093694,https://www.data.go.kr/data/15093694/fileData.do
충청남도,청양군,가구류,의자,장 의자,3000,2025-11-14,15093694,https://www.data.go.kr/data/15093694/fileData.do
충청남도,청양군,가구류,의자,흔들의자,4000,2025-11-14,15093694,https://www.data.go.kr/data/15093694/fileData.do
충청남도,청양군,가구류,장롱,120cm 당 1쪽,18000,2025-11-14,15093694,https://www.data.go.kr/data/15093694/fileData.do
충청남도,청양군,가구류,장롱,90cm 당 1쪽,12000,2025-11-14,15093694,https://www.data.go.kr/data/15093694/fileData.do
충청남도,청양군,가구류,"장식장, 책장",폭 100cm 미만,10000,2025-11-14,15093694,https://www.data.go.kr/data/15093694/fileData.do
충청남도,청양군,가구류,"장식장, 책장",폭 100cm 이상,15000,2025-11-14,15093694,https://www.data.go.kr/data/15093694/fileData.do
충청남도,청양군,가구류,접이식침대,모든규격,12000,2025-11-14,15093694,https://www.data.go.kr/data/15093694/fileData.do
충청남도,청양군,가구류,진열장,"약장, 금방",6000,2025-11-14,15093694,https://www.data.go.kr/data/15093694/fileData.do
충청남도,청양군,가구류,책꽂이,4단 미만,4000,2025-11-14,15093694,https://www.data.go.kr/data/15093694/fileData.do
충청남도,청양군,가구류,책꽂이,4단 이상,5000,2025-11-14,15093694,https://www.data.go.kr/data/15093694/fileData.do
충청남도,청양군,가구류,책상,대형(양수),7000,2025-11-14,15093694,https://www.data.go.kr/data/15093694/fileData.do
충청남도,청양군,가구류,책상,소형(편수),4000,2025-11-14,15093694,https://www.data.go.kr/data/15093694/fileData.do
충청남도,청양군,가구류,침대프레임,슈퍼싱글,11000,2025-11-14,15093694,https://www.data.go.kr/data/15093694/fileData.do
충청남도,청양군,가구류,침대프레임,싱글,10000,2025-11-14,15093694,https://www.data.go.kr/data/15093694/fileData.do
충청남도,청양군,가구류,침대프레임,퀸,13000,2025-11-14,15093694,https://www.data.go.kr/data/15093694/fileData.do
충청남도,청양군,가구류,침대프레임,킹,15000,2025-11-14,15093694,https://www.data.go.kr/data/15093694/fileData.do
충청남도,청양군,가구류,탁자,모든규격,5000,2025-11-14,15093694,https://www.data.go.kr/data/15093694/fileData.do
충청남도,청양군,가구류,화장대,폭 120cm 미만,5000,2025-11-14,15093694,https://www.data.go.kr/data/15093694/fileData.do
충청남도,청양군,가구류,화장대,폭 120cm 이상,7000,2025-11-14,15093694,https://www.data.go.kr/data/15093694/fileData.do
충청남도,청양군,가전제품류,"가스오븐렌지, 전자레인지",높이 1m미만,3000,2025-11-14,15093694,https://www.data.go.kr/data/15093694/fileData.do
충청남도,청양군,가전제품류,"가스오븐렌지, 전자레인지",높이 1m이상,4000,2025-11-14,15093694,https://www.data.go.kr/data/15093694/fileData.do
충청남도,청양군,가전제품류,공기청정기,1m 미만,3000,2025-11-14,15093694,https://www.data.go.kr/data/15093694/fileData.do
충청남도,청양군,가전제품류,공기청정기,1m 이상,4000,2025-11-14,15093694,https://www.data.go.kr/data/15093694/fileData.do
충청남도,청양군,가전제품류,김치냉장고,130ℓ 미만,3000,2025-11-14,15093694,https://www.data.go.kr/data/15093694/fileData.do
충청남도,청양군,가전제품류,김치냉장고,130ℓ 이상,5000,2025-11-14,15093694,https://www.data.go.kr/data/15093694/fileData.do
충청남도,청양군,가전제품류,"비디오, 가습기, 믹서기, 가정용변압기(도란스), 스탠드, 전기밥통, 전기난로, 팬히터, 조명기구, 타자기, 탈수기, 환풍기, 팩스기기, 다리미판 등",모든규격,7000,2025-11-14,15093694,https://www.data.go.kr/data/15093694/fileData.do
충청남도,청양군,가전제품류,선풍기,대형(스탠드),4000,2025-11-14,15093694,https://www.data.go.kr/data/15093694/fileData.do
충청남도,청양군,가전제품류,선풍기,소형,3000,2025-11-14,15093694,https://www.data.go.kr/data/15093694/fileData.do
충청남도,청양군,가전제품류,세탁기,10kg 미만,4000,2025-11-14,15093694,https://www.data.go.kr/data/15093694/fileData.do
충청남도,청양군,가전제품류,세탁기,10kg 이상,7000,2025-11-14,15093694,https://www.data.go.kr/data/15093694/fileData.do
충청남도,청양군,가전제품류,스피커,1m 미만,2000,2025-11-14,15093694,https://www.data.go.kr/data/15093694/fileData.do
충청남도,청양군,가전제품류,스피커,1m 이상,4000,2025-11-14,15093694,https://www.data.go.kr/data/15093694/fileData.do
충청남도,청양군,가전제품류,"식기세척기,건조기",가정용,6000,2025-11-14,15093694,https://www.data.go.kr/data/15093694/fileData.do
충청남도,청양군,가전제품류,"식기세척기,건조기",업소용,8000,2025-11-14,15093694,https://www.data.go.kr/data/15093694/fileData.do
충청남도,청양군,가전제품류,"앰프, 정수기",모든규격,4000,2025-11-14,15093694,https://www.data.go.kr/data/15093694/fileData.do
충청남도,청양군,가전제품류,양문형냉장고,700ℓ 미만,10000,2025-11-14,15093694,https://www.data.go.kr/data/15093694/fileData.do
충청남도,청양군,가전제품류,양문형냉장고,700ℓ 이상,23000,2025-11-14,15093694,https://www.data.go.kr/data/15093694/fileData.do
충청남도,청양군,가전제품류,"에어컨디셔너, 온풍기",264㎡ 이상,9000,2025-11-14,15093694,https://www.data.go.kr/data/15093694/fileData.do
충청남도,청양군,가전제품류,"에어컨디셔너, 온풍기",66㎡ 미만,4000,2025-11-14,15093694,https://www.data.go.kr/data/15093694/fileData.do
충청남도,청양군,가전제품류,"에어컨디셔너, 온풍기",66㎡ 이상,7000,2025-11-14,15093694,https://www.data.go.kr/data/15093694/fileData.do
충청남도,청양군,가전제품류,오디오,본체(1m 미만),6000,2025-11-14,15093694,https://www.data.go.kr/data/15093694/fileData.do
충청남도,청양군,가전제품류,오디오,본체(1m 이상),7000,2025-11-14,15093694,https://www.data.go.kr/data/15093694/fileData.do
충청남도,청양군,가전제품류,일반냉장고,300ℓ미만,5000,2025-11-14,15093694,https://www.data.go.kr/data/15093694/fileData.do
충청남도,청양군,가전제품류,일반냉장고,300ℓ이상,7000,2025-11-14,15093694,https://www.data.go.kr/data/15093694/fileData.do
충청남도,청양군,가전제품류,일반냉장고,500ℓ이상,8000,2025-11-14,15093694,https://www.data.go.kr/data/15093694/fileData.do
충청남도,청양군,가전제품류,청소기,"가정용, 휴대용",2000,2025-11-14,15093694,https://www.data.go.kr/data/15093694/fileData.do
충청남도,청양군,가전제품류,청소기,업소용,4000,2025-11-14,15093694,https://www.data.go.kr/data/15093694/fileData.do
충청남도,청양군,가전제품류,텔레비전,25인치 미만,3000,2025-11-14,15093694,https://www.data.go.kr/data/15093694/fileData.do
충청남도,청양군,가전제품류,텔레비전,25인치 이상,4000,2025-11-14,15093694,https://www.data.go.kr/data/15093694/fileData.do
충청남도,청양군,가전제품류,텔레비전,42인치 이상,7000,2025-11-14,15093694,https://www.data.go.kr/data/15093694/fileData.do
충청남도,청양군,가전제품류,텔레비전 받침대,대리석,10000,2025-11-14,15093694,https://www.data.go.kr/data/15093694/fileData.do
충청남도,청양군,가전제품류,텔레비전 받침대,모든규격,3000,2025-11-14,15093694,https://www.data.go.kr/data/15093694/fileData.do
충청남도,청양군,기타류,"간판, 파티션",㎡ 당,4000,2025-11-14,15093694,https://www.data.go.kr/data/15093694/fileData.do
충청남도,청양군,기타류,"건조대, 돗자리, 보행기, 유모차, 아이스박스. 전화기, 옷걸이대, 우산, 칼라박스. 휠체어, 항아리, 쌀통",모든규격,4000,2025-11-14,15093694,https://www.data.go.kr/data/15093694/fileData.do
충청남도,청양군,기타류,고무통,90×100㎝ 미만,3000,2025-11-14,15093694,https://www.data.go.kr/data/15093694/fileData.do
충청남도,청양군,기타류,고무통,90×100㎝ 이상,4000,2025-11-14,15093694,https://www.data.go.kr/data/15093694/fileData.do
충청남도,청양군,기타류,골프채,개 당,2000,2025-11-14,15093694,https://www.data.go.kr/data/15093694/fileData.do
충청남도,청양군,기타류,금고,모든규격,9000,2025-11-14,15093694,https://www.data.go.kr/data/15093694/fileData.do
충청남도,청양군,기타류,나무류,100ℓ 1묶음 당,4000,2025-11-14,15093694,https://www.data.go.kr/data/15093694/fileData.do
충청남도,청양군,기타류,나무류,20ℓ 1묶음 당,2000,2025-11-14,15093694,https://www.data.go.kr/data/15093694/fileData.do
충청남도,청양군,기타류,나무류,50ℓ 1묶음 당,3000,2025-11-14,15093694,https://www.data.go.kr/data/15093694/fileData.do
충청남도,청양군,기타류,나무류,경량 칸막이,4000,2025-11-14,15093694,https://www.data.go.kr/data/15093694/fileData.do
충청남도,청양군,기타류,나무류,공사용 판넬,3000,2025-11-14,15093694,https://www.data.go.kr/data/15093694/fileData.do
충청남도,청양군,기타류,나무류,지게차 팔레트,2000,2025-11-14,15093694,https://www.data.go.kr/data/15093694/fileData.do
충청남도,청양군,기타류,나무류,"합판류(대, 1m 이상)",8000,2025-11-14,15093694,https://www.data.go.kr/data/15093694/fileData.do
충청남도,청양군,기타류,나무류,"합판류(소, 1m 미만)",3000,2025-11-14,15093694,https://www.data.go.kr/data/15093694/fileData.do
충청남도,청양군,기타류,"당구대, 탁구대",나무 틀,20000,2025-11-14,15093694,https://www.data.go.kr/data/15093694/fileData.do
충청남도,청양군,기타류,"당구대, 탁구대",모든규격,6000,2025-11-14,15093694,https://www.data.go.kr/data/15093694/fileData.do
충청남도,청양군,기타류,"드럼통, 보일러, 평상",모든규격,6000,2025-11-14,15093694,https://www.data.go.kr/data/15093694/fileData.do
충청남도,청양군,기타류,런닝머신,모든규격,7000,2025-11-14,15093694,https://www.data.go.kr/data/15093694/fileData.do
충청남도,청양군,기타류,마네킹,모든규격,4000,2025-11-14,15093694,https://www.data.go.kr/data/15093694/fileData.do
충청남도,청양군,기타류,문짝,2㎡ 미만,4000,2025-11-14,15093694,https://www.data.go.kr/data/15093694/fileData.do
충청남도,청양군,기타류,문짝,2㎡ 이상,5000,2025-11-14,15093694,https://www.data.go.kr/data/15093694/fileData.do
충청남도,청양군,기타류,물탱크(저수조),1톤 용량 당,8000,2025-11-14,15093694,https://www.data.go.kr/data/15093694/fileData.do
충청남도,청양군,기타류,"방충망, 제도판, 화판",모든규격,2000,2025-11-14,15093694,https://www.data.go.kr/data/15093694/fileData.do
충청남도,청양군,기타류,배기후드,모든규격,2000,2025-11-14,15093694,https://www.data.go.kr/data/15093694/fileData.do
충청남도,청양군,기타류,벽시계,대형,5000,2025-11-14,15093694,https://www.data.go.kr/data/15093694/fileData.do
충청남도,청양군,기타류,벽시계,소형,2000,2025-11-14,15093694,https://www.data.go.kr/data/15093694/fileData.do
충청남도,청양군,기타류,벽시계,중형,3000,2025-11-14,15093694,https://www.data.go.kr/data/15093694/fileData.do
충청남도,청양군,기타류,변기,양변기,15000,2025-11-14,15093694,https://www.data.go.kr/data/15093694/fileData.do
충청남도,청양군,기타류,변기,좌변기,10000,2025-11-14,15093694,https://www.data.go.kr/data/15093694/fileData.do
충청남도,청양군,기타류,"병풍, 블라인드",모든규격,3000,2025-11-14,15093694,https://www.data.go.kr/data/15093694/fileData.do
충청남도,청양군,기타류,보일러기름탱크,모든규격,8000,2025-11-14,15093694,https://www.data.go.kr/data/15093694/fileData.do
충청남도,청양군,기타류,"비데, 족욕기, 뜀틀, 욕조",모든규격,7000,2025-11-14,15093694,https://www.data.go.kr/data/15093694/fileData.do
충청남도,청양군,기타류,"석유난로, 재봉틀",모든규격,3000,2025-11-14,15093694,https://www.data.go.kr/data/15093694/fileData.do
충청남도,청양군,기타류,"세면대, 칠판, 파라솔",모든규격,7000,2025-11-14,15093694,https://www.data.go.kr/data/15093694/fileData.do
충청남도,청양군,기타류,수족관(어항),1m 미만,4000,2025-11-14,15093694,https://www.data.go.kr/data/15093694/fileData.do
충청남도,청양군,기타류,수족관(어항),1m 이상,8000,2025-11-14,15093694,https://www.data.go.kr/data/15093694/fileData.do
충청남도,청양군,기타류,"스키, 보드",모든규격,7000,2025-11-14,15093694,https://www.data.go.kr/data/15093694/fileData.do
충청남도,청양군,기타류,액자,높이 1m 이상,5000,2025-11-14,15093694,https://www.data.go.kr/data/15093694/fileData.do
충청남도,청양군,기타류,액자,높이 50cm 미만,3000,2025-11-14,15093694,https://www.data.go.kr/data/15093694/fileData.do
충청남도,청양군,기타류,액자,높이 50cm 이상,4000,2025-11-14,15093694,https://www.data.go.kr/data/15093694/fileData.do
충청남도,청양군,기타류,오디오케이스,모든규격,4000,2025-11-14,15093694,https://www.data.go.kr/data/15093694/fileData.do
충청남도,청양군,기타류,오락기,25인치 미만,7000,2025-11-14,15093694,https://www.data.go.kr/data/15093694/fileData.do
충청남도,청양군,기타류,오락기,25인치 이상,8000,2025-11-14,15093694,https://www.data.go.kr/data/15093694/fileData.do
충청남도,청양군,기타류,오락기,29인치 이상,9000,2025-11-14,15093694,https://www.data.go.kr/data/15093694/fileData.do
충청남도,청양군,기타류,"유리(거울, 판유리)",1㎡ 당,3000,2025-11-14,15093694,https://www.data.go.kr/data/15093694/fileData.do
충청남도,청양군,기타류,이불,겨울용,4000,2025-11-14,15093694,https://www.data.go.kr/data/15093694/fileData.do
충청남도,청양군,기타류,이불,여름용,3000,2025-11-14,15093694,https://www.data.go.kr/data/15093694/fileData.do
충청남도,청양군,기타류,자전거,성인용,4000,2025-11-14,15093694,https://www.data.go.kr/data/15093694/fileData.do
충청남도,청양군,기타류,자전거,어린이용,3000,2025-11-14,15093694,https://www.data.go.kr/data/15093694/fileData.do
충청남도,청양군,기타류,자판기,1m 미만,8000,2025-11-14,15093694,https://www.data.go.kr/data/15093694/fileData.do
충청남도,청양군,기타류,자판기,1m 이상,15000,2025-11-14,15093694,https://www.data.go.kr/data/15093694/fileData.do
충청남도,청양군,기타류,장난감류,미끄럼틀(유아용) 등 대형,5000,2025-11-14,15093694,https://www.data.go.kr/data/15093694/fileData.do
충청남도,청양군,기타류,장난감류,인형 등 소형,4000,2025-11-14,15093694,https://www.data.go.kr/data/15093694/fileData.do
충청남도,청양군,기타류,전기장판,"옥(황토, 온수)(1인용)",4000,2025-11-14,15093694,https://www.data.go.kr/data/15093694/fileData.do
충청남도,청양군,기타류,전기장판,"옥(황토,온수)(2인용)",5000,2025-11-14,15093694,https://www.data.go.kr/data/15093694/fileData.do
충청남도,청양군,기타류,전기장판,일반(1인용),2000,2025-11-14,15093694,https://www.data.go.kr/data/15093694/fileData.do
충청남도,청양군,기타류,전기장판,일반(2인용),3000,2025-11-14,15093694,https://www.data.go.kr/data/15093694/fileData.do
충청남도,청양군,기타류,"카페트, 장판",3.3㎡ 당,4000,2025-11-14,15093694,https://www.data.go.kr/data/15093694/fileData.do
충청남도,청양군,기타류,텐트,5인 미만,2000,2025-11-14,15093694,https://www.data.go.kr/data/15093694/fileData.do
충청남도,청양군,기타류,텐트,5인 이상,3000,2025-11-14,15093694,https://www.data.go.kr/data/15093694/fileData.do
충청남도,청양군,기타류,폐소화기류,모든규격,4000,2025-11-14,15093694,https://www.data.go.kr/data/15093694/fileData.do
충청남도,청양군,기타류,폐타이어,농업용,15000,2025-11-14,15093694,https://www.data.go.kr/data/15093694/fileData.do
충청남도,청양군,기타류,폐타이어,일반용,5000,2025-11-14,15093694,https://www.data.go.kr/data/15093694/fileData.do
충청남도,청양군,기타류,폐타이어,화물용,10000,2025-11-14,15093694,https://www.data.go.kr/data/15093694/fileData.do
충청남도,청양군,기타류,화분,높이 50cm 미만,3000,2025-11-14,15093694,https://www.data.go.kr/data/15093694/fileData.do
충청남도,청양군,기타류,화분,높이 50cm 이상,6000,2025-11-14,15093694,https://www.data.go.kr/data/15093694/fileData.do
충청남도,청양군,사무기기류,복사기,모든규격,3000,2025-11-14,15093694,https://www.data.go.kr/data/15093694/fileData.do
충청남도,청양군,사무기기류,캐비닛,5단 미만,4000,2025-11-14,15093694,https://www.data.go.kr/data/15093694/fileData.do
충청남도,청양군,사무기기류,캐비닛,5단 이상,7000,2025-11-14,15093694,https://www.data.go.kr/data/15093694/fileData.do
충청남도,청양군,사무기기류,캐비닛,철재,5000,2025-11-14,15093694,https://www.data.go.kr/data/15093694/fileData.do
충청남도,청양군,사무기기류,컴퓨터 주변기기,노트북,3000,2025-11-14,15093694,https://www.data.go.kr/data/15093694/fileData.do
충청남도,청양군,사무기기류,컴퓨터 주변기기,모니터,5000,2025-11-14,15093694,https://www.data.go.kr/data/15093694/fileData.do
충청남도,청양군,사무기기류,컴퓨터 주변기기,본체,5000,2025-11-14,15093694,https://www.data.go.kr/data/15093694/fileData.do
충청남도,청양군,사무기기류,컴퓨터 주변기기,키보드,2000,2025-11-14,15093694,https://www.data.go.kr/data/15093694/fileData.do
충청남도,청양군,사무기기류,프린터,대형(특수용),4000,2025-11-14,15093694,https://www.data.go.kr/data/15093694/fileData.do
충청남도,청양군,사무기기류,프린터,소형(가정용),2000,2025-11-14,15093694,https://www.data.go.kr/data/15093694/fileData.do
충청남도,청양군,사무기기류,프린터,중형(사무용),3000,2025-11-14,15093694,https://www.data.go.kr/data/15093694/fileData.do
충청남도,청양군,악기류,"오르간, 드럼",모든규격,10000,2025-11-14,15093694,https://www.data.go.kr/data/15093694/fileData.do
충청남도,청양군,악기류,피아노,그랜드,20000,2025-11-14,15093694,https://www.data.go.kr/data/15093694/fileData.do
충청남도,청양군,악기류,피아노,일반(전자피아노 포함),13000,2025-11-14,15093694,https://www.data.go.kr/data/15093694/fileData.do
