item,n,modifiers,covered_by,decision,note
헌옷,21,,헌옷,기존 커버,헌옷
귤 껍질,16,,귤껍질,기존 커버,귤껍질
계란껍질,14,,계란껍질,기존 커버,계란껍질
가정용,13,,,절차,"가정용 분리수거 유리병 버리는방법 | 가정용 유리병 분리수거 버리는방법 | 가정용, 재활용 분리수거함 추천해주세요"
신발,11,"오래된, 헌",신발,기존 커버,신발
대구,10,,,지역,대구 분리수거 질문 | 대구 음식물쓰레기 용기 질문 | 대구 음식물쓰레기 30l
아파트,10,,,절차,아파트 유리컵 어떻게 버려요? | 아파트 분리수거 | 아파트분리수거
이불,10,"낡은, 헌",이불,기존 커버,이불
편의점,10,,편의점 (시드),기존 커버,편의점 (시드)
바나나 껍질,9,,바나나껍질,기존 커버,바나나껍질
원룸,9,,,절차,원룸 재활용 쓰레기 종량제에 버리나요? | 원룸 분리수거 배출일 | 원룸 분리수거 방법
닭뼈,8,,닭뼈 (별칭 -> 치킨뼈),기존 커버,닭뼈 (별칭 -> 치킨뼈)
인형,8,대형,인형,기존 커버,인형
빨대,7,,빨대,기존 커버,빨대
화장품,7,"다쓴, 오래된, 유통기한 지난",화장품,기존 커버,화장품
과자,6,유통기한 지난,과자,기존 커버,과자
깨진,6,,,노이즈,깨진 유리 유리병 분리배출방법 | 깨진유리 더러운유리 일반쓰레기? | 깨진 유리 재활용 되나요?
박스,6,,박스,기존 커버,박스
보조배터리,6,고장난,보조배터리,기존 커버,보조배터리
우산,6,,우산,기존 커버,우산
책상,6,작은,책상,기존 커버,책상
충전기,6,,충전기,기존 커버,충전기
치킨뼈,6,,치킨뼈,기존 커버,치킨뼈
김치,5,,김치,기존 커버,김치
냄비,5,,냄비,기존 커버,냄비
딸기 꼭지,5,,딸기꼭지 (별칭 -> 감자껍질),기존 커버,딸기꼭지 (별칭 -> 감자껍질)
마대자루,5,,,발행,마대자루는 일반쓰레기로 배출하나요? | 마대자루는 일반쓰레기인가요? | 마대자루는 재활용쓰레기인가요 일반쓰레기....
분리수거할때,5,,,노이즈,분리수거할때 | 분리수거 할 때 | 분리 수거 할때
빌라,5,,,절차,빌라 분리수거 | 빌라에서 분리수거 방법 | 빌라 음식물쓰레기 처리
생리대,5,사용한,생리대 (별칭 -> 기저귀),기존 커버,생리대 (별칭 -> 기저귀)
옥수수,5,,옥수수 (시드),기존 커버,옥수수 (시드)
일회용 전담,5,,,별칭 -> 전자담배,일회용 전담 버리는 법 | 일회용 전담 버리는법 | 일회용 전담 폐기법
침대,5,,침대,기존 커버,침대
가발,4,,,실측12차,"가발 버리는 방법 | 가발은 일반쓰레기인가요? | 가발은 재활용 쓰레기인가요, 일반 쓰레기인...."
강서구,4,,,지역,"강서구 대형폐기물 가격 문의요. | 강서구 대형폐기물 처리, 어떻게 해야 하나요.... | 강서구 대형폐기물"
건전지,4,다 쓴,건전지,기존 커버,건전지
교과서,4,,교과서 (별칭 -> 종이),기존 커버,교과서 (별칭 -> 종이)
대구 북구,4,,,지역,대구 북구 음식물쓰레기 버리는법알려주세요.... | 대구 북구 분리수거 질문 | 대구 북구 음식물 쓰레기 처리 관련
동작구,4,,,지역,동작구 분리배출 | 동작구 분리수거방법 | 동작구 대형폐기물 질문
미련,4,,,노이즈,미련버리는법 | 미련버리는 방법 | 미련 어떻게 버려요
선풍기,4,고장난,선풍기,기존 커버,선풍기
소형가전,4,,소형가전 (판정 가이드축),기존 커버,소형가전 (판정 가이드축)
쓰레기 분리,4,,,노이즈,쓰레기 분리배출 장단점 | 쓰레기 분리배출 위반.. | 쓰레기 분리배출 걸림
이사후,4,,,절차,이사후 종량제봉투 | 이사후 종량제 봉투 사용 | 이사 후 폐기물 처리 방법 알려주세요
전기장판,4,,전기장판,기존 커버,전기장판
전선,4,,전선,기존 커버,전선
조개껍질,4,,조개껍질,기존 커버,조개껍질
주택,4,,,절차,주택 분리수거 | 주택가 종이류 분리배출 방법 | 주택 음식물쓰레기배출방법
책가방,4,,가방,기존 커버,가방
칫솔,4,,칫솔,기존 커버,칫솔
타지역,4,,,절차,타지역 음식물 쓰레기 봉투 버리는 법 | 타지역 분리배출 | 타지역 종량제봉투 사용
택배상자,4,,택배상자 (별칭 -> 박스),기존 커버,택배상자 (별칭 -> 박스)
폐가전,4,소형,폐가전 (판정 가이드축),기존 커버,폐가전 (판정 가이드축)
후라이팬,4,,후라이팬,기존 커버,후라이팬
가구,3,,가구 (판정 총칭),기존 커버,가구 (판정 총칭)
가정,3,,,노이즈,가정폐기물청소 | 가정 폐기물 처리 | 가정폐기물처리
감자껍질,3,,감자껍질,기존 커버,감자껍질
강남구,3,,,지역,강남구 일반쓰레기 배출 날짜 | 강남구 일반쓰레기 봉투에 종이류 버려도 되.... | 강남구 대형폐기물
거울,3,,거울,기존 커버,거울
고1 3모,3,,,노이즈,고1 3모 버려도되나요 | 고1 3모 버려도 되나요 | 고1 3모 버려도 되나요...?
고구마,3,썩은,,기존 커버,고구마가 일반쓰레기인가요 음식물쓰레기인.... | 고구마는 음식물 쓰레기 인가요? | 썩은 고구마 어떻게 버려요
고양이 사료,3,"곰팡이 핀, 썩은",,실측18차,곰팡이 핀 고양이 사료는 일반쓰레기인 | 썩은 고양이 사료는 일반 쓰레기인가요? | 고양이 사료는 일반쓰레기인가요?
과자 봉지,3,,과자봉지 (별칭 -> 비닐),기존 커버,과자봉지 (별칭 -> 비닐)
기저귀,3,,기저귀,기존 커버,기저귀
담배,3,,,실측18차,담배 버리는 방법 | 담배 어떻게 버리나요 | 담배 재활용 쓰레기통
담배갑,3,,담배갑 (별칭 -> 은박지),기존 커버,담배갑 (별칭 -> 은박지)
대구 남구,3,,,지역,대구 남구 분리수거 | 대구 남구 음식물 쓰레기 배출 방법 | 대구 남구 음식물 쓰레기
라이터,3,,라이터,기존 커버,라이터
러그,3,대형,러그,기존 커버,러그
렌즈,3,안 쓴,렌즈,기존 커버,렌즈
매트리스,3,,매트리스,기존 커버,매트리스
문제집,3,,문제집 (별칭 -> 책),기존 커버,문제집 (별칭 -> 책)
배달용기,3,,배달용기,기존 커버,배달용기
배터리,3,,배터리,기존 커버,배터리
부산,3,,,지역,부산 종량제 봉투 | 부산 종량제봉투 | 부산 폐기물처리
부채,3,,,실측19차,부채 버리는방법 | 부채 분리수거 | 부채는 일반쓰레기인가요 재활용인가요
분리수거 분리,3,,,노이즈,분리수거 분리배출 2가지 알려주세요 | 분리수거 분리배출 자치회의 | 분리수거 분리배출 도와주세요
분리수거 하,3,,,노이즈,분리수거 하는 방법 | 분리수거 하는방법 | 분리수거하는방법
사업장,3,,,사업장,사업장 폐기물 처리 | 사업장 폐기물 처리비용 | 사업장 폐기물 처리 비용
생라면,3,,,실측19차,생라면 일반 쓰레기인가요 음식물 쓰레긴가.... | 생라면 일반쓰레기에 버려야 하나요? | 생라면 어떻게 버려요
서울,3,,,지역,서울 종량제 봉투 | 서울 종량제봉투 | 서울 재활용쓰레기 버리는법
수박껍질,3,,수박껍질,기존 커버,수박껍질
수박씨,3,,,실측19차,수박씨는 일반쓰레기인가요? 음식물쓰레기인.... | 수박씨는 음식물쓰레기 인가요? | 수박 씨 음식물쓰레기인가요 일반쓰레기
수원,3,,,지역,수원 대형폐기물 | 수원 폐기물 처리장 | 수원 스티로폼 분리수거 방법
쓰레기통,3,오래된,쓰레기통,기존 커버,쓰레기통
아이스팩,3,,아이스팩,기존 커버,아이스팩
안입는옷,3,,,기존 커버,안입는옷 일반쓰레기 인가요? | 안입는 옷 종량제봉투 | 안입는 옷은 의류수거함에 넣어도 되나요??
얇은 이불,3,,이불,기존 커버,이불
양파껍질,3,,양파껍질,기존 커버,양파껍질
욕심,3,,,노이즈,욕심을 버리는법 | 욕심을 버리는 방법 | 욕심을 버리면 어떻게되나요?
울산,3,,,지역,울산 재활용쓰레기 그물망 | 울산에 폐기물 처리업체 있나요? | 울산 폐기물 처리
음식,3,"곰팡이 핀, 썩은",,노이즈,썩은 음식도 음식물 쓰레기인가요? | 곰팡이 핀 음식도 음식물쓰레기인가요? | 음식 재활용 신고 기준이 어떻게 되나요?
의료,3,,,사업장,의료폐기물 배출방법 | 의료수거함에 ? | 의료수거함에 반지떨굼
이런,3,,,노이즈,이런 음식물쓰레기통은 어떻게 처리되나요? | 이런 플라스틱도 재활용이 되나요? | 이런 플라스틱 재활용 되나요?
일회용 전자담배,3,,일회용전자담배 (별칭 -> 전자담배),기존 커버,일회용전자담배 (별칭 -> 전자담배)
자몽 껍질,3,,,실측19차,자몽 껍질은 음식물 쓰레기인가요?? | 자몽껍질 음식물쓰레기인가요? 일반쓰레기인.... | 자몽껍질은 음식물쓰레기인가요?
전자담배,3,,전자담배,기존 커버,전자담배
중랑구,3,,,지역,중랑구 재활용 쓰레기 배출 요일 질문 | 중랑구 재활용쓰레기 처리 방법 | 중랑구 재활용 쓰레기 버리는법
초콜릿,3,유통기한 지난,초콜릿 (별칭 -> 과자),기존 커버,초콜릿 (별칭 -> 과자)
컴퓨터 본체,3,,컴퓨터,기존 커버,컴퓨터
컵라면용기,3,,컵라면 용기 (별칭 -> 컵라면),기존 커버,컵라면 용기 (별칭 -> 컵라면)
키보드,3,,키보드,기존 커버,키보드
택배 박스,3,플라스틱,택배박스 (별칭 -> 박스),기존 커버,택배박스 (별칭 -> 박스)
투명페트병,3,,페트병,기존 커버,페트병
페인트,3,,페인트,기존 커버,페인트
페트병,3,,페트병,기존 커버,페트병
폐건전지,3,,건전지,기존 커버,건전지
포스트잇,3,,,실측19차,포스트잇 분리배출 | 포스트잇도 재활용 되나요?? | 포스트잇은 재활용 되나요?
프라이팬,3,,프라이팬 (별칭 -> 후라이팬),기존 커버,프라이팬 (별칭 -> 후라이팬)
핫팩,3,,핫팩,기존 커버,핫팩
햄스터사료,3,,,실측20차,사료
화장실 쓰레기,3,,,노이즈,화장실 쓰레기 버리는법 | 화장실 쓰레기 버리는 법 | 화장실쓰레기일반쓰레기맞나요????
화환,3,,화환 (별칭 -> 조화),기존 커버,화환 (별칭 -> 조화)
휴지,3,,,실측19차,휴지가 일반쓰레기인가요? | 휴지는 재활용이 되나요? | 휴지도 재활용이 되나요?
가루,2,,,노이즈,가루는 어떻게버려요? | 가루 어떻게 버려요
가루세제,2,,가루세제 (별칭 -> 세제),기존 커버,가루세제 (별칭 -> 세제)
가방,2,,가방,기존 커버,가방
가위,2,안쓰는,가위,기존 커버,가위
가전제품,2,대형,가전제품 (판정 가이드축),기존 커버,가전제품 (판정 가이드축)
가정집,2,,,노이즈,가정집 음식물쓰레기처리방법 | 가정집 폐기물 처리방법
강북구,2,,,지역,"강북구 분리수거 비닐 요일 | 강북구 음식물,재활용,일반쓰레기 버리는날...."
강아지 사료,2,,,실측20차,사료
개구리알,2,,,보류,개구리알 어떻게 버려요 | 개구리알 어떻게 버려요?
건설,2,,,사업장,건설폐기물 처리 방법 | 건설 폐기물 처리과정
계란,2,,,발행,계란은 음식물 쓰레기인가요..? | 계란 어떻게 버려요??
계란 껍데기,2,,,기존 커버,계란 껍데기는 일반쓰레기 맞나요? | 계란 껍데기는 일반쓰레기 인가요?
고데기,2,,고데기,기존 커버,고데기
고추장,2,,고추장 (별칭 -> 된장 고추장),기존 커버,고추장 (별칭 -> 된장 고추장)
공책,2,,,실측16차,공책 버리는 법 | 공책이나 종이류 쓰레기 어떻게 버려야 하나....
과일 껍질,2,,과일껍질,기존 커버,과일껍질
관악구,2,,관악구 (판정 B층폐기),기존 커버,관악구 (판정 B층폐기)
구체 관절인형,2,,인형,기존 커버,인형
군대,2,,,절차,군대 분리수거 | 군대 음식물
군복 군화,2,,,실측20차,군복
귤 껍데기,2,,,별칭 -> 귤껍질,귤 껍데기는 일반쓰레기인가요? 음식물 쓰레.... | 귤 껍데기가 음식물쓰레기인가요..?
그릇,2,깨진,그릇,기존 커버,그릇
금천구,2,,,지역,금천구 대형폐기물 | 금천구 폐기물 처리 방법 폐기물 처리업체
기름,2,,기름,기존 커버,기름
김치통,2,,김치통 (별칭 -> 반찬통),기존 커버,김치통 (별칭 -> 반찬통)
나무젓가락,2,,나무젓가락,기존 커버,나무젓가락
날계란,2,"곰팡이 핀, 상한",,기존 커버,상한 날계란 버리는 법 | 곰팡이 핀 날계란 음식물쓰레기인가요
다른지역,2,,,노이즈,다른지역 종량제봉투 | 다른지역 종량제봉투 버려도 되나요?
다이어리,2,,,실측19차,다이어리버리는법 | 다이어리 일반쓰레기 인가요
단호박씨,2,,,실측19차,단호박씨는 일반 쓰레기인가요? 음식물쓰레.... | 단호박씨 음식물 쓰레기인가요?
담배 꽁초,2,,,실측18차,담배 꽁초 분리 수거 | 담배꽁초 어디다 버려야되나요?
대전,2,,,지역,대전 분리배출 | 대전 재활용 쓰레기
대전 동구,2,,,지역,대전 동구 음식물 쓰레기 수거 | 대전 동구 음식물쓰레기질문
대전 서구,2,,,지역,대전 서구 종량제봉투 유성구에서 버려도 되.... | 대전 서구 종량제 봉투 3리터
대파껍질,2,,대파 (별칭 -> 감자껍질),기존 커버,대파 (별칭 -> 감자껍질)
대형생활,2,,,노이즈,대형생활폐기물은 어떻게 버려야 하나요 | 대형생활폐기물은 어떻게 수수료를 납부하고....
대형폐기물 수거 및,2,,대형 폐기물 (판정 총칭),기존 커버,대형 폐기물 (판정 총칭)
도봉구,2,,,지역,도봉구 음식물쓰레기 | 도봉구 대형 폐기물
도자기,2,곰팡이 핀,,발행,곰팡이 핀 도자기 어떻게 버리나요? | 도자기도 대형 폐기물일까요?
돼지 뼈,2,,,별칭 -> 치킨뼈,돼지 뼈도 음식물 쓰레기인가요? | 돼지뼈도 음식물쓰레기인가요?
두유팩,2,,두유팩 (별칭 -> 멸균팩),기존 커버,두유팩 (별칭 -> 멸균팩)
드라이기,2,고장난,드라이기,기존 커버,드라이기
떡볶이,2,,,실측19차,떡볶이 음식물쓰레기인가요? | 떡볶이 어떻게 버려야 하나요 일반? 음식물?
라면사리,2,오래된,,실측19차,라면사리는 일반쓰레기인가요? 음식물 쓰레.... | 오래된 라면사리 어떻게 버려요?
레고,2,,,별칭 -> 장난감,레고 버리는 법 | 레고는 일반쓰레기인가요?플라스틱인가요
마네킹,2,,,실측19차,마네킹 분리수거 방법 | 마네킹 대형폐기물 질문
마늘,2,곰팡이 핀,,실측19차,곰팡이 핀 마늘은 음식물쓰레기인가요? | 마늘은 일반쓰레기 인가요?
마우스패드,2,,마우스패드 (별칭 -> 키보드),기존 커버,마우스패드 (별칭 -> 키보드)
마트,2,,,노이즈,마트 음식물쓰레기통 | 마트에서종량제봉투1개구매가능한가요
만화책,2,,만화책 (별칭 -> 책),기존 커버,만화책 (별칭 -> 책)
매니큐어,2,,매니큐어,기존 커버,매니큐어
맥도날드,2,,종이컵,기존 커버,맥도날드 분리수거 | 맥도날드 종이포장지 재활용 해도 되나요?
머리빗,2,,,실측19차,머리빗 분리배출 | 머리 빗 어떻게 버려요?
머리카락,2,,머리카락 (별칭 -> 청소기),기존 커버,머리카락 (별칭 -> 청소기)
메론 껍질,2,,,별칭 -> 수박껍질,메론 껍질 일반쓰레기 인가요 음식물쓰레기.... | 메론 껍질은 음식물쓰레기인가요?
멕시코감자,2,,,실측19차,멕시코감자 일반쓰레기에.버려도 되나요? | 멕시코감자 일반쓰레기에 버려도되나요?
모니터,2,,모니터,기존 커버,모니터
문제집이나 책,2,,문제집 (별칭 -> 책),기존 커버,문제집 (별칭 -> 책)
미숫가루,2,,미숫가루 (별칭 -> 밀가루),기존 커버,미숫가루 (별칭 -> 밀가루)
믹서기,2,,믹서기,기존 커버,믹서기
바나나,2,,,실측19차,바나나는 음식물 쓰레기 인가요? | 바나나가 일반쓰레기인가요?음식물쓰레기
바둑돌,2,,,실측19차,바둑돌 분리수거 | 바둑돌은 일반쓰레기인가요?
바퀴벌레,2,,,보류,바퀴벌레 음식물쓰레기 | 바퀴벌레 어떻게 버려요
방사성,2,,,사업장,방사성폐기물처리원 | 방사성 폐기물 처리문제
버블몬,2,,,별칭 -> 전자담배,버블몬 버리는 법 | 버블몬 어떻게 버려요?
벽돌,2,,벽돌 (별칭 -> 타일),기존 커버,벽돌 (별칭 -> 타일)
변기커버,2,,변기,기존 커버,변기
볼펜,2,,볼펜,기존 커버,볼펜
봉투로,2,,,노이즈,"이 봉투로 일반쓰레기 버려도되나요? | 이 봉투로 비닐, 일반쓰레기 버릴수있나요?"
부산진구,2,,,지역,부산진구 분리배출 | 부산진구 폐기물 처리방법
부탄가스,2,,부탄가스,기존 커버,부탄가스
분리수거 질문이요,2,,,노이즈,분리수거 질문이요 | 분리수거 질문이요..
분리수거 하는 법,2,,,노이즈,분리수거 하는 법 | 분리수거하는법
뷰즈고,2,,,별칭 -> 전자담배,뷰즈고 버리는법 | 뷰즈고 어떻게 버려요?
빨래 건조대,2,,빨래건조대,기존 커버,빨래건조대
뽁뽁이,2,,뽁뽁이,기존 커버,뽁뽁이
사과,2,"상한, 썩은",과일껍질,기존 커버,상한 사과는 음식물쓰레기인가요 일반쓰레기.... | 썩은 사과는 일반쓰레기인가요?
사과 심지,2,,,실측19차,사과 심지 일반쓰레기인가요 음식물쓰레기인.... | 사과심지는 일반쓰레기인가요? 음식물쓰레기....
사진,2,,사진,기존 커버,사진
사탕껍질,2,,사탕 (별칭 -> 과자),기존 커버,사탕 (별칭 -> 과자)
산업,2,,,사업장,산업폐기물 재활용가능한가요? | 산업폐기물 처리방법
삶은계란,2,곰팡이 핀,,기존 커버,곰팡이 핀 삶은계란 일반쓰레기인가요? | 삶은 계란은 어떻게 버려야되나요?
상추,2,,,실측19차,상추 버리는 방법 | 상추는음식물쓰레기가아닌가요?
상한,2,,,실측19차,상한 음식물은 일반쓰레기인가요? | 상한 음식물 일반쓰레기인가요?
생분해,2,,,노이즈,생분해 비닐장갑이나 비닐류 분리배출 방법 | 생분해 플라스틱은 일반쓰레기인가요?
생선 대가리,2,,,실측19차,"생선 대가리는 음식물 쓰레기인가요? | 생선 대가리는 음식물 쓰레기인가요,"
생쌀,2,,생쌀 (별칭 -> 쌀),기존 커버,생쌀 (별칭 -> 쌀)
생활쓰레기,2,,,노이즈,생활쓰레기 분리배출 방법 | 생활 쓰레기는 음식물 쓰레기인가요
석고 방향제,2,,방향제 (별칭 -> 습기제거제),기존 커버,방향제 (별칭 -> 습기제거제)
소형가전제품,2,,소형가전 (판정 가이드축),기존 커버,소형가전 (판정 가이드축)
소화기,2,,소화기,기존 커버,소화기
속옷,2,,속옷,기존 커버,속옷
수학,2,,,노이즈,수학 버리면 | 수학 버려도 되나요?
술 변기,2,,변기,기존 커버,변기
스노우볼,2,,,실측19차,스노우볼 어떻게 버려요?? | 스노우볼 어떻게 버려요?
스팀다리미,2,,스팀다리미 (별칭 -> 다리미),기존 커버,스팀다리미 (별칭 -> 다리미)
습기제거제,2,,습기제거제,기존 커버,습기제거제
시험지,2,,,노이즈,시험지 버려도 되나요? | 시험지 버려도 되나요
식탁,2,,식탁,기존 커버,식탁
실리콘,2,,실리콘,기존 커버,실리콘
싱크대 거름망,2,,,실측19차,싱크대 거름망 버리는법 | 싱크대 거름망 어떻게 버려요
쓰레기봉투,2,,,노이즈,쓰레기봉투 | 쓰레기 봉투
아령,2,,아령,기존 커버,아령
아파트 책,2,,아파트 책 (시드),기존 커버,아파트 책 (시드)
안경렌즈,2,,안경,기존 커버,안경
안먹는약,2,,약,기존 커버,안먹는약 버리는방법 | 안 먹는 약은 일반 쓰레기로 버려도 되나요?
안산,2,,,지역,안산 종량제봉투 광진구사요 | 안산폐기물처리 문의
애인,2,,,노이즈,애인 버려도 되나요? | 애인버려도 되나요?
앨범,2,,앨범,기존 커버,앨범
약봉지,2,,약봉지 (별칭 -> 약),기존 커버,약봉지 (별칭 -> 약)
약봉투,2,,,별칭 -> 약,약봉투는 분리 배출 어떻게 해야 하나요? | 약봉투는 일반쓰레기인가요?
오렌지껍질이,2,,오렌지 껍질 (별칭 -> 귤껍질),기존 커버,오렌지 껍질 (별칭 -> 귤껍질)
오염된,2,,,노이즈,오염된 스티로폼 상자 배출방법에 대해 | 오염된 스티로폼은 어디다 버리나요?
오이껍질,2,,,실측19차,오이껍질이 음식물쓰레기인가요? | 오이껍질 일반쓰레기인가요?
옥수수껍질,2,,옥수수 껍질 (별칭 -> 옥수수대),기존 커버,옥수수 껍질 (별칭 -> 옥수수대)
옥수수대,2,,옥수수대,기존 커버,옥수수대
우레탄 폼,2,고장난,,실측17차,고장난 우레탄 폼 캔 버리는 방법 | 우레탄폼 은 어떻게버려요???
우리나라 분리,2,,,노이즈,우리나라 분리배출 현황 알려주세요~ | 우리나라 분리배출 관련궁금증
우유곽,2,,,별칭 -> 우유팩,우유곽 일반쓰레기통에 버려도 되나요? | 우유곽을 종이류에 안버리고 일반쓰레기에 ....
우유팩,2,,우유팩,기존 커버,우유팩
운동기구,2,,,지역,운동기구 버리는법 | 운동기구 분리배출 방법
운동화,2,,운동화 (별칭 -> 신발),기존 커버,운동화 (별칭 -> 신발)
원데이 렌즈,2,,렌즈,기존 커버,렌즈
은평구,2,,은평구 (판정 B층폐기),기존 커버,은평구 (판정 B층폐기)
음료,2,상한,,실측19차,음료버리는법 | 상한 음료 음식물쓰레기 폐기 방법;;
의자,2,,의자,기존 커버,의자
이런것,2,,,노이즈,이런것도 재활용이 되나요?? | 이런것도 종이류에 버리나요?
이사,2,,,지역,이사 폐기물 처리 | 이사 폐기물 처리질문
인생네컷,2,,,실측19차,인생네컷 버리는법 | 인생네컷 분리수거
인천,2,,,지역,인천 음식물 쓰레기 처리 | 인천 폐기물 처리
인천 서구,2,,,지역,인천 서구 종량제 봉투 질문 | 인천서구 재활용 쓰레기배출일
일본,2,,,노이즈,일본 비닐 분리배출 | 일본 분리수거 방법
일본 호텔,2,,,노이즈,일본 호텔 음식물쓰레기 처리법 | 일본호텔에서 플라스틱병은 어디다버리나요?
장판,2,,장판,기존 커버,장판
전기요,2,,전기요 (별칭 -> 전기장판),기존 커버,전기요 (별칭 -> 전기장판)
전담,2,,,별칭 -> 전자담배,전담을 버리는 법 | 전담 일반쓰레기에 버려도되나요?
전등,2,,,개명 -> 전등,이 전등 어떻게 버리면 되나요? | 전등 고철 폐기방법
전자제품,2,소형,전자제품 (판정 가이드축),기존 커버,전자제품 (판정 가이드축)
전주,2,,,지역,전주 일반쓰레기 | (전주)대형 폐기물 스티커 질문 드려요!
전주시,2,,,지역,전주시 대형 폐기물 스티커 | 전주시 폐기물 처리
젤리,2,,젤리 (별칭 -> 과자),기존 커버,젤리 (별칭 -> 과자)
좌욕기,2,,,실측19차,좌욕기 버리는 방법 | 좌욕기 분리수거
중3기말,2,,,노이즈,중3기말 버려도되나요? | 중3 기말 버려도 되나요?
지정,2,,,사업장,지정폐기물 처리 | 지정폐기물 처리방법
진공음식물쓰레기통 어때요,2,,음식물쓰레기통 (별칭 -> 쓰레기통),기존 커버,음식물쓰레기통 (별칭 -> 쓰레기통)
책 버리려고하는데,2,곰팡이 핀,,노이즈,책 버리려고하는데 종이류에 버려도되죠?? | 곰팡이 핀 책 버리려고 하는데
처방전,2,,,실측20차,우편물
천안,2,,,지역,천안 종량제봉투 | 천안 대형 폐기물 처리
청소기,2,,청소기,기존 커버,청소기
청주,2,,,지역,청주 음식물 쓰레기 배출 질문 | 청주 대형폐기물
청주시,2,,,지역,청주시 종량제봉투 20리터 | 청주시 재활용 쓰레기 배출
치약,2,,치약,기존 커버,치약
치킨,2,남은,,실측19차,남은 치킨 어떻게 버려요 | 남은 치킨 어떻게 버려요??
치킨박스,2,,치킨박스 (별칭 -> 박스),기존 커버,치킨박스 (별칭 -> 박스)
침대 깔판,2,,침대,기존 커버,침대
캐리어,2,,캐리어,기존 커버,캐리어
커피머신,2,,,별칭 -> 에어프라이어,커피머신 폐기물처리 | 커피머신 폐기물 처리 방법
컴퓨터버릴때,2,,컴퓨터,기존 커버,컴퓨터
컵라면,2,,컵라면,기존 커버,컵라면
컵라면 그릇 ;,2,,컵라면,기존 커버,컵라면
컵밥,2,,,실측19차,컵밥 분리수거 | 컵밥 종이류에 버리는지?
케이크,2,,,실측19차,케이크 버리는법 | 케이크 음식물 쓰레기인가요
클렌징오일,2,,,실측19차,클렌징오일 버리는법 | 클렌징오일 어떻게 버려요??
탈색약,2,,탈색약 (별칭 -> 염색약),기존 커버,탈색약 (별칭 -> 염색약)
탐폰,2,,,보류,탐폰 분리수거 | 탐폰 어떻게 버려요?
통고등어,2,상한,,실측19차,통고등어 분리수거 일반쓰레기인가요? | 상한 통고등어 어떻게버려요?
편의점 도시락 용기,2,,편의점 (시드),기존 커버,편의점 (시드)
편의점 알바,2,,편의점 (시드),기존 커버,편의점 (시드)
폐기물처리기사 문제,2,,,사업장,폐기물처리기사 문제 | 폐기물 처리기사 문제
폐기물처리산업기사 응시자격,2,,,사업장,폐기물처리산업기사 응시자격? | 폐기물처리산업기사 응시자격
폰충전기,2,,충전기,기존 커버,충전기
피아노,2,,피아노,기존 커버,피아노
하드커버 책,2,,하드 (별칭 -> 하드디스크),기존 커버,하드 (별칭 -> 하드디스크)
한문,2,,,노이즈,한문 버려도 되나요? | 한문 버려도되나요
합판,2,,,별칭 -> 폐목재,합판버리는법 | 합판 폐기물처리 질문
항아리,2,,항아리,기존 커버,항아리
핸드폰 배터리,2,,핸드폰 배터리 (별칭 -> 배터리),기존 커버,핸드폰 배터리 (별칭 -> 배터리)
햇반 용기,2,,햇반용기 (별칭 -> 즉석밥 용기),기존 커버,햇반용기 (별칭 -> 즉석밥 용기)
행거,2,,행거,기존 커버,행거
헌옷수거함에 옷 잘못넣었을때,2,,헌옷,기존 커버,헌옷
헌옷수거함에 옷을 잘못넣었어요,2,,헌옷,기존 커버,헌옷
형광등분리,2,,형광등,기존 커버,형광등
호떡,2,남은,,실측19차,남은 호떡 버리는 방법 | 호떡은 음식물 쓰레기인가요?
홍합껍질,2,,,별칭 -> 조개껍질,홍합껍질 일반쓰레기 인가요 음식물쓰레기 .... | 홍합껍질은음식물쓰레기인가요?
화이트보드,2,,,실측13차,화이트보드 대형폐기물 | 화이트 보드 어떻게 버려요???
화학,2,,,사업장,화학 폐기물 처리법 | 화학폐기물 처리방법
휴대폰,2,고장난,휴대폰,기존 커버,휴대폰
휴대폰 케이스,2,,휴대폰,기존 커버,휴대폰
09년생 이과 사탐,1,,,노이즈,09년생 이과 사탐 버려도 되나요?
1.폐건전지,1,,건전지,기존 커버,건전지
1구 인덕션,1,,,실측20차,인덕션
1마-2마 정도 되는 원단,1,안쓰는,,실측20차,원단
1인 좌식 소파,1,,소파,기존 커버,소파
1인용 전기장판,1,,전기장판,기존 커버,전기장판
1인용 좌식 쇼파,1,,쇼파 (별칭 -> 소파),기존 커버,쇼파 (별칭 -> 소파)
1톤,1,,,노이즈,1톤 폐기물 처리 비용
1톤폐기물처리비용 괜찮은 업체,1,,,노이즈,1톤폐기물처리비용 괜찮은 업체?
1회용믹스커피,1,,믹스커피 (별칭 -> 비닐),기존 커버,믹스커피 (별칭 -> 비닐)
2025 송파구,1,,,노이즈,2025 송파구 음식물쓰레기 정부지원 하나요?
2026년 분리수거 하는 날,1,,,노이즈,2026년 분리수거 하는 날
20리터 PET 녹색 담금주 통,1,,페트병,기존 커버,20리터 PET 녹색 담금주 통 재활용? 대형폐기물....
24년,1,,,노이즈,24년 분리수거 방법
"2단, 3단 우산",1,,우산,기존 커버,우산
2인용 미니 소파,1,,소파,기존 커버,소파
3년 입은 옷,1,,헌옷,기존 커버,3년 입은 옷 버려도 되나요?
3단우산,1,,우산,기존 커버,우산
3모 시험지,1,,,노이즈,3모 시험지 버려도 되나요?
3분카레 봉지,1,,비닐,기존 커버,3분카레 봉지 씻어서 비닐에 버리는건지
3월 모고,1,,,노이즈,3월 모고 버려도 되나요?
3인가족 종량제봉투값 한달 통상가격,1,,종량제봉투 (판정 총칭),기존 커버,종량제봉투 (판정 총칭)
40cm×50cm 나무판,1,,폐목재,기존 커버,40cm×50cm 나무판도 대형폐기물인가요?
50리터 종량제 봉투에 이불과 옷을,1,,종량제봉투 (판정 총칭),기존 커버,종량제봉투 (판정 총칭)
50센티황토쌀항아리,1,,항아리,기존 커버,항아리
5L짜리,1,,,노이즈,5L짜리 일반쓰레기 봉투 있나요
5단 1200 책장 폐기물 가격,1,,책장,기존 커버,책장
5리터 짜리 종량제 봉투를 넣으면,1,,종량제봉투 (판정 총칭),기존 커버,종량제봉투 (판정 총칭)
60×45cm 미니식탁,1,,식탁,기존 커버,식탁
60리터,1,,,노이즈,60리터 플라스틱 쓰레기통 대형폐기물
7평상가 철거,1,,상가 (판정 범위밖),기존 커버,상가 (판정 범위밖)
A4 파일,1,,클리어파일,기존 커버,A4 파일 분리수거 방법
A4용지 등,1,,종이,기존 커버,A4용지 등 종이류 분리수거는 어디다 하나요?
ABC 초콜릿 껍질,1,,초콜릿 (별칭 -> 과자),기존 커버,초콜릿 (별칭 -> 과자)
ABC초콜릿 포장지,1,,초콜릿 (별칭 -> 과자),기존 커버,초콜릿 (별칭 -> 과자)
CD플레이어,1,,CD,기존 커버,CD
CNC 가공하고 남는 금속찌꺼기,1,,금속 (별칭 -> 고철),기존 커버,금속 (별칭 -> 고철)
DDR3 재활용하고 싶은데 보드가,1,,,노이즈,DDR3 재활용하고 싶은데 보드가...
DVD 짭 그냥,1,,dvd (별칭 -> CD),기존 커버,dvd (별칭 -> CD)
GS25 수거함에 잘못 넣으면,1,,,노이즈,GS25 수거함에 잘못 넣으면 어떻게 되나요??
GS25 종량제봉투 가격 좀,1,,종량제봉투 (판정 총칭),기존 커버,종량제봉투 (판정 총칭)
GS일반택배를 반택,1,,택배 (판정 범위밖),기존 커버,택배 (판정 범위밖)
IQ집착,1,,,노이즈,IQ집착 버리는법 있나요
LDPE+종,1,,비닐,기존 커버,LDPE+종이 분리수거
LG 코드제로 먼지봉투,1,,,실측20차,먼지봉투
LP판이 이렇게 되어,1,,,노이즈,LP판이 이렇게 되어버려서 도와주세요
L자 파일,1,,L자 파일 (별칭 -> 클리어파일),기존 커버,L자 파일 (별칭 -> 클리어파일)
MRI 필름,1,,,보류,MRI 필름 분리수거?
Mdf합판 버리는곳,1,,,노이즈,Mdf합판 버리는곳
OK캐쉬백쿠폰을 모음판에 붙여,1,,,노이즈,OK캐쉬백쿠폰을 모음판에 붙여 수거함에 넣으....
OK캐쉬백쿠폰을다붙여서,1,,,노이즈,OK캐쉬백쿠폰을다붙여서수거함에넣었는데충....
Opp 필름,1,,비닐,기존 커버,Opp 필름 분리수거
PC 관련 각종 케이블 분리,1,,케이블 (별칭 -> 전선),기존 커버,케이블 (별칭 -> 전선)
PC 본체 이 상태로,1,,컴퓨터,기존 커버,PC 본체 이 상태로 버려도 될까요?
PC에 쓰는 각종 케이블,1,,케이블 (별칭 -> 전선),기존 커버,케이블 (별칭 -> 전선)
PE 스트레치필름,1,,비닐,기존 커버,PE 스트레치필름 분리수거
PET 라벨,1,,라벨 (별칭 -> 페트병),기존 커버,라벨 (별칭 -> 페트병)
PE상수도계량기함,1,,,보류,PE상수도계량기함 재활용 가능한가요?
PE지퍼백,1,,지퍼백 (별칭 -> 비닐),기존 커버,지퍼백 (별칭 -> 비닐)
Pvc 욕조는 쓰레기 봉투,1,,욕조 (별칭 -> 아기욕조),기존 커버,욕조 (별칭 -> 아기욕조)
Xt 25000 전담,1,,전자담배,기존 커버,Xt 25000 전담 버리는법 질문
a4지,1,사용한,종이,기존 커버,사용한 a4지 일반쓰레기인지 재활용인지
abc초콜릿,1,,초콜릿 (별칭 -> 과자),기존 커버,초콜릿 (별칭 -> 과자)
cd들 그낭,1,,CD,기존 커버,CD
iv 연습 후 나오는 의료,1,,주사기,기존 커버,iv 연습 후 나오는 의료폐기물 처리
kfc 치킨 뼈,1,,치킨뼈,기존 커버,치킨뼈
melamine 수지,1,,그릇,기존 커버,melamine 수지도 재활용이 되나요?
mp3고장난거,1,,,보류,mp3고장난거 어떻게버려요??
ncs 학습모듈 책,1,,,노이즈,ncs 학습모듈 책 버려도 되나요?
ok캐쉬백 다 모아서 쿠폰,1,,,노이즈,ok캐쉬백 다 모아서 쿠폰수거함에 넣었는데 ....
pcb 기판,1,,컴퓨터,기존 커버,pcb 기판 분리수거
pc케이스,1,,컴퓨터,기존 커버,pc케이스 어떻게 버려요?
pp푸대,1,,마대자루,기존 커버,pp푸대는 재활용이 되나요?
ps재질,1,,스티로폼,기존 커버,ps재질을 비닐류에 버려도 되나요?
pt병이랑 음료,1,,페트병,기존 커버,pt병이랑 음료캔 재활용
pt병재활용할때 어찌,1,,,노이즈,pt병재활용할때 어찌 버리면 되나요?
ssd카드,1,,SSD (별칭 -> 하드디스크),기존 커버,SSD (별칭 -> 하드디스크)
usb포트,1,,충전기,기존 커버,이거 usb포트 플라스틱 재활용에 버려도 되나....
“분리배출” 음운변동이 비음화 맞나요,1,,,노이즈,“분리배출” 음운변동이 비음화 맞나요?
ㅡ쓰레기,1,,,노이즈,ㅡ쓰레기버리는법
舍 버리다 되나요,1,,,노이즈,舍 버리다 되나요
가게 쓰던 가스버너,1,,가스버너 (별칭 -> 고철),기존 커버,가스버너 (별칭 -> 고철)
가구철거나 목재,1,,가구 (판정 총칭),기존 커버,가구 (판정 총칭)
가그린통,1,,화장품,기존 커버,가그린통 재활용해도 되나요?
가글,1,,약,기존 커버,가글 어떻게 버려요??????
가닥 속눈썹,1,,,실측20차,속눈썹
"가루, 액체 세제",1,,액체세제 (별칭 -> 세제),기존 커버,액체세제 (별칭 -> 세제)
가루약 그냥,1,,약,기존 커버,가루약 그냥 버려도 되나요?
가루약과 물약,1,유통기한 지난,물약 (별칭 -> 약),기존 커버,물약 (별칭 -> 약)
가루입욕제,1,,화장품,기존 커버,가루입욕제 버리는법
"가발은 재활용인가요, 일반인가요",1,,,노이즈,"가발은 재활용인가요, 일반인가요?"
가발이랑 옷,1,,헌옷,기존 커버,가발이랑 옷은 일반쓰레기 인가요?
가방 버리는 곳,1,,가방,기존 커버,가방
가스 버너 버릴려고 하는데,1,,가스버너 (별칭 -> 고철),기존 커버,가스버너 (별칭 -> 고철)
가스렌지,1,,가스렌지 (별칭 -> 가스레인지),기존 커버,가스렌지 (별칭 -> 가스레인지)
가스통,1,,가스통 (별칭 -> 부탄가스),기존 커버,가스통 (별칭 -> 부탄가스)
가습기,1,,가습기,기존 커버,가습기
가습기 물 하수구,1,,가습기,기존 커버,가습기
가시있는 통생선,1,,생선뼈,기존 커버,가시있는 통생선 음식물쓰레기인가요?
가전,1,,가전 (판정 가이드축),기존 커버,가전 (판정 가이드축)
가정에서 영업용,1,,,사업장,가정에서 영업용 종량제봉투 사용해서 버려....
가정용 가스버너? 이거,1,,가스버너 (별칭 -> 고철),기존 커버,가스버너 (별칭 -> 고철)
가정용 분리,1,,,절차,가정용 분리수거함 버리는 방법
가정용 분리수거하,1,,,절차,가정용 분리수거하는방법
가정집가구,1,,가구 (판정 총칭),기존 커버,가구 (판정 총칭)
가정폐기물처리 업체 있을까요,1,,,노이즈,가정폐기물처리 업체 있을까요?
가정폐기물처리 이사할 때,1,,,노이즈,가정폐기물처리 이사할 때 어떻게 하나요?
가족밥,1,,즉석밥 용기,기존 커버,가족밥재활용
가죽가방,1,,가죽가방 (별칭 -> 가방),기존 커버,가죽가방 (별칭 -> 가방)
가죽옷,1,,,실측19차,가죽옷 일반쓰레기에 버려도되나요?
가지,1,,감자껍질,기존 커버,가지는 음식물쓰레기인가요?
가축,1,,,보류,가축 폐기물 처리 장소
가평에가전제품버리는곳,1,,가전제품 (판정 가이드축),기존 커버,가전제품 (판정 가이드축)
각대봉투,1,,비닐,기존 커버,각대봉투에 음식물 쓰레기 버려도 될까요?
각종,1,,,노이즈,각종 재활용품 배출 방법이 궁금해요
각종 가루들,1,,밀가루,기존 커버,각종 가루들 버리는 방법
간장게장 껍질,1,,간장,기존 커버,간장
간장계란장,1,,간장,기존 커버,간장
간판,1,,간판 (판정 범위밖),기존 커버,간판 (판정 범위밖)
"갈비뼈, 족발뼈",1,,갈비뼈,기존 커버,갈비뼈
감귤 컵질,1,,귤껍질,기존 커버,감귤 컵질은 음식물 쓰레기 인가요??
감자,1,,감자껍질,기존 커버,감자는 음식물쓰레기인가요?
감자칩,1,,과자,기존 커버,감자칩 종이통(종이캔)은 어떻게 분리 배출하....
감자탕 남은거 어뜨케,1,,,노이즈,감자탕 남은거 어뜨케 버려요?
감자탕뼈,1,,,기존 커버,감자탕뼈 일반쓰레기인가요?
갑작스럽게 모든은행 압류되버리네요,1,,,노이즈,갑작스럽게 모든은행 압류되버리네요
강남,1,,,노이즈,강남 대형폐기물 배출
강냉이,1,,과자,기존 커버,강냉이 음식물 쓰레기인가요?
강동구 종량제봉투 판매소 위치,1,,종량제봉투 (판정 총칭),기존 커버,종량제봉투 (판정 총칭)
강력접착제 본드 분리,1,,접착제 (별칭 -> 페인트),기존 커버,접착제 (별칭 -> 페인트)
강릉시,1,,,지역,강릉시 분리배출방법
강아지 간식,1,,,실측20차,사료
강아지 대변패드판,1,,패드 (별칭 -> 이불),기존 커버,패드 (별칭 -> 이불)
강아지 배변봉투,1,,강아지 배변 (별칭 -> 강아지똥),기존 커버,강아지 배변 (별칭 -> 강아지똥)
강아지 배변판이 일반쓰레기인가요 분리,1,,강아지 배변 (별칭 -> 강아지똥),기존 커버,강아지 배변 (별칭 -> 강아지똥)
강아지 배변패드,1,,강아지 배변 (별칭 -> 강아지똥),기존 커버,강아지 배변 (별칭 -> 강아지똥)
강아지 배설물,1,,강아지똥,기존 커버,강아지 배설물 버리는 방법
강아지 슬라이드 계단,1,,,보류,강아지 슬라이드 계단 버리는법
강아지 외 사료,1,,,실측20차,사료
강아지 전동 이발기,1,,,보류,강아지 전동 이발기?? 재활용 쓰레기로 버려....
강아지당뇨주사기,1,,주사기,기존 커버,주사기
강아지변,1,,강아지똥,기존 커버,강아지변을 종량제 버려도 되나요
강아지집,1,,,보류,강아지집은 어떻게 버려요? (급해요
강아지털,1,,,실측20차,강아지털
강에다,1,나무,,노이즈,나무 강에다 버려도 되나요
강원도 동해시에서 저의 집,1,,,지역,강원도 동해시에서 저의 집의 음식물 쓰레기....
강원동 동송읍 주변 건설,1,,,지역,강원동 동송읍 주변 건설폐기물처리장
강윈도건설,1,,,지역,강윈도건설폐기물처리장
강화,1,,,노이즈,강화유리필름 일반쓰레기인가요?
강화도 폐기물 버리는곳,1,,,노이즈,강화도 폐기물 버리는곳
같은 빌라 입주세대가 공용화단,1,,,노이즈,같은 빌라 입주세대가 공용화단에 음식물쓰....
개 간식 개껌,1,,,실측20차,사료
개 사료,1,,,실측20차,사료
개근상으로 받는 요런거,1,,,노이즈,개근상으로 받는 요런거 어떻게 버려요
개봉하지않은 사탕,1,,사탕 (별칭 -> 과자),기존 커버,사탕 (별칭 -> 과자)
개인정보가 있,1,,파쇄종이,기존 커버,개인정보가 있는 종이류 분리수거종이함버릴....
개인정보담긴,1,,,실측20차,우편물
거래 포장지,1,중고,,실측20차,포장지
거실 조명 등 기구,1,,등기구 (별칭 -> LED등),기존 커버,등기구 (별칭 -> LED등)
거실등,1,,거실등 (별칭 -> LED등),기존 커버,거실등 (별칭 -> LED등)
거울 깨졌는데,1,,거울,기존 커버,거울
거울깨진것,1,,거울,기존 커버,거울
거위털 이불,1,,이불,기존 커버,이불
거치대,1,,,실측20차,거치대
건더기 없는 액상소스,1,,소스 (별칭 -> 간장),기존 커버,소스 (별칭 -> 간장)
건설공사현장 건설,1,,,사업장,건설공사현장 건설폐기물 처리
건어물,1,,,실측20차,건어물
건전지 케이스,1,,건전지,기존 커버,건전지
건조 카다이프,1,,밀가루,기존 커버,건조 카다이프 일반쓰레기 인가요?
건조된,1,,,노이즈,건조된 음식물쓰레기 배출 방법
건축,1,,,지역,건축폐기물 처리 관련
건축 자재인 ALC블럭,1,,,지역,건축 자재인 ALC블럭 폐기물 처리 방법
건축물 폐자재 버리는곳,1,,,노이즈,건축물 폐자재 버리는곳
건축시공시,1,,,지역,건축시공시 폐기물 처리
건축자재 재활용율이 얼마나 되나요,1,,,노이즈,건축자재 재활용율이 얼마나 되나요?
건축패자재 버리는곳,1,,,노이즈,건축패자재 버리는곳
"건톳 버리려는데 일반쓰레기인가요, 음",1,,,노이즈,"건톳 버리려는데 일반쓰레기인가요, 음"
건프라조립된거,1,,장난감,기존 커버,건프라조립된거 어떻게 버려요?
걸레,1,,,실측12차,걸레는 일반쓰레기인가요?
검은봉지,1,,비닐,기존 커버,검은봉지분리수거
검은봉지에다,1,,,노이즈,검은봉지에다가 음식물버려도 되나요??
검은색 곰팡이 김치,1,,김치,기존 커버,김치
겉면에 때가 묻,1,,,노이즈,겉면에 때가 묻은 스티로폼은 재활용 불가능....
게 12마리 사왔는데 톱밥,1,,톱밥,기존 커버,톱밥
게 껍질,1,,조개껍질,기존 커버,게 껍질은 일반쓰레기인가요?
게를 먹고나면 버리는건,1,,,노이즈,게를 먹고나면 버리는건 음식물쓰레기인가요....
게장 게딱지나 다리,1,,조개껍질,기존 커버,게장 게딱지나 다리는 어떻게 버려요?
겨울이불 버릴 때 종랑제,1,,겨울이불 (별칭 -> 이불),기존 커버,겨울이불 (별칭 -> 이불)
견과류,1,,,실측20차,견과류
경기,1,,,지역,경기도 폐기물 처리 업체
경기 광주 음식물쓰레기통 청소업체,1,,음식물쓰레기통 (별칭 -> 쓰레기통),기존 커버,음식물쓰레기통 (별칭 -> 쓰레기통)
경기 광주 폐목재 무료로 버리는곳,1,,폐목재,기존 커버,폐목재
경기도 안산시,1,,,지역,경기도 안산시 대형 폐기물 무상 수거
경기도 양주시 남면 폐건전지,1,,건전지,기존 커버,건전지
경기도오산,1,,,지역,경기도오산 음식물쓰레기 처리 방식
경남 진주 쓰레기,1,,,지역,경남 진주 쓰레기 버리는법
경산 옥곡동 쓰레기,1,,,지역,"경산 옥곡동 쓰레기,음식물 쓰레기, 재활용 ...."
경산 자인면,1,,,지역,경산 자인면 대형폐기물
경산시,1,,,지역,경산시 음식물쓰레기 종량제봉투 사용가능한....
경주 핵,1,,,지역,경주 핵폐기물 처리장
계란 껍질 버리는 곳,1,,계란껍질,기존 커버,계란껍질
계란 노른자 싱크대,1,,계란,기존 커버,계란 노른자 싱크대에 버려도 되나요??
계란 익히지도 않은 흰자,1,,계란,기존 커버,계란 익히지도 않은 흰자는 일반쓰레기인가....
계란 통,1,,계란판,기존 커버,계란 통.? 분리수거
계란거품,1,,계란,기존 커버,계란거품 어떻게 버려요??
계란곽,1,,,기존 커버,계란곽?? 분리수거
계란껍질 분리수거 방법은,1,,계란껍질,기존 커버,계란껍질
계란판 방음 스펀지,1,,계란판,기존 커버,계란판
계랸 껍질,1,,계란껍질,기존 커버,계랸 껍질은 일반 쓰레기 인가요?
계산3동영남 거주 / 폐선풍기,1,,선풍기,기존 커버,선풍기
계양구 페인트,1,,페인트,기존 커버,페인트
고1 1학기,1,,,노이즈,고1 1학기 버려도 되나요?
고1 9모 버려두되나요,1,,,노이즈,고1 9모 버려두되나요?
고1 교과서,1,,교과서 (별칭 -> 종이),기존 커버,교과서 (별칭 -> 종이)
고1 기,1,,,노이즈,고1 기가 버려도되나요
고1 한국사,1,,,노이즈,고1 한국사 버려도 되나요
고1 한문,1,,,노이즈,고1 한문 버려도 되나요?
고1성적표,1,,,노이즈,고1성적표 버려도 되나요?
고1인데 내신,1,,,노이즈,고1인데 내신 버려도 되나요?
고1인데 정보,1,,,노이즈,고1인데 정보 버려도 괜찮은가요?
고2 정시 출결,1,,,노이즈,고2 정시 출결 버려도 되나요
고3 2학기 수행,1,,,노이즈,고3 2학기 수행 버려도 되나요?
고3 세특,1,,,노이즈,고3 세특 버려도 되나요
고기,1,,,실측20차,고기
고기 돌풀판,1,,고철,기존 커버,고기 돌풀판 버리는 방법
고기 뼈,1,,갈비뼈,기존 커버,고기 뼈 어떻게 버려요?
고기 지방,1,,,실측20차,고기
고기굽는판 돌판 쓰레기,1,,,노이즈,고기굽는판 (돌판) 쓰레기 분리배출법
고기기름,1,,고기 기름 (별칭 -> 식용유),기존 커버,고기 기름 (별칭 -> 식용유)
고기에 뿌리는 후추,1,,후추 (별칭 -> 밀가루),기존 커버,후추 (별칭 -> 밀가루)
고깃집 고기,1,,,실측20차,고기
고데기랑 디지털체중계,1,,체중계,기존 커버,체중계
고등 음악,1,,,노이즈,고등 음악 버려도되나요?
고등학교 교과서,1,,교과서 (별칭 -> 종이),기존 커버,교과서 (별칭 -> 종이)
고등학교 예체능,1,,,노이즈,고등학교 예체능 버려도되나요??
고등학교 졸업장,1,,,노이즈,고등학교 졸업장 버려도 되나요?
고등학생 제2외국어,1,,,노이즈,고등학생 제2외국어 버려도 되나요
고딩이 종량제봉투 못 묶는 거,1,,종량제봉투 (판정 총칭),기존 커버,종량제봉투 (판정 총칭)
고무 실내화,1,,실내화 (별칭 -> 슬리퍼),기존 커버,실내화 (별칭 -> 슬리퍼)
고무딱지,1,,고무,기존 커버,고무
고무장갑,1,,고무장갑 (별칭 -> 고무),기존 커버,고무장갑 (별칭 -> 고무)
고무장갑 일반쓰레기에요 아님,1,,고무장갑 (별칭 -> 고무),기존 커버,고무장갑 (별칭 -> 고무)
고무장화,1,,고무장화 (별칭 -> 신발),기존 커버,고무장화 (별칭 -> 신발)
고무찰흙이랑 아이클레,1,,찰흙 (별칭 -> 장난감),기존 커버,찰흙 (별칭 -> 장난감)
고무팩 모델링팩,1,,고무,기존 커버,고무
고성군에서 생활폐기물 냉장고 등,1,,생활폐기물 (판정 총칭),기존 커버,생활폐기물 (판정 총칭)
고시원,1,,,절차,고시원 분리수거
고양시,1,,,지역,고양시 폐기물 처리장 알려주세요
고양이 두부모래 묻은 똥,1,,두부모래 (별칭 -> 고양이모래),기존 커버,두부모래 (별칭 -> 고양이모래)
고양이 모래,1,,고양이모래,기존 커버,고양이모래
고양이 사료는 음식물 쓰레기인가요 일,1,상한,음식물쓰레기 (판정 총칭),기존 커버,음식물쓰레기 (판정 총칭)
고양이 아무리 저급사료라,1,,,실측20차,사료
고양이 캣타워,1,,캣타워,기존 커버,캣타워
고양이 털 묻은 옷,1,,헌옷,기존 커버,고양이 털 묻은 옷 의류수거함에 넣어도 되나....
고양이 화장실,1,,고양이모래,기존 커버,고양이 화장실 버리는법
고유가 피해보상금으로 편의점,1,,편의점 (시드),기존 커버,편의점 (시드)
고인 옷을 찢거,1,,,노이즈,고인 옷을 찢거나 의류수거함에 넣거나
고인의옷신발등버리는곳있는지요,1,,신발,기존 커버,신발
고준위 핵폐기물 처리장 부지선정,1,,,노이즈,고준위 핵폐기물 처리장 부지선정에대해
고지서같은거,1,,,실측20차,우편물
고척현대우성아파트,1,,,지역,고척현대우성아파트 분리수거 배출 요일이 ....
고철 버리는 곳,1,,고철,기존 커버,고철
고철 쓰레기통 버리려는데,1,,쓰레기통,기존 커버,쓰레기통
고철 처리 쓰레기 이사,1,,고철,기존 커버,고철
고철 큰 제품,1,,고철,기존 커버,고철
"고철, 스치로폴 등",1,,고철,기존 커버,고철
"고철,매트릭스 쓰레기 스티커",1,,스티커 (별칭 -> 종이),기존 커버,스티커 (별칭 -> 종이)
"고철,폐구리 지정",1,,고철,기존 커버,고철
고철류 쓰레기,1,,고철류 (별칭 -> 고철),기존 커버,고철류 (별칭 -> 고철)
고체향수,1,,향수,기존 커버,향수
고추,1,썩은,감자껍질,기존 커버,썩은 고추 음식물쓰레기인가요?
"고추 꼭지는 음식물쓰레기인가요, 일반",1,,음식물쓰레기 (판정 총칭),기존 커버,음식물쓰레기 (판정 총칭)
고추부각,1,,과자,기존 커버,고추부각은 음식물쓰레기인가요 일반쓰레기....
고탄성스폰지 대량 버리는곳,1,,,노이즈,고탄성스폰지 대량 버리는곳 알려주세요
곡물 음식물쓰레기인가요? 일반쓰레,1,오래된,음식물쓰레기 (판정 총칭),기존 커버,음식물쓰레기 (판정 총칭)
골판지,1,,골판지 (별칭 -> 박스),기존 커버,골판지 (별칭 -> 박스)
골프채 폐기할 때 분리수거 대상인지,1,오래된,골프채,기존 커버,골프채
곰팡이 뭍은 데코타일,1,,데코타일 (별칭 -> 타일),기존 커버,데코타일 (별칭 -> 타일)
곰팡이난 식물,1,,,보류,곰팡이난 식물 어떻게 버려요??
공공장소,1,,,노이즈,공공장소 재활용 쓰레기 분리배출
공구들,1,,,노이즈,공구들도 재활용 쓰레기인가요?
공군 비행장,1,,,사업장,그리고 공군 비행장 재활용으로
공기놀이,1,,장난감,기존 커버,공기놀이 분리수거
공기청정기 필터요,1,,공기청정기 필터,기존 커버,공기청정기 필터
공동분리배출 이란 단어가 존재하나요,1,,,노이즈,공동분리배출 이란 단어가 존재하나요?
공부용 깜지 a4,1,,종이,기존 커버,공부용 깜지 a4 재활용
공사장 생활,1,,,사업장,공사장 생활폐기물 처리 방법 문의
공업용랩,1,,,실측20차,랩
공주 철거후,1,,,지역,공주 철거후폐기물버릴곳
공중화장실 쓰레기통,1,,쓰레기통,기존 커버,쓰레기통
공책 분리수거 할 때,1,,,노이즈,공책 분리수거 할 때
공책 철사,1,,고철,기존 커버,공책 철사 분리배출
공항에 소주병,1,,소주병 (별칭 -> 유리병),기존 커버,소주병 (별칭 -> 유리병)
공휴일,1,,,노이즈,공휴일 분리수거 하나요?
과발효 빵반죽,1,,반죽 (별칭 -> 밀가루),기존 커버,반죽 (별칭 -> 밀가루)
과일,1,,과일껍질,기존 커버,과일 분리수거 방법
과일 껍질하고 가재 꽃게 껍질 둘다,1,,과일껍질,기존 커버,과일껍질
과일껍질 채소 껍질 이런것들,1,,채소껍질 (별칭 -> 감자껍질),기존 커버,채소껍질 (별칭 -> 감자껍질)
과일난자,1,,과일껍질,기존 커버,과일난자는 일반쓰레기인가요?
과일심,1,,과일껍질,기존 커버,과일심은 음식물쓰레기인가요? 일반쓰레기인....
과자 상자,1,,과자,기존 커버,과자
과자같은건,1,,과자,기존 커버,과자
과자박스,1,,과자,기존 커버,과자
과자봉지 같은거 안,1,,과자봉지 (별칭 -> 비닐),기존 커버,과자봉지 (별칭 -> 비닐)
과자폐지,1,,과자,기존 커버,과자
과잠 헌옷,1,,헌옷,기존 커버,헌옷
과장 봉투 일리리 안씻고 봉지 모아서,1,,,노이즈,과장 봉투 일리리 안씻고 봉지 모아서 버려도....
과천 부림동,1,,,지역,과천 부림동 재활용 쓰레기
곽티슈 이거,1,,휴지심,기존 커버,곽티슈 이거 어디다 버리나요?
관악구 대형 폐기물 수거 시간,1,,대형 폐기물 (판정 총칭),기존 커버,대형 폐기물 (판정 총칭)
관악구 바나나껍질,1,,바나나껍질,기존 커버,바나나껍질
관악구 음식물쓰레기 봉투 편의점,1,,음식물쓰레기 (판정 총칭),기존 커버,음식물쓰레기 (판정 총칭)
관악구봉천동 대형폐기물 스티커 파는곳,1,,대형 폐기물 (판정 총칭),기존 커버,대형 폐기물 (판정 총칭)
광주 동구,1,,,지역,광주 동구 종량제봉투 파는곳 ㅠㅜ
광주 생활쓰레기 버려주는 곳,1,,,지역,광주 생활쓰레기 버려주는 곳
광주 서구 종량제 봉투를 남구,1,,종량제봉투 (판정 총칭),기존 커버,종량제봉투 (판정 총칭)
광주 서구인데 이불,1,,이불,기존 커버,이불
광주광역시,1,,,지역,광주광역시 음식물쓰레기봉투
"광주광역시 가구, 가전",1,,가전 (판정 가이드축),기존 커버,가전 (판정 가이드축)
광주광역시 남구,1,,,지역,광주광역시 남구 음식물쓰레기 배출 질문
광주광역시 동구,1,,,지역,광주광역시 동구 음식물쓰레기 배출요일
광주광역시북구 음식물쓰레기통 구매법,1,,음식물쓰레기통 (별칭 -> 쓰레기통),기존 커버,음식물쓰레기통 (별칭 -> 쓰레기통)
광주폐목재버리는곳,1,,폐목재,기존 커버,폐목재
광주폐오일버리는곳,1,,,노이즈,광주폐오일버리는곳
광진구,1,,,지역,광진구 대형 폐기물 신청 관련
광진구 대형 폐기물 스티커 부착 유무,1,,대형 폐기물 (판정 총칭),기존 커버,대형 폐기물 (판정 총칭)
광진구 소형 폐가전 수거함 가능 품목,1,,폐가전 (판정 가이드축),기존 커버,폐가전 (판정 가이드축)
광진구 중곡역 근처 헌옷,1,,헌옷,기존 커버,헌옷
괴정1동폐식용유버리는곳,1,,폐식용유 (별칭 -> 식용유),기존 커버,폐식용유 (별칭 -> 식용유)
교과서 종이버리는곳에 버리면 되죠,1,,교과서 (별칭 -> 종이),기존 커버,교과서 (별칭 -> 종이)
교과서 혹은 문제집,1,,문제집 (별칭 -> 책),기존 커버,문제집 (별칭 -> 책)
"교과서, 문제집, 연습장",1,,문제집 (별칭 -> 책),기존 커버,문제집 (별칭 -> 책)
교복,1,,,실측12차,교복버려도 되나요?
교복 헌옷,1,,헌옷,기존 커버,헌옷
교복도 헌옷,1,,헌옷,기존 커버,헌옷
교복옷걸이 분리,1,,옷걸이,기존 커버,옷걸이
교통카드,1,,교통카드 (별칭 -> 신용카드),기존 커버,교통카드 (별칭 -> 신용카드)
구겨지고 찢어진 종,1,,종이,기존 커버,구겨지고 찢어진 종이 재활용되나요
구겨진,1,,,노이즈,구겨진 종이도 재활용 되나요?
구겨진 종,1,,종이,기존 커버,구겨진 종이 분리수거 되나요?
구두 분리수거 방법 무엇일까요,1,,구두 (별칭 -> 신발),기존 커버,구두 (별칭 -> 신발)
구로공병버리는곳,1,,,노이즈,구로공병버리는곳
구로구,1,,,지역,구로구 대형폐기물 신고
구로구 원룸,1,,,지역,구로구 원룸 대형폐기물 수거
구루마 버리는.법,1,,,노이즈,구루마 버리는.법
구리선,1,,전선,기존 커버,구리선은 일반쓰레기인가요??
구리스 묻,1,,,노이즈,구리스 묻은 고철 폐기 방법?
구리테이프,1,,전선,기존 커버,구리테이프는 일반쓰레기 인가요?
구명조끼,1,,구명조끼,기존 커버,구명조끼
구미,1,,,지역,구미 대형폐기물 블라인드
구미 구평동,1,,,지역,구미 구평동 일반쓰레기 및 재활용품 버릴때
구미 폐기물 스티커 구입처,1,,스티커 (별칭 -> 종이),기존 커버,스티커 (별칭 -> 종이)
구미시 . 김치,1,,김치,기존 커버,김치
"구운 김은 음식물 쓰레기 인가요, 일",1,,음식물쓰레기 (판정 총칭),기존 커버,음식물쓰레기 (판정 총칭)
구청,1,,,지역,구청 대형폐기물 신고
구체적인 종,1,,종이,기존 커버,구체적인 종이 분리수거 방법
군고구마 껍질 버리는 곳,1,,고구마껍질 (별칭 -> 감자껍질),기존 커버,고구마껍질 (별칭 -> 감자껍질)
군대 밥,1,,,절차,군대 밥 버려도되나요?
군대 휴가증,1,,,절차,군대 휴가증 일반쓰레기로 버리면
군대 휴대폰 보안스티커,1,,휴대폰,기존 커버,휴대폰
군번줄,1,,고철,기존 커버,군번줄 버려도되나요
군복,1,,,실측13차,군복 버려도 되나요?
군산은 대형 폐기물 인터넷으로 못 하,1,,대형 폐기물 (판정 총칭),기존 커버,대형 폐기물 (판정 총칭)
굴비 대가리,1,,생선뼈,기존 커버,굴비 대가리 종량제 음식물쓰레기?
굿즈,1,,,실측19차,굿즈 버리는 법
귀리,1,,쌀,기존 커버,귀리 일반쓰레기 인가요???
귀신나오는 곳에 불질러,1,,,노이즈,귀신나오는 곳에 불질러버리면?
규조토 안부수고,1,,규조토 (별칭 -> 규조토 발매트),기존 커버,규조토 (별칭 -> 규조토 발매트)
귤 껍데기 바짝 말린 건,1,,귤껍질,기존 커버,귤 껍데기 바짝 말린 건 음식물 쓰레기인가요....
귤 말린거,1,,귤껍질,기존 커버,귤 말린거 음식물 쓰레기인가요?
귤 썩은 거,1,,귤껍질,기존 커버,귤 썩은 거 일반쓰레기
"귤,바나나껍질",1,,바나나껍질,기존 커버,바나나껍질
귤껍데기말리면,1,,귤껍질,기존 커버,귤껍데기말리면일반쓰레기인가요
귤껍질은 음식물 찌거기가 아닌가요,1,,귤껍질,기존 커버,귤껍질
귤껍질은 음식물쓰레기인가요? 춘천시,1,,음식물쓰레기 (판정 총칭),기존 커버,음식물쓰레기 (판정 총칭)
귤껍질이 음식물쓰레기가 아닌가요,1,,음식물쓰레기 (판정 총칭),기존 커버,음식물쓰레기 (판정 총칭)
귤컵질,1,,귤껍질,기존 커버,귤컵질도음식물쓰레기인가요
그라인더 양념통 분리,1,,반찬통,기존 커버,그라인더 양념통 분리배출방법 알려주세요.
그랜드 워커힐 비스타,1,,,지역,그랜드 워커힐 비스타 음식물 쓰레기 처리
그릭요거트,1,,음료,기존 커버,그릭요거트 일반쓰레기
그림노트,1,,노트 (별칭 -> 종이),기존 커버,노트 (별칭 -> 종이)
그립톡,1,,,실측20차,그립톡
그물망,1,,과일망,기존 커버,"그물망, 스티로폼 분리수거"
근데 뼈는 왜,1,,,노이즈,근데 뼈는 왜 일반 쓰레기에요?
글쓴,1,,,노이즈,글쓴종이 메모한종이 (파란봉투) 재활용 되나....
금속배트나 금속 커튼 봉,1,,커튼봉 (별칭 -> 커튼),기존 커버,커튼봉 (별칭 -> 커튼)
금이난 소주 잔,1,,소주잔 (별칭 -> 그릇),기존 커버,소주잔 (별칭 -> 그릇)
금정구,1,,,지역,금정구 대형폐기물 수거
금천구 사는데 가로 75cm 티비,1,,티비 (별칭 -> TV),기존 커버,티비 (별칭 -> TV)
급식 버리는곳에,1,,,노이즈,급식 버리는곳에
급함 보조배터리 팽창했는데,1,,보조배터리,기존 커버,보조배터리
급함! 대형폐기물 바퀴달린 의자,1,,대형 폐기물 (판정 총칭),기존 커버,대형 폐기물 (판정 총칭)
급합니다,1,,,노이즈,급합니다 종량제봉투 질문
급해 유,1,,,노이즈,급해 유... 버리는 법 좀..
급해요 습기제거제,1,,습기제거제,기존 커버,습기제거제
기가 한국사,1,,,노이즈,기가 한국사 버려도 되나요
기간 만료 ? 된 자격증,1,,,노이즈,기간 만료(?)된 자격증 어떻게 버려요?
기계,1,,,노이즈,기계 어떻게 버려요
기계부품,1,,,노이즈,기계부품은 어떻게 버려요???
기름걸레,1,,기름,기존 커버,기름
기름기,1,,기름,기존 커버,기름
기분 나쁜일 당했을때 감정,1,,,노이즈,기분 나쁜일 당했을때 감정 버리는법
기산에 폐,1,,,지역,기산에 폐고철수거함 있나요?
기타 버릴라그러는데,1,,,노이즈,기타 버릴라그러는데 대형폐기물 스티커
길가에 떨어진 나뭇닢분리,1,,,지역,길가에 떨어진 나뭇닢분리 배출방법 문의
길거리 재활용 쓰레기통 술병,1,,쓰레기통,기존 커버,쓰레기통
길거리의 종량제 봉투옆에 쓰레기를 투,1,,종량제봉투 (판정 총칭),기존 커버,종량제봉투 (판정 총칭)
김 방습제,1,,방습제 (별칭 -> 습기제거제),기존 커버,방습제 (별칭 -> 습기제거제)
김 습기제거제 분리수거 하는법,1,,습기제거제,기존 커버,습기제거제
김치는 음식물쓰레기가 아닌가요,1,,음식물쓰레기 (판정 총칭),기존 커버,음식물쓰레기 (판정 총칭)
김치통에 음식물쓰레기 스티커 붙이면,1,,음식물쓰레기 (판정 총칭),기존 커버,음식물쓰레기 (판정 총칭)
김포 공장,1,,,지역,김포 공장 폐기물 처리
김포2023년,1,,,지역,김포2023년종량제봉투가격
김해,1,,,지역,김해 종량제 봉투 100리터
김해 cu 편의점,1,,편의점 (시드),기존 커버,편의점 (시드)
김해 장유 고양이 모래,1,,고양이모래,기존 커버,고양이모래
김해시,1,,,지역,김해시 종량제봉투 가격
깊티 재활용하는 친구,1,,,노이즈,깊티 재활용하는 친구
깔대기,1,,그릇,기존 커버,깔대기 종이컵 재활용 가능한가요?
깨진그릇,1,,깨진그릇 (별칭 -> 그릇),기존 커버,깨진그릇 (별칭 -> 그릇)
깨진보조배터리,1,,보조배터리,기존 커버,보조배터리
깨진우리,1,,,지역,깨진우리 어떻게 버려요?
깻잎은 음식물쓰레기인가요 일반,1,,음식물쓰레기 (판정 총칭),기존 커버,음식물쓰레기 (판정 총칭)
껌 뱉은 휴지,1,,휴지심,기존 커버,껌 뱉은 휴지는 일반 쓰레기인가요?
껌은 어떤 쓰레기인가요,1,유통기한 지난,,노이즈,유통기한 지난 껌은 어떤 쓰레기인가요?
꼬막 껍데기,1,,조개껍질,기존 커버,꼬막 껍데기는 음식물 쓰레기인가요?
꼬막 버릴 때,1,상한,,노이즈,상한 꼬막 버릴 때 어떻게 버려요?
꽂게껍질,1,,조개껍질,기존 커버,꽂게껍질은 음식물쓰레기인가요
꽃게,1,,조개껍질,기존 커버,꽃게 일반쓰레기
꽃게 껍질,1,,,기존 커버,꽃게 껍질 재활용 되나요
꽃다발,1,,,실측20차,꽃다발
꽃바구니,1,,,실측20차,꽃다발
꽃신군복,1,,헌옷,기존 커버,꽃신군복 버리는 법
꿀병,1,,유리병,기존 커버,꿀병을 재활용 해도 되나요?
꿔바로우 소스 싱크대 하수구,1,,소스 (별칭 -> 간장),기존 커버,소스 (별칭 -> 간장)
끌차 분리,1,,핸드카트,기존 커버,끌차 분리배출 방법 알려주세요
나눈질문1 아몬드 초코볼,1,,,노이즈,[나눈질문1] 아몬드 초코볼 분리배출
나눈질문2,1,,,노이즈,[나눈질문2] 스티로폼 분리수거
나눈질문2 아몬드 초코볼,1,,,노이즈,[나눈질문2] 아몬드 초코볼 분리배출
나라에서는 음식물 쓰레기와 산업,1,,음식물쓰레기 (판정 총칭),기존 커버,음식물쓰레기 (판정 총칭)
나무,1,,,노이즈,나무 폐기물 처리 방법이 궁금합니다
나무도마,1,,나무도마 (별칭 -> 도마),기존 커버,나무도마 (별칭 -> 도마)
나무도마 버리는데 일반쓰레기인가요 재,1,,나무도마 (별칭 -> 도마),기존 커버,나무도마 (별칭 -> 도마)
나무빠렛트버리는곳,1,,,노이즈,나무빠렛트버리는곳
나무선반,1,,선반,기존 커버,선반
나무젓가락 껍데기,1,,나무젓가락,기존 커버,나무젓가락
나무젖가락,1,,나무젓가락,기존 커버,나무젖가락도 재활용 되나요
나무테두리인 블랙보드판은,1,,폐목재,기존 커버,나무테두리인 블랙보드판은 .재활용쓰레기 ....
나뭇가지,1,,나뭇가지,기존 커버,나뭇가지
나뭇잎 한웅큼,1,,낙엽,기존 커버,나뭇잎 한웅큼은 일반쓰레기?
나뭇잎같은 초록 잎들,1,,낙엽,기존 커버,나뭇잎같은 초록 잎들도 음식물 쓰레기인가....
나방 어뜨케 버려요?ㅠ,1,,,노이즈,나방 어뜨케 버려요?ㅠ
나이론 빗자루,1,,빗자루,기존 커버,빗자루
나태함,1,,,노이즈,나태함 버리는 법
낚시 밑밥은 음식물쓰레기가 아닌가요,1,,음식물쓰레기 (판정 총칭),기존 커버,음식물쓰레기 (판정 총칭)
낚시 봉돌,1,,,실측20차,낚시줄
낚시줄,1,,,실측20차,낚시줄
날짜가 오래되서,1,,,노이즈,날짜가 오래되서 버려야되나요
남양주 진접 가정집,1,,,지역,남양주 진접 가정집 폐기물 처리 문의드려요
남양주시,1,,,지역,남양주시 대형폐기물
남양주시 폐기물 버리는곳,1,,,지역,남양주시 폐기물 버리는곳
남의 집 앞,1,,,노이즈,남의 집 앞 대형폐기물
남이먹던 음료수,1,,음료,기존 커버,남이먹던 음료수 버려도 되나요?
남자에게 미련,1,,,노이즈,남자에게 미련을 버리는법
남자친구가 음식물쓰레기 덮어쓰는 꿈,1,,음식물쓰레기 (판정 총칭),기존 커버,음식물쓰레기 (판정 총칭)
낫또,1,,김치,기존 커버,낫또. 음식물쓰레기?
내공,1,,,노이즈,내공 어떻게 버려요
내부가 더러운 참치통조림,1,,통조림 (별칭 -> 참치캔),기존 커버,통조림 (별칭 -> 참치캔)
내신,1,,,노이즈,내신 버려도 되나요
내용물 있는 스프레이통,1,,스프레이 (별칭 -> 부탄가스),기존 커버,스프레이 (별칭 -> 부탄가스)
내용물이 든 화장품 용기,1,,화장품 용기 (별칭 -> 화장품),기존 커버,화장품 용기 (별칭 -> 화장품)
냄비버리는법뭐에요,1,,냄비,기존 커버,냄비
냄비와 솥은 재활용인가요? 쓰레기인가,1,,냄비,기존 커버,냄비
냉동떡,1,,밀가루,기존 커버,냉동떡은 음식물쓰레기 인가요?
냉동블루베리,1,,,실측20차,냉동식품
냉동식품 버릴때,1,,,실측20차,냉동식품
냉동식품 얼음팩 그냥,1,,,노이즈,냉동식품 얼음팩 그냥 배출 시 재활용 되나요....
냉동한 밥,1,,즉석밥 용기,기존 커버,냉동한 밥 일반쓰레기인가요 음식물 쓰레기....
냉면 사리 삶은 물 싱크대,1,,간장,기존 커버,냉면 사리 삶은 물 싱크대에 버려도 되나요?
냉이 다듬고 남은 것,1,,감자껍질,기존 커버,냉이 다듬고 남은 것은 음식물 쓰레기인가요?
너무 급해서,1,,,노이즈,너무 급해서 일반 쓰레기통에 음식물 버렷는....
너무시어버린김치깍두기,1,,김치,기존 커버,김치
네스프레소 버츄오 캡슐,1,,커피찌꺼기,기존 커버,네스프레소 버츄오 캡슐 분리배출
네일용 리무버 물에 희석해서,1,,리무버 (별칭 -> 매니큐어),기존 커버,리무버 (별칭 -> 매니큐어)
네일컬러,1,오래된,네일 (별칭 -> 매니큐어),기존 커버,네일 (별칭 -> 매니큐어)
네일팁 버리는 곳,1,,네일 (별칭 -> 매니큐어),기존 커버,네일 (별칭 -> 매니큐어)
네추럴 폼,1,,스티로폼,기존 커버,네추럴 폼 어떻게 버려요?
년도 지난,1,,,노이즈,년도 지난 종량제봉투?
노 맨즈 스카,1,,,노이즈,노 맨즈 스카이 폐기물 처리장
노세범,1,,,노이즈,노세범 어떻게 버려요?
노원구,1,,,지역,노원구 음식물 쓰레기 봉투
노원구 이사,1,,,지역,노원구 이사와폐기물처리를같이해주는업체
노트,1,,노트 (별칭 -> 종이),기존 커버,노트 (별칭 -> 종이)
노트북,1,,노트북,기존 커버,노트북
노트북 파우치,1,,노트북,기존 커버,노트북
녹슬고 부러진 고추 지지대들,1,,고철,기존 커버,녹슬고 부러진 고추 지지대들 어떻게 버려야 ....
녹천나무버리는곳,1,,,노이즈,녹천나무버리는곳
논술 준비하면 내신,1,,,노이즈,논술 준비하면 내신 버려도 되나요?
농약,1,,,실측20차,농약
농업용 쓰레기,1,,,노이즈,농업용 쓰레기 어떻게 분리배출하나요
농지에 있,1,,,사업장,농지에 있는 폐기물 처리 비용
누가핸드폰,1,,핸드폰 (별칭 -> 휴대폰),기존 커버,핸드폰 (별칭 -> 휴대폰)
누나 패,1,,,노이즈,누나 패버려도 되나요?
누들핏 라면,1,,컵라면,기존 커버,누들핏 라면 어떻게 버려요
뉴쥬스 이지바 일회용 팟,1,,전자담배,기존 커버,뉴쥬스 이지바 일회용 팟 분리수거
늘어난 반팔티는 헌옷,1,,헌옷,기존 커버,헌옷
늦게 씻고 나온다고 화장실 문을 떼,1,,,노이즈,늦게 씻고 나온다고 화장실 문을 떼 버리는 ....
니트릴 장갑 이런건,1,,니트릴장갑 (별칭 -> 고무),기존 커버,니트릴장갑 (별칭 -> 고무)
닌텐도3ds,1,,장난감,기존 커버,닌텐도3ds 재활용으로 버려도되나요?
님들 저 급해요 경기도 사는데,1,,,노이즈,님들 저 급해요 경기도 사는데 대형폐기물 스....
님들은 과자봉지,1,,과자봉지 (별칭 -> 비닐),기존 커버,과자봉지 (별칭 -> 비닐)
다 못먹은 갈비찜,1,,,실측20차,고기
다 탄 번개탄,1,,,실측20차,번개탄
다 헤진 옷,1,,헌옷,기존 커버,다 헤진 옷 어떻게 버려요?
다가구주택,1,,가구 (판정 총칭),기존 커버,가구 (판정 총칭)
다른,1,,,노이즈,다른 재활용을 종량제 봉투에
다먹은옥수수대,1,,옥수수대,기존 커버,옥수수대
다슬기,1,,조개껍질,기존 커버,다슬기 어떻게 버려요?(내공 400)
다시다가루,1,,밀가루,기존 커버,다시다가루 종량제에 버려야되나요?
다쓴건전지는 그냥,1,,건전지,기존 커버,건전지
다쓴치솔,1,,칫솔,기존 커버,다쓴치솔 재활용 되나요?
다쓴현수막버리는곳,1,,,노이즈,다쓴현수막버리는곳
다음 쓰레기들,1,,,노이즈,혹시 다음 쓰레기들은 어느 곳에 재활용해야 ....
다이소 LED거울,1,,다이소 (시드),기존 커버,다이소 (시드)
다이소 가발,1,,다이소 (시드),기존 커버,다이소 (시드)
다이소 고체물감,1,,다이소 (시드),기존 커버,다이소 (시드)
다이소 밀대 돌돌,1,,다이소 (시드),기존 커버,다이소 (시드)
다이소 방탄필름,1,,다이소 (시드),기존 커버,다이소 (시드)
다이소 배수구 뚫어뻥,1,,다이소 (시드),기존 커버,다이소 (시드)
다이소 속눈썹,1,,다이소 (시드),기존 커버,다이소 (시드)
다이소 알코올 스왑,1,,다이소 (시드),기존 커버,다이소 (시드)
다이소 양초컵,1,,다이소 (시드),기존 커버,다이소 (시드)
다이소 인형,1,,다이소 (시드),기존 커버,다이소 (시드)
다이소 포카 슬리브,1,,다이소 (시드),기존 커버,다이소 (시드)
다이소 향기미스트,1,,다이소 (시드),기존 커버,다이소 (시드)
다이소에 파는 탁상거울,1,,다이소 (시드),기존 커버,다이소 (시드)
다이소에 파는 홈실리콘 그런거,1,,실리콘,기존 커버,실리콘
다이슨 에어랩 상자,1,,에어랩 (별칭 -> 드라이기),기존 커버,에어랩 (별칭 -> 드라이기)
다진마늘,1,,감자껍질,기존 커버,다진마늘은 일반쓰레기인가요?
단무지,1,,김치,기존 커버,단무지가 일반 쓰레기인가요?
단무지 변기,1,,변기,기존 커버,변기
단백질쉐이크가루,1,,밀가루,기존 커버,단백질쉐이크가루는 음식물쓰레기인가요
단백질음료,1,,음료,기존 커버,단백질음료 버리는방법
단백질파우더,1,,밀가루,기존 커버,단백질파우더 음식물쓰레기인가요???
단열재,1,,,실측20차,단열재
달갈 껍질은 일반쓰레기 인가요? 음식,1,,,노이즈,달갈 껍질은 일반쓰레기 인가요? 음식
달갈껍데기,1,,계란껍질,기존 커버,달갈껍데기 분리배출
달걀,1,,,기존 커버,달걀은 음식물쓰레기 아닌가요?
달걀 포장끈 재활용 가능한가요? 불가,1,,포장끈 (별칭 -> 노끈),기존 커버,포장끈 (별칭 -> 노끈)
달걀껍질,1,,달걀 껍질 (별칭 -> 계란껍질),기존 커버,달걀 껍질 (별칭 -> 계란껍질)
달력,1,,,실측12차,달력분리수거
달성군,1,,,지역,달성군 대형폐기물
닭고기,1,,,실측20차,고기
닭껍질,1,,,실측20차,고기
닭발뼈,1,,,기존 커버,닭발뼈는 일반쓰레기인가요??
닭볶음탕,1,,,실측20차,고기
닭볶음탕 먹은 배달용기,1,,배달용기,기존 커버,배달용기
닭뼈 일반물쓰레기,1,,닭뼈 (별칭 -> 치킨뼈),기존 커버,닭뼈 (별칭 -> 치킨뼈)
담금주 버섯,1,,버섯,기존 커버,담금주 버섯 재활용
담금주 쓰레기 분리,1,,,노이즈,담금주 쓰레기 분리배출 질문이요
담라,1,,,노이즈,담라 일반쓰레기 인가요?
담배 버리는 곳,1,,,노이즈,담배 버리는 곳
담배 새갑,1,,은박지,기존 커버,담배 새갑 버려도 되나요?
담배갑일반,1,,담배갑 (별칭 -> 은박지),기존 커버,담배갑 (별칭 -> 은박지)
담배꽁초 모아두고,1,,,보류,담배꽁초 모아두고 어디다버려 종이류에
담배꽁초 버리는 거 신고,1,,,노이즈,담배꽁초 버리는 거 신고 어떻게 해요?
담배꽁초는 길바닥이 아닌,1,,,보류,"담배꽁초는 길바닥이 아닌, 수거함에 넣어주...."
담뱃갑,1,,담뱃갑 (별칭 -> 은박지),기존 커버,담뱃갑 (별칭 -> 은박지)
담양,1,,,노이즈,담양음식물쓰레기버리는곳
담요 버리는곳,1,,,노이즈,담요 버리는곳
당근,1,,감자껍질,기존 커버,당근 종량제 봉투 무료나눔
당근 껍질,1,,당근껍질 (별칭 -> 감자껍질),기존 커버,당근껍질 (별칭 -> 감자껍질)
당근 호박,1,,감자껍질,기존 커버,당근 호박 음식물 쓰레기인가요?
당근마켓,1,,,노이즈,당근마켓에서 종량제봉투 판매글
대구 달서구,1,,,지역,대구 달서구 대형폐기물 a4용지
대구 동구,1,,,지역,대구 동구 음식물쓰레기봉투
대구 동구 음식물쓰레기통 구매처,1,,음식물쓰레기통 (별칭 -> 쓰레기통),기존 커버,음식물쓰레기통 (별칭 -> 쓰레기통)
대구 동구 음식물쓰레기통 어디 파나요,1,,음식물쓰레기통 (별칭 -> 쓰레기통),기존 커버,음식물쓰레기통 (별칭 -> 쓰레기통)
대구 북구 산격동,1,,,지역,대구 북구 산격동 분리배출
대구 서구 음쓰 가루,1,,,지역,대구 서구 음쓰 가루 버리는법
대구 수성구 두산동,1,,구두 (별칭 -> 신발),기존 커버,구두 (별칭 -> 신발)
대구 유천동 분리,1,,,지역,대구 유천동 분리배출 스티커
대구 장농,1,,장농 (별칭 -> 장롱),기존 커버,장농 (별칭 -> 장롱)
대구 중구 삼덕동,1,,,지역,대구 중구 삼덕동 대형 폐기물 버리기
대구건축,1,,,지역,대구건축폐기물버리는곳
대구광역시 서구 쓰레기,1,,,지역,대구광역시 서구 쓰레기 종량제봉투 다른구....
대구나무버리는곳,1,,,노이즈,대구나무버리는곳
대구서구 오래된 라면,1,,,지역,대구서구 오래된 라면은 일반쓰레기?
대구시,1,,,지역,대구시 음식물 쓰레기 처리비용
대구중구청 바닥에 맥주,1,,,지역,대구중구청 바닥에 맥주 버려도 되나요?
대구지역,1,,,지역,대구지역 음식물 쓰레기통 질문
대구지역 전기포트,1,,전기포트 (별칭 -> 주전자),기존 커버,전기포트 (별칭 -> 주전자)
대나무 돗자리,1,,대나무돗자리 (별칭 -> 돗자리),기존 커버,대나무돗자리 (별칭 -> 돗자리)
대나무 카펫 버리는곳,1,,카펫 (별칭 -> 러그),기존 커버,카펫 (별칭 -> 러그)
대량 제습제 화장실 하수구,1,,제습제 (별칭 -> 습기제거제),기존 커버,제습제 (별칭 -> 습기제거제)
대변 똥 닦은 휴지,1,,휴지심,기존 커버,대변(똥)닦은 휴지 종량제봉투에 버려도되나....
대장균 배지,1,,,노이즈,대장균 배지 버리는법
대전 가정,1,,,지역,대전 가정폐기물 처리
대전 궁동,1,,,지역,대전 궁동 음식물쓰레기
대전 동구 비데,1,,비데,기존 커버,비데
대전 둔산동,1,,,지역,대전 둔산동 음식물쓰레기 스티커
대전 유성구 궁동,1,,,지역,대전 유성구 궁동 음식물 쓰레기
대전 유성구 복용동,1,,,지역,대전 유성구 복용동 음식물쓰레기통
대전 퀸 침대 버려주시는 곳 있나요,1,,침대,기존 커버,침대
대전 폐기물 처리후 보관이사업체,1,,,지역,대전 폐기물 처리후 보관이사업체
대전시용전동,1,,,지역,대전시용전동 재활용쓰레기내놓는날자
대파껍데기,1,,대파 (별칭 -> 감자껍질),기존 커버,대파 (별칭 -> 감자껍질)
"대형생활폐기물 가구, 가전제품 등",1,,생활폐기물 (판정 총칭),기존 커버,생활폐기물 (판정 총칭)
대형폐기물 가격표와 인터넷,1,,대형 폐기물 (판정 총칭),기존 커버,대형 폐기물 (판정 총칭)
"대형폐기물 냉장고,세탁기 이사날",1,,대형 폐기물 (판정 총칭),기존 커버,대형 폐기물 (판정 총칭)
대형폐기물 라꾸라꾸 침대 버릴려구요,1,,대형 폐기물 (판정 총칭),기존 커버,대형 폐기물 (판정 총칭)
대형폐기물 무료 무과금,1,,대형 폐기물 (판정 총칭),기존 커버,대형 폐기물 (판정 총칭)
대형폐기물 및 특수규격봉투,1,,대형 폐기물 (판정 총칭),기존 커버,대형 폐기물 (판정 총칭)
대형폐기물 배출 신청 절차,1,,대형 폐기물 (판정 총칭),기존 커버,대형 폐기물 (판정 총칭)
대형폐기물 배출신고에 대하여 절차,1,,대형 폐기물 (판정 총칭),기존 커버,대형 폐기물 (판정 총칭)
대형폐기물 배출신청할 때,1,,대형 폐기물 (판정 총칭),기존 커버,대형 폐기물 (판정 총칭)
대형폐기물 버리는데 선택지에 없어요,1,,대형 폐기물 (판정 총칭),기존 커버,대형 폐기물 (판정 총칭)
대형폐기물 버리는법 티비받침대 위,1,,대형 폐기물 (판정 총칭),기존 커버,대형 폐기물 (판정 총칭)
대형폐기물 비 맞으면 안 가져가나요,1,,대형 폐기물 (판정 총칭),기존 커버,대형 폐기물 (판정 총칭)
대형폐기물 수거 하는법,1,,대형 폐기물 (판정 총칭),기존 커버,대형 폐기물 (판정 총칭)
대형폐기물 스티커 다른 구,1,,대형 폐기물 (판정 총칭),기존 커버,대형 폐기물 (판정 총칭)
대형폐기물 스티커 붙여있는 물건,1,,대형 폐기물 (판정 총칭),기존 커버,대형 폐기물 (판정 총칭)
대형폐기물 스티커 살 때요,1,,대형 폐기물 (판정 총칭),기존 커버,대형 폐기물 (판정 총칭)
대형폐기물 스티커 없이 새벽,1,,대형 폐기물 (판정 총칭),기존 커버,대형 폐기물 (판정 총칭)
대형폐기물 스티커 재사용 가능,1,,대형 폐기물 (판정 총칭),기존 커버,대형 폐기물 (판정 총칭)
대형폐기물 스티커 질문있어요,1,,대형 폐기물 (판정 총칭),기존 커버,대형 폐기물 (판정 총칭)
대형폐기물 스티커만 부착해서,1,,대형 폐기물 (판정 총칭),기존 커버,대형 폐기물 (판정 총칭)
대형폐기물 신고 필증,1,,대형 폐기물 (판정 총칭),기존 커버,대형 폐기물 (판정 총칭)
대형폐기물 신청 후 수정 가능한가요,1,,대형 폐기물 (판정 총칭),기존 커버,대형 폐기물 (판정 총칭)
대형폐기물 온라인 신고 시스템 행거,1,,시스템행거 (별칭 -> 행거),기존 커버,시스템행거 (별칭 -> 행거)
대형폐기물 옷장 분해해서,1,,대형 폐기물 (판정 총칭),기존 커버,대형 폐기물 (판정 총칭)
대형폐기물 인터넷으로 신청 했는데요,1,,대형 폐기물 (판정 총칭),기존 커버,대형 폐기물 (판정 총칭)
대형폐기물 제기세트 1만원이 맞나요,1,,대형 폐기물 (판정 총칭),기존 커버,대형 폐기물 (판정 총칭)
대형폐기물 주워왔는데 괜찮을까요,1,,대형 폐기물 (판정 총칭),기존 커버,대형 폐기물 (판정 총칭)
대형폐기물 집앞 수거 가능한가요,1,,대형 폐기물 (판정 총칭),기존 커버,대형 폐기물 (판정 총칭)
대형폐기물 편의점 스티커,1,,대형 폐기물 (판정 총칭),기존 커버,대형 폐기물 (판정 총칭)
대형폐기물 품목 선택 문제,1,,대형 폐기물 (판정 총칭),기존 커버,대형 폐기물 (판정 총칭)
"대형폐기물, 폐가전제품",1,,폐가전제품 (판정 가이드축),기존 커버,폐가전제품 (판정 가이드축)
대형폐기물수거 비용,1,,대형 폐기물 (판정 총칭),기존 커버,대형 폐기물 (판정 총칭)
대형폐기물스키커 얼마인지 봐주세요,1,,대형 폐기물 (판정 총칭),기존 커버,대형 폐기물 (판정 총칭)
대형폐기물스티커 도난,1,,대형 폐기물 (판정 총칭),기존 커버,대형 폐기물 (판정 총칭)
대형폐기물스티커 질문입니다,1,,대형 폐기물 (판정 총칭),기존 커버,대형 폐기물 (판정 총칭)
대형폐기물처리스티커 편의점 구매후,1,,대형 폐기물 (판정 총칭),기존 커버,대형 폐기물 (판정 총칭)
댄디스 월드 물건 바닥,1,,,노이즈,댄디스 월드 물건 바닥에 버리는법 알려줘요....
댄스복,1,,헌옷,기존 커버,댄스복 분리수거 방법
더 이상 입을 수 없는 낡은옷,1,,헌옷,기존 커버,더 이상 입을 수 없는 낡은옷은 재활용쓰레기....
더덕 껍질,1,,감자껍질,기존 커버,더덕 껍질은 일반쓰레기인가요? 음식물 쓰레....
더러운,1,,,노이즈,"더러운 플라스틱이나 비닐, 재활용 되나요?"
더블,1,,,노이즈,더블 종량제 봉투 가능?
덜 쓴 화장품,1,,화장품,기존 커버,화장품
덤벨,1,,덤벨 (별칭 -> 아령),기존 커버,덤벨 (별칭 -> 아령)
데퓨져,1,,,실측20차,디퓨저
도넛 종,1,,코팅종이,기존 커버,도넛 종이 분리수거
도마,1,,도마,기존 커버,도마
도마뱀 새끼 주사기,1,,주사기,기존 커버,주사기
도서,1,,도서 (별칭 -> 책),기존 커버,도서 (별칭 -> 책)
도시가스 호스,1,,,보류,도시가스 호스는 일반쓰레기로 버려도 되나....
도시락,1,,,실측20차,도시락
도시락 유심,1,,,실측20차,유심
도어락,1,,,실측20차,도어락
도자기 유약,1,,도자기,기존 커버,도자기 유약 버리는 방법
도쿄,1,,,노이즈,도쿄 분리수거
도패풀,1,,,노이즈,도패풀은 일반쓰레기인가요? 음식물 쓰레기....
독서대,1,,,실측20차,독서대
독서실책상 그냥,1,,책상,기존 커버,책상
돈벌레 버리는 방법 아ㅏㄹ려주세료,1,,,노이즈,돈벌레 버리는 방법 아ㅏㄹ려주세료
돋보기,1,,,실측19차,돋보기는 어떻게 버려요?
돌돌이 테이프,1,,,실측20차,테이프
돌맹이,1,,타일,기존 커버,돌맹이 버리는법
돗자리,1,,돗자리,기존 커버,돗자리
동대문구 5리터,1,,,지역,동대문구 5리터 종량제봉투 파는곳
동대문구 다이소 빨래건조대 그냥,1,,빨래건조대,기존 커버,빨래건조대
동대문구 타지역,1,,,지역,동대문구 타지역 종량제봉투
동래구 음식물 쓰레기 수거 업체,1,,음식물쓰레기 (판정 총칭),기존 커버,음식물쓰레기 (판정 총칭)
동물 뼈,1,,갈비뼈,기존 커버,동물 뼈 일반쓰레기인가요?
동물농장 에서동물,1,,,노이즈,동물농장 에서동물어떻게버려요
동물사료,1,,,실측17차,동물사료 일반쓰레기?
동작구 상도동 소형 폐가전제품,1,,폐가전제품 (판정 가이드축),기존 커버,폐가전제품 (판정 가이드축)
동작구 이불,1,,이불,기존 커버,이불
동전 버리는곳,1,,,노이즈,동전 버리는곳
동태뼈,1,,생선뼈,기존 커버,동태뼈는 재활용이 되나요?
돼지갈비 남은양념,1,,간장,기존 커버,돼지갈비 남은양념 재활용해도되나요?
돼지기름 굳은건,1,,돼지기름 (별칭 -> 식용유),기존 커버,돼지기름 (별칭 -> 식용유)
돼지기름 페트병에 모아서,1,,돼지기름 (별칭 -> 식용유),기존 커버,돼지기름 (별칭 -> 식용유)
돼지나 소뼈 같은 뼈들,1,,갈비뼈,기존 커버,돼지나 소뼈 같은 뼈들은 음식물 쓰레기인가....
된장,1,,된장 (시드),기존 커버,된장 (시드)
된장 고추장,1,,된장 고추장,기존 커버,된장 고추장
된장찌개에 들어간 조개껍데기,1,,된장 (시드),기존 커버,된장 (시드)
두꺼운 앨범,1,,앨범,기존 커버,앨범
두끼,1,,,노이즈,두끼 음식물 버리는곳
두끼에서 국물 버리는 곳,1,,,노이즈,두끼에서 국물 버리는 곳
두리안 껍질,1,,과일껍질,기존 커버,두리안 껍질 버리는법
두부모레,1,,,노이즈,두부모레도 일반 쓰레기인가영
두유팩 1리터인데 쓰레기버릴때,1,,두유팩 (별칭 -> 멸균팩),기존 커버,두유팩 (별칭 -> 멸균팩)
드라이아이스,1,,,실측20차,드라이아이스
드라잉타월,1,,수건,기존 커버,드라잉타월 일반쓰레기 넣음되나연?
드럼 악기,1,,악기 (별칭 -> 바이올린),기존 커버,악기 (별칭 -> 바이올린)
드림캐쳐,1,,,보류,드림캐쳐 버려도 되나요?
들기름,1,,기름,기존 커버,기름
등뼈버리는곳,1,,,노이즈,등뼈버리는곳
등신대,1,,,보류,등신대 어떻게 버려요?
디지털 기기 연결 전선,1,,전선,기존 커버,전선
디퓨저,1,,디퓨저 (별칭 -> 습기제거제),기존 커버,디퓨저 (별칭 -> 습기제거제)
디퓨저 들어간 쌀,1,,디퓨저 (별칭 -> 습기제거제),기존 커버,디퓨저 (별칭 -> 습기제거제)
디퓨져,1,,,실측20차,디퓨저
딸기 꼭지 음식물쓰레기인가요 인터넷,1,,음식물쓰레기 (판정 총칭),기존 커버,음식물쓰레기 (판정 총칭)
딸이면 대충키우고,1,,,노이즈,딸이면 대충키우고 버려야 되나요?
땅콩,1,,,실측20차,견과류
떡 그냥,1,,,노이즈,떡 그냥 버려도 되나요?
떡 버리는 곳,1,곰팡이 핀,,노이즈,곰팡이 핀 떡 버리는 곳
떡볶이 국물 세면대,1,,세면대,기존 커버,세면대
떡볶이 용기,1,,배달용기,기존 커버,떡볶이 용기 어떻게 버려요??
떡볶이소스버리는법 음쓰인가요,1,,소스 (별칭 -> 간장),기존 커버,소스 (별칭 -> 간장)
떡할 쌀을 씻는데 물을 버리다보니 쌀,1,,,노이즈,떡할 쌀을 씻는데 물을 버리다보니 쌀
똥 싼 팬티,1,,팬티 (별칭 -> 속옷),기존 커버,팬티 (별칭 -> 속옷)
뚜껑,1,,페트병,기존 커버,뚜껑 분리수거
뚜껑있,1,,,노이즈,뚜껑있는 캔커피 재활용 자주해도되나요?
뚝배기 깨진거,1,,뚝배기 (별칭 -> 그릇),기존 커버,뚝배기 (별칭 -> 그릇)
뚝배기그릇버리는법 정확히,1,,뚝배기 (별칭 -> 그릇),기존 커버,뚝배기 (별칭 -> 그릇)
뚝섬한강공원 음식물쓰레기 버리는 곳,1,,음식물쓰레기 (판정 총칭),기존 커버,음식물쓰레기 (판정 총칭)
뚫어뻥은 버릴때,1,,,노이즈,뚫어뻥은 버릴때 일반쓰레기인가요?
뜨개실,1,,,실측20차,털실
뜨개실은,1,,,노이즈,뜨개실은... 일반쓰레기인가요?
뜯어낸 컴퓨터 부품,1,,컴퓨터,기존 커버,컴퓨터
라디오 그냥,1,,,노이즈,라디오 그냥 버려도 되나요
라면,1,,컵라면,기존 커버,라면 비닐 스프 비닐 씻어서 버리나요?
라면 국물,1,,라면국물 (별칭 -> 컵라면),기존 커버,라면국물 (별칭 -> 컵라면)
라면 변기,1,,변기,기존 커버,변기
라면 부스러기나 라면,1,,컵라면,기존 커버,라면 부스러기나 라면은 음식물 쓰레기인가....
라면봉투,1,,비닐,기존 커버,라면봉투 씻어서 버려야하나요?
라면스프,1,,,실측17차,라면스프분리수거
라면이나 과자같은거,1,,과자,기존 커버,과자
라면컵,1,,컵라면,기존 커버,라면컵은 일반쓰레기인가요?
라이스페이퍼,1,,밀가루,기존 커버,라이스페이퍼는 음식물쓰레기인가요일반쓰....
라이타,1,,라이터,기존 커버,라이타는 일반쓰레기로 버려야 되나요???
라이터 고장난건,1,,라이터,기존 커버,라이터
"라이터, 전자기기",1,,라이터,기존 커버,라이터
라이트박스 LED,1,,led (시드),기존 커버,led (시드)
라이트스틱 컬러스틱,1,,장난감,기존 커버,라이트스틱(컬러스틱) 분리배출
라탄 바구니,1,,,보류,라탄 바구니 분리수거
라탄바구니를 버리려는데,1,,,노이즈,라탄바구니를 버리려는데 일반쓰레기인가요?
라텍스 분리수거 방법은 무엇인가요,1,,,노이즈,라텍스 분리수거 방법은 무엇인가요?
라텍스&메모리폼 베개,1,,메모리폼 베개 (별칭 -> 베개),기존 커버,메모리폼 베개 (별칭 -> 베개)
락스,1,,락스,기존 커버,락스
락스통,1,,락스통 (별칭 -> 락스),기존 커버,락스통 (별칭 -> 락스)
락앤락 보냉백,1,,보냉백,기존 커버,보냉백
랜선 랜케이블,1,,케이블 (별칭 -> 전선),기존 커버,케이블 (별칭 -> 전선)
램카드,1,,카드 (별칭 -> 신용카드),기존 커버,카드 (별칭 -> 신용카드)
러그랑 이불,1,,이불,기존 커버,이불
레고 버리는 곳,1,,,노이즈,레고 버리는 곳
"레고, 나노블럭",1,,장난감,기존 커버,"레고, 나노블럭 재활용인가요 종량제인가요"
"레몬,바나나껍질",1,,바나나껍질,기존 커버,바나나껍질
레몬껍질,1,,과일껍질,기존 커버,레몬껍질 어떻게 버려요?
레진,1,,,실측12차,레진 어떻게 버려요?!
레진 조색제,1,,,보류,레진 조색제 버리는 방법
렌즈 끼고 씻엇는데,1,,렌즈,기존 커버,렌즈
렌즈통에 있는 집게,1,,렌즈,기존 커버,렌즈
로션,1,,화장품,기존 커버,로션 어떻게 버려요?
로션통,1,,화장품,기존 커버,로션통분리배출 방법
롤 템,1,,,노이즈,롤 템 어떻게 버려요?
롤러브레이드,1,,,노이즈,롤러브레이드는 재활용 플라스틱에 버리
롤빗 당장 버리는게 낫나요,1,,,노이즈,이 롤빗 당장 버리는게 낫나요?
롯데리아,1,,종이컵,기존 커버,롯데리아 음식물 버리는곳
롯데월드 음식 버리는 곳,1,,,노이즈,롯데월드 음식 버리는 곳 어디에요
롱 티스푼,1,플라스틱,수저,기존 커버,플라스틱 롱 티스푼은 플라스틱에 분리배출....
롱부츠,1,,부츠 (별칭 -> 신발),기존 커버,부츠 (별칭 -> 신발)
롱패딩,1,,헌옷,기존 커버,롱패딩은 어떻게버려야하나요?
루미놀 용액 버리는 곳,1,,,노이즈,루미놀 용액 버리는 곳
리빙박스,1,,리빙박스,기존 커버,리빙박스
리튬 건전지,1,,건전지,기존 커버,건전지
리튬이온배터리 분리,1,,배터리,기존 커버,배터리
린코 젤리박스 액상 막는 곳 실리콘,1,,실리콘,기존 커버,실리콘
릴 3.0 카트리지 버리는곳,1,,카트리지 (별칭 -> 잉크카트리지),기존 커버,카트리지 (별칭 -> 잉크카트리지)
릴 하이브리드 연초,1,,전자담배,기존 커버,릴 하이브리드 연초 재활용
립밤,1,,,실측19차,립밤은 어떻게 버려요?
마늘 알,1,,감자껍질,기존 커버,마늘 알 은 일반 쓰레기에 버려도 되나요?
마늘껍질,1,,감자껍질,기존 커버,마늘껍질은 음식물 쓰레기 인가요?
마늘꼭지,1,,감자껍질,기존 커버,마늘꼭지 일반쓰레기인가요? 음식물쓰레기인....
마늘의 줄기는 음식물 쓰레기인가요 그,1,,음식물쓰레기 (판정 총칭),기존 커버,음식물쓰레기 (판정 총칭)
마늘장아찌,1,,김치,기존 커버,마늘장아찌 음식물 쓰레기인가요/.????
마늘쫑 윗부분,1,,감자껍질,기존 커버,마늘쫑 윗부분은 음식물 쓰레기인가요?
마두동형광등버리는곳,1,,형광등,기존 커버,형광등
마라탕 국물,1,,간장,기존 커버,마라탕 국물 음식물쓰레기
마라탕 변기,1,,변기,기존 커버,변기
마라탕 찌꺼기 일쓰로,1,,간장,기존 커버,마라탕 찌꺼기 일쓰로 버려도 되나요
마른 누룽지,1,,누룽지 (별칭 -> 쌀),기존 커버,누룽지 (별칭 -> 쌀)
마른 채소,1,,감자껍질,기존 커버,마른 채소는 일반쓰레기?
마분지,1,,종이,기존 커버,마분지는 종이류인가요? 일반쓰레기인가요?
마사지건,1,,아령,기존 커버,마사지건 어떻게 버려요??
마사지기,1,소형,,실측17차,소형 마사지기 버리는법
마사지오일,1,,화장품,기존 커버,마사지오일 버리는법
마스크,1,,마스크,기존 커버,마스크
마스크 몇번까지,1,,마스크,기존 커버,마스크
마스크 유통기한지나면 다,1,,마스크,기존 커버,마스크
마스크 포장지,1,,마스크,기존 커버,마스크
마스크는 어떤봉투에 분리배출해야 하나,1,,마스크,기존 커버,마스크
마스크는 일반 쓰레기인가요 의료,1,,마스크,기존 커버,마스크
마스크도 혹시,1,,마스크,기존 커버,마스크
마스킹 테이프,1,안 쓴,마스킹테이프 (별칭 -> 종이),기존 커버,마스킹테이프 (별칭 -> 종이)
마시멜로우,1,,과자,기존 커버,마시멜로우는 음식물쓰레기로 버려야 하나요....
마요네즈통같은것,1,,페트병,기존 커버,마요네즈통같은것도 재활용인가요??
마우스,1,,마우스 (별칭 -> 키보드),기존 커버,마우스 (별칭 -> 키보드)
마우스 스프레,1,,마우스 (별칭 -> 키보드),기존 커버,마우스 (별칭 -> 키보드)
마이크선,1,,전선,기존 커버,마이크선은 어떻게 버려요?
마카 그냥,1,,,노이즈,마카 그냥 버려도 되나요?
마크 0.15.0 렐름 지워,1,,,노이즈,마크 0.15.0 렐름 지워 버리는법
마크 물건,1,,,노이즈,마크 물건 버리는법
마크 앵무새,1,,,노이즈,마크 앵무새 버리는법
마크pe 왼손에 지,1,,,노이즈,마크pe 왼손에 지도어떻게 버려요
마트에서 봉투 대신,1,,비닐,기존 커버,마트에서 봉투 대신 종량제봉투 낱개
마트에서 종량제봉투를 사는데. 1인당,1,,종량제봉투 (판정 총칭),기존 커버,종량제봉투 (판정 총칭)
마포구,1,,,지역,마포구 음식물쓰레기 배출 질문
마포구 음식점,1,,,지역,마포구 음식점 음식물 쓰레기 처리 방법
마포구 재활용 쓰레기 봉투 사용,1,,,지역,마포구 재활용 쓰레기 봉투 사용
만두,1,,,실측19차,만두 스티로폼 분리수거
만약 폐기물 업체에 그전에 어디서,1,,,노이즈,만약 폐기물 업체에 그전에 어디서 분리 배출....
만약네 이사하면,1,,,지역,"만약네 이사하면 분리수거,일반쓰레기비우고...."
만화책 못버리게 하는법,1,,만화책 (별칭 -> 책),기존 커버,만화책 (별칭 -> 책)
말라버린 식물 살리는 방법이 있나요,1,,,보류,말라버린 식물 살리는 방법이 있나요?
말린고사리,1,,감자껍질,기존 커버,말린고사리는 음식물쓰레기? 일반쓰레기인가....
맛없으면,1,,,지역,맛없으면 폐기물 처리되는걸까요?
망고 뼈,1,,복숭아씨,기존 커버,망고 뼈 일반쓰레기
망고씨 버리는 방법이요,1,,망고씨 (별칭 -> 복숭아씨),기존 커버,망고씨 (별칭 -> 복숭아씨)
망원동 쓰레기,1,,,노이즈,망원동 쓰레기 배출
매교동,1,,,지역,매교동 스티로폼 분리수거
매니큐어 버릴건데 일반쓰레기인가요 아,1,,매니큐어,기존 커버,매니큐어
매립용 종량제 봉투와 소각용,1,,종량제봉투 (판정 총칭),기존 커버,종량제봉투 (판정 총칭)
매실액기스에서 건져낸 매실,1,,매실액 (별칭 -> 간장),기존 커버,매실액 (별칭 -> 간장)
매실주담고남은매실,1,,매실주 (별칭 -> 간장),기존 커버,매실주 (별칭 -> 간장)
매실청 거른매실,1,,매실청 (별칭 -> 간장),기존 커버,매실청 (별칭 -> 간장)
매우급함 톱밥,1,,톱밥,기존 커버,톱밥
매운족발 음식물 쓰레기로 버릴 때,1,,음식물쓰레기 (판정 총칭),기존 커버,음식물쓰레기 (판정 총칭)
매직/물감으로 꾸민 페트병 분리,1,,페트병,기존 커버,페트병
매트리스 그냥,1,,매트리스,기존 커버,매트리스
매트리스 분리수거 방법은 어떤가요,1,,매트리스,기존 커버,매트리스
매트리스 지지대,1,,매트리스,기존 커버,매트리스
맥도날드 배달 용기들,1,,배달용기,기존 커버,배달용기
맥주 쿨러백 버릴때,1,,쿨러백 (별칭 -> 보냉백),기존 커버,쿨러백 (별칭 -> 보냉백)
맹독극물,1,,,사업장,맹독극물 폐기물 처리 방법
머리카락 버리는곳,1,,머리카락 (별칭 -> 청소기),기존 커버,머리카락 (별칭 -> 청소기)
머리카락 버리면 안되는이유,1,,머리카락 (별칭 -> 청소기),기존 커버,머리카락 (별칭 -> 청소기)
머리카락도 일반 쓰레기인가요? 화장실,1,,머리카락 (별칭 -> 청소기),기존 커버,머리카락 (별칭 -> 청소기)
먹는 꿀화분,1,,화분,기존 커버,화분
먹다버린 능금 볼 수 있는 곳 좀,1,,,노이즈,먹다버린 능금 볼 수 있는 곳 좀 알려주세요
먹물,1,,,실측20차,벼루
먹지 않은 냉동닭,1,,,실측20차,냉동식품
멀쩡한 고기를 왜,1,,,노이즈,멀쩡한 고기를 왜 음식물쓰레기로 만드는지 ....
멀티탭,1,,멀티탭,기존 커버,멀티탭
멀티탭 전선이 녹았는데,1,,멀티탭,기존 커버,멀티탭
메가커피 컵,1,,종이컵,기존 커버,메가커피 컵 재활용
메모지,1,,,실측16차,메모지는 종이류에 버리나요?종량제 봉투에 ....
메이크업 박스,1,,박스,기존 커버,박스
메이플스토리 아이템,1,,,노이즈,메이플스토리 아이템 어떻게 버려요?
메이플스토리 탈,1,,,노이즈,메이플스토리 탈 어떻게 버려요
메피폼,1,,,보류,메피폼 재활용 가능한가요??
멜라민 수지 그릇,1,,그릇,기존 커버,그릇
멜라민그릇,1,,그릇,기존 커버,그릇
멜로디언,1,,,실측12차,멜로디언 분리수거
멜론 껍질,1,,멜론껍질 (별칭 -> 과일껍질),기존 커버,멜론껍질 (별칭 -> 과일껍질)
"멜론 껍질은 음식물 쓰레기인가요, 일",1,,음식물쓰레기 (판정 총칭),기존 커버,음식물쓰레기 (판정 총칭)
면도 쉐이빙통,1,,화장품,기존 커버,면도 쉐이빙통 어떻게 버려요??
면도날,1,,식칼,기존 커버,면도날 분리수거
면목4동,1,,,지역,면목4동 재활용 쓰레기버리는날
멸균팩,1,,멸균팩,기존 커버,멸균팩
멸균팩은 우유팩,1,,멸균팩,기존 커버,멸균팩
멸치 머리,1,,생선뼈,기존 커버,멸치 머리가 음식물쓰레기인가요?
멸치똥,1,,생선뼈,기존 커버,멸치똥은 음식물쓰레기인가요? 일반쓰레기인....
멸치육수팩,1,,티백,기존 커버,멸치육수팩은 음식물쓰레기인가요?
명일동형광등버리는곳,1,,형광등,기존 커버,형광등
명절에 먹고 남은 음식,1,,,보류,명절에 먹고 남은 음식 재활용?
모기장,1,,모기장,기존 커버,모기장
모니터 그냥,1,,모니터,기존 커버,모니터
모니터 여기다,1,,모니터,기존 커버,모니터
모니터암,1,,모니터,기존 커버,모니터
모니터에 있,1,,모니터,기존 커버,모니터
모동숲,1,,,노이즈,모동숲 재활용품함
모든 부위,1,,,노이즈,모든 부위 재활용 되나요?
모래,1,,고양이모래,기존 커버,모래 폐기물 처리
모루,1,,,노이즈,모루 분리수거
모스모팔로,1,,,노이즈,모스모팔로 어떻게 버려요?
모의고사,1,,,노이즈,모의고사 버려도 되나요ㅠㅜ
모자,1,,모자,기존 커버,모자
모텔 1회용 비누,1,,,실측20차,비누
목3동 전구 버리는 곳,1,,전구,기존 커버,전구
목견인기,1,,,보류,목견인기 분리수거 방법
목도리,1,,,실측12차,목도리 분리수거방법
목도리 뜨게 헌옷,1,,헌옷,기존 커버,헌옷
목발,1,,,실측11차,목발버리는법
목에자꾸,1,,,노이즈,목에자꾸 음식물걸려요
목재,1,,,기존 커버,목재 폐기물 처리
목재쓰레기,1,,목재 쓰레기 (별칭 -> 폐목재),기존 커버,목재 쓰레기 (별칭 -> 폐목재)
목재책상버리는곳,1,,책상,기존 커버,책상
목포,1,,,지역,목포 재활용쓰레기 버리는 법
목포 원룸,1,,,지역,목포 원룸 음식물쓰레기
못쓰는칼,1,,식칼,기존 커버,못쓰는칼 어떻게 버려요?
못입는 옷들,1,,헌옷,기존 커버,못입는 옷들 어떻게 버려요?
못입는옷 헌옷,1,,헌옷,기존 커버,헌옷
무고한사람을카드캡터같은곳에넣어버리는애,1,,카드 (별칭 -> 신용카드),기존 커버,카드 (별칭 -> 신용카드)
무김치가 색깔이 까무잡잡한데,1,오래된,김치,기존 커버,김치
무상급식 거지같은 쓰레기제도 아닌가요,1,,,노이즈,무상급식 거지같은 쓰레기제도 아닌가요?
무선 이어폰,1,고장난,무선이어폰 (별칭 -> 이어폰),기존 커버,무선이어폰 (별칭 -> 이어폰)
무스탕 헌옷,1,,헌옷,기존 커버,헌옷
무잎파리가 음식물쓰레기가 아닌가요,1,,음식물쓰레기 (판정 총칭),기존 커버,음식물쓰레기 (판정 총칭)
무좀약,1,,약,기존 커버,무좀약 어떻게 버려요?
문고리,1,,,실측20차,문고리
문고리랑 맥주,1,,문고리,기존 커버,문고리랑 맥주캔같이버려도되나요?
문구같은거,1,,,노이즈,문구같은거어떻게버려요?!
문구류,1,,,노이즈,문구류 분리배출
문발,1,,러그,기존 커버,문발 분리수거 버리는방법
문상,1,,,노이즈,문상을 일반쓰레기? 종이류?
문상 다쓴거,1,,신용카드,기존 커버,문상 다쓴거 어떻게 버려요
문서 클립,1,,,실측20차,클립
문재집,1,,,노이즈,문재집은 분리배출인가요?
문제집 쓰레기,1,,문제집 (별칭 -> 책),기존 커버,문제집 (별칭 -> 책)
문제집 종,1,,문제집 (별칭 -> 책),기존 커버,문제집 (별칭 -> 책)
물 들어간 보조배터리 버리는 곳,1,,보조배터리,기존 커버,보조배터리
물감 묻은 종,1,,,노이즈,물감 묻은 종이 재활용 되나요?
물건,1,,,노이즈,이 물건은 재활용쓰래기인가요? 일반쓰레기....
물든,1,,,노이즈,물든 종이는 종이류로 배출하나요?
물리,1,,,노이즈,물리 버려도 되나요
물먹,1,,,노이즈,물먹은 스티로폼버리는곳
물먹는하마,1,,물먹는하마 (별칭 -> 습기제거제),기존 커버,물먹는하마 (별칭 -> 습기제거제)
물에 불린,1,,,노이즈,물에 불린 종이는 종이류에 분리수거
물처럼 변한 슬라임,1,,슬라임 (별칭 -> 장난감),기존 커버,슬라임 (별칭 -> 장난감)
물티슈 변기,1,,물티슈,기존 커버,물티슈
물풀 묻은 종,1,,,노이즈,물풀 묻은 종이 재활용
물풀 쓸 곳이 없는데,1,,,노이즈,물풀 쓸 곳이 없는데 어디다가 버려요
뮨제집,1,,,노이즈,뮨제집 분리수거 방법
미강이,1,,,노이즈,미강이 음식물 쓰레기인가요??
미개봉 사과즙 양배추즙,1,,배추 (별칭 -> 김치),기존 커버,배추 (별칭 -> 김치)
미국,1,,,노이즈,미국 종이 분리배출 마크가 궁금합니다.
미니 선반,1,,선반,기존 커버,선반
"미니사다리,왕자행거 버릴때",1,,왕자행거 (별칭 -> 행거),기존 커버,왕자행거 (별칭 -> 행거)
"미닉스, 쿠쿠, 쿠첸",1,,쿠쿠 (별칭 -> 밥솥),기존 커버,쿠쿠 (별칭 -> 밥솥)
미대 입시 수학,1,,,노이즈,미대 입시 수학 버려도 되나요
미련 버리는 방법이 없을까요,1,,,노이즈,미련 버리는 방법이 없을까요
미련 왜 생기는거고,1,,,노이즈,미련 왜 생기는거고 어떻게 버려요?
미미인형,1,,인형,기존 커버,인형
미분리배출 문자 링크,1,,,노이즈,미분리배출 문자 링크
미술하면 물리,1,,,노이즈,미술하면 물리 버려도 되나요?
미역국을 씽크대에 씻어서 버리는 꿈,1,,,노이즈,미역국을 씽크대에 씻어서 버리는 꿈
미역을 씻고 버리는 꿈,1,,,노이즈,미역을 씻고 버리는 꿈
미역줄기에절여있던소금재활용해서 먹어도,1,,소금,기존 커버,소금
미용 연습용 통가발,1,,헌옷,기존 커버,미용 연습용 통가발 버리는법
미용통가발,1,,헌옷,기존 커버,미용통가발 어떻게 버려요??
민방위면 군복,1,,,사업장,민방위면 군복 버려도 되나요?
밀가루 10kg,1,유통기한 지난,밀가루,기존 커버,밀가루
밀가루 넣은 반죽,1,,밀가루,기존 커버,밀가루
"밀가루는 음식물 쓰레기인가요, 일반",1,,음식물쓰레기 (판정 총칭),기존 커버,음식물쓰레기 (판정 총칭)
밀대빨고 양동이 구정물 버리고,1,,밀대 (별칭 -> 빗자루),기존 커버,밀대 (별칭 -> 빗자루)
밀대빨고 양동이물 버리고,1,,밀대 (별칭 -> 빗자루),기존 커버,밀대 (별칭 -> 빗자루)
밀웜&거저리,1,,,지역,밀웜&거저리 버리는 방법
밀웜성체,1,,,보류,밀웜성체 어떻게 버려요?
밀키트,1,,,실측20차,도시락
밀폐 큰,1,,반찬통,기존 커버,밀폐 큰 유리병 버리는법
바꾼 유심칩,1,,,실측20차,유심
바나껍질,1,,바나나껍질,기존 커버,바나껍질은 음식물쓰레기인가요?
바나나 갈변 이덩도면,1,,바나나껍질,기존 커버,바나나 갈변 이덩도면 버려야되나요??
바나나 껍데기,1,,바나나껍질,기존 커버,바나나 껍데기는 일반쓰레기인가요?
바나나 껍질은 음식 물 쓰레기 인가요,1,,음식물쓰레기 (판정 총칭),기존 커버,음식물쓰레기 (판정 총칭)
바나나 쓰레기통에 왜 버리면 안되나요,1,,쓰레기통,기존 커버,쓰레기통
바나나껍질/오렌지껍질,1,,바나나껍질,기존 커버,바나나껍질
바나나껍질은 음식쓰레기인가요,1,,바나나껍질,기존 커버,바나나껍질
바닐라 시럽,1,,식용유,기존 커버,바닐라 시럽 어떻게 버려요?
바다위에 쓰레기,1,,,노이즈,바다위에 쓰레기 버려도 되나요?
바닥 붙이는 스티커,1,,스티커 (별칭 -> 종이),기존 커버,스티커 (별칭 -> 종이)
바둑판,1,,,실측13차,바둑판 어떻게 버려요? 나무바둑판인데
바디브러쉬,1,나무,칫솔,기존 커버,나무 바디브러쉬 어떻게 버려요?
바디오일,1,,화장품,기존 커버,바디오일 일반쓰레기
바람의나라 천인 초심자템,1,,,노이즈,바람의나라 천인 초심자템 어떻게버려요
바바리 주머니에 귀금속을 넣고 헌옷,1,,금속 (별칭 -> 고철),기존 커버,금속 (별칭 -> 고철)
바퀴벌레 변기,1,,변기,기존 커버,변기
바퀴벌레 알 발견했는데 그냥,1,,,노이즈,바퀴벌레 알 발견했는데 그냥 버려도 되나요?
박사 퍼티,1,,,보류,박사 퍼티 버리는 법
박살난폰 실수로 2일전,1,,휴대폰,기존 커버,박살난폰 실수로 2일전에 일반쓰레기에 버렸....
박스 분리수거 내놓으면 되나요,1,나무,박스,기존 커버,박스
박스 없을때,1,,박스,기존 커버,박스
박스말고,1,,박스,기존 커버,박스
박스에 페트병 넣고,1,,페트병,기존 커버,페트병
밖에서 쓰레기 버릴때가 없어서,1,,,노이즈,밖에서 쓰레기 버릴때가 없어서
반값 택배를 일반택배,1,,택배 (판정 범위밖),기존 커버,택배 (판정 범위밖)
반깁스 안에 있는 솜,1,,깁스,기존 커버,깁스
반려동물용 치약,1,,치약,기존 커버,치약
반원테이블,1,,식탁,기존 커버,반원테이블 대형폐기물 처리
반죽,1,,반죽 (별칭 -> 밀가루),기존 커버,반죽 (별칭 -> 밀가루)
반지,1,,,실측17차,반지 버리는 법
반지 목걸이 같은 악세사리,1,,,지역,반지 목걸이 같은 악세사리는 재활용 쓰레기 ....
반찬,1,,,실측20차,도시락
반찬 통,1,곰팡이 핀 플라스틱,반찬통,기존 커버,반찬통
반팔티 버릴때,1,,,노이즈,반팔티 버릴때 수거함에 넣나요?
발급받는 카드,1,,카드 (별칭 -> 신용카드),기존 커버,카드 (별칭 -> 신용카드)
발아현미도 불려서,1,,현미 (별칭 -> 쌀),기존 커버,현미 (별칭 -> 쌀)
밥솥 내솥을 버리려고 하는데 프라이팬,1,,프라이팬 (별칭 -> 후라이팬),기존 커버,프라이팬 (별칭 -> 후라이팬)
방led등 어덕해,1,,LED등,기존 커버,LED등
방방이 버릴라고 하는데,1,,,노이즈,방방이 버릴라고 하는데 어떻게 버려요??
방사성 폐기물 처리장 선정 과정,1,,,사업장,방사성 폐기물 처리장 선정 과정
방수 스티커,1,,스티커 (별칭 -> 종이),기존 커버,스티커 (별칭 -> 종이)
방수패드 버리는 곳,1,,패드 (별칭 -> 이불),기존 커버,패드 (별칭 -> 이불)
방수포 버릴때,1,,,노이즈,방수포 버릴때 어떻게버려요?
방수푸대,1,,마대자루,기존 커버,방수푸대 분리배출방법
방음매트,1,,퍼즐매트,기존 커버,방음매트 일반쓰레기로 버려도 되나요
방치,1,,,노이즈,방치폐기물 처리 요청
방향제,1,,방향제 (별칭 -> 습기제거제),기존 커버,방향제 (별칭 -> 습기제거제)
배게,1,,배게 (별칭 -> 베개),기존 커버,배게 (별칭 -> 베개)
배게 헌옷,1,,배게 (별칭 -> 베개),기존 커버,배게 (별칭 -> 베개)
배달봉투로,1,,,노이즈,배달봉투로 재활용 분리배출해도되나여?
배달용 아이스팩,1,,아이스팩,기존 커버,아이스팩
배달용기 검은색,1,,배달용기,기존 커버,배달용기
배달용기 비닐은 버리고,1,,배달용기,기존 커버,배달용기
배달음식 버릴때,1,,,노이즈,배달음식 버릴때 음식물
배달음식 분리수거 기름,1,,기름,기존 커버,기름
배달음식 쓰레기,1,,,노이즈,배달음식 쓰레기는 일반쓰레기인가요?
배달음식 용기,1,,배달음식 용기 (별칭 -> 배달용기),기존 커버,배달음식 용기 (별칭 -> 배달용기)
배달의민족 단열포장지,1,,아이스팩,기존 커버,배달의민족 단열포장지 일반쓰레기인가요?
배드민턴채,1,,,실측20차,배드민턴채
배수로에 시멘트물,1,,,사업장,배수로에 시멘트물 버려도 되나요?
배스,1,,,노이즈,배스 분리수거 방법
배양토 산,1,,,실측20차,흙
배추 껍질은 일반쓰레기가 맞다,1,,배추 (별칭 -> 김치),기존 커버,배추 (별칭 -> 김치)
배추 잎,1,,배추 잎 (별칭 -> 김치),기존 커버,배추 잎 (별칭 -> 김치)
배추겉대,1,,배추 (별칭 -> 김치),기존 커버,배추 (별칭 -> 김치)
배추김치 음식물쓰레기 봉투에 넣고,1,,음식물쓰레기 (판정 총칭),기존 커버,음식물쓰레기 (판정 총칭)
배터리랑 건전지,1,,건전지,기존 커버,건전지
배혜지아나운서,1,,,노이즈,"배혜지아나운서도분리수거,일반쓰레기,음식...."
뱅드림 1성 2성 애들,1,,,노이즈,뱅드림 1성 2성 애들 어떻게 버려요
버거킹 햄버거든,1,,종이컵,기존 커버,버거킹 햄버거든종이 소스묻으면 일반쓰레기....
버리는 곳,1,,,노이즈,버리는 곳
버리는 옷,1,,,노이즈,버리는 옷 종량제봉투에 버리나요?
버리는 종이서류들 불로 태울 곳,1,,종이,기존 커버,종이
버린가구 찾는법,1,,가구 (판정 총칭),기존 커버,가구 (판정 총칭)
버린거 써도되나요,1,,,노이즈,버린거 써도되나요
버린속옷요,1,,속옷,기존 커버,속옷
버블 염색약 남은 거,1,,염색약,기존 커버,염색약
버블몬 일회용 전자담배 버리는곳,1,,일회용전자담배 (별칭 -> 전자담배),기존 커버,일회용전자담배 (별칭 -> 전자담배)
버섯 밑동,1,,,실측20차,버섯
버즈,1,,버즈 (별칭 -> 이어폰),기존 커버,버즈 (별칭 -> 이어폰)
버티칼 액자 led스탠드,1,,버티칼 (별칭 -> 블라인드),기존 커버,버티칼 (별칭 -> 블라인드)
번ㄱ ㅐ탄 새거인데 어캐,1,,,실측20차,번개탄
번개탄,1,,,실측20차,번개탄
벌레 꼬인 배달용기,1,,배달용기,기존 커버,배달용기
"벌레먹은 쌀, 현미",1,,벌레먹은 쌀 (별칭 -> 쌀),기존 커버,벌레먹은 쌀 (별칭 -> 쌀)
범보의자,1,,의자,기존 커버,의자
범죄자,1,,,노이즈,범죄자 재활용
베개,1,,베개,기존 커버,베개
베개솜,1,,베개,기존 커버,베개
베게,1,,베개,기존 커버,베게는 어떻게 버려요?
베게이불,1,,이불,기존 커버,이불
베라,1,,,노이즈,베라 버려야되나요??
베란다 고물 철선반,1,,선반,기존 커버,선반
베루말 사마귀약,1,,,노이즈,베루말 (사마귀약) 어떻게 버려요?
베스킨아이스크림도오래되면,1,,,실측20차,아이스크림
베이스기타,1,고장난,바이올린,기존 커버,고장난 베이스기타 버리는 법
베이컨 포장지 안씻고,1,,,노이즈,베이컨 포장지 안씻고 버리면
베이킹 시크,1,,,보류,베이킹 시크 재활용 (데프론시트)
벤토린 에보할러,1,,,보류,벤토린 에보할러 버리는 방법
벨벳 소재,1,,헌옷,기존 커버,벨벳 소재는 일반쓰레기인가요?
벼루,1,,,실측20차,벼루
변기 물탱크,1,,변기,기존 커버,변기
변기뚜껑,1,,변기,기존 커버,변기
변기에 껌,1,,변기,기존 커버,변기
변기에 물티슈,1,,물티슈,기존 커버,물티슈
변기에 밥,1,,변기,기존 커버,변기
변기에 생리대,1,,생리대 (별칭 -> 기저귀),기존 커버,생리대 (별칭 -> 기저귀)
변기에 순두부,1,,변기,기존 커버,변기
변기에 엽떡,1,,변기,기존 커버,변기
변기에 커피,1,,변기,기존 커버,변기
변기에 키친타올,1,,키친타올 (별칭 -> 휴지심),기존 커버,키친타올 (별칭 -> 휴지심)
변기에 퐁퐁,1,,변기,기존 커버,변기
변기에 휴지,1,,변기,기존 커버,변기
변질된 등유 버리는곳,1,,,노이즈,변질된 등유 버리는곳
병 같은 거,1,깨진,유리병,기존 커버,깨진 병 같은 거 일반 쓰레기
병 캔들 쓰레기,1,,캔들 (별칭 -> 양초),기존 커버,캔들 (별칭 -> 양초)
병뚜껑,1,,,실측19차,병뚜껑 분리수거
병원,1,,,사업장,병원 폐기물처리
병원용 매트,1,,,사업장,병원용 매트 버리는법
병음료 쓰레기,1,,,노이즈,병음료 쓰레기 버리는법(재활용배출하는법)
보관함,1,,리빙박스,기존 커버,보관함 버리는방법
보냉가방,1,,보냉가방 (별칭 -> 보냉백),기존 커버,보냉가방 (별칭 -> 보냉백)
보냉뽁뽁이,1,,뽁뽁이,기존 커버,뽁뽁이
보니타 빈백,1,,빈백 (별칭 -> 쿠션),기존 커버,빈백 (별칭 -> 쿠션)
보드마카,1,,,실측19차,보드마카 어떻게 버려요?
보리차 티백,1,,티백,기존 커버,티백
보리차를 우려낸 티팩,1,,티백,기존 커버,보리차를 우려낸 티팩은 음식물쓰레기인가요....
보조배터리 버리는 곳 있나요,1,,보조배터리,기존 커버,보조배터리
보조배터리 파우치케이스,1,,보조배터리,기존 커버,보조배터리
보호 커버,1,,,실측20차,폰케이스
복사용지 포장용지 이거,1,,종이,기존 커버,복사용지 포장용지 이거 재활용 되나요?
복숭아,1,곰팡이핀,과일껍질,기존 커버,곰팡이핀 복숭아 일반쓰레기인가요?
복숭아 씨,1,,복숭아씨,기존 커버,복숭아씨
복싱 장갑,1,,,실측20차,복싱장갑
복어 내장,1,,생선뼈,기존 커버,복어 내장은 음식물 쓰레기인가요?
복지카드나 신용카드,1,,신용카드,기존 커버,신용카드
복합 재질 텀블러,1,,텀블러,기존 커버,텀블러
"복합기, 그냥",1,,프린터,기존 커버,"복합기, 그냥 버리면 되나요?"
볶은 서리태 콩,1,,,실측20차,콩
볶은깨,1,,,실측20차,견과류
본인 명의 토지,1,,,사업장,본인 명의 토지에 음식물쓰레기
본체 바꾸는법,1,,,노이즈,본체 바꾸는법 버리는법
볼전구,1,,전구,기존 커버,전구
봉지라면,1,,,지역,봉지라면 분리수거
봉천동,1,,,지역,봉천동 재활용 쓰레기 배출
봉투 분리배출하려는데 진짜모르겠어요,1,,,노이즈,봉투 분리배출하려는데 진짜모르겠어요..
부모님 몰래 화장품,1,,화장품,기존 커버,화장품
부모님집에 가끔가서,1,,,노이즈,제가 부모님집에 가끔가서 음식물쓰레기를 ....
부산 강서구 화전동,1,,,지역,부산 강서구 화전동 대형 폐기물 처리질문
부산 고장난 노트북,1,,노트북,기존 커버,노트북
부산 금정구,1,,,지역,부산 금정구 대형폐기물
부산 동구,1,,,지역,부산 동구 대형폐기물 가격 문의
부산 동구 대형폐기물 버리는 곳,1,,대형 폐기물 (판정 총칭),기존 커버,대형 폐기물 (판정 총칭)
부산 북구 음식물쓰레기 11시 30분,1,,음식물쓰레기 (판정 총칭),기존 커버,음식물쓰레기 (판정 총칭)
부산 약버리는곳,1,,,지역,부산 약버리는곳 ~알려주세요
부산 영도구청,1,,,지역,부산 영도구청에서 종량제봉투
부산 이사,1,,,지역,부산 이사폐기물 처리
부산 이사 및,1,,,지역,부산 이사 및 폐기물 처리 비용
부산 자취,1,,,지역,부산 자취 음식물 쓰레기 처리
부산 종량제 봉투 문의 입니다,1,,종량제봉투 (판정 총칭),기존 커버,종량제봉투 (판정 총칭)
부산 종량제봉투 50L 한장 가격,1,,종량제봉투 (판정 총칭),기존 커버,종량제봉투 (판정 총칭)
부산.북구 가정,1,,,노이즈,부산.북구 가정폐기물 처리
부산동래구 소량,1,,,지역,부산동래구 소량폐기물처리비용
부산에 음식물 쓰레기 처리업체 찾아요,1,,음식물쓰레기 (판정 총칭),기존 커버,음식물쓰레기 (판정 총칭)
부산이나 김해 양산에 혼합,1,,양산 (별칭 -> 우산),기존 커버,양산 (별칭 -> 우산)
부산진구 초읍동 페의약품 버리는곳,1,,,지역,부산진구 초읍동 페의약품 버리는곳
부산진구연탄재,1,,,실측20차,번개탄
부산페인트통버리는곳,1,,페인트통 (별칭 -> 페인트),기존 커버,페인트통 (별칭 -> 페인트)
부엌칼,1,,부엌칼 (별칭 -> 식칼),기존 커버,부엌칼 (별칭 -> 식칼)
부적,1,,,보류,부적 버려도 되나요?
부적 그냥 쓰레기통,1,,쓰레기통,기존 커버,쓰레기통
부적 발견했는데,1,,,노이즈,부적 발견했는데 버려도 되나요?
부직포,1,,부직포,기존 커버,부직포
부천 다이소,1,,다이소 (시드),기존 커버,다이소 (시드)
부천역 북부쪽,1,,부천 (판정 B층폐기),기존 커버,부천 (판정 B층폐기)
부침반죽,1,,반죽 (별칭 -> 밀가루),기존 커버,반죽 (별칭 -> 밀가루)
부탄가스 많이 남았는데,1,,부탄가스,기존 커버,부탄가스
부탄가스는 재활용이 안되나요,1,,부탄가스,기존 커버,부탄가스
부팅usb,1,,하드디스크,기존 커버,부팅usb 재활용 되나요?
부평구,1,,,지역,부평구 대형폐기물 스티커 문의
부평구 종량제봉투 흰색/분홍색 차이,1,,종량제봉투 (판정 총칭),기존 커버,종량제봉투 (판정 총칭)
부푸 전담 액상,1,,전자담배,기존 커버,부푸 전담 액상 버리는법
부푼 배터리,1,,배터리,기존 커버,배터리
부푼 배터리 아파트 폐건전지,1,,건전지,기존 커버,건전지
부풀어 오른 보조배터리,1,,보조배터리,기존 커버,보조배터리
부품,1,,,노이즈,부품 재활용 질문
부항기,1,,,실측19차,부항기 버리는법
분다버그 같은 병들,1,,유리병,기존 커버,분다버그 같은 병들은 어떻게 분리배출을 해....
분리 배출 구분 도와주세요,1,,,노이즈,분리 배출 구분 도와주세요~
분리 배출 방법을 그림으로 그린 포스,1,,그림 (별칭 -> 캔버스),기존 커버,그림 (별칭 -> 캔버스)
분리 배출 잘 하는 편이긴한데,1,,,노이즈,분리 배출 잘 하는 편이긴한데
분리 수거 바로 채택,1,,,노이즈,분리 수거 바로 채택
분리된 의자,1,,의자,기존 커버,의자
분리배출 4행시 해주세요,1,,,노이즈,분리배출 4행시 해주세요
분리배출 가능한 표시일까요,1,,,노이즈,분리배출 가능한 표시일까요???
분리배출 대해서 알려주세요 ㅠㅠ,1,,,노이즈,분리배출 대해서 알려주세요 ㅠㅠ
분리배출 마크 별 재분리,1,,,노이즈,분리배출 마크 별 재분리
분리배출 마크 이거,1,,,노이즈,분리배출 마크 이거 무슨 표신가요?
분리배출 봉투 질문이요,1,,,노이즈,분리배출 봉투 질문이요!
분리배출 분리수거 검은색,1,플라스틱,,노이즈,플라스틱 분리배출 분리수거 검은색비닐에 ....
분리배출 비닐류 50L,1,,비닐,기존 커버,비닐
분리배출 사행시 해주세요ㅜ,1,,,노이즈,분리배출 사행시 해주세요ㅜ
분리배출 시 종이와 박스를 함께,1,,박스,기존 커버,박스
분리배출 안되는 것,1,플라스틱,,노이즈,플라스틱 분리배출 안되는 것
분리배출 양식은 없나요,1,,,노이즈,분리배출 양식은 없나요?
분리배출 영어로 뭔가요,1,,,노이즈,분리배출 영어로 뭔가요
분리배출 영어로 하면 뭔가요,1,,,노이즈,분리배출 영어로 하면 뭔가요?
분리배출 이렇게 해도 가져가나요,1,,,노이즈,분리배출 이렇게 해도 가져가나요
"분리배출 자석, 방울머리끈",1,,머리끈 (별칭 -> 노끈),기존 커버,머리끈 (별칭 -> 노끈)
분리배출 제대로 안하면,1,,,노이즈,분리배출 제대로 안하면 어떻게 되나요?
분리배출 질문 있어요 사진 올림,1,,사진,기존 커버,사진
분리배출 표시 없는 봉투,1,,,노이즈,분리배출 표시 없는 봉투
분리배출 표시관련 질문입니다,1,,,노이즈,분리배출 표시관련 질문입니다
분리배출 표시마크 세부표기 원본,1,,,노이즈,분리배출 표시마크 세부표기 원본
분리배출 하면 나는 효과,1,,,노이즈,분리배출 하면 나는 효과
분리배출마크 색상,1,,,노이즈,분리배출마크 색상
분리배출마크 표기,1,,,노이즈,분리배출마크 표기 어떻게할까요?
"분리배출방법 고무장갑,판고데기",1,,판고데기 (별칭 -> 고데기),기존 커버,판고데기 (별칭 -> 고데기)
분리배출은 왜 하는지요,1,,,노이즈,분리배출은 왜 하는지요~~
분리배출을 안해서 생긴 피해,1,,,노이즈,분리배출을 안해서 생긴 피해
분리배출의 원인,1,,,노이즈,분리배출의 원인
분리배출이 미치는 영향,1,,,노이즈,분리배출이 미치는 영향
분리배출이 어려운 제품,1,,,노이즈,분리배출이 어려운 제품
분리배출표기 마크,1,플라스틱,,노이즈,플라스틱 분리배출표기 마크 질문드립니다.
분리배출표시 관련 100제곱센티미터,1,,,지역,분리배출표시 관련 100제곱센티미터가 어느정....
분리수거 PP,1,,,노이즈,분리수거 PP
분리수거 ㅎㅎ,1,,,노이즈,분리수거 ㅎㅎ
분리수거 가격표,1,,,노이즈,분리수거 가격표
분리수거 과일 덮개,1,,,노이즈,분리수거 과일 덮개
분리수거 구분,1,,,노이즈,분리수거 구분
분리수거 날짜,1,,,노이즈,분리수거 날짜
분리수거 냄비,1,,냄비,기존 커버,냄비
분리수거 냄새,1,,,노이즈,분리수거 냄새
분리수거 대해서,1,,,노이즈,분리수거 대해서
분리수거 도와주,1,,,노이즈,분리수거 도와주
분리수거 되,1,,,노이즈,분리수거 되는 종이류
분리수거 되는 제품,1,,,노이즈,분리수거 되는 제품
분리수거 문구,1,,,노이즈,분리수거 문구
분리수거 방법 ㅠ,1,,,노이즈,분리수거 방법 ㅠ
분리수거 방법 세라믹글라스,1,,,노이즈,분리수거 방법 세라믹글라스
분리수거 방법 하는 법,1,,,노이즈,분리수거 방법 하는 법
분리수거 방법이요,1,,,노이즈,분리수거 방법이요
분리수거 배출 정확히 하시나요,1,,,노이즈,분리수거 배출 정확히 하시나요?
분리수거 봉투 규격,1,,,노이즈,분리수거 봉투 규격
분리수거 분류,1,,,노이즈,분리수거 분류
분리수거 섞어서,1,,,노이즈,분리수거 섞어서 배출
분리수거 실수,1,,,노이즈,분리수거 실수
분리수거 안하고,1,,,노이즈,분리수거 안하고 종량제에 버려도 되나요?
분리수거 어케하나요,1,,,노이즈,분리수거 어케하나요
분리수거 어케하나요ㅠㅠ,1,,,노이즈,이거 분리수거 어케하나요ㅠㅠ
분리수거 요일,1,,,노이즈,분리수거 요일
분리수거 원칙,1,,,노이즈,분리수거 원칙
분리수거 일반 쓰레기 버리는 날짜,1,,,노이즈,분리수거 일반 쓰레기 버리는 날짜
분리수거 잘 한 쓰레기들은 정말,1,,,노이즈,분리수거 잘 한 쓰레기들은 정말 재활용하나....
분리수거 잘문,1,,,노이즈,분리수거 잘문
분리수거 종이류와 종이팩류 차이점이,1,,종이팩 (별칭 -> 우유팩),기존 커버,종이팩 (별칭 -> 우유팩)
분리수거 직업,1,,,노이즈,분리수거 직업
분리수거 질문 캔 버리는 곳,1,,,노이즈,분리수거 질문) 캔 버리는 곳에 고철 버려도 ....
분리수거 질문할게요,1,,,노이즈,분리수거 질문할게요.
분리수거 철제,1,,,노이즈,분리수거 철제
분리수거 초보,1,,,노이즈,분리수거 초보 방법 알려주세요
분리수거 카프리썬,1,,,노이즈,분리수거 카프리썬
분리수거 페트,1,,,노이즈,분리수거 페트가 플라스틱인가요
분리수거 피자박스,1,,피자박스 (별칭 -> 박스),기존 커버,피자박스 (별칭 -> 박스)
분리수거 하얀,1,,,노이즈,분리수거 하얀비닐
분리수거 한자 좀,1,,,노이즈,분리수거 한자 좀
분리수거 휴무,1,,,노이즈,분리수거 휴무
분리수거/분리,1,,,노이즈,분리수거/분리배출에 대해
분리수거ㅠ,1,,,노이즈,분리수거ㅠ
분리수거가 안되는 액체든,1,,,노이즈,분리수거가 안되는 액체든 플라스틱 분리수....
분리수거날 아닌날에 헌옷,1,,헌옷,기존 커버,헌옷
분리수거는,1,,,노이즈,분리수거는
분리수거도와주세요ㅠ,1,,,노이즈,분리수거도와주세요ㅠ
분리수거된 분리수거 된,1,,,노이즈,분리수거된 분리수거 된
분리수거를 다른 동에서 분리수거해도,1,,,노이즈,분리수거를 다른 동에서 분리수거해도
분리수거를 잘하는 방법은,1,,,노이즈,분리수거를 잘하는 방법은?
분리수거방법 뭘까요,1,,,노이즈,분리수거방법 뭘까요?
분리수거방법…,1,,,노이즈,분리수거방법…(폐기물)
분리수거시,1,,,지역,분리수거시
분리수거아이스크림통 투게더 같은거,1,,,노이즈,분리수거아이스크림통(투게더)같은거는종이....
분리수거와 관련해서,1,,,노이즈,"분리수거와 관련해서(종이류, 비닐)"
분리수거와 분리,1,,,노이즈,분리수거와 분리배출 차이
분리수거와 분리배출은 같은 말인가요,1,,,노이즈,분리수거와 분리배출은 같은 말인가요?
분리수거와 분리수거의 차이,1,,,노이즈,분리수거와 분리수거의 차이가 궁금합니다
분리수거용,1,,,노이즈,분리수거용 비닐에 재활용버리면 안되나요?
분리수거의 중요성,1,,,노이즈,분리수거의 중요성
분리수거잘하,1,,,노이즈,분리수거잘하
분리수거잘하자,1,,,노이즈,분리수거잘하자
분리수거장에 우유팩함이 없는데,1,,우유팩,기존 커버,우유팩
분리수거장에다가 책,1,,,노이즈,분리수거장에다가 책 버려도 되나요??
분리수거중,1,,,노이즈,분리수거중 재활용
분리수거표시가 있으면 분리,1,플라스틱,,노이즈,플라스틱 분리수거표시가 있으면 분리수거함....
분리수거하기,1,,,노이즈,분리수거하기
분리수거하면다이어트에좋나요,1,,,노이즈,분리수거하면다이어트에좋나요
분리수거한 병,1,,,노이즈,분리수거한 병은 어떻게 재활용 되나요?
분리수거할때 책은,1,,,노이즈,분리수거할때 책은?
분리수거할때 플라스틱인가요 스티,1,,,노이즈,이거 분리수거할때 플라스틱인가요 스티
분리수거할때요,1,,,노이즈,분리수거할때요
분리수거함 설치 요청,1,,분리수거함 (별칭 -> 쓰레기통),기존 커버,분리수거함 (별칭 -> 쓰레기통)
분리수거함에 몰래버리고 도망감,1,,분리수거함 (별칭 -> 쓰레기통),기존 커버,분리수거함 (별칭 -> 쓰레기통)
분리수거함에 종이류가 따로 없으면 일,1,,분리수거함 (별칭 -> 쓰레기통),기존 커버,분리수거함 (별칭 -> 쓰레기통)
분리수거함에 캔을 몇개 넣어,1,플라스틱,분리수거함 (별칭 -> 쓰레기통),기존 커버,분리수거함 (별칭 -> 쓰레기통)
분리수거함에서 종이류 칸에 있,1,,분리수거함 (별칭 -> 쓰레기통),기존 커버,분리수거함 (별칭 -> 쓰레기통)
분리수거해야하는데,1,,,노이즈,분리수거해야하는데
분무기 20리터,1,,,보류,분무기 20리터 플라스틱통은 어떻게 폐기하나....
분쇄된음식물쓰레기로인해 하수종말,1,,음식물쓰레기 (판정 총칭),기존 커버,음식물쓰레기 (판정 총칭)
불닭,1,,과자,기존 커버,불닭 재활용
불닭 면 변기,1,,변기,기존 커버,변기
불닭볶음면 컵라면 용기,1,,컵라면 용기 (별칭 -> 컵라면),기존 커버,컵라면 용기 (별칭 -> 컵라면)
불스원샷,1,,기름,기존 커버,불스원샷 폐기방법
불투명,1,,,노이즈,불투명 비닐 재활용 배출
붓 버리는곳,1,,,노이즈,붓 버리는곳
붙임딱지,1,,,실측20차,스티커
뷰즈 전자담배 쓰레기,1,,전자담배,기존 커버,전자담배
브라운면도기,1,,면도기,기존 커버,면도기
브로콜리 봉,1,,비닐,기존 커버,브로콜리 봉은 음식물 쓰레기 인가요??
브리타 필터,1,,,실측20차,정수기필터
블라인드커튼,1,,블라인드,기존 커버,블라인드
블랙박스,1,,박스,기존 커버,박스
블록스피스 인벤토리에 있는 아이템,1,,블록 (별칭 -> 장난감),기존 커버,블록 (별칭 -> 장난감)
비교적비싸고좋은아파트,1,,,지역,비교적비싸고좋은아파트의 음식물쓰레기를....
비누,1,유통기한 지난,,실측20차,비누
비누통,1,,화장품,기존 커버,비누통 분리수거
비누통 문의 쓰레기NO,1,,,노이즈,비누통 문의 쓰레기NO재활용
비닐 분리배출은 어떤 봉투로,1,,비닐,기존 커버,비닐
비닐 분리수거 방법은 무엇인가요,1,,비닐,기존 커버,비닐
"비닐, 과자봉지",1,,과자봉지 (별칭 -> 비닐),기존 커버,과자봉지 (별칭 -> 비닐)
비닐류 보냉팩 분리,1,,보냉팩 (별칭 -> 아이스팩),기존 커버,보냉팩 (별칭 -> 아이스팩)
비닐류 분리배출시 유의사항,1,,비닐,기존 커버,비닐
비닐류 종이류 쓰레기 종류,1,,비닐,기존 커버,비닐
비닐에 붙은 작은종이도 떼서,1,,비닐,기존 커버,비닐
비닐을 잘못 분리,1,,비닐,기존 커버,비닐
비닐이나 내용물이 있,1,,비닐,기존 커버,비닐
비닐재활용전용봉투에 다른,1,,비닐,기존 커버,비닐
비데,1,,비데,기존 커버,비데
비데를 분해해서 분리,1,,비데,기존 커버,비데
"비비,틴트",1,,화장품,기존 커버,"비비,틴트...어떻게버려요?"
비비탄총,1,,장난감,기존 커버,비비탄총 버리는 방법
비스페놀 프리 영수증,1,,영수증 (별칭 -> 코팅종이),기존 커버,영수증 (별칭 -> 코팅종이)
비오는날 가구,1,,가구 (판정 총칭),기존 커버,가구 (판정 총칭)
비올때,1,,,노이즈,비올때 종이류는 어떻게 버리나요?
비전2동 행정복지센터,1,,,지역,비전2동 행정복지센터 재활용 Day
비치타올,1,,수건,기존 커버,비치타올을 수거함에 넣었는데...
비타민 변기,1,,변기,기존 커버,변기
비타민 봉지,1,,비닐,기존 커버,비타민 봉지 씻어서 버려야 하나요?
비타민알약,1,,알약 (별칭 -> 약),기존 커버,알약 (별칭 -> 약)
빈 쓰레기봉투에 5개정도 붙어있었는데,1,,,노이즈,빈 쓰레기봉투에 5개정도 붙어있었는데 무슨 ....
빈병 아파트,1,,,지역,빈병 아파트 재활용 가져가도 되나요
빈티지 가방 그냥,1,,가방,기존 커버,가방
빈페트병,1,,페트병,기존 커버,페트병
빌라 쓰레기 버리는 곳,1,,,절차,빌라 쓰레기 버리는 곳
빌라 앞에 쓰레기,1,,,절차,빌라 앞에 쓰레기를 버려도 될까요?
빌라 음식물 쓰레기통 청소 업체,1,,음식물쓰레기통 (별칭 -> 쓰레기통),기존 커버,음식물쓰레기통 (별칭 -> 쓰레기통)
빌라사는데 후라이팬 냄비,1,,후라이팬,기존 커버,후라이팬
빗물막이 캐노피,1,,,보류,빗물막이 캐노피 (대형폐기물) 폐기방법
빙수용기,1,,컵라면,기존 커버,빙수용기 일반쓰레기
빨간 공사장에서 쓰는 마대자루,1,,마대자루,기존 커버,빨간 공사장에서 쓰는 마대자루 캔 재활용 되....
빨대는 재활용이 안되나요,1,,빨대,기존 커버,빨대
빨래널고.재활용쓰레기 정리하는 뒷모습,1,,,노이즈,빨래널고.재활용쓰레기 정리하는 뒷모습
빨래집게,1,,옷걸이,기존 커버,빨래집게 재활용 되나요??
빨래판,1,,,실측20차,빨래판
빨리 재활용 버리라고 잔소리 좀 해주,1,,,노이즈,빨리 재활용 버리라고 잔소리 좀 해주
빵위에 올린 생크림,1,,생크림,기존 커버,생크림
뼈 버릴때,1,,갈비뼈,기존 커버,뼈 버릴때 종량제에 반드시 씻어서
뼈다귀해장국에 뼈다귀,1,,갈비뼈,기존 커버,뼈다귀해장국에 뼈다귀는 음식물쓰래긴가요....
뼈있는 치킨,1,,치킨뼈,기존 커버,뼈있는 치킨 어떻게 버려요 뼈있으면
뼈해장국 뼈,1,,갈비뼈,기존 커버,뼈해장국 뼈 일반쓰레기?
뼈해장국의 뼈,1,,갈비뼈,기존 커버,뼈해장국의 뼈는 일반쓰레기인가요
뼈해장국의 뼈는 잡쓰레기인가요,1,,,노이즈,"뼈해장국의 뼈는 잡쓰레기인가요, 음식물쓰...."
뼈행국 속의뼤,1,,갈비뼈,기존 커버,뼈행국 속의뼤를 분리수거
뽀로로주스,1,,음료,기존 커버,뽀로로주스 일반쓰레기 인가요
뽀족한 쓰레기,1,,,노이즈,뽀족한 쓰레기 어떻게 버려요?
뽁뽁이 비닐 라벨 버리는곳,1,,뽁뽁이 비닐 (시드),기존 커버,뽁뽁이 비닐 (시드)
사골 뼈,1,,,기존 커버,사골 뼈 버리는 법
사과뼈,1,,복숭아씨,기존 커버,사과뼈 음식물쓰레기인가요 일반쓰레기인가....
사과포장지,1,,비닐,기존 커버,사과포장지 분리배출은 어디로합니까?
사기그릇,1,,사기그릇 (별칭 -> 그릇),기존 커버,사기그릇 (별칭 -> 그릇)
사람 뼈,1,,,노이즈,사람 뼈는 일반 쓰레기인가요?
사람들에게 받은 상처,1,,,노이즈,사람들에게 받은 상처는 어떻게 씻어 버려야 ....
사람들이 분리배출을 하지 않는 이유,1,,,노이즈,사람들이 분리배출을 하지 않는 이유
사람들이 사람들을 버리는것을 쓰레기,1,,,노이즈,사람들이 사람들을 버리는것을 쓰레기 버리....
사람들이 잘 모르는 용기,1,,,노이즈,사람들이 잘 모르는 용기 분리 배출 방법
사랑니 발치후 구멍,1,,,노이즈,사랑니 발치후 구멍 음식물
사료,1,,,실측17차,사료 어디에 어떠케 버려요??
사무실 청소기,1,,청소기,기존 커버,청소기
사상구,1,,,지역,사상구 음식물 쓰레기 배출
사업자,1,,,사업장,사업자 음식물 쓰레기통
사업장쓰레기봉투 75L 버리는곳,1,,,사업장,사업장쓰레기봉투 75L 버리는곳
사용 안한 콘돔,1,,,보류,사용 안한 콘돔 일반쓰레기
사용기한 지난 로션,1,,화장품,기존 커버,사용기한 지난 로션 분리배출 어떻게 하나요?
사용다한 건전지,1,,건전지,기존 커버,건전지
사용설명서,1,,,실측20차,우편물
사용하지 않은 마스크팩,1,,마스크,기존 커버,마스크
사이다,1,,음료,기존 커버,사이다도 음식물 쓰레기 아닌가요?
사진 버릴려고 하는데,1,,사진,기존 커버,사진
사탕 상한거,1,,사탕 (별칭 -> 과자),기존 커버,사탕 (별칭 -> 과자)
사포,1,,,실측20차,사포
사포는 폐지인가요,1,,,노이즈,사포는 폐지인가요? 일반쓰레기인가요?
산고추장아찌 꼭지,1,,고추장 (별칭 -> 된장 고추장),기존 커버,고추장 (별칭 -> 된장 고추장)
산남동,1,,,지역,산남동 재활용 쓰레기 버리는날
산성포레스티아,1,,,지역,산성포레스티아폐기물처리업체
산업쓰레트버리는곳주소,1,,,사업장,산업쓰레트버리는곳주소
산업용스치로폴 버리는곳,1,,,사업장,산업용스치로폴 버리는곳?
산에 나무젓가락,1,,나무젓가락,기존 커버,나무젓가락
산에다가 발효톱밥,1,,톱밥,기존 커버,톱밥
살곳없는데 부모가자식을버리면어떠게돼나,1,,,노이즈,살곳없는데 부모가자식을버리면어떠게돼나....
살던 원룸에 물건을 버리는곳,1,,,노이즈,살던 원룸에 물건을 버리는곳?
살충기,1,,,실측20차,살충제
살충제,1,,살충제 (별칭 -> 부탄가스),기존 커버,살충제 (별칭 -> 부탄가스)
삶은 게,1,,조개껍질,기존 커버,삶은 게는 음식물쓰레기인가요?
삶은 고둥이 상해서 버려야하는데,1,,,노이즈,삶은 고둥이 상해서 버려야하는데 어떻게 버....
삶은 밤껍질,1,,밤껍질 (별칭 -> 계란껍질),기존 커버,밤껍질 (별칭 -> 계란껍질)
삶은고구마 껍질,1,,고구마껍질 (별칭 -> 감자껍질),기존 커버,고구마껍질 (별칭 -> 감자껍질)
삶은라면,1,곰팡이 핀,컵라면,기존 커버,곰팡이 핀 삶은라면 음식물 쓰레기 인가요??
삼각대,1,,,실측19차,삼각대 분리수거 방법
삼각함수,1,,,노이즈,삼각함수 버려도 되나요?
삼상분리기 유입,1,,,보류,삼상분리기 유입과 배출 온도는
삼성서비스센터에 폐기된 휴대폰,1,,휴대폰,기존 커버,휴대폰
삿포로 프리미엄 실버컵,1,,종이컵,기존 커버,삿포로 프리미엄 실버컵 재활용 방법?
상가건물,1,,상가 (판정 범위밖),기존 커버,상가 (판정 범위밖)
상계주공12단지에 평상시에 음료수,1,,단지 (별칭 -> 항아리),기존 커버,단지 (별칭 -> 항아리)
상성 태블릿PC 케이스,1,,,실측20차,폰케이스
상한귤 통째로 버리려는데,1,,,노이즈,상한귤 통째로 버리려는데 일반쓰레기인가요....
상한옥수수,1,,옥수수 (시드),기존 커버,옥수수 (시드)
상한육수팩,1,,티백,기존 커버,상한육수팩 버리는법
새빨대,1,,빨대,기존 커버,빨대
새송이버섯 밑동,1,,,실측20차,버섯
새우 껍질들,1,,새우껍질 (별칭 -> 조개껍질),기존 커버,새우껍질 (별칭 -> 조개껍질)
새우껍질,1,,새우껍질 (별칭 -> 조개껍질),기존 커버,새우껍질 (별칭 -> 조개껍질)
새콤달콤껍질,1,,과자,기존 커버,새콤달콤껍질 일반쓰레기인가요?
새해 첫날 옷,1,,,노이즈,새해 첫날 옷 버려도되나요?
"새활용과 재활용의 차이, 일상",1,,,노이즈,"새활용과 재활용의 차이, 일상에서 어떻게 구...."
새활용과 재활용의 차이는 무엇인가요,1,,,노이즈,새활용과 재활용의 차이는 무엇인가요?
색깔있,1,,,노이즈,색깔있는 스티로폼 재활용 되나요?
색연필 볼펜 사인펜 이런거,1,,사인펜 (별칭 -> 볼펜),기존 커버,사인펜 (별칭 -> 볼펜)
색연필로 그림 그린,1,,그림 (별칭 -> 캔버스),기존 커버,그림 (별칭 -> 캔버스)
생각나버리다 맞춤법,1,,,노이즈,생각나버리다 맞춤법
생강가루,1,,밀가루,기존 커버,생강가루 어떻게 버려요?
생기부,1,,,노이즈,생기부 어떻게 버려요??
생기부 뽑은 거,1,,,노이즈,생기부 뽑은 거 어떻게 버려요..?
생김,1,,김치,기존 커버,생김 일반쓰레기인가요 음식물인가요
생리 기저귀,1,,기저귀,기존 커버,기저귀
생리대 버리는곳,1,,생리대 (별칭 -> 기저귀),기존 커버,생리대 (별칭 -> 기저귀)
생리대 변기통,1,,생리대 (별칭 -> 기저귀),기존 커버,생리대 (별칭 -> 기저귀)
생리팬티,1,,팬티 (별칭 -> 속옷),기존 커버,팬티 (별칭 -> 속옷)
생리한거,1,,,보류,생리한거 종량제봉투에 담아서 일반쓰레기에....
생분해 빨대,1,,빨대,기존 커버,빨대
생산자책임,1,,,노이즈,생산자책임재활용(EPR)
생생우동 컵라면,1,,컵라면,기존 커버,컵라면
생선 비늘,1,,생선뼈,기존 커버,생선 비늘 어떻게버려요?
생선가시,1,,생선가시 (별칭 -> 생선뼈),기존 커버,생선가시 (별칭 -> 생선뼈)
생선뼈,1,,생선뼈,기존 커버,생선뼈
생수병,1,,페트병,기존 커버,생수병 재활용해도 되나요?
생쌀 20키로 일반쓰레기인가고 아님,1,,생쌀 (별칭 -> 쌀),기존 커버,생쌀 (별칭 -> 쌀)
생쌀 버릴려면,1,,생쌀 (별칭 -> 쌀),기존 커버,생쌀 (별칭 -> 쌀)
생양배추,1,,배추 (별칭 -> 김치),기존 커버,배추 (별칭 -> 김치)
생옥수수,1,,옥수수 (시드),기존 커버,옥수수 (시드)
생크림,1,,생크림,기존 커버,생크림
생활 가구,1,,가구 (판정 총칭),기존 커버,가구 (판정 총칭)
생활 물품을 버리고 싶은데,1,,,노이즈,생활 물품을 버리고 싶은데 방법이 궁금해요
생활폐기물 봉투,1,,생활폐기물 (판정 총칭),기존 커버,생활폐기물 (판정 총칭)
생홢,1,,,노이즈,생홢폐기물 처리
"샤워기 헤드 , 줄",1,,샤워기,기존 커버,샤워기
샤워기헤드,1,,샤워기,기존 커버,샤워기
샤워볼,1,,화장품,기존 커버,샤워볼 분리수거
"샤프,볼펜 분리수거하",1,,볼펜,기존 커버,볼펜
"샴푸, 린스",1,안 쓰는,화장품,기존 커버,"안 쓰는 샴푸, 린스 어떻게 버리면 좋을까요?"
샴푸통 재활용되는지 한번 봐주세요,1,,샴푸통 (별칭 -> 손소독제),기존 커버,샴푸통 (별칭 -> 손소독제)
샾이전으로 2년도 안된간판,1,,간판 (판정 범위밖),기존 커버,간판 (판정 범위밖)
서구,1,,,지역,서구 음식물쓰레기 버리는법
서대문 충현동,1,,,지역,서대문 충현동 음식물쓰레기1리터
서대문구,1,,,지역,서대문구 음식물 쓰레기
서든 생존모드 탄창,1,,,노이즈,서든 생존모드 탄창 어떻게 버려요;
서랍,1,나무,서랍장,기존 커버,나무 서랍 대형폐기물인가요 재활용인가요
서랍형침대 서랍만 버리려는데,1,,침대,기존 커버,침대
서울 강북구 미아동 일요일 아침,1,,,지역,서울 강북구 미아동 일요일 아침에 재활용 쓰....
서울 강서구,1,,,지역,서울 강서구 종량제봉투
서울 금천구,1,,,지역,서울 금천구 대형폐기물 스티커
서울 다른구,1,,,지역,서울 다른구 종량제 봉투
서울 대학가 근처 자취방 구할 때,1,,,지역,서울 대학가 근처 자취방 구할 때 음식물 쓰....
서울 비료포대,1,,,지역,서울 비료포대 (비닐)버리는법
서울 이불,1,,이불,기존 커버,이불
서울 주거하는경우 마트,1,,,지역,서울 주거하는경우 마트종량제봉투사용가능?
서울강북쪽에 24시폐기물처리장 위치,1,,,노이즈,서울강북쪽에 24시폐기물처리장 위치
서울시,1,,,지역,서울시재활용쓰레기돈주고버려야하나
서울시 중구 종량제봉투 가격 안내,1,,종량제봉투 (판정 총칭),기존 커버,종량제봉투 (판정 총칭)
서울웹툰애니고 성적,1,,,노이즈,서울웹툰애니고 성적 버려도 되나요?
석고,1,,,실측17차,석고는 일반쓰레기인가요?
석고 물 세면대,1,,세면대,기존 커버,세면대
석고가루,1,,,실측20차,석고상
석고상,1,,,실측20차,석고상
석류 껍질,1,,과일껍질,기존 커버,석류 껍질은 일반쓰레기인가요? 음식물쓰레....
석류껍질은 움식물쓰레기인가요,1,,,노이즈,"석류껍질은 움식물쓰레기인가요, 일반쓰레기...."
석면,1,,,실측20차,석면
석면 슬레이트 버리는곳,1,,,노이즈,석면 슬레이트 버리는곳
"석회,조개껍질",1,,조개껍질,기존 커버,조개껍질
선도유지제,1,,,보류,선도유지제 버려도 되나요
선물 포장지,1,,,실측20차,포장지
선물셋트포장,1,,,실측20차,포장지
선스틱 이거,1,,화장품,기존 커버,선스틱 이거 버려도 되나요?
선크림,1,다 쓴,선크림 (별칭 -> 화장품),기존 커버,선크림 (별칭 -> 화장품)
선풍기 버리는 방법 가르쳐주세요,1,,선풍기,기존 커버,선풍기
선풍기 버리는법쫌요,1,,선풍기,기존 커버,선풍기
선풍기 분리,1,,선풍기,기존 커버,선풍기
선풍기 어떻케,1,쓰던,선풍기,기존 커버,선풍기
설레임,1,,과자,기존 커버,설레임 비닐 재활용 되나요?
설레임 쓰레기,1,,,노이즈,설레임 쓰레기 재활용?
설빙 아이스팩,1,,아이스팩,기존 커버,아이스팩
설탕과 콘푸로스트 부스러기,1,,설탕 (별칭 -> 밀가루),기존 커버,설탕 (별칭 -> 밀가루)
섬유탈취제,1,,탈취제 (별칭 -> 습기제거제),기존 커버,탈취제 (별칭 -> 습기제거제)
섬유탈취제 버리는법 및 변기,1,유통기한 지난,탈취제 (별칭 -> 습기제거제),기존 커버,탈취제 (별칭 -> 습기제거제)
성경,1,,책,기존 커버,성경 어떻게 버려요?
성남시 수정구,1,,,지역,성남시 수정구 재활용쓰레기 버리는 방법?
성동구,1,,,지역,성동구 분리수거
성인되고 나면 부모,1,,,노이즈,성인되고 나면 부모 버려도 되나요
세면대에 코딱지,1,,세면대,기존 커버,세면대
세븐일레븐 종량제 봉투 묶음 판매,1,,종량제봉투 (판정 총칭),기존 커버,종량제봉투 (판정 총칭)
세수대야,1,,,실측19차,세수대야 분리수거
세입자 가구,1,,가구 (판정 총칭),기존 커버,가구 (판정 총칭)
세차용품,1,,,실측19차,세차용품 버리기
셀로판테이프 점착면,1,,,실측20차,테이프
소각용쓰레기에 향수,1,,향수,기존 커버,향수
소갈비뼈,1,,갈비뼈,기존 커버,갈비뼈
소금,1,,소금,기존 커버,소금
소금끼있는물을 하수도로,1,,소금,기존 커버,소금
소기름,1,,기름,기존 커버,기름
소량,1,,,노이즈,소량 폐기물 처리 방법
소량 석면,1,,,실측20차,석면
소변 깔개매트,1,,퍼즐매트,기존 커버,소변 깔개매트 재활용해도 되나요.?
소변 시험지봉은 변기,1,,변기,기존 커버,변기
소뼈,1,,,기존 커버,소뼈 음식물 쓰레기 인가요 ?
소설책 고물상,1,,책,기존 커버,소설책 고물상에 버려도 되나요?
소세지 포장재,1,,비닐,기존 커버,소세지 포장재 어떻게 분리배출하나요?
소유욕,1,,,노이즈,소유욕 버리는 법이 궁금합니다
소주 뚜껑,1,,페트병,기존 커버,소주 뚜껑도 재활용 되나요
소주 병 뚜껑,1,,소주병 (별칭 -> 유리병),기존 커버,소주병 (별칭 -> 유리병)
소주병,1,,소주병 (별칭 -> 유리병),기존 커버,소주병 (별칭 -> 유리병)
소총 탄피,1,,,보류,소총 탄피는 재활용하나요?
소형전기제품 쓰레기,1,,,노이즈,소형전기제품 쓰레기 분리배출 어떻게 하나....
속눈썹,1,,,실측20차,속눈썹
속옷 봉투,1,,속옷,기존 커버,속옷
손난로 핫팩버리는 방법 쓰레기,1,,손난로 (별칭 -> 핫팩),기존 커버,손난로 (별칭 -> 핫팩)
손바닥만한 노트,1,,노트 (별칭 -> 종이),기존 커버,노트 (별칭 -> 종이)
손선풍기,1,,손선풍기,기존 커버,손선풍기
손소독젤 그냥,1,,,노이즈,손소독젤 그냥 버려도 되나요?
손톱,1,,,실측20차,손톱
손톱깎이,1,,,실측19차,손톱깎이 분리수거
솜배게 헌옷,1,,배게 (별칭 -> 베개),기존 커버,배게 (별칭 -> 베개)
솜이불,1,,솜이불,기존 커버,솜이불
솜이불 재활용봉투에 담아서,1,,솜이불,기존 커버,솜이불
송파동 유리병 버리는 곳,1,,유리병,기존 커버,유리병
쇠 마사지볼 버리는 법/,1,,마사지볼 (별칭 -> 폼롤러),기존 커버,마사지볼 (별칭 -> 폼롤러)
쇠젓가락,1,,젓가락 (별칭 -> 수저),기존 커버,젓가락 (별칭 -> 수저)
쇼파,1,,쇼파 (별칭 -> 소파),기존 커버,쇼파 (별칭 -> 소파)
쇼파 3인용,1,,쇼파 (별칭 -> 소파),기존 커버,쇼파 (별칭 -> 소파)
쇼핑및,1,,,노이즈,쇼핑및종량제봉투에 일반쓰레기버려도되나....
수거함에 분리배출 하는 것,1,,,노이즈,수거함에 분리배출 하는 것도 분리수거
수건,1,,수건,기존 커버,수건
수납 상자,1,,수납상자 (별칭 -> 리빙박스),기존 커버,수납상자 (별칭 -> 리빙박스)
수납선반,1,철제,수납선반 (별칭 -> 선반),기존 커버,수납선반 (별칭 -> 선반)
수납함,1,,리빙박스,기존 커버,수납함 분리수거 방법
수능 국어,1,,,노이즈,수능 국어 버려도 되나요?
수능 최저 과목,1,,,노이즈,수능 최저 과목 버려도 되나요?
수능 최저를 맞추기 위해 다른 과목,1,,,노이즈,수능 최저를 맞추기 위해 다른 과목은 버려도....
수능 탐구 하,1,,,노이즈,수능 탐구 하나 버려도 되나요
수동문서파쇄기,1,,문서 파쇄 (별칭 -> 파쇄종이),기존 커버,문서 파쇄 (별칭 -> 파쇄종이)
수박 껍대기,1,,수박껍질,기존 커버,수박 껍대기 일반쓰레기인가요 음식물쓰레기....
수박 껍데기,1,,수박껍질,기존 커버,수박 껍데기 는 종량제 봉투에
수배전 용품,1,,,보류,수배전 용품 버리는 법
수분크림 뚜껑,1,,화장품,기존 커버,수분크림 뚜껑 버려도 되나요
수사결과 통지서,1,,,노이즈,수사결과 통지서 버려도 되나요?
수산화 나트륨,1,,,사업장,수산화 나트륨 어떻게 버려요?
수산화나트륨 용액,1,,,사업장,수산화나트륨 용액 어떻게 버려요?
수시,1,,,노이즈,수시 버려도 되나요
수영복 헌옷,1,,수영복 (별칭 -> 속옷),기존 커버,수영복 (별칭 -> 속옷)
수영장에서 렌즈끼고 꼭,1,,렌즈,기존 커버,렌즈
수원 가정폐기물 청소업체,1,,,지역,수원 가정폐기물 청소업체
수원 상가 재활용 파란 반투명,1,,상가 (판정 범위밖),기존 커버,상가 (판정 범위밖)
수원 원천동 대형폐기물 스티커 파는곳,1,,대형 폐기물 (판정 총칭),기존 커버,대형 폐기물 (판정 총칭)
수원 종량제봉투 어디서 파나요,1,,종량제봉투 (판정 총칭),기존 커버,종량제봉투 (판정 총칭)
수원시 팔달구,1,,,지역,수원시 팔달구 대형폐기물(침대) 버리는 법
수저세트,1,,수저,기존 커버,수저
수정 테이프 쓴,1,,,실측20차,테이프
수퍼빈,1,,,노이즈,수퍼빈 재활용
숟가락,1,,숟가락 (별칭 -> 수저),기존 커버,숟가락 (별칭 -> 수저)
술먹고 금붕어들,1,,,노이즈,술먹고 금붕어들 음식물쓰레기통에 버리는 ....
술병,1,,유리병,기존 커버,술병 일반 쓰레기로 버려도 되나요
숫자매트,1,,퍼즐매트,기존 커버,숫자매트 어떻게버려요?
숭늉가루랑 미숫가루,1,,미숫가루 (별칭 -> 밀가루),기존 커버,미숫가루 (별칭 -> 밀가루)
숱많고 긴 속눈썹잘라,1,,,노이즈,숱많고 긴 속눈썹잘라버려도되나요
쉐이빙폼,1,,화장품,기존 커버,쉐이빙폼 버리는법
슈링클스,1,,,보류,슈링클스 재활용
스노우보드 바인딩,1,,,보류,스노우보드 바인딩 분리배출 방법
스래트버리는곳,1,,,노이즈,스래트버리는곳
스레기,1,,,노이즈,스레기 분리수거
스마트폰 배터리,1,,배터리,기존 커버,배터리
스마트폰 충전기,1,,충전기,기존 커버,충전기
스치로폴,1,,스티로폼,기존 커버,스치로폴은 재활용품인가요?
스카치테이프,1,,,실측20차,테이프
스크럽,1,,화장품,기존 커버,스크럽 버리는법 알려주세요.
스크롤 불량인 마우스,1,,마우스 (별칭 -> 키보드),기존 커버,마우스 (별칭 -> 키보드)
스킨케어 쓰레기,1,,,노이즈,스킨케어 쓰레기 버리는 법
스타킹,1,,스타킹 (별칭 -> 속옷),기존 커버,스타킹 (별칭 -> 속옷)
스탠드형 스팀다리미,1,,스팀다리미 (별칭 -> 다리미),기존 커버,스팀다리미 (별칭 -> 다리미)
스탠드형 조명등,1,,스탠드 (별칭 -> 스탠드 조명),기존 커버,스탠드 (별칭 -> 스탠드 조명)
스탠바이미,1,,TV,기존 커버,스탠바이미 버리는 법
스탭퍼,1,,아령,기존 커버,스탭퍼 어떻게버려요?
스터디카페에 책,1,,책,기존 커버,스터디카페에 책 버려도 되나요?
스테인레스제품,1,,고철,기존 커버,스테인레스제품 재활용 되나요?
스텐냄비,1,,스텐냄비 (별칭 -> 냄비),기존 커버,스텐냄비 (별칭 -> 냄비)
스트레칭 밴드 쓰레기,1,,,노이즈,스트레칭 밴드 쓰레기
스트로폼,1,,스티로폼,기존 커버,스트로폼 재활용
스트롬폼박스,1,,박스,기존 커버,박스
스티로폼 버리는 곳,1,,스티로폼,기존 커버,스티로폼
스티로폼 분리수거 방법 무엇일까요,1,,스티로폼,기존 커버,스티로폼
스티로폼 분리수거 수거비,1,,스티로폼,기존 커버,스티로폼
스티로폼 분리수거 용기,1,,스티로폼,기존 커버,스티로폼
스티로폼 분리수거 할때,1,,스티로폼,기존 커버,스티로폼
스티로폼 재활용에관한 과제를,1,,스티로폼,기존 커버,스티로폼
스티로폼은 따로 분류해서 분리,1,,스티로폼,기존 커버,스티로폼
스티로폼은 재활용? v/s,1,,스티로폼,기존 커버,스티로폼
스티커,1,,스티커 (별칭 -> 종이),기존 커버,스티커 (별칭 -> 종이)
스티커 판,1,,스티커 (별칭 -> 종이),기존 커버,스티커 (별칭 -> 종이)
스티커북,1,,스티커 (별칭 -> 종이),기존 커버,스티커 (별칭 -> 종이)
스파크 세제,1,,세제,기존 커버,세제
스펀지,1,,,실측20차,스펀지
스프링,1,,고철,기존 커버,스프링 분리수거
스프링 달린 노트,1,,노트 (별칭 -> 종이),기존 커버,노트 (별칭 -> 종이)
스프링 뚫어뻥,1,,,실측20차,뚫어뻥
스피커 기타 운동기구등,1,,스피커,기존 커버,스피커
슬라임,1,녹은,슬라임 (별칭 -> 장난감),기존 커버,슬라임 (별칭 -> 장난감)
슬라임 묻,1,,슬라임 (별칭 -> 장난감),기존 커버,슬라임 (별칭 -> 장난감)
슬라임 버리는법…,1,,슬라임 (별칭 -> 장난감),기존 커버,슬라임 (별칭 -> 장난감)
슬라임 액괴,1,,슬라임 (별칭 -> 장난감),기존 커버,슬라임 (별칭 -> 장난감)
슬라임 이렇게,1,,슬라임 (별칭 -> 장난감),기존 커버,슬라임 (별칭 -> 장난감)
슬로건,1,,,노이즈,슬로건 분리수거 방법
슬리퍼 헌옷,1,,슬리퍼,기존 커버,슬리퍼
습관,1,,,노이즈,습관버리기
습자지,1,,종이,기존 커버,습자지는 종이류 분리수거? 일반쓰레기?
시계,1,,시계 (별칭 -> 벽시계),기존 커버,시계 (별칭 -> 벽시계)
시골 일반주택,1,,,노이즈,시골 일반주택 재활용품 쓰레기 버리는법?
시골은 쓰레기,1,,,노이즈,시골은 쓰레기를 어떻게 버려요?
시금치는 음식물쓰레기가 아닌가요,1,,음식물쓰레기 (판정 총칭),기존 커버,음식물쓰레기 (판정 총칭)
시리얼,1,,시리얼 (별칭 -> 과자),기존 커버,시리얼 (별칭 -> 과자)
시약 섞인 폐식용유,1,,폐식용유 (별칭 -> 식용유),기존 커버,폐식용유 (별칭 -> 식용유)
시청,1,,,지역,시청 대형 폐기물 질문
시트지,1,,,실측20차,시트지
시트지 쓰고 난,1,,,실측20차,시트지
시흥,1,,,지역,시흥 폐기물처리
시흥시,1,,,지역,"시흥시 대형폐기물 배출, 어떻게 해야 효율적...."
시흥시 가정용,1,,,지역,시흥시 가정용 폐기물 처리비용
시흥시 선풍기 모니터,1,,선풍기,기존 커버,선풍기
"시흥시 컴퓨터 ,모니터",1,,모니터,기존 커버,모니터
시흥시 컴퓨터 본체 모니터,1,,모니터,기존 커버,모니터
식당 음식물쓰레기 봉투에 담아 버릴때,1,,음식물쓰레기 (판정 총칭),기존 커버,음식물쓰레기 (판정 총칭)
식당 철거시,1,,,절차,식당 철거시 폐기물 처리
식당에서 손님이 먹고 남긴 상추 마늘,1,,감자껍질,기존 커버,식당에서 손님이 먹고 남긴 상추 마늘 재활용....
식물,1,,,실측16차,식물은 음식물 쓰레기인가요?
식물이 잘 안자라,1,,,노이즈,식물이 잘 안자라는 음식물 쓰레기 비료
식수대에 커피,1,,커피찌꺼기,기존 커버,식수대에 커피 버려도 되나요?
식초병,1,,유리병,기존 커버,식초병 분리수거
식칼,1,,식칼,기존 커버,식칼
"식품접객업소에서 상추, 깻잎 등",1,,,사업장,"식품접객업소에서 상추, 깻잎 등을 재활용 가...."
식혜 찌꺼기,1,,티백,기존 커버,식혜 찌꺼기 음식물쓰레기 인가요?
신고한 폐기물 파손,1,,,노이즈,신고한 폐기물 파손
신나보관통,1,,페인트,기존 커버,신나보관통재활용에버려도되나요?
신림동형광등버리는곳,1,,형광등,기존 커버,형광등
신림역 5번출구 헌옷,1,,헌옷,기존 커버,헌옷
신문지,1,,신문 (별칭 -> 종이),기존 커버,신문 (별칭 -> 종이)
신문지가 몇번,1,,신문 (별칭 -> 종이),기존 커버,신문 (별칭 -> 종이)
신문지는 종이류로 분리수거 하는 거,1,,종이,기존 커버,종이
신발 버리는 곳,1,,신발,기존 커버,신발
신발 종량제 넣으면 안되나요,1,,신발,기존 커버,신발
"신발, 헌 옷",1,헌,신발,기존 커버,신발
신발열개 옷,1,,신발,기존 커버,신발
신발을 쓰레기통,1,,쓰레기통,기존 커버,쓰레기통
신분증,1,,,실측20차,우편물
신서에 폐,1,,,지역,신서에 폐고철수거함 있나요?
신용카드는 재활용할 때,1,,신용카드,기존 커버,신용카드
실내 털슬리퍼 헌옷,1,,슬리퍼,기존 커버,슬리퍼
실내자전거,1,,실내자전거,기존 커버,실내자전거
실내화 세탁해야되나요,1,,실내화 (별칭 -> 슬리퍼),기존 커버,실내화 (별칭 -> 슬리퍼)
실리콘 같은 재품,1,,실리콘,기존 커버,실리콘
실리콘 몰드 버릴려는데,1,,실리콘몰드 (별칭 -> 실리콘),기존 커버,실리콘몰드 (별칭 -> 실리콘)
실리콘으로 된 주방도구,1,,실리콘,기존 커버,실리콘
실습용 의료용품,1,,,사업장,실습용 의료용품 일반쓰레기
실크벽지 재활용쓰레기 인가요?? 집,1,,실크벽지 (별칭 -> 벽지),기존 커버,실크벽지 (별칭 -> 벽지)
실패의 두려움을 버리는 방법이 있나요,1,,,노이즈,실패의 두려움을 버리는 방법이 있나요?
심카드,1,,카드 (별칭 -> 신용카드),기존 커버,카드 (별칭 -> 신용카드)
싱가포르,1,,,노이즈,싱가포르 음식물쓰레기
싱크대,1,,,실측11차,싱크대 음식물은 일반쓰레기로 버리나요?
싱크대 목재,1,,폐목재,기존 커버,싱크대 목재 버리는법좀.
싱크대 물을 틀어놓고 그옆,1,,,노이즈,싱크대 물을 틀어놓고 그옆에서 음식물 쓰레....
싱크대 배수구,1,,싱크대 거름망,기존 커버,싱크대 배수구 일반쓰레기로 버려도되나요?
싱크대 선반,1,,선반,기존 커버,선반
싱크대 음식물처리기 철거후,1,,음식물처리기,기존 커버,음식물처리기
싱크대에 곰팡이 핀 음료,1,,음료,기존 커버,싱크대에 곰팡이 핀 음료 버려도되나요?
싱크대에 물고기물 버리는거,1,,,노이즈,싱크대에 물고기물 버리는거 어떻게 생각들....
싱크대에 커피,1,,커피찌꺼기,기존 커버,싱크대에 커피 버려도 되나요?
싱크대음식물분쇄기 불법 아닌가요,1,,음식물 분쇄기 (별칭 -> 음식물처리기),기존 커버,음식물 분쇄기 (별칭 -> 음식물처리기)
쌀 20KG 포대,1,,마대자루,기존 커버,쌀 20KG 포대는 재활용인가요??
쌀 콩,1,,쌀,기존 커버,쌀 콩 음식물 쓰레기 인가요?
쌀겨,1,,쌀,기존 커버,쌀겨는 음식물쓰레기인가요?
"쌀꿈 , 엄마가 씻은 쌀을 버리는꿈",1,,,노이즈,"쌀꿈 , 엄마가 씻은 쌀을 버리는꿈"
쌀벌레 나온쌀,1,,쌀벌레 (별칭 -> 쌀),기존 커버,쌀벌레 (별칭 -> 쌀)
쌀에 벌레가 있어서,1,,쌀,기존 커버,쌀에 벌레가 있어서 씻어서 버리는꿈
쌈 상추,1,,감자껍질,기존 커버,쌈 상추 분리수거
쌈장,1,,된장 고추장,기존 커버,쌈장은 음식물쓰레기인가요?
썩어남아도는 아이봉,1,,,노이즈,썩어남아도는 아이봉 재활용 안되나요?
썩은감자,1,,썩은 감자 (별칭 -> 감자껍질),기존 커버,썩은 감자 (별칭 -> 감자껍질)
썩은음식,1,,,보류,썩은음식 일반쓰레기?
썼던 택배 봉투,1,,택배봉투 (별칭 -> 비닐),기존 커버,택배봉투 (별칭 -> 비닐)
쓰고난 박스테이프,1,,박스,기존 커버,박스
쓰래기,1,,,노이즈,쓰래기 분리수거...?
쓰레기 버리는곳,1,,,노이즈,쓰레기 버리는곳
쓰레기 버리는방법 사진,1,,사진,기존 커버,사진
쓰레기 버린 후 손닦기,1,,,노이즈,쓰레기 버린 후 손닦기
쓰레기 봉투를 사용하게 한 분,1,,,노이즈,쓰레기 봉투를 사용하게 한 분
쓰레기 분리 배출 방법 문의하는 곳,1,,,노이즈,쓰레기 분리 배출 방법 문의하는 곳?
쓰레기 분리 배출 질문좀 드립니다,1,,,노이즈,쓰레기 분리 배출 질문좀 드립니다
쓰레기 분리 배출의 효과,1,,,노이즈,쓰레기 분리 배출의 효과
쓰레기 분리배출 관련 처벌,1,,,노이즈,쓰레기 분리배출 관련 처벌
쓰레기 분리배출 부과금 문자,1,,,노이즈,쓰레기 분리배출 부과금 문자
쓰레기 분리배출 하기 영어로,1,,,노이즈,쓰레기 분리배출 하기 영어로 어떻게 쓰나요?
쓰레기 분리배출 하는 이유,1,,,노이즈,쓰레기 분리배출 하는 이유
쓰레기 분리수거 꼭 해야 하나요,1,,,노이즈,쓰레기 분리수거 꼭 해야 하나요?
쓰레기 분리수거 방법 여쭈어봅니다,1,,,노이즈,쓰레기 분리수거 방법 여쭈어봅니다
쓰레기 분리수거/,1,,,노이즈,쓰레기 분리수거/재활용
쓰레기 안 묶고,1,,,노이즈,쓰레기 안 묶고 버려도 되나요
쓰레기 어째,1,,,노이즈,이 쓰레기 어째 버려야 되나요
쓰레기 원룸 청소,1,,,노이즈,쓰레기 원룸 청소
쓰레기 일부,1,플라스틱,,노이즈,플라스틱 쓰레기 일부를 스티로폼으로 만들 ....
쓰레기 재활용 버리는날 스티커,1,,스티커 (별칭 -> 종이),기존 커버,스티커 (별칭 -> 종이)
쓰레기 재활용 업체 비용,1,,,노이즈,쓰레기 재활용 업체 비용
쓰레기 재활용 하지 안을때 문제점,1,,,노이즈,쓰레기 재활용 하지 안을때 문제점
쓰레기 종이류 버릴때 봉투에 너어서,1,,종이,기존 커버,종이
쓰레기 종이류 통 안,1,,종이,기존 커버,종이
쓰레기가 모인다고,1,,,노이즈,쓰레기가 모인다고
쓰레기나 재활용 한번에 많,1,,,노이즈,쓰레기나 재활용 한번에 많이 버려도 되나요?
쓰레기는 매일 버리는 게 좋나요,1,,,노이즈,쓰레기는 매일 버리는 게 좋나요?
"쓰레기로 버릴지, 헌솟",1,,,노이즈,"쓰레기로 버릴지, 헌솟 수거함에 넣어야할지?"
쓰레기를 디젤 연료로 재활용이 가,1,플라스틱,,노이즈,플라스틱 쓰레기를 디젤 연료로 재활용이 가....
쓰레기를 화장실에 있는 스레기통,1,,,노이즈,쓰레기를 화장실에 있는 스레기통에 버려도....
쓰레기버리는곳 cctv,1,,TV,기존 커버,TV
쓰레기버릴때 재활용마크 구분하는방법,1,,,노이즈,쓰레기버릴때 재활용마크 구분하는방법?? ?
쓰레기봉투값,1,,,노이즈,쓰레기봉투값
쓰레기봉투에 똥 담아서,1,,,노이즈,쓰레기봉투에 똥 담아서 버려도 되나오
쓰레기분리수거 해놓으면,1,,,노이즈,쓰레기분리수거 해놓으면 재활용안하고
쓰레기에 이물질이 있으면,1,,,노이즈,쓰레기에 이물질이 있으면 재활용 안되나요?
쓰레기인 사람 버리는법 ㅜ,1,,,노이즈,쓰레기인 사람 버리는법 ㅜ
쓰레기인가요,1,,,노이즈,"쓰레기인가요, 재활용인가요?"
쓰레기장,1,,,노이즈,쓰레기장 고철배출
쓰레기재활걸러내시는분들 쓰레기업체,1,,,노이즈,쓰레기재활걸러내시는분들 쓰레기업체...
쓰레기처리업체가 택배를 버림,1,,택배 (판정 범위밖),기존 커버,택배 (판정 범위밖)
쓰레기통에 겉면에 이런 작은 벌레가,1,,쓰레기통,기존 커버,쓰레기통
쓰지 못하는 카드,1,,카드 (별칭 -> 신용카드),기존 커버,카드 (별칭 -> 신용카드)
쓸모없는 하드,1,,하드 (별칭 -> 하드디스크),기존 커버,하드 (별칭 -> 하드디스크)
씨디,1,,CD,기존 커버,씨디 분리수거
씨리얼,1,,,실측18차,씨리얼 분리수거
씨있는 썩은과일 망고,1,,과일망,기존 커버,과일망
씨트지뒷종이,1,,종이,기존 커버,종이
씻지 않으려는 언니 자연스럽게,1,,,노이즈,씻지 않으려는 언니 자연스럽게 버리는
씻지 않은 음료수,1,,음료,기존 커버,씻지 않은 음료수 캔 분리배출 질문
씽크대 배수구통,1,,싱크대 거름망,기존 커버,씽크대 배수구통 일반쓰레기?
아기물건,1,,,노이즈,아기물건 어떻게 버려요?
아끼는 신발을 실수로 헌옷,1,,신발,기존 커버,신발
아나운서들,1,,,노이즈,"아나운서들도분리수거,음식물버리기,일반쓰...."
아보카도 껍질,1,,아보카도 (별칭 -> 복숭아씨),기존 커버,아보카도 (별칭 -> 복숭아씨)
아빠가 건전지,1,,건전지,기존 커버,건전지
아빠가 계속,1,,,노이즈,아빠가 계속 재활용 통에 일반쓰레기 넣어요
아산,1,,,지역,아산 종량제 봉투
아세톤 네일리무버,1,,리무버 (별칭 -> 매니큐어),기존 커버,리무버 (별칭 -> 매니큐어)
아이돌 앨범,1,,아이돌앨범 (시드),기존 커버,아이돌앨범 (시드)
아이돌 앨범 CD,1,,아이돌앨범 (시드),기존 커버,아이돌앨범 (시드)
아이돌 앨범 버릴 때,1,,아이돌앨범 (시드),기존 커버,아이돌앨범 (시드)
아이스 가방,1,,아이스가방 (별칭 -> 보냉백),기존 커버,아이스가방 (별칭 -> 보냉백)
아이스박스,1,,아이스박스,기존 커버,아이스박스
아이스박스에 넣는 아이스,1,,아이스박스,기존 커버,아이스박스
아이스붐,1,,아이스팩,기존 커버,아이스붐 분리수거 방법!!
아이스커피,1,,커피찌꺼기,기존 커버,아이스커피 버리는 법
아이스크림,1,녹은,,실측20차,아이스크림
아이스크림 봉지 버리는곳,1,,,노이즈,아이스크림 봉지 버리는곳
아이스크림 콘,1,,,실측20차,아이스크림
아이작 장신구,1,,,노이즈,아이작 장신구어떻게버려요?
아이클레이,1,,아이클레이 (별칭 -> 장난감),기존 커버,아이클레이 (별칭 -> 장난감)
아이패드,1,,패드 (별칭 -> 이불),기존 커버,패드 (별칭 -> 이불)
아이폰박스 그냥,1,,박스,기존 커버,박스
아케인 무기 22성 사버려두되나요,1,,,노이즈,아케인 무기 22성 사버려두되나요?
아크릴 거울,1,,거울,기존 커버,거울
아크릴판 보호필름 분리배출 어케 해요,1,,,노이즈,아크릴판 보호필름 분리배출 어케 해요?
아크릴판 조각들,1,,,보류,아크릴판 조각들은 일반쓰레기 인가요??
아트박스 금속 손거울 분리,1,,손거울 (별칭 -> 거울),기존 커버,손거울 (별칭 -> 거울)
아파트 계단,1,,,절차,아파트 계단에 재활용쓰레기
아파트 공용 개수대? 에 국물,1,,,절차,아파트 공용 개수대? 에 국물 버려도 되나요?
아파트 단지 내,1,,단지 (별칭 -> 항아리),기존 커버,단지 (별칭 -> 항아리)
아파트 단지 내에 있,1,,단지 (별칭 -> 항아리),기존 커버,단지 (별칭 -> 항아리)
아파트 단지네 녹색 큰 쓰레기,1,,단지 (별칭 -> 항아리),기존 커버,단지 (별칭 -> 항아리)
아파트 도마,1,,도마,기존 커버,도마
아파트 멸균팩은 우유팩,1,,멸균팩,기존 커버,멸균팩
아파트 부당,1,,,절차,아파트 부당 분리수거 배출
아파트 분리,1,,,절차,아파트 분리수거함
아파트 분리수거장,1,,,절차,아파트 분리수거장에서 스티로폼 주워가면 ....
아파트 쓰레기 버리는 곳,1,,,절차,아파트 쓰레기 버리는 곳에 종량제 봉투 안 ....
아파트 쓰레기봉투,1,,,절차,아파트 쓰레기봉투 수거함
아파트 음식물 쓰레기통에 물티슈 같,1,,음식물쓰레기통 (별칭 -> 쓰레기통),기존 커버,음식물쓰레기통 (별칭 -> 쓰레기통)
아파트 저녁늦게,1,,,절차,아파트 저녁늦게 분리수거
아파트 종량제 봉투 버리는 곳,1,,종량제봉투 (판정 총칭),기존 커버,종량제봉투 (판정 총칭)
아파트 크린넷,1,,,절차,아파트 크린넷에 종량제봉투 버릴때
아파트 헌옷,1,,헌옷,기존 커버,헌옷
아파트분리수거요령은,1,,,노이즈,아파트분리수거요령은?
아파트사는분들 깨진그릇,1,,깨진그릇 (별칭 -> 그릇),기존 커버,깨진그릇 (별칭 -> 그릇)
아파트세면대버리는곳,1,,세면대,기존 커버,세면대
아파트쓰레기장 분리,1,,,노이즈,아파트쓰레기장 분리배출?날짜
아파트에 사는데 깨진화분,1,,깨진 화분 (별칭 -> 화분),기존 커버,깨진 화분 (별칭 -> 화분)
악력기,1,,아령,기존 커버,악력기 버리는 법
악세사리,1,,,지역,악세사리는 재활용 쓰레기인가요?
안 쓸 교과서,1,,교과서 (별칭 -> 종이),기존 커버,교과서 (별칭 -> 종이)
안 좋은 기억 잊어,1,,,노이즈,안 좋은 기억 잊어버리는법
안 핀 담배꽁초,1,,담배꽁초,기존 커버,안 핀 담배꽁초 일반쓰레기에 버리면 되나요
안경,1,,안경,기존 커버,안경
안경 새로 맞추려는데 쓰던 안경알,1,,안경,기존 커버,안경
안경집 재활용수거함에 넣으면 되,1,플라스틱,안경,기존 커버,안경
안녕하세요 사,1,,,노이즈,안녕하세요 사과 버리는법 재활용? 궁금증문....
안녕하세요 핸드폰 버리는법이요,1,,핸드폰 (별칭 -> 휴대폰),기존 커버,핸드폰 (별칭 -> 휴대폰)
안녕하세요 혹시 휴지심,1,,휴지심,기존 커버,휴지심
안동시,1,,,지역,안동시 대형폐기물
안뜯은 치킨무,1,,김치,기존 커버,안뜯은 치킨무 일반쓰레기
안마기,1,,,실측12차,안마기는 어떻게 버리나요?
안산 초지동,1,,,지역,안산 초지동 음식물쓰레기 일반쓰레기 재활....
안산시에서 케틀벨,1,,케틀벨 (별칭 -> 아령),기존 커버,케틀벨 (별칭 -> 아령)
안성 스치로폴 버리는곳,1,,,지역,안성 스치로폴 버리는곳
안성시 고양이 모래,1,,고양이모래,기존 커버,고양이모래
안신는 신발 버릴때,1,,신발,기존 커버,신발
안쓰,1,,,노이즈,안쓰는 비닐봉투 분리 배출법
안쓰는볼펜,1,,볼펜,기존 커버,볼펜
안씻고 라벨안땠는데요,1,플라스틱,라벨 (별칭 -> 페트병),기존 커버,라벨 (별칭 -> 페트병)
안약에 이건 어찌버리죠,1,,안약 (별칭 -> 약),기존 커버,안약 (별칭 -> 약)
안양시 대형폐기물 가격표좀 찾아주세요,1,,대형 폐기물 (판정 총칭),기존 커버,대형 폐기물 (판정 총칭)
안에 사과 있던,1,,,노이즈,안에 사과 있던 비닐 봉지 재활용 쓰레기
안입는 새옷은 팔아요? 헌옷,1,,헌옷,기존 커버,헌옷
안입는옷들 다,1,,헌옷,기존 커버,안입는옷들 다 어디다버리나요
안좋은일 잊어,1,,,노이즈,안좋은일 잊어버리는법
않깨진,1,,,노이즈,않깨진 유리어떻게버려요?
알긴산물,1,,,보류,알긴산물 어떻게 버려요?
알루미늄,1,,알루미늄 (별칭 -> 고철),기존 커버,알루미늄 (별칭 -> 고철)
알루미늄캔에 든 살충제,1,,알루미늄 (별칭 -> 고철),기존 커버,알루미늄 (별칭 -> 고철)
알바다니던 식당에서 반찬,1,,,노이즈,알바다니던 식당에서 반찬 재활용하는데
알바할때,1,,,노이즈,알바할때 음식물쓰레기
알약 변기,1,,알약 (별칭 -> 약),기존 커버,알약 (별칭 -> 약)
알약 이거,1,,알약 (별칭 -> 약),기존 커버,알약 (별칭 -> 약)
알약 터졌을 때,1,,알약 (별칭 -> 약),기존 커버,알약 (별칭 -> 약)
알약이나 시럽을 안전하게,1,남은,알약 (별칭 -> 약),기존 커버,알약 (별칭 -> 약)
암사3동,1,,,지역,[암사3동] 대형폐기물은 어떻게 버리나요?
압력밥솥의 내솥,1,,압력밥솥 (별칭 -> 밥솥),기존 커버,압력밥솥 (별칭 -> 밥솥)
압류딱지 기간 끝났는데,1,,,노이즈,압류딱지 기간 끝났는데 버려도 되나요
압박붕대,1,,,실측19차,압박붕대 재활용
앞치마,1,,헌옷,기존 커버,앞치마 의류수거함에 넣어도 되나요??
애들 장난감 버릴때,1,,장난감,기존 커버,장난감
애플워치 스트랩,1,,휴대폰,기존 커버,애플워치 스트랩은 일반쓰레기인가요?
액상 셀레늄,1,,약,기존 커버,액상 셀레늄 버리는법
액상 약,1,,약,기존 커버,액상 약은 어디다가 버려야되나요?
액상남은 일회용 전자담배 버리는곳,1,,일회용전자담배 (별칭 -> 전자담배),기존 커버,일회용전자담배 (별칭 -> 전자담배)
액상소스 건더기없어요,1,,소스 (별칭 -> 간장),기존 커버,소스 (별칭 -> 간장)
액상콜라겐,1,,음료,기존 커버,액상콜라겐 버리는법 알려주세요
액체 약,1,,약,기존 커버,액체 약 버리는 방법
액체괴물,1,,,실측19차,액체괴물 어떻게 버려요?
액체류,1,,,노이즈,액체류폐기물 처리방법
앵무새 사료,1,,,실측20차,사료
야광팔찌,1,,장난감,기존 커버,야광팔찌 일반 쓰레기인가요?
야광팔찌 버리는곳,1,,,노이즈,야광팔찌 버리는곳
야외용스탠드재떨이,1,,스탠드 (별칭 -> 스탠드 조명),기존 커버,스탠드 (별칭 -> 스탠드 조명)
야채,1,,감자껍질,기존 커버,야채는 음식물 쓰레기 인가요?
약 버리기 올바른 방법은,1,유통기한 지난 남은,,노이즈,유통기한 지난 남은 약 버리기 올바른 방법은....
약 버릴때,1,,,노이즈,약 버릴때 어떻게 버려요?
약남은거 버리는거,1,,,노이즈,약남은거 버리는거
약버리는거는,1,,,노이즈,약버리는거는
약봉투 박스랑 같,1,,박스,기존 커버,박스
약은 약국가서,1,,,노이즈,약은 약국가서 버리면 되나요??
약은 일반쓰레기가 아니라 따,1,유통기한 지난,,노이즈,유통기한 지난 약은 일반쓰레기가 아니라 따....
약재,1,,약재 (별칭 -> 한약),기존 커버,약재 (별칭 -> 한약)
약통,1,,,실측17차,약통 폐기방법? 버리는 방법!
얇은 토퍼,1,,토퍼 (별칭 -> 매트리스),기존 커버,토퍼 (별칭 -> 매트리스)
양곡 폐건전지 버리는곳,1,,건전지,기존 커버,건전지
양념게장,1,,김치,기존 커버,양념게장 버리는법
양말,1,,양말 (별칭 -> 속옷),기존 커버,양말 (별칭 -> 속옷)
양말목,1,,양말 (별칭 -> 속옷),기존 커버,양말 (별칭 -> 속옷)
양배추,1,,배추 (별칭 -> 김치),기존 커버,배추 (별칭 -> 김치)
양배추는 음식물쓰레기인가요 아니면,1,썩은,음식물쓰레기 (판정 총칭),기존 커버,음식물쓰레기 (판정 총칭)
양산양우2차에 전자페기물 버린곳,1,,페기물 (판정 총칭),기존 커버,페기물 (판정 총칭)
양수기 펌프 버리는곳,1,,,노이즈,양수기 펌프 버리는곳
양은냄비,1,,양은냄비 (별칭 -> 냄비),기존 커버,양은냄비 (별칭 -> 냄비)
양재동 빈,1,,,지역,양재동 빈캔 버리는곳
양키,1,,,노이즈,양키캔들 유리 버리는법
"양파 껍질이 음식물 쓰레기인가요, 일",1,,음식물쓰레기 (판정 총칭),기존 커버,음식물쓰레기 (판정 총칭)
양파껍대기,1,,양파껍질,기존 커버,양파껍대기 음식물쓰레기아닌가요?
양파망,1,,양파망 (별칭 -> 비닐),기존 커버,양파망 (별칭 -> 비닐)
양파즙 유통기한 지난거,1,,음료,기존 커버,양파즙 유통기한 지난거 어떻게 버려요
양푼이,1,,냄비,기존 커버,양푼이 분리수거
어댑터 전기용품,1,,어댑터 (별칭 -> 충전기),기존 커버,어댑터 (별칭 -> 충전기)
어떤물질이 가장 재활용이 많이 되나요,1,,,노이즈,어떤물질이 가장 재활용이 많이 되나요?
어뜨케,1,,,노이즈,이거 어뜨케 버려요??
어린이 영양제,1,,영양제 (별칭 -> 약),기존 커버,영양제 (별칭 -> 약)
어묵,1,,,실측19차,어묵 음식물쓰레기인가요?
어제 헌옷수거함에 솜이불을 넣었습니다,1,,솜이불,기존 커버,솜이불
얼굴 털 눈썹칼로 밀어,1,,,노이즈,얼굴 털 눈썹칼로 밀어버려도 되나요?
얼룩 묻은거,1,,,노이즈,얼룩 묻은거 분리배출
얼음,1,,,실측20차,얼음
얼음 변기에 버려서 물 내려도 되나요,1,,변기,기존 커버,변기
얼음들어간,1,,,노이즈,얼음들어간 종이컵 어떻게 버려요?
엄지손가락만한 작,1,,,노이즈,엄지손가락만한 작은 유리공병 버리는 방법
업소용,1,,,사업장,업소용음식물쓰레기 칩
업체에서 버리는 같은 식료품,1,,,노이즈,업체에서 버리는 같은 식료품 재활용 쓰레기.....
에어매트,1,,에어매트,기존 커버,에어매트
에어캡,1,,에어캡 (별칭 -> 뽁뽁이),기존 커버,에어캡 (별칭 -> 뽁뽁이)
에어컨 냉매,1,,에어컨,기존 커버,에어컨
에어컨물...배란다 여기구멍,1,,에어컨,기존 커버,에어컨
에어팟,1,,에어팟 (별칭 -> 이어폰),기존 커버,에어팟 (별칭 -> 이어폰)
에어프라이어,1,,에어프라이어,기존 커버,에어프라이어
"에이프라이어, 전자렌지",1,,에어프라이어,기존 커버,"에이프라이어, 전자렌지 어떻게 버려요?"
에코백,1,,에코백 (별칭 -> 가방),기존 커버,에코백 (별칭 -> 가방)
에탄올,1,,에탄올 (별칭 -> 손소독제),기존 커버,에탄올 (별칭 -> 손소독제)
에프킬라,1,,,실측12차,에프킬라 버리는방법
여러가지,1,,,노이즈,여러가지 분리수거 방법
여러분 재활용이 안되면,1,,,노이즈,여러분 재활용이 안되면 어떻게 되나요
여름 음식물 쓰레기통 관리법,1,,음식물쓰레기통 (별칭 -> 쓰레기통),기존 커버,음식물쓰레기통 (별칭 -> 쓰레기통)
여의도자이아파트 쓰레기 이송시스템,1,,,노이즈,여의도자이아파트 쓰레기 이송시스템 종량제....
여자 잊어,1,,,노이즈,여자 잊어버리는 방법
역사책,1,,책,기존 커버,역사책 버려도 되나요?
연구실에서 쓰인 약품,1,,,사업장,연구실에서 쓰인 약품은 어떻게 버려요
연산동,1,,,지역,연산동스티로폼버리는날
연신내,1,,,지역,연신내 대형폐기물스티커
연어장 간장,1,,간장,기존 커버,간장
연예인들은 음식물을 받나요,1,,,노이즈,연예인들은 음식물을 받나요?
연필깎이,1,,,실측20차,연필깎이
연휴 쓰레기,1,,,노이즈,연휴 쓰레기버리는방법
열제본 교재,1,,책,기존 커버,열제본 교재 분리수거 방법
염창동,1,,,지역,염창동 재활용 쓰레기 배출 문의드립니다
염창역,1,,,지역,염창역 종량제봉투
엽기떡볶이,1,,떡볶이,기존 커버,엽기떡볶이 버리는법
엽떡,1,,떡볶이,기존 커버,엽떡 일반쓰레기 음식물쓰레기
영등포 이불 대형폐기물 신고 시,1,,대형 폐기물 (판정 총칭),기존 커버,대형 폐기물 (판정 총칭)
영수증,1,,영수증 (별칭 -> 코팅종이),기존 커버,영수증 (별칭 -> 코팅종이)
영수증 종이는 종,1,,영수증 (별칭 -> 코팅종이),기존 커버,영수증 (별칭 -> 코팅종이)
영수증은 쓰레기인가요,1,,영수증 (별칭 -> 코팅종이),기존 커버,영수증 (별칭 -> 코팅종이)
영양 분뇨,1,,,노이즈,영양 분뇨 폐기물 처리 업체
영양제,1,,영양제 (별칭 -> 약),기존 커버,영양제 (별칭 -> 약)
영양제 버리려고 하는데,1,,영양제 (별칭 -> 약),기존 커버,영양제 (별칭 -> 약)
영양제 속,1,,영양제 (별칭 -> 약),기존 커버,영양제 (별칭 -> 약)
영어,1,,,노이즈,영어 분리수거
영어 버리고 사는법 아시나요,1,,,노이즈,영어 버리고 사는법 아시나요?
"영어, 국어 버리고 물리학과가는 법",1,,,노이즈,"영어, 국어 버리고 물리학과가는 법"
영어교과서 정시,1,,교과서 (별칭 -> 종이),기존 커버,교과서 (별칭 -> 종이)
영어로 재활용하여 분리,1,,,노이즈,영어로 재활용하여 분리배출 영작
영화관 팝콘,1,,,실측20차,팝콘
예민한 천성,1,,,노이즈,예민한 천성 버리는법
예비고1 학습지 다,1,,,노이즈,예비고1 학습지 다 버려도되나요
예비고3 고2 교과서,1,,교과서 (별칭 -> 종이),기존 커버,교과서 (별칭 -> 종이)
예식장갑 면,1,,헌옷,기존 커버,예식장갑(면) 분리수거 방법
예전에 코로나 격리 시 받았던 주황색,1,,,노이즈,예전에 코로나 격리 시 받았던 주황색 종량제....
옛날 종량제 봉투 사용 가능한가요,1,,종량제봉투 (판정 총칭),기존 커버,종량제봉투 (판정 총칭)
오늘 옷함 수거함에 신발을 버렸,1,,신발,기존 커버,신발
오래된,1,,,실측19차,오래된 음식물 쓰레기
오래된교복,1,,헌옷,기존 커버,오래된교복 의류수거함에 넣어도 괜찮나요?
오래된쌀,1,,쌀,기존 커버,오래된쌀버리는법
오렌지 껍질,1,,오렌지 껍질 (별칭 -> 귤껍질),기존 커버,오렌지 껍질 (별칭 -> 귤껍질)
오븐,1,,오븐 (시드),기존 커버,오븐 (시드)
오산시,1,,,지역,오산시 대형폐기물
오염된 의류 수건을 헌옷,1,,수건,기존 커버,수건
오염된 큰인형,1,,큰 인형 (별칭 -> 인형),기존 커버,큰 인형 (별칭 -> 인형)
오염이 심한 쓰레기는 모두,1,,,노이즈,오염이 심한 쓰레기는 모두 일반 쓰레기인가....
오이고추,1,,감자껍질,기존 커버,오이고추 음식물쓰레기인가요?
오이도 이불버리는곳,1,,이불,기존 커버,이불
오이피클에있는 절임물,1,,간장,기존 커버,오이피클에있는 절임물재활용해도되나요
오정구페기물버리는곳,1,,페기물 (판정 총칭),기존 커버,페기물 (판정 총칭)
오창에 폐기물 처리할곳 업체,1,,,노이즈,오창에 폐기물 처리할곳(업체)
오카리나 악기,1,,악기 (별칭 -> 바이올린),기존 커버,악기 (별칭 -> 바이올린)
오케이 캐시백 카드 출력을 깜빡 하고,1,,카드 (별칭 -> 신용카드),기존 커버,카드 (별칭 -> 신용카드)
오트밀,1,,쌀,기존 커버,오트밀 버리는 방법
오트밍,1,,쌀,기존 커버,오트밍 버리는 방법
오피스텔,1,,,절차,오피스텔 대형 폐기물 처리
옥수수 먹고 남은거,1,,옥수수 (시드),기존 커버,옥수수 (시드)
옥수수 알 다 때내면 딱딱하 부분,1,,옥수수 (시드),기존 커버,옥수수 (시드)
옥슈수,1,,옥수수대,기존 커버,옥슈수는 일반쓰레기 인가요? 음식물 쓰레기....
옥장판버려두되나요,1,,장판,기존 커버,장판
옥장판버리는곳,1,,장판,기존 커버,장판
온수 건식 족욕기 좌훈겸용,1,,수건,기존 커버,수건
온수 매트,1,,온수매트,기존 커버,온수매트
올리고당 버리는 방법이요,1,유통기한 지난,,노이즈,유통기한 지난 올리고당 버리는 방법이요
올리브 오일 버리는 곳,1,,,노이즈,올리브 오일 버리는 곳
올림픽 공원,1,,,노이즈,올림픽 공원 음식물 쓰레기 버리는곳 알려주....
올바로,1,,,노이즈,올바로 폐기물 처리 시스템
올바른,1,,,노이즈,올바른 분리배출
올바른 분리,1,,,노이즈,올바른 분리배출 방법은?
옷 리폼하다 버리는 부분,1,,,노이즈,옷 리폼하다 버리는 부분은 일반쓰레기or재활....
옷 버리기. 헌옷,1,,헌옷,기존 커버,헌옷
옷 수거함에 넣은 후에,1,,,노이즈,옷 수거함에 넣은 후에
옷 수거함에 옷 하고 넥타이 같은거,1,,,노이즈,옷 수거함에 옷 하고 넥타이 같은거 수거함에....
옷 수거함에 찢어진 옷 하,1,헌,,노이즈,헌 옷 수거함에 찢어진 옷 하나 버려
옷 의류수거함에 넣을때 봉투에 넣어,1,,,노이즈,옷 의류수거함에 넣을때 봉투에 넣어
옷 헌 하이힐,1,헌,신발,기존 커버,헌 옷 헌 하이힐 버리는 법
옷걸이,1,,옷걸이,기존 커버,옷걸이
옷수거함에 모르고 이불을 넣었는데,1,,이불,기존 커버,이불
옷에 지갑을 넣어놨는데 그걸,1,,,노이즈,옷에 지갑을 넣어놨는데 그걸 의류수거함에 ....
옷을 폐기할 때 속옷처럼 헌옷,1,,속옷,기존 커버,속옷
옷이나 속옷,1,,속옷,기존 커버,속옷
옷장,1,큰,옷장,기존 커버,옷장
왁스,1,,화장품,기존 커버,왁스는 일반쓰레기인가요?
왁싱 왁스 재활용은 안되나요,1,,,노이즈,왁싱 왁스 재활용은 안되나요?
완두콩 껍질 음식물쓰레기 인가요 일반,1,,음식물쓰레기 (판정 총칭),기존 커버,음식물쓰레기 (판정 총칭)
완충재,1,,완충재 (별칭 -> 뽁뽁이),기존 커버,완충재 (별칭 -> 뽁뽁이)
외국분리,1,,,지역,외국분리배출마크
외출증,1,,,노이즈,외출증 버려도 되나요?
요거트,1,유통기한지난,음료,기존 커버,유통기한지난 요거트 음식물쓰레기인가요?
요구르트 용기,1,,요구르트 (별칭 -> 생크림),기존 커버,요구르트 (별칭 -> 생크림)
요런건,1,,,노이즈,요런건 어떻게 버려요?
요리하고 남은 기름,1,,기름,기존 커버,기름
요매트,1,,퍼즐매트,기존 커버,요매트 버리는 방법
요소수,1,,기름,기존 커버,요소수폐기물처리문의
요양병원에서 선거 공보,1,,,노이즈,요양병원에서 선거 공보 버리는 법
요즘 신규 아파트들은 박스,1,,박스,기존 커버,박스
요즘 쓰레기 분리,1,,,노이즈,요즘 쓰레기 분리 배출 힘든가요?
"욕실,주방등 카페트",1,,카페트 (별칭 -> 러그),기존 커버,카페트 (별칭 -> 러그)
욕조,1,,욕조 (별칭 -> 아기욕조),기존 커버,욕조 (별칭 -> 아기욕조)
용기면의 용기,1,,컵라면,기존 커버,[ 용기면의 용기는 재활용이 되나요?
용산 쓰레기,1,,,노이즈,용산 쓰레기 분리배출
용인,1,,,지역,용인 대형폐기물 어떻게 버려야하나요 ㅠㅠ
용인 폐형광등 버리는곳,1,,형광등,기존 커버,형광등
용접봉 휠,1,,,보류,용접봉 휠 폐기물처리
우드 클립보드 종이 받침대 버리는 곳,1,,침대,기존 커버,침대
"우드락,폼보드",1,,우드락,기존 커버,우드락
우등버스 화물칸,1,,,노이즈,우등버스 화물칸에 음식물 스티로폼
우레탄폼 발포제,1,,실리콘,기존 커버,우레탄폼 발포제 일반쓰레기? 재활용?
우비옷 방수포 같,1,,우비 (별칭 -> 신발),기존 커버,우비 (별칭 -> 신발)
우산 뼈대 버리는곳,1,,우산,기존 커버,우산
우엉차 추출하고 남은 우엉,1,,티백,기존 커버,우엉차 추출하고 남은 우엉 음식물 쓰레기인....
우울증 약없이 강제로 억압하고 억제해,1,,,노이즈,우울증 약없이 강제로 억압하고 억제해버리....
우유,1,썩은,음료,기존 커버,썩은 우유 어떻게 버려요????ㅠㅠㅠ
우유 변기,1,썩은,변기,기존 커버,변기
"우유, 버리기 아까운데 활용법",1,유통기한 지난,,노이즈,"유통기한 지난 우유, 버리기 아까운데 활용법...."
우유팩 종이컵 분리,1,,우유팩,기존 커버,우유팩
우체통,1,,,보류,우체통 수거함에 잘못넣엇어요ㅜㅠ
우편물,1,,,실측20차,우편물
우편봉투 버리는곳,1,,,노이즈,우편봉투 버리는곳
운동화 버릴때 헌옷수거함에 넣는거 맞,1,,운동화 (별칭 -> 신발),기존 커버,운동화 (별칭 -> 신발)
운동화도 헌옷,1,,운동화 (별칭 -> 신발),기존 커버,운동화 (별칭 -> 신발)
운송장 스티커 붙어있,1,,송장 스티커 (별칭 -> 종이),기존 커버,송장 스티커 (별칭 -> 종이)
울산 고물상,1,,,지역,울산 고물상?폐기물처리업체?
울산 남구에 사는데 울주군,1,,,지역,울산 남구에 사는데 울주군 종량제봉투 써도....
울산 무거동,1,,,지역,울산 무거동 재활용 쓰레기
울산 음식물 쓰레기 처리기 사용후,1,,음식물쓰레기 처리기 (별칭 -> 음식물처리기),기존 커버,음식물쓰레기 처리기 (별칭 -> 음식물처리기)
울산 중구 100l쓰레기봉투,1,,,지역,울산 중구 100l쓰레기봉투 버려도되나요?
울산남구쪽헌가구버리는곳,1,,가구 (판정 총칭),기존 커버,가구 (판정 총칭)
울산농소2동폐가구버리는곳,1,,폐가구 (판정 가이드축),기존 커버,폐가구 (판정 가이드축)
울산은 왜 재활용품을 그물망에 넣어,1,,,노이즈,울산은 왜 재활용품을 그물망에 넣어 버리나....
울산지역 붙박이장? 철거 및,1,,붙박이장 (별칭 -> 장롱),기존 커버,붙박이장 (별칭 -> 장롱)
울산페기물버리는곳,1,,페기물 (판정 총칭),기존 커버,페기물 (판정 총칭)
원단,1,,,실측13차,원단 분리수거
원룸 거울이이나 책상,1,,거울,기존 커버,거울
원룸 고철류 냄비,1,,고철류 (별칭 -> 고철),기존 커버,고철류 (별칭 -> 고철)
원룸 박스,1,,박스,기존 커버,박스
원룸 빌라에는 음식물쓰레기통 내놓는,1,,음식물쓰레기통 (별칭 -> 쓰레기통),기존 커버,음식물쓰레기통 (별칭 -> 쓰레기통)
원룸 스티로폼 버리는데가 없는데,1,,스티로폼,기존 커버,스티로폼
원룸 재활용 투명봉투 파는곳,1,,,절차,원룸 재활용 투명봉투 파는곳
원룸 재활용쓰레기는 누가 치우나요,1,,,절차,원룸 재활용쓰레기는 누가 치우나요??
원룸 전신거울,1,,전신거울 (별칭 -> 거울),기존 커버,전신거울 (별칭 -> 거울)
원룸 택배박스,1,,택배박스 (별칭 -> 박스),기존 커버,택배박스 (별칭 -> 박스)
원룸 페트병,1,,페트병,기존 커버,페트병
원룸단지,1,,단지 (별칭 -> 항아리),기존 커버,단지 (별칭 -> 항아리)
원목옷걸이,1,,옷걸이,기존 커버,옷걸이
원자력,1,,,사업장,원자력 폐기물 처리
원주단구동쓰레기버리는곳,1,,,노이즈,원주단구동쓰레기버리는곳
원주시,1,,,지역,원주시 종량제 봉투
원주페가전버리는곳,1,,페가전 (판정 가이드축),기존 커버,페가전 (판정 가이드축)
월곶쪽석면버리는곳어디,1,,,노이즈,월곶쪽석면버리는곳어디
월롱역부근폐목재버리는곳,1,,폐목재,기존 커버,폐목재
웰치스 버리다가 손에 물든거,1,,,노이즈,웰치스 버리다가 손에 물든거 어떡하나요?
윗집,1,,,노이즈,윗집에서 음식물쓰레기를버는데 어떻게하나....
유골함과 뼛가루,1,,,실측20차,유골함
유리를 깼는데 이건,1,,유리,기존 커버,유리
유리병 버릴때 봉투에 모아서,1,,유리병,기존 커버,유리병
유리포트 깼는데,1,,유리,기존 커버,유리
유산지,1,,종이,기존 커버,유산지 종이봉투는 종이류로 분리수거
유색,1,,,노이즈,유색 스티로폼 재활용 문의
유선 마우스,1,,마우스 (별칭 -> 키보드),기존 커버,마우스 (별칭 -> 키보드)
유심,1,,,실측20차,유심
유통기한 3년 지난 군고구마츄,1,,과자,기존 커버,유통기한 3년 지난 군고구마츄는 음식물 쓰레....
유통기한 지난사탕,1,,사탕 (별칭 -> 과자),기존 커버,사탕 (별칭 -> 과자)
유화 포피오일,1,,유화 (별칭 -> 캔버스),기존 커버,유화 (별칭 -> 캔버스)
육수낸 파뿌리,1,,파뿌리 (별칭 -> 감자껍질),기존 커버,파뿌리 (별칭 -> 감자껍질)
윤활제,1,,기름,기존 커버,윤활제 캔 분리수거 방법
은박돗자리,1,,은박돗자리 (별칭 -> 돗자리),기존 커버,은박돗자리 (별칭 -> 돗자리)
은박지 도시락,1,,은박지,기존 커버,은박지
은평구 응암동 분리,1,,은평구 (판정 B층폐기),기존 커버,은평구 (판정 B층폐기)
은평구 폐 휴대폰 버리는곳,1,,휴대폰,기존 커버,휴대폰
은행,1,곰팡이핀,과일껍질,기존 커버,곰팡이핀 은행 음식물쓰레기인가요?
은행 보안카드,1,,카드 (별칭 -> 신용카드),기존 커버,카드 (별칭 -> 신용카드)
음료병,1,,페트병,기존 커버,음료병 분리수거 방법
음료수통 버릴때 내용물,1,,,노이즈,음료수통 버릴때 내용물 씻어서 버리나요?
음식 곰팡이,1,,,보류,"음식 곰팡이 , 음식물쓰레기? 일반쓰레기?"
음식물 들어있는 냉장고,1,썩은,냉장고,기존 커버,냉장고
음식물 디스포저 사용 불법이 아닌가요,1,,디스포저 (별칭 -> 음식물처리기),기존 커버,디스포저 (별칭 -> 음식물처리기)
음식물 변기에 넣어서,1,,변기,기존 커버,변기
음식물 수거함에서 꺼내놓는건가요,1,,,노이즈,음식물 수거함에서 꺼내놓는건가요?
음식물 쓰레기 기계에 버릴때,1,,음식물쓰레기 (판정 총칭),기존 커버,음식물쓰레기 (판정 총칭)
음식물 쓰레기 믹서기에 갈아먹으면,1,,음식물쓰레기 (판정 총칭),기존 커버,음식물쓰레기 (판정 총칭)
음식물 쓰레기 버리는거 원래 집안에,1,,음식물쓰레기 (판정 총칭),기존 커버,음식물쓰레기 (판정 총칭)
음식물 쓰레기 수거 문제,1,,음식물쓰레기 (판정 총칭),기존 커버,음식물쓰레기 (판정 총칭)
음식물 쓰레기 스티커 용량,1,,음식물쓰레기 (판정 총칭),기존 커버,음식물쓰레기 (판정 총칭)
음식물 쓰레기 처리 좀 깔끔하게 하,1,,음식물쓰레기 (판정 총칭),기존 커버,음식물쓰레기 (판정 총칭)
음식물 쓰레기 처리기 추천부탁드려요,1,,음식물쓰레기 처리기 (별칭 -> 음식물처리기),기존 커버,음식물쓰레기 처리기 (별칭 -> 음식물처리기)
음식물 쓰레기 통에 일반 봉투,1,,음식물쓰레기통 (별칭 -> 쓰레기통),기존 커버,음식물쓰레기통 (별칭 -> 쓰레기통)
"음식물 쓰레기, 냉동실",1,,음식물쓰레기 (판정 총칭),기존 커버,음식물쓰레기 (판정 총칭)
음식물 쓰레기가 동물 사료로,1,,음식물쓰레기 (판정 총칭),기존 커버,음식물쓰레기 (판정 총칭)
음식물 쓰레기랑 재활용쓰레기랑 같이,1,,음식물쓰레기 (판정 총칭),기존 커버,음식물쓰레기 (판정 총칭)
음식물 쓰레기랑 키스하면,1,,음식물쓰레기 (판정 총칭),기존 커버,음식물쓰레기 (판정 총칭)
음식물 쓰레기를 스티커 붙어야 되나요,1,,음식물쓰레기 (판정 총칭),기존 커버,음식물쓰레기 (판정 총칭)
음식물 쓰레기를 저희 집앞에 두는데,1,,음식물쓰레기 (판정 총칭),기존 커버,음식물쓰레기 (판정 총칭)
음식물 쓰레기만 모은 일반 봉투,1,,음식물쓰레기 (판정 총칭),기존 커버,음식물쓰레기 (판정 총칭)
음식물 쓰레기봉투 구매,1,,음식물쓰레기 (판정 총칭),기존 커버,음식물쓰레기 (판정 총칭)
음식물 쓰레기인 필리핀,1,,음식물쓰레기 (판정 총칭),기존 커버,음식물쓰레기 (판정 총칭)
음식물 외부 수거 쓰레기통,1,,쓰레기통,기존 커버,쓰레기통
음식물 처리기 추천,1,,음식물처리기,기존 커버,음식물처리기
"음식물 처리기, 관리하기 편리한가요",1,,음식물처리기,기존 커버,음식물처리기
음식물 처리기로 분쇄된 것들,1,,음식물처리기,기존 커버,음식물처리기
음식물쓰레기 거점용기에 버릴때,1,,음식물쓰레기 (판정 총칭),기존 커버,음식물쓰레기 (판정 총칭)
음식물쓰레기 남을때마다 거름줘야하나요,1,,음식물쓰레기 (판정 총칭),기존 커버,음식물쓰레기 (판정 총칭)
음식물쓰레기 납부필증 사용,1,,음식물쓰레기 (판정 총칭),기존 커버,음식물쓰레기 (판정 총칭)
음식물쓰레기 납부필증 사용법,1,,음식물쓰레기 (판정 총칭),기존 커버,음식물쓰레기 (판정 총칭)
음식물쓰레기 배출방법을 알고 싶습니다,1,,음식물쓰레기 (판정 총칭),기존 커버,음식물쓰레기 (판정 총칭)
음식물쓰레기 봉투 일반 봉투,1,,음식물쓰레기 (판정 총칭),기존 커버,음식물쓰레기 (판정 총칭)
음식물쓰레기 불법 투기,1,,음식물쓰레기 (판정 총칭),기존 커버,음식물쓰레기 (판정 총칭)
음식물쓰레기 수거를 안해가셨어요,1,,음식물쓰레기 (판정 총칭),기존 커버,음식물쓰레기 (판정 총칭)
음식물쓰레기냉장고 관리 편해요,1,,음식물쓰레기 (판정 총칭),기존 커버,음식물쓰레기 (판정 총칭)
음식물쓰레기는 구토를 유발하죠,1,,음식물쓰레기 (판정 총칭),기존 커버,음식물쓰레기 (판정 총칭)
음식물쓰레기를 넣어두었던통의악취제거법,1,,음식물쓰레기 (판정 총칭),기존 커버,음식물쓰레기 (판정 총칭)
음식물쓰레기를 아파트,1,,음식물쓰레기 (판정 총칭),기존 커버,음식물쓰레기 (판정 총칭)
음식물쓰레기봉투 스티커 사용법,1,,음식물쓰레기 (판정 총칭),기존 커버,음식물쓰레기 (판정 총칭)
음식물쓰레기봉투 지역,1,,음식물쓰레기 (판정 총칭),기존 커버,음식물쓰레기 (판정 총칭)
음식물쓰레기에 구더기 안생기게 하,1,,음식물쓰레기 (판정 총칭),기존 커버,음식물쓰레기 (판정 총칭)
음식물쓰레기에 생기는 벌레들,1,,음식물쓰레기 (판정 총칭),기존 커버,음식물쓰레기 (판정 총칭)
음식물쓰레기처리기 괜찮은 곳,1,,음식물쓰레기 처리기 (별칭 -> 음식물처리기),기존 커버,음식물쓰레기 처리기 (별칭 -> 음식물처리기)
음식물쓰레기처리기 괜찮은게 있나요,1,,음식물쓰레기 처리기 (별칭 -> 음식물처리기),기존 커버,음식물쓰레기 처리기 (별칭 -> 음식물처리기)
음식물쓰레기통 관해서,1,,음식물쓰레기통 (별칭 -> 쓰레기통),기존 커버,음식물쓰레기통 (별칭 -> 쓰레기통)
음식물쓰레기통 벌레 덜 꼬이게 하는법,1,,음식물쓰레기통 (별칭 -> 쓰레기통),기존 커버,음식물쓰레기통 (별칭 -> 쓰레기통)
음식물쓰레기통 스티커는,1,,음식물쓰레기통 (별칭 -> 쓰레기통),기존 커버,음식물쓰레기통 (별칭 -> 쓰레기통)
음식물쓰레기통에 봉투 여러개,1,,음식물쓰레기통 (별칭 -> 쓰레기통),기존 커버,음식물쓰레기통 (별칭 -> 쓰레기통)
음식물쓰레기통에 비닐 넣는게 아닌가요,1,,음식물쓰레기통 (별칭 -> 쓰레기통),기존 커버,음식물쓰레기통 (별칭 -> 쓰레기통)
음식물을 친환경 위생백에 넣고,1,,비닐,기존 커버,음식물을 친환경 위생백에 넣고 음식물 쓰레....
음식물이 목에 걸리거나 코로 넘어가요,1,,,노이즈,음식물이 목에 걸리거나 코로 넘어가요
음식물처리기 내솥 블레이드 안돌아가요,1,,음식물처리기,기존 커버,음식물처리기
음식물처리기 렌탈 알아보고있습니다 추,1,,음식물처리기,기존 커버,음식물처리기
음식물처리기 불법 아닌가요,1,,음식물처리기,기존 커버,음식물처리기
음식물처리기 제로스톤,1,,음식물처리기,기존 커버,음식물처리기
음식물처리기에서 계란껍질,1,,음식물처리기,기존 커버,음식물처리기
음식믈 쓰레기봉투 있어,1,,,노이즈,음식믈 쓰레기봉투 있어도 수거함에 넣는거 ....
음식쓰레기 칩 이거,1,,,노이즈,음식쓰레기 칩 이거 재활용하나요?
음식쓰레기인가요,1,,,노이즈,음식쓰레기인가요 일반쓰레기인가요
음식은 음식물 쓰레기인가요 일반쓰레,1,상한,음식물쓰레기 (판정 총칭),기존 커버,음식물쓰레기 (판정 총칭)
음식점에서 음식,1,,,보류,음식점에서 음식 재활용
음쓰 처리법 음쓰,1,,음식물처리기,기존 커버,음쓰 처리법 (음쓰종량제봉투 없어요)
음쓰레기버리는곳,1,,,노이즈,음쓰레기버리는곳
음쓰통,1,,쓰레기통,기존 커버,음쓰통 일반쓰레기로 배출가능한가요?
의경 옷,1,,,실측20차,군복
의료폐기물 전용용기를 버리는곳,1,,,사업장,의료폐기물 전용용기를 버리는곳?
의류,1,,헌옷,기존 커버,의류 분리수거 방법이 어떻게 되나요?
의류 버릴때 무조건,1,중고,,노이즈,중고 의류 버릴때 무조건 종량제봉투에 담아....
의류 수거함에 넣을수 있는건,1,,,노이즈,의류 수거함에 넣을수 있는건?
"의류 수거함에 세탁한 얇은 이불,담요",1,,이불,기존 커버,이불
의류 수거함에 옷을 넣으면,1,,,노이즈,의류 수거함에 옷을 넣으면 수거함 안
의류수거 재활용품 가져가면 안되나요,1,,,노이즈,의류수거 재활용품 가져가면 안되나요?
의류수거함 불법 투기,1,,,노이즈,의류수거함 불법 투기 문의
의류수거함 없을 때 옷,1,,,노이즈,의류수거함 없을 때 옷 버리는 법
의류수거함 이불 과태로,1,,이불,기존 커버,이불
의류수거함에 넣은 물건,1,,,노이즈,의류수거함에 넣은 물건
의류수거함에 넣은 옷들,1,,,노이즈,의류수거함에 넣은 옷들은 재활용 되나요??
의류수거함에 다 안들어갈때,1,,,노이즈,의류수거함에 다 안들어갈때
의류수거함에 더블백 넣어도 대나여,1,,,노이즈,의류수거함에 더블백 넣어도 대나여
의류수거함에 모르고 새옷을 넣었을때,1,,,노이즈,의류수거함에 모르고 새옷을 넣었을때.
"의류수거함에 모자,가방을 넣어도돼나요",1,,가방,기존 커버,가방
의류수거함에 벨트도 넣어도되나요,1,,벨트,기존 커버,벨트
의류수거함에 새옷 넣었을때,1,,,노이즈,의류수거함에 새옷 넣었을때
의류수거함에 신발 넣을때,1,,신발,기존 커버,신발
의류수거함에 실수로 베개를 넣었습니다,1,,베개,기존 커버,베개
의류수거함에 오염된 옷 넣어도 되나요,1,,,노이즈,의류수거함에 오염된 옷 넣어도 되나요?
의류수거함에 옷 뽀글이 넣어도 되나요,1,,,노이즈,의류수거함에 옷 뽀글이 넣어도 되나요?
의류수거함에 지갑 넣어도,1,,,노이즈,의류수거함에 지갑 넣어도 ?
의류쓰레기,1,,,노이즈,의류쓰레기도 재활용 가능한가요?
의왕시,1,,,지역,의왕시 대형폐기물 배출방법이 궁금합니다.
의자 목받침대,1,,의자,기존 커버,의자
의자 재활용 봉투에 넣어두 될까요,1,,의자,기존 커버,의자
의자 플레이트,1,,의자,기존 커버,의자
의자버릴건데 스티커만 사서,1,,스티커 (별칭 -> 종이),기존 커버,스티커 (별칭 -> 종이)
의정부 소형폐가전,1,,폐가전 (판정 가이드축),기존 커버,폐가전 (판정 가이드축)
의정부건설,1,,,지역,의정부건설폐기물처리장위치
이건 일반,1,,,노이즈,이건 일반?분리수거?
이건 재활용 종량제 쓰레기 봉투인가요,1,,,노이즈,이건 재활용 종량제 쓰레기 봉투인가요?
이건 재활용으로 버려야되나요? 아니면,1,,,노이즈,이건 재활용으로 버려야되나요? 아니면
이게,1,,,노이즈,이게 일반쓰레기 종량제 맞나요??
이과인데 한국사,1,,,노이즈,이과인데 한국사 버려도 되나요
이과자,1,,과자,기존 커버,과자
이동식 에어컨,1,,이동식에어컨 (별칭 -> 에어컨),기존 커버,이동식에어컨 (별칭 -> 에어컨)
이때까지 음식물쓰레기를 변기에 버렸,1,,음식물쓰레기 (판정 총칭),기존 커버,음식물쓰레기 (판정 총칭)
이런 건전지,1,,건전지,기존 커버,건전지
이런 것들은 일반쓰레기인가요? 아님,1,,,노이즈,이런 것들은 일반쓰레기인가요? 아님 음식물....
이런 경우,1,,,노이즈,이런 경우 분리배출 어떻게 해야 하는지 알려....
이런 나무판,1,,폐목재,기존 커버,이런 나무판?은 일반쓰레기인가요?
이런 라이터는 쓰레기,1,,라이터,기존 커버,라이터
이런 박스,1,,박스,기존 커버,박스
이런 배게솜,1,,배게 (별칭 -> 베개),기존 커버,배게 (별칭 -> 베개)
이런 빨대,1,,빨대,기존 커버,빨대
이런 스티로폼 재질 포장지,1,,스티로폼,기존 커버,스티로폼
이런 쓰레기는 재활용 봉투에 넣어 버,1,,,노이즈,이런 쓰레기는 재활용 봉투에 넣어 버
이런 에어캡,1,,에어캡 (별칭 -> 뽁뽁이),기존 커버,에어캡 (별칭 -> 뽁뽁이)
이런 종이도 재활용인가요? 아님,1,,종이,기존 커버,종이
이런 지퍼백,1,,지퍼백 (별칭 -> 비닐),기존 커버,지퍼백 (별칭 -> 비닐)
이런 채망 어케,1,,,노이즈,"이런 채망 어케버려요 분리수거, 일반쓰레기?"
이런거,1,,,노이즈,이런거 어떻게버려요
이런거 깔끔하게 뜯어,1,,,노이즈,이런거 깔끔하게 뜯어버리는 방법
이런건,1,,,노이즈,"이런건 어떻게버리나요? (재활용, 종량제 배...."
이런건 일반쓰레기인가요? 박스쪽인가요,1,,박스,기존 커버,박스
이런것 그냥,1,,,노이즈,이런것 그냥 버려도 되나요ㅛ?
이런상자,1,,상자 (별칭 -> 박스),기존 커버,상자 (별칭 -> 박스)
이렇게 분리,1,,,노이즈,이렇게 분리배출해도 재활용 되나요?
이렇게 큰 나무판자,1,,폐목재,기존 커버,이렇게 큰 나무판자 어떻게 버려요??
이름이 뭐죠?이것,1,,,노이즈,이거 이름이 뭐죠?이것도 재활용 되나요?
이미 잡아버린 약속 거절하는 법,1,,,노이즈,이미 잡아버린 약속 거절하는 법?
이민가서 완전히 한국신분,1,,,노이즈,이민가서 완전히 한국신분 버리는법
이불 버리려하는데,1,,이불,기존 커버,이불
이불 헌옷,1,헌,이불,기존 커버,이불
"이불, 천",1,,이불,기존 커버,이불
이불옷 버리는곳에,1,,이불,기존 커버,이불
이불은 어찌,1,,이불,기존 커버,이불
이불을 헌옷,1,,이불,기존 커버,이불
이불이나 베게,1,,이불,기존 커버,이불
이사 및,1,,,지역,이사 및 폐기물 처리 문의
이사 업체,1,,,지역,이사 업체 폐기물처리 분리배출
이사 준비하면서,1,,,지역,이사 준비하면서 음식물쓰레기 어떻게 처리....
이사가기전,1,,,지역,이사가기전에음식물쓰레기버려야되죠
이사가는데 가구 버려주는 업체같은곳,1,,가구 (판정 총칭),기존 커버,가구 (판정 총칭)
이사가면,1,,,지역,이사가면음식물버려야되나요..
이사때 밥통쌀,1,,쌀,기존 커버,이사때 밥통쌀 버려도되나요?
이사시,1,,,지역,이사시 종량제봉투
이사업체 책,1,,,지역,이사업체 책 분리배출
이사짐 옮겨주고 폐기물처리업체 찾아요,1,,,노이즈,이사짐 옮겨주고 폐기물처리업체 찾아요
이사폐기물처리 기본 가격대,1,,,노이즈,이사폐기물처리 기본 가격대가 어떻게 되나....
이사폐기물처리 업체 구합니나,1,,,노이즈,이사폐기물처리 업체 구합니나.
이사하기 전에 세탁기 건조기 같은것들,1,,세탁기,기존 커버,세탁기
이삿짐,1,,,노이즈,이삿짐폐기물처리
이어폰,1,,이어폰,기존 커버,이어폰
"이어폰,충전기",1,,충전기,기존 커버,충전기
이정도 장난감,1,,장난감,기존 커버,장난감
이천시폐현수막버리는곳,1,,,노이즈,이천시폐현수막버리는곳
이티피레버리지인버스,1,,,노이즈,이티피레버리지인버스
익히지 않은 밀가루반죽,1,,밀가루 반죽 (별칭 -> 밀가루),기존 커버,밀가루 반죽 (별칭 -> 밀가루)
익히지 않은 조기나 날생선,1,,생선뼈,기존 커버,익히지 않은 조기나 날생선 음식물쓰레기인....
인덕션,1,,,실측20차,인덕션
인덕션 냄비,1,,냄비,기존 커버,냄비
인라인스케이트,1,,인라인스케이트 (별칭 -> 신발),기존 커버,인라인스케이트 (별칭 -> 신발)
인쇄된 A4용지 버리려는데,1,,,노이즈,인쇄된 A4용지 버리려는데 일반쓰레기인가요?....
인육,1,,,노이즈,인육도 음식물 쓰레기인가요?
인조잔디,1,,,실측17차,인조잔디 폐기물처리비용
인조잔디매트,1,,퍼즐매트,기존 커버,인조잔디매트는 어떻게 버려요?
인천 가좌동,1,,,지역,인천 가좌동 음식물 쓰레기
인천 구월동 홈플러스,1,,,지역,인천 구월동 홈플러스 종량제 봉투에대해
인천 남동구 만수2동,1,,,지역,인천 남동구 만수2동 재활용.일반쓰레기 버리....
인천 남동구 만수5동,1,,,지역,인천 남동구 만수5동 대형 폐기물 배출 시간
인천 남동구에 이사왔는데,1,,,지역,인천 남동구에 이사왔는데 종이류 배출방법
인천 롯데백화점 식품관,1,,,지역,인천 롯데백화점 식품관 종량제 봉투를??
인천 미추홀구,1,,,지역,인천 미추홀구 종량제봉투
인천 생활,1,,,지역,인천 생활폐기물처리
인천 소량 폐엔진오일 버리는곳,1,,폐엔진오일 (별칭 -> 기름),기존 커버,폐엔진오일 (별칭 -> 기름)
인천 연수구,1,,,지역,인천 연수구 대형 폐기물
인천 연수동 원룸,1,,,지역,인천 연수동 원룸 음식물 쓰레기
인천 영종구,1,,,지역,인천 영종구 종량제 봉투
인천 이사,1,,,지역,인천 이사 폐기물 처리
인천 청소기,1,,청소기,기존 커버,청소기
인천가정폐기물처리업체 비용,1,,,노이즈,인천가정폐기물처리업체 비용
인천공항 박스 버리는곳,1,,박스,기존 커버,박스
인천신흥1동쓰레기버리는곳,1,,,노이즈,인천신흥1동쓰레기버리는곳
인천에 화장재 버리는곳,1,,,노이즈,인천에 화장재 버리는곳
인터넷,1,,,노이즈,인터넷 대형폐기물
인테리어 철거,1,,,지역,인테리어 철거 폐기물 처리장
인형 가방 등 헌 옷,1,,인형,기존 커버,인형
인형버릴때,1,낡은,인형,기존 커버,인형
인형은 일반쓰레기에 버리는 건가요,1,,인형,기존 커버,인형
일기장 찢은 종,1,,종이,기존 커버,일기장 찢은 종이 버리는법
일반 기성복 자른 조각들,1,,헌옷,기존 커버,일반 기성복 자른 조각들은 일반쓰레기로 버....
일반 쓰레기 이렇게 버리면 불법인가요,1,,,노이즈,일반 쓰레기 이렇게 버리면 불법인가요?
일반 쓰레기 일반 폐기물 차이,1,,,노이즈,일반 쓰레기 일반 폐기물 차이
일반 쓰레기 혼합 투기로 인한,1,,,노이즈,일반 쓰레기 혼합 투기로 인한
일반 쓰레기에 재활용 되는 종,1,,,노이즈,일반 쓰레기에 재활용 되는 종이 버리면
일반생활,1,,,노이즈,일반생활폐기물에 유리 버려도 되나요
일반쓰레기 버리는 요일,1,,,노이즈,일반쓰레기 버리는 요일?
일반쓰레기 봉투 5L,1,,,노이즈,일반쓰레기 봉투 5L
일반쓰레기 분리수거봉투에 담아서,1,,,노이즈,일반쓰레기 분리수거봉투에 담아서 버려도되....
일반쓰레기 아무 봉지에다,1,,,노이즈,일반쓰레기 아무 봉지에다 버리면 어떻게 되....
일반쓰레기 초파리 햇빛,1,,,노이즈,일반쓰레기 초파리 햇빛
일반쓰레기 폐기물 봉투에 넣어서,1,,,노이즈,일반쓰레기 폐기물 봉투에 넣어서 버려도 되....
일반쓰레기? 다이슨 배터리,1,,배터리,기존 커버,배터리
일반쓰레기로 화장실쓰레기도 같,1,,,노이즈,일반쓰레기로 화장실쓰레기도 같이 처리되는....
일반쓰레기를 분류해서,1,,,노이즈,일반쓰레기를 분류해서 버려도
일반쓰레기봉투 50리터,1,,,노이즈,일반쓰레기봉투 50리터
일반쓰레기봉투 수거를 안해가요,1,,,노이즈,일반쓰레기봉투 수거를 안해가요
일반쓰레기봉투 편의점에 팔아요,1,,편의점 (시드),기존 커버,편의점 (시드)
일반쓰레기봉투에 재활용을 모르고,1,,,노이즈,일반쓰레기봉투에 재활용을 모르고 버리면 ....
일반쓰레기에 버린 반지 못 찾나요,1,,,노이즈,일반쓰레기에 버린 반지 못 찾나요?
일반쓰레기통에 캔을 버렸어요,1,,쓰레기통,기존 커버,쓰레기통
일반쓰레기통에서 발견된 벌레인데요,1,,쓰레기통,기존 커버,쓰레기통
일반쓰레기통투에 양은냄비,1,,양은냄비 (별칭 -> 냄비),기존 커버,양은냄비 (별칭 -> 냄비)
일반용쓰레기봉투,1,,,노이즈,일반용쓰레기봉투에 종이류
일반인가요,1,,,노이즈,이거 일반인가요? 종이류 분리수거인가오?
일반전기장판 분리,1,,전기장판,기존 커버,전기장판
일반종량제봉투랑 타는쓰레기,1,,종량제봉투 (판정 총칭),기존 커버,종량제봉투 (판정 총칭)
일반종량제쓰레기봉투에 일회용,1,,,노이즈,일반종량제쓰레기봉투에 일회용플라스틱컵 ....
일반주택,1,,,노이즈,일반주택 재활용 쓰레기 어떻게 버려요
일반집주방칼,1,,주방칼 (별칭 -> 식칼),기존 커버,주방칼 (별칭 -> 식칼)
일반택배 반택,1,,택배 (판정 범위밖),기존 커버,택배 (판정 범위밖)
일반택배를 반값택배,1,,택배 (판정 범위밖),기존 커버,택배 (판정 범위밖)
일본 대형쓰레기 이정도면,1,,,노이즈,일본 대형쓰레기 이정도면 일반쓰레기로 버....
일본 쓰레기,1,,,노이즈,일본 쓰레기는 어떻게 분리배출 하나요??
일본에서 피규어 사고 박스,1,,피규어 (별칭 -> 장난감),기존 커버,피규어 (별칭 -> 장난감)
일본여행중인데 영수증 다,1,,영수증 (별칭 -> 코팅종이),기존 커버,영수증 (별칭 -> 코팅종이)
일산,1,,,지역,일산폐기물처리 업체 알려주세요
일산대화동형광등버리는곳,1,,형광등,기존 커버,형광등
일산동구 음식물쓰레기 봉투 파는곳,1,,음식물쓰레기 (판정 총칭),기존 커버,음식물쓰레기 (판정 총칭)
일회용 마스크,1,,마스크,기존 커버,마스크
일회용 수저,1,사용한,수저,기존 커버,수저
일회용 용기,1,,일회용 용기 (별칭 -> 배달용기),기존 커버,일회용 용기 (별칭 -> 배달용기)
일회용 전담 드립팁 고무마개,1,,고무,기존 커버,고무
일회용 전담 버리는곳,1,,,노이즈,일회용 전담 버리는곳
일회용 전담은 그냥,1,,,노이즈,일회용 전담은 그냥 일반 쓰레기통에 버려야 ....
일회용 전자담배 남은거 배터리,1,,일회용전자담배 (별칭 -> 전자담배),기존 커버,일회용전자담배 (별칭 -> 전자담배)
일회용 전자담배 다 쓴거,1,,일회용전자담배 (별칭 -> 전자담배),기존 커버,일회용전자담배 (별칭 -> 전자담배)
일회용 주사기 포장지,1,,주사기,기존 커버,주사기
일회용그릇이,1,,그릇,기존 커버,그릇
일회용면도기,1,,일회용 면도기 (별칭 -> 면도기),기존 커버,일회용 면도기 (별칭 -> 면도기)
일회용수염면도기,1,,면도기,기존 커버,면도기
일회용앞치마,1,,비닐,기존 커버,일회용앞치마 재활용 되나요????????
임테기,1,,,실측19차,임테기 일반쓰레기 인가여?
입는 오버나이트,1,,,보류,입는 오버나이트 버리는법
입다 버린옷,1,,헌옷,기존 커버,입다 버린옷은 의류 수거함에 넣으면
입주청소 할 때,1,,,지역,입주청소 할 때 폐기
잇몸에 사이,1,,,노이즈,잇몸에 사이에 음식물
잉크젯전용지,1,,종이,기존 커버,잉크젯전용지는 재활용쓰레기인가요?
자가키트 일회용,1,,,실측20차,자가진단키트
자동차,1,,,보류,자동차폐기물 처리방법 문의
자동차 베터리,1,,,보류,자동차 베터리 어떻게버려요
자동차 타이어 버리는곳,1,,자동차타이어 (별칭 -> 타이어),기존 커버,자동차타이어 (별칭 -> 타이어)
자동차는 모든 부위,1,,,노이즈,자동차는 모든 부위가 재활용 되나요?
자두 블루베리,1,,과일껍질,기존 커버,자두 블루베리 음식물쓰레기인가요?
자두씨,1,,자두씨 (별칭 -> 복숭아씨),기존 커버,자두씨 (별칭 -> 복숭아씨)
자습서,1,,,노이즈,자습서 버려도 되나요?
자이언트얀,1,,,실측20차,털실
자일리톨에 있는 방습제,1,,방습제 (별칭 -> 습기제거제),기존 커버,방습제 (별칭 -> 습기제거제)
자전거,1,,자전거,기존 커버,자전거
자전거 버리는곳,1,,자전거,기존 커버,자전거
"자전거 체인오일, 디그리셔",1,,자전거,기존 커버,자전거
자전거 헬멧,1,,자전거헬멧 (별칭 -> 헬멧),기존 커버,자전거헬멧 (별칭 -> 헬멧)
자전거 후미등,1,,자전거,기존 커버,자전거
"자전거,오토바이 체인 버리는곳",1,,자전거,기존 커버,자전거
자주 블루베리,1,,과일껍질,기존 커버,자주 블루베리 음식물쓰레기인가요?
자취,1,,,노이즈,자취 음식물 쓰레기 처리
자취 쓰레기,1,,,노이즈,자취 쓰레기 재활용
자취 원룸,1,,,노이즈,자취 원룸 음식물 쓰레기 처리
자취 플라스틱 버리는 봉투,1,,,노이즈,자취 플라스틱 버리는 봉투
자취방,1,,,절차,자취방 음식물 쓰레기 처리법
자취방 옷걸,1,,,절차,자취방 옷걸이 버려도 되나요?
자취처음인데 쓰레기,1,,,노이즈,자취처음인데 쓰레기 어떻게 버려요?
자취첨인데,1,,,노이즈,자취첨인데 재활용
자취할 때,1,,,노이즈,자취할 때 음식물 쓰레기 어떻게 버려요
자크 떨어진 후드집업 옷,1,,후드 (별칭 -> 환풍기),기존 커버,후드 (별칭 -> 환풍기)
잘 못,1,,,노이즈,잘 못버려요
잘린 페트병도 재활용 할 수 있나요,1,,페트병,기존 커버,페트병
잘못 배송온 택배,1,,택배 (판정 범위밖),기존 커버,택배 (판정 범위밖)
장갑,1,,고무,기존 커버,장갑 재활용
장난감 일반,1,,장난감,기존 커버,장난감
장난감 컴퓨터,1,,장난감,기존 커버,장난감
장독,1,,장독 (별칭 -> 항아리),기존 커버,장독 (별칭 -> 항아리)
장롱 분리,1,,장롱,기존 커버,장롱
장마철,1,,,노이즈,장마철 종이류 배출요령
장우산,1,낡은,장우산 (별칭 -> 우산),기존 커버,장우산 (별칭 -> 우산)
장판하고 타일,1,,장판,기존 커버,장판
장패드,1,,패드 (별칭 -> 이불),기존 커버,패드 (별칭 -> 이불)
재개발지역 이사,1,,,지역,재개발지역 이사 폐기물처리
재떨이,1,,,실측20차,재떨이
재사용,1,,재사용 (판정 범위밖),기존 커버,재사용 (판정 범위밖)
재사용봉투 종량제봉투 크기 차이,1,,종량제봉투 (판정 총칭),기존 커버,종량제봉투 (판정 총칭)
재생 에너지,1,,,노이즈,재생 에너지 재활용
재할용의류 분리,1,,,노이즈,재할용의류 분리수거함 에 넣지말아야하는것
재활요품,1,,,노이즈,재활요품 분리 배출
재활용 가능 불가능,1,플라스틱,,노이즈,플라스틱 재활용 가능 불가능
재활용 가능자원 회수보상제,1,,,노이즈,재활용 가능자원 회수보상제에 대하여
재활용 너무 많,1,,,노이즈,재활용 너무 많이 버리면
재활용 되나요? led등을 갈면,1,유리,LED등,기존 커버,LED등
재활용 되는 쓰레기를,1,,,노이즈,재활용 되는 쓰레기를
재활용 로고 붙어있지 않은 것,1,,,노이즈,재활용 로고 붙어있지 않은 것도 재활용해야 ....
재활용 마크 중,1,,,노이즈,재활용 마크 중 종이류!
재활용 마크없는 아이스크림롤박스,1,,박스,기존 커버,박스
재활용 버리는 날,1,,,노이즈,재활용 버리는 날에 일반쓰레기 버리면 잡혀....
재활용 버리는 날 외,1,,,노이즈,재활용 버리는 날 외에 재활용 내려도 되나요
재활용 버리는거 안되나요,1,플라스틱,,노이즈,이거 플라스틱 재활용 버리는거 안되나요?
재활용 버릴때 용기 안,1,,,노이즈,재활용 버릴때 용기 안씻어서 버리면
재활용 버릴때 종류상관없이 모아서,1,,,노이즈,재활용 버릴때 종류상관없이 모아서 버려도....
재활용 분담금 내야되나요,1,,,노이즈,재활용 분담금 내야되나요??
재활용 분리수거망 초록색,1,,,노이즈,재활용 분리수거망(초록색) 어디에서 사는지 ....
재활용 분리수거배출하면 진짜,1,,,노이즈,재활용 분리수거배출하면 진짜 재활용되나요....
재활용 불가한 인생,1,,,노이즈,재활용 불가한 인생
재활용 비닐 이렇게 내놓아도 되나요,1,,비닐,기존 커버,비닐
재활용 센터가 하는일,1,,,노이즈,재활용 센터가 하는일
재활용 소재를 이용한 디자인,1,,,노이즈,재활용 소재를 이용한 디자인
재활용 수거에 대한,1,,,노이즈,재활용 수거에 대한 질문드립니다.
재활용 쓰레기 마땅히 넣을 봉투가 없,1,,,노이즈,재활용 쓰레기 마땅히 넣을 봉투가 없
재활용 쓰레기 배출 3월1일 휴무,1,,,노이즈,재활용 쓰레기 배출 3월1일 휴무?
재활용 쓰레기 배출 질문 : 이게,1,,,노이즈,재활용 쓰레기 배출 질문 : 이게 플라스틱 맞....
재활용 쓰레기 버릴 때 택배 봉투에,1,,택배봉투 (별칭 -> 비닐),기존 커버,택배봉투 (별칭 -> 비닐)
재활용 쓰레기 버릴때 봉투,1,,,노이즈,재활용 쓰레기 버릴때 봉투
재활용 쓰레기 버릴때 섞어서,1,,,노이즈,재활용 쓰레기 버릴때 섞어서 버려도 되나요?
재활용 쓰레기 분리수거 종류 문의ㅓㅈ,1,,,노이즈,재활용 쓰레기 분리수거 종류 문의ㅓㅈ
재활용 쓰레기 왜 세척해서,1,,,노이즈,재활용 쓰레기 왜 세척해서 버리나요?
재활용 쓰레기 책 제목 추천좀요,1,,,노이즈,재활용 쓰레기 책 제목 추천좀요
재활용 쓰레기 헷갈리는게 많은데 ㅠㅠ,1,,,노이즈,재활용 쓰레기 헷갈리는게 많은데 ㅠㅠ
재활용 쓰레기로 무엇을 만드나,1,,,노이즈,재활용 쓰레기로 무엇을 만드나
재활용 쓰레기를 실수로,1,,,노이즈,재활용 쓰레기를 실수로 종량제에 담았는데
재활용 쓰레기봉투 안 묶으면,1,,,노이즈,재활용 쓰레기봉투 안 묶으면
재활용 쓰레기차 수거 분리 되는 곳,1,,,노이즈,재활용 쓰레기차 수거 분리 되는 곳
재활용 안되는 쓰레기를 제활용,1,,,노이즈,재활용 안되는 쓰레기를 제활용에 버리
재활용 종이 분리 배출 시 투명 봉투,1,,종이,기존 커버,종이
재활용 종이 쇼핑백 종이백 에 담아서,1,,종이 쇼핑백 (별칭 -> 종이),기존 커버,종이 쇼핑백 (별칭 -> 종이)
재활용 종이 쓰레기 종이가방에 담아,1,,종이가방 (별칭 -> 종이),기존 커버,종이가방 (별칭 -> 종이)
재활용 표시가 없는데,1,,,노이즈,이거 재활용 표시가 없는데 일반쓰레기로 버....
재활용 헷갈리는것도 치매인가요,1,,,노이즈,재활용 헷갈리는것도 치매인가요?
"재활용, 분리배출의 실천 이유",1,플라스틱,,노이즈,"플라스틱 재활용, 분리배출의 실천 이유"
재활용. 분리,1,,,노이즈,재활용. 분리배출에 대하여
재활용...열처리하면 안 되나요,1,플라스틱,,노이즈,플라스틱 재활용...열처리하면 안 되나요?
재활용? 쓰레기,1,,,노이즈,재활용? 쓰레기?
재활용? 폐기물 스티커,1,,스티커 (별칭 -> 종이),기존 커버,스티커 (별칭 -> 종이)
재활용가능한지 봐주세요,1,,,노이즈,재활용가능한지 봐주세요
재활용도 불가능한 쓰레기죠,1,,,노이즈,저는 재활용도 불가능한 쓰레기죠?
재활용도 헷갈리는데 치매인가요,1,,,노이즈,저 재활용도 헷갈리는데 치매인가요?
재활용률 수치,1,,,노이즈,재활용률 수치
재활용봉투 왜 사가는거에요,1,,,노이즈,재활용봉투 왜 사가는거에요? 궁금해서요
재활용봉투는 어디서 구매를 하나요,1,,,노이즈,재활용봉투는 어디서 구매를 하나요?
재활용분리수거 차량용 핸드커버 되나요,1,,,노이즈,재활용분리수거 차량용 핸드커버 되나요??
재활용센터에서 가전사도될까,1,,가전 (판정 가이드축),기존 커버,가전 (판정 가이드축)
재활용쓰레기 거부 스티커,1,,스티커 (별칭 -> 종이),기존 커버,스티커 (별칭 -> 종이)
재활용쓰레기 구냥 일반,1,,,노이즈,재활용쓰레기 구냥 일반 종량제 봉투
재활용쓰레기 분리수거 몇시까지하나요,1,,,노이즈,재활용쓰레기 분리수거 몇시까지하나요
재활용쓰레기 선별업무 해보신분,1,,,노이즈,재활용쓰레기 선별업무 해보신분
재활용쓰레기 아이 미끄럼틀,1,,,노이즈,재활용쓰레기 아이 미끄럼틀
재활용쓰레기 파란색 봉투 안에 보이는,1,,,노이즈,재활용쓰레기 파란색 봉투 안에 보이는
재활용쓰레기를 영어로,1,,,노이즈,재활용쓰레기를 영어로
재활용쓰레기봉지 인터넷 판매 30 5,1,,,노이즈,재활용쓰레기봉지 인터넷 판매 30 5
재활용쓰레기봉투 7개 버릴려고 하는데,1,,,노이즈,재활용쓰레기봉투 7개 버릴려고 하는데 버려....
재활용쓰레기봉투 버리는 곳,1,,,노이즈,재활용쓰레기봉투 버리는 곳
재활용쓰레기봉투 안묶고,1,,,노이즈,재활용쓰레기봉투 안묶고 버리면
재활용쓰레기봉투 위생백으로,1,,,노이즈,재활용쓰레기봉투 위생백으로 버려도되나요?
재활용쓰레기봉투 통째로,1,,,노이즈,재활용쓰레기봉투 통째로 버려도되나요
재활용쓰레기장에 있,1,,,노이즈,재활용쓰레기장에 있는 대형폐기물 가져와도....
재활용쓰레기통에 음료페트병 버릴 때,1,,쓰레기통,기존 커버,쓰레기통
재활용으로된 내용에 책 추천해 주세여,1,,,노이즈,재활용으로된 내용에 책 추천해 주세여
재활용은 투명,1,,,노이즈,재활용은 투명 비닐에 버리나요?
재활용을 안 하면,1,,,노이즈,재활용을 안 하면 어떻게 되나요?
재활용을 활용한 지역 있을까요,1,,,노이즈,재활용을 활용한 지역 있을까요
재활용이 안되는 쓰레기,1,,,노이즈,재활용이 안되는 쓰레기는 일반쓰레기(
재활용이 안되는것들은 버려지면,1,,,노이즈,재활용이 안되는것들은 버려지면 어떻게 되....
재활용이든 쓰레기,1,,,노이즈,재활용이든 쓰레기 수거 문의
재활용폐자원 공제신고서,1,,,노이즈,재활용폐자원 공제신고서
재활용품 배출 방법 질의,1,,,노이즈,재활용품 배출 방법 질의
재활용품 분리 수거 할떄,1,,,노이즈,재활용품 분리 수거 할떄 종이컵어떻게 버려....
재활용품 분리수거 품목별 요일제,1,,,노이즈,재활용품 분리수거 품목별 요일제 배출일
재활용품 분리수거장 설치신청,1,,,노이즈,재활용품 분리수거장 설치신청
재활용품 쓰레기 가져가기,1,,,노이즈,재활용품 쓰레기 가져가기
재활용품 쓰레기를 분리배출해도 검은,1,,,노이즈,재활용품 쓰레기를 분리배출해도 검은
재활용품 이용한 작품,1,,,노이즈,재활용품 이용한 작품
재활용품분리배출 도우미 지원동기,1,,,노이즈,재활용품분리배출 도우미 지원동기
재활용품으로 패션 아이템,1,,,노이즈,재활용품으로 패션 아이템
재활용품을 분리수거하다,1,,,노이즈,재활용품을 분리수거하다
재활용품장 쓰레기 가져가도 되나요,1,,,노이즈,재활용품장 쓰레기 가져가도 되나요?
저금통,1,,,실측19차,저금통은 일반 쓰레기인가요?
저기 폐건전지 수거함에 휴대폰 배터리,1,,휴대폰 배터리 (별칭 -> 배터리),기존 커버,휴대폰 배터리 (별칭 -> 배터리)
저기요신문지는일회용인가요?분리수거가되,1,,신문 (별칭 -> 종이),기존 커버,신문 (별칭 -> 종이)
저상형 가죽침대 프레임,1,,침대,기존 커버,침대
저저분한,1,,,노이즈,저저분한 플라스틱통은 일반쓰레기인가요?
전구,1,못쓰는,전구,기존 커버,전구
전기면도기 분리수거 질문입니다,1,,전기면도기 (별칭 -> 면도기),기존 커버,전기면도기 (별칭 -> 면도기)
전기발난로 풋워머,1,,전기장판,기존 커버,전기발난로 풋워머 버리는법
전기밥솥 어뜨케,1,고장난,전기밥솥 (별칭 -> 밥솥),기존 커버,전기밥솥 (별칭 -> 밥솥)
전기장판 컨트롤러 온도조절기,1,,전기장판,기존 커버,전기장판
전기포트 수전,1,,전기포트 (별칭 -> 주전자),기존 커버,전기포트 (별칭 -> 주전자)
전기히터,1,,전기히터 (별칭 -> 전기장판),기존 커버,전기히터 (별칭 -> 전기장판)
전남나주 시골집,1,,시골집 (판정 범위밖),기존 커버,시골집 (판정 범위밖)
전남친 군번줄,1,,,노이즈,전남친 군번줄 버려도 되나요?
전남친이 준 군복 명찰,1,,,노이즈,전남친이 준 군복 명찰 버려도 되나요
전남친한테 미련남은거,1,,,노이즈,전남친한테 미련남은거 어떻게 버리나요?
전담 버리는곳,1,,,노이즈,전담 버리는곳
전담 팟,1,,,노이즈,전담 팟 버리는 법
전복 껍데기,1,,조개껍질,기존 커버,전복 껍데기는 어떻게 버려야 되나요
전복죽 변기,1,,변기,기존 커버,변기
"전선, 충전기선 등",1,,충전기,기존 커버,충전기
전선줄 버리는곳,1,,전선줄 (별칭 -> 전선),기존 커버,전선줄 (별칭 -> 전선)
전선피복은 재활용이 안되나요,1,,전선,기존 커버,전선
전세입자가 버리고간,1,,,노이즈,전세입자가 버리고간 폐기물 처리
전세집 가구,1,,가구 (판정 총칭),기존 커버,가구 (판정 총칭)
전신거울,1,,전신거울 (별칭 -> 거울),기존 커버,전신거울 (별칭 -> 거울)
전썸남이 미련 못버리고,1,,,노이즈,전썸남이 미련 못버리고
전에 살던 집 앞,1,,,노이즈,전에 살던 집 앞에 재활용 버려도되나요?
전입신고 안한 상태,1,,,노이즈,"전입신고 안한 상태, 대형폐기물 배출"
전자기기 휴지통,1,,휴지통 (별칭 -> 쓰레기통),기존 커버,휴지통 (별칭 -> 쓰레기통)
전자기타 케이블,1,,케이블 (별칭 -> 전선),기존 커버,케이블 (별칭 -> 전선)
전자담배 박스,1,,전자담배,기존 커버,전자담배
전자담배 액상,1,,전자담배액상 (별칭 -> 전자담배),기존 커버,전자담배액상 (별칭 -> 전자담배)
"전자담배, 담배",1,,전자담배,기존 커버,전자담배
전자레인지,1,,전자레인지,기존 커버,전자레인지
전자피아노,1,,전자피아노,기존 커버,전자피아노
전주 가정,1,,,지역,전주 가정 폐기물처리업체
전투복,1,,,실측20차,군복
전투복 헌옷,1,,헌옷,기존 커버,헌옷
전학가는데 교과서,1,,교과서 (별칭 -> 종이),기존 커버,교과서 (별칭 -> 종이)
점화라이터,1,,라이터,기존 커버,라이터
접이식 카트 끌차,1,,,실측20차,핸드카트
접이식침대,1,,침대,기존 커버,침대
접착성 라벨,1,,라벨 (별칭 -> 페트병),기존 커버,라벨 (별칭 -> 페트병)
젓가락,1,,젓가락 (별칭 -> 수저),기존 커버,젓가락 (별칭 -> 수저)
정말,1,,,노이즈,정말 플라스틱 재활용 되나요?
정말 실수로 오염됀속옷을 헌옷,1,,속옷,기존 커버,속옷
정시 수학,1,,,노이즈,정시 수학버려도 되나요
정신과약 버리는 곳,1,,,노이즈,정신과약 버리는 곳
정왕동 가제품 그냥,1,,,노이즈,정왕동 가제품 그냥 버려도돼나요?
정왕동 세계로마트쪽,1,,,지역,정왕동 세계로마트쪽에 재활용품버리는곳위....
정왕동에서 소현 전자제품 버리는 곳,1,,전자제품 (판정 가이드축),기존 커버,전자제품 (판정 가이드축)
젖은 대추,1,,과일껍질,기존 커버,젖은 대추는 음식물쓰레기인가요?
젖은 종이도 재활용인가요?? 일반 쓰,1,,종이,기존 커버,종이
젖은고추 꼬다리,1,,감자껍질,기존 커버,젖은고추 꼬다리는 음식물 쓰레기인가요?
제 여친처럼 아이프리카드,1,,카드 (별칭 -> 신용카드),기존 커버,카드 (별칭 -> 신용카드)
제대로된 쓰레기 버라는방법으로 안,1,,,노이즈,제대로된 쓰레기 버라는방법으로 안버리면 ....
제사상,1,,,보류,제사상버리는법
제습기 물,1,,제습기,기존 커버,제습기
제습제,1,,제습제 (별칭 -> 습기제거제),기존 커버,제습제 (별칭 -> 습기제거제)
제주,1,,,지역,제주재활용도움센터 일반쓰레기
제주도 요일별,1,,,지역,제주도 요일별 분리배출
제주도 이불,1,,이불,기존 커버,이불
제주도 제주시 근처 혼합폐기물 버릴곳,1,,,지역,제주도 제주시 근처 혼합폐기물 버릴곳
제초제,1,,,실측16차,제초제 버리는법 알려주세요
제품 라벨 분리,1,플라스틱,라벨 (별칭 -> 페트병),기존 커버,라벨 (별칭 -> 페트병)
제품에 분리,1,,,노이즈,제품에 분리배출 표시
젤램프,1,,,보류,젤램프 버리는 법
젤로 팟 버려야되나요 ㅜ,1,,,노이즈,젤로 팟 버려야되나요 ㅜ
젤리 초콜릿,1,,초콜릿 (별칭 -> 과자),기존 커버,초콜릿 (별칭 -> 과자)
"조개껍데기, 꽃게 껍데기",1,,꽃게 껍데기 (별칭 -> 조개껍질),기존 커버,꽃게 껍데기 (별칭 -> 조개껍질)
조개껍데기는 재활용이 가능하나요,1,,,노이즈,조개껍데기는 재활용이 가능하나요?
조게껍대기,1,,조개껍질,기존 커버,조게껍대기는 일반쓰레기인가요??
조그만한소스팩,1,,소스 (별칭 -> 간장),기존 커버,소스 (별칭 -> 간장)
조립pc 케이스,1,,컴퓨터,기존 커버,조립pc 케이스재활용 7500f시피유
조립식 나무책상,1,,책상,기존 커버,책상
조립식 마루 타일,1,,타일,기존 커버,타일
조립식 앵글,1,,,실측20차,조립식 앵글
조립식 행거,1,,행거,기존 커버,행거
조립식창고,1,,,보류,조립식창고어떻게버려요??
조립식책상 나무 분리,1,,책상,기존 커버,책상
조미김,1,,김치,기존 커버,조미김은 음식물쓰레기인가요?
조치원흙버리는곳,1,,,노이즈,조치원흙버리는곳
조화,1,,조화,기존 커버,조화
족발뼈,1,,,기존 커버,족발뼈 분리수거
졸업식때 받은꽃,1,,,실측20차,꽃다발
졸업앨범,1,,졸업앨범 (별칭 -> 앨범),기존 커버,졸업앨범 (별칭 -> 앨범)
졸업장,1,,,노이즈,졸업장 버려도 되나요
졸업하고 모든 교복을 다 헌옷,1,,헌옷,기존 커버,헌옷
종근당건강 락토핏 원형 통,1,,,보류,종근당건강 락토핏 원형 통 분리수거 배출 어....
종량제 봉투 30리터 무게,1,,종량제봉투 (판정 총칭),기존 커버,종량제봉투 (판정 총칭)
종량제 봉투 규격 종류,1,,종량제봉투 (판정 총칭),기존 커버,종량제봉투 (판정 총칭)
종량제 봉투 디자인 변경,1,,종량제봉투 (판정 총칭),기존 커버,종량제봉투 (판정 총칭)
종량제 봉투 리터로 표기하는이유,1,,종량제봉투 (판정 총칭),기존 커버,종량제봉투 (판정 총칭)
종량제 봉투 및 납부필증 판매소 등록,1,,종량제봉투 (판정 총칭),기존 커버,종량제봉투 (판정 총칭)
종량제 봉투 서울시 전역 사용,1,,종량제봉투 (판정 총칭),기존 커버,종량제봉투 (판정 총칭)
종량제 봉투 안에 작,1,대형,종량제봉투 (판정 총칭),기존 커버,종량제봉투 (판정 총칭)
종량제 봉투 없이 쓰레기 봉지,1,,종량제봉투 (판정 총칭),기존 커버,종량제봉투 (판정 총칭)
종량제 봉투 온라인 구매,1,,종량제봉투 (판정 총칭),기존 커버,종량제봉투 (판정 총칭)
종량제 봉투 파는 곳,1,,종량제봉투 (판정 총칭),기존 커버,종량제봉투 (판정 총칭)
종량제 봉투 한 장만 살 수 잇나용,1,,종량제봉투 (판정 총칭),기존 커버,종량제봉투 (판정 총칭)
종량제 봉투가 모이면 소각장에 가나요,1,,종량제봉투 (판정 총칭),기존 커버,종량제봉투 (판정 총칭)
종량제 봉투가 뭐에요,1,,종량제봉투 (판정 총칭),기존 커버,종량제봉투 (판정 총칭)
종량제 봉투에 도마 같이 넣어서,1,,종량제봉투 (판정 총칭),기존 커버,종량제봉투 (판정 총칭)
종량제 봉투에 몰아서 넣어도 되나요,1,,종량제봉투 (판정 총칭),기존 커버,종량제봉투 (판정 총칭)
종량제 봉투에 버리는 쓰레기도 분리,1,,종량제봉투 (판정 총칭),기존 커버,종량제봉투 (판정 총칭)
종량제 쓰레기 봉투 가격,1,,,노이즈,종량제 쓰레기 봉투 가격 질문합니다?
종량제 재사용 봉투 가정봉투,1,,재사용 (판정 범위밖),기존 커버,재사용 (판정 범위밖)
종량제봉투 20리터 가격,1,,종량제봉투 (판정 총칭),기존 커버,종량제봉투 (판정 총칭)
종량제봉투 사용 QnA,1,,종량제봉투 (판정 총칭),기존 커버,종량제봉투 (판정 총칭)
종량제봉투 색 차이,1,,종량제봉투 (판정 총칭),기존 커버,종량제봉투 (판정 총칭)
종량제봉투 이사가서도 사용 가능한가요,1,,종량제봉투 (판정 총칭),기존 커버,종량제봉투 (판정 총칭)
종량제봉투 지정 판매소 신청,1,,종량제봉투 (판정 총칭),기존 커버,종량제봉투 (판정 총칭)
종량제봉투 타지역 사용 질문 있습니다,1,,종량제봉투 (판정 총칭),기존 커버,종량제봉투 (판정 총칭)
종량제봉투 판매소 내역변경,1,,종량제봉투 (판정 총칭),기존 커버,종량제봉투 (판정 총칭)
종량제봉투 판매소 위치 확인,1,,종량제봉투 (판정 총칭),기존 커버,종량제봉투 (판정 총칭)
종량제봉투 판매소 지정 신청,1,,종량제봉투 (판정 총칭),기존 커버,종량제봉투 (판정 총칭)
종량제봉투는 어디서 살수있나요? 큰봉,1,,종량제봉투 (판정 총칭),기존 커버,종량제봉투 (판정 총칭)
종량제봉투안에 일반쓰레기를 넣,1,,종량제봉투 (판정 총칭),기존 커버,종량제봉투 (판정 총칭)
종량제봉투와 불연성 마대,1,,종량제봉투 (판정 총칭),기존 커버,종량제봉투 (판정 총칭)
종량제쓰레기 봉투,1,,,노이즈,종량제쓰레기 봉투 종이류
종량제쓰레기봉투 다른곳,1,,,노이즈,종량제쓰레기봉투 다른곳에 버려도되나요?
종이 물에 젖었다가 마르면,1,,종이,기존 커버,종이
종이 분쇄기에 넣,1,,분쇄기 (별칭 -> 믹서기),기존 커버,분쇄기 (별칭 -> 믹서기)
종이 쓰레기 분리,1,,종이,기존 커버,종이
종이 재활용 이렇게 하면 되나요,1,,종이,기존 커버,종이
"종이, 박스",1,,박스,기존 커버,박스
"종이, 플라스틱 빨대는 세척을 잘해",1,,플라스틱 빨대 (별칭 -> 빨대),기존 커버,플라스틱 빨대 (별칭 -> 빨대)
종이는 종이류에 버리다던데 작,1,,종이,기존 커버,종이
종이류 분리 배출 방법 바뀐 내용,1,,종이,기존 커버,종이
종이류 분리수거 및,1,,종이,기존 커버,종이
종이류 분리수거 할 때 코팅된 표지는,1,,종이,기존 커버,종이
종이류 분리수거 할때 찢어진종이나 구,1,,종이,기존 커버,종이
"종이류 분리수거, 프린팅된 종",1,,종이,기존 커버,종이
종이류 비닐봉지 안에 담아서,1,,비닐,기존 커버,비닐
종이류 쓰레기차가 수거하게하려면,1,,종이,기존 커버,종이
종이류 알류미늄캔류등 수집과정,1,,종이,기존 커버,종이
종이류 없을 때,1,,종이,기존 커버,종이
종이류는 분리수거 어쩌나요..❓❓❓,1,,종이,기존 커버,종이
종이류도 비닐봉투에 모아서,1,,비닐봉투 (별칭 -> 비닐),기존 커버,비닐봉투 (별칭 -> 비닐)
종이류랑 책,1,,종이,기존 커버,종이
종이류의 종류 캔과 유리유의 종류,1,,유리,기존 커버,유리
종이빨대 찢어놓으면,1,,종이빨대 (별칭 -> 빨대),기존 커버,종이빨대 (별칭 -> 빨대)
종이빨대는 종이류에 버려야하나요? 아,1,,종이빨대 (별칭 -> 빨대),기존 커버,종이빨대 (별칭 -> 빨대)
종이상자에 쓰레기넣고,1,,종이상자 (별칭 -> 박스),기존 커버,종이상자 (별칭 -> 박스)
종이에 파스넷 묻어,1,,종이,기존 커버,종이
종이컵도 분리 수거 가능한가요,1,,종이컵,기존 커버,종이컵
종이컵에 커피가 묻으면,1,,종이컵,기존 커버,종이컵
종이컵은 분리,1,,종이컵,기존 커버,종이컵
종이팩 재활용에대해 찬성하는 뉴스,1,,종이팩 (별칭 -> 우유팩),기존 커버,종이팩 (별칭 -> 우유팩)
종이팩은 종이팩류가 없을 땐,1,,종이팩 (별칭 -> 우유팩),기존 커버,종이팩 (별칭 -> 우유팩)
종종 길에서 큰 쓰레기를 발견하면,1,,,노이즈,제가 종종 길에서 큰 쓰레기를 발견하면 버리....
죄책감,1,,,노이즈,죄책감 버리는법
주물솥,1,,냄비,기존 커버,주물솥 어디다 버리면 되나요?
주민센터,1,,,지역,주민센터 폐기물처리
주민센터에 분리배출안내문? 설명서,1,,,노이즈,주민센터에 분리배출안내문? 설명서?
주방후드,1,,후드 (별칭 -> 환풍기),기존 커버,후드 (별칭 -> 환풍기)
주사바늘,1,,주사바늘 (별칭 -> 주사기),기존 커버,주사바늘 (별칭 -> 주사기)
주유소 폐기물 처리 견적 원합니다,1,,,노이즈,주유소 폐기물 처리 견적 원합니다
주자표지판 쓰레기인가요,1,,,노이즈,주자표지판 쓰레기인가요 재활용인가요
주전자,1,,주전자,기존 커버,주전자
주천에 폐,1,,,지역,주천에 폐고철수거함 있나요?
주택 계란판 버리는법과 버리는곳,1,,계란판,기존 커버,계란판
주택 사는 사람들,1,,,절차,주택 사는 사람들은 재활용 어떻게 버려요?
주택 쓰레기,1,,,절차,주택 쓰레기 분리배출
주택가 분리배출하는 곳 청소,1,,,절차,주택가 분리배출하는 곳 청소
주택가 사는분들,1,,,절차,주택가 사는분들은 분리배출
죽 변기,1,,변기,기존 커버,변기
죽순,1,,,실측19차,죽순 분리수거
죽순밑둥이,1,,옥수수대,기존 커버,죽순밑둥이 일반 쓰레기인가요? 음식물
죽여버리고싶은 년놈들 죽이는법,1,,,노이즈,죽여버리고싶은 년놈들 죽이는법
죽은사람물건버려주는곳,1,,,노이즈,죽은사람물건버려주는곳
중1때 교과서,1,,교과서 (별칭 -> 종이),기존 커버,교과서 (별칭 -> 종이)
중1은 다,1,,,노이즈,중1은 다 버려도 되나요
중2,1,,,노이즈,중2 버려도 되나요
중2 자습서,1,,,노이즈,중2 자습서 버려도되나요
중2 정보,1,,,노이즈,중2 정보 버려도 되나요
중2 학습지,1,,,노이즈,중2 학습지 버려도 되나요
중2인데 기술,1,,,노이즈,중2인데 기술버려도 되나요
중3 기술가정 폐기물 에너지 생산,1,,,노이즈,중3 기술가정 폐기물 에너지 생산방법
중3 내신,1,,,노이즈,중3 내신 버려도 되나요??
중3 학교시험,1,,,노이즈,중3 학교시험 버려도되나요?
중간,1,,,노이즈,중간폐기물처리업허가지에지정폐기물처리업
중고상품 모서리 찍힌상자,1,,상자 (별칭 -> 박스),기존 커버,상자 (별칭 -> 박스)
중국 비행기,1,,,노이즈,중국 비행기 음식물
중국집 탕수육 하고 남은 튀김옷,1,,,노이즈,중국집 탕수육 하고 남은 튀김옷은 음식물 쓰....
중산동 하늘마을2단지 개똥 버리는곳,1,,단지 (별칭 -> 항아리),기존 커버,단지 (별칭 -> 항아리)
중학교 잡과목,1,,,노이즈,중학교 잡과목 버려도되나요
쥐포,1,,,실측20차,건어물
쥬스박스 쥬스틱 버리는곳,1,,박스,기존 커버,박스
증명사진 찢어,1,,사진,기존 커버,사진
지갑,1,,,실측14차,지갑은 어떻게 버려요
지갑은 헌옷,1,,헌옷,기존 커버,헌옷
지관통,1,,,실측16차,지관통 버리는 방법
지구과학,1,,,노이즈,지구과학 버려도 되나요?
지금 폐마스크 수거함이 있을까요,1,,마스크,기존 커버,마스크
지수면,1,,,지역,지수면에 음식물 쓰레기는 어떻게 버리나요.
지압슬리퍼,1,,슬리퍼,기존 커버,슬리퍼
지역구,1,,,지역,지역구 음식물쓰레기통
"지역별 분리수거, 헌옷",1,,헌옷,기존 커버,헌옷
지자체마다 스티로폼 박스 버리는 법이,1,,스티로폼 박스 (별칭 -> 아이스박스),기존 커버,스티로폼 박스 (별칭 -> 아이스박스)
지정폐기물 처리계획의 절차,1,,,사업장,지정폐기물 처리계획의 절차는 어떻게 되나....
지퍼백 냉동시,1,,지퍼백 (별칭 -> 비닐),기존 커버,지퍼백 (별칭 -> 비닐)
지하철에서 내리다 발 밟아,1,,,노이즈,지하철에서 내리다 발 밟아버려서
지하철화장실 휴지통에 휴지,1,,휴지통 (별칭 -> 쓰레기통),기존 커버,휴지통 (별칭 -> 쓰레기통)
진동클렌저,1,,칫솔,기존 커버,진동클렌저 일반쓰레기인가요?
진라면 컵라면 용기,1,,컵라면 용기 (별칭 -> 컵라면),기존 커버,컵라면 용기 (별칭 -> 컵라면)
진천 페기물 타일버리는곳,1,,페기물 (판정 총칭),기존 커버,페기물 (판정 총칭)
진해 석동,1,,,지역,진해 석동 스티로폼 분리수거
질문유품 정리 쓰레기집,1,,,노이즈,질문유품 정리 쓰레기집 폐기물 처리 비용
질문이요,1,,,노이즈,저 질문이요 종량제봉투
질산암모늄+물,1,,,사업장,질산암모늄+물 어떻게버려요
질산은 용액,1,,,사업장,질산은 용액 어떻게 버려요?
집 골목에 의류 수거함 옷 넣으면,1,,,노이즈,집 골목에 의류 수거함 옷 넣으면 어디로 가....
집 근처 의류수거함이 없는데,1,,,노이즈,집 근처 의류수거함이 없는데 처리를 어떻게....
집게클립,1,,,실측20차,클립
집에 무가 열몇개썩어그런데,1,,감자껍질,기존 커버,집에 무가 열몇개썩어그런데 일반쓰레기로버....
집에서 쓰레기 태우면 불법인가요,1,,,노이즈,집에서 쓰레기 태우면 불법인가요?
집에있,1,,,노이즈,집에있는 폐기물처리
집정리 청소및폐기물쓰레기 업체,1,,,노이즈,집정리(청소및폐기물쓰레기)업체
집청소 설거지 분리수거 빨래 거실청소,1,,,노이즈,집청소 설거지 분리수거 빨래 거실청소
짬뽕 국물 싱크대,1,,간장,기존 커버,짬뽕 국물 싱크대에 버려도 되나요?
쪼가리,1,,,지역,이 쪼가리는 일반쓰레기인가요?
쭈쭈바를 분리수거할때,1,,,노이즈,쭈쭈바를 분리수거할때 플라스틱인가요 비닐....
찐텐,1,,,노이즈,찐텐 버리는 방법
차 바닥매트 안쓰는거,1,,바닥매트,기존 커버,바닥매트
차량 가죽 핸들커버,1,,,보류,차량 가죽 핸들커버는 재활용 쓰레기인가요?
차량 코일매트,1,,코일매트 (별칭 -> 퍼즐매트),기존 커버,코일매트 (별칭 -> 퍼즐매트)
차렵이불,1,,차렵이불 (별칭 -> 이불),기존 커버,차렵이불 (별칭 -> 이불)
차렵이불 잘라서,1,,차렵이불 (별칭 -> 이불),기존 커버,차렵이불 (별칭 -> 이불)
착한콤플렉스,1,,,노이즈,착한콤플렉스 버리는 방법
참기름 다먹은병,1,,기름,기존 커버,기름
참기름병,1,,참기름병 (별칭 -> 유리병),기존 커버,참기름병 (별칭 -> 유리병)
참외껍질 분리수거 하는 방법은,1,,,노이즈,참외껍질 분리수거 하는 방법은?
참치,1,,참치캔,기존 커버,참치캔 일반쓰레기에 버려도 되나요?
참치캔 재활용이 쉽나요,1,,참치캔,기존 커버,참치캔
찹쌀,1,,쌀,기존 커버,찹쌀은 음식물쓰레기 인가요?
찻잎,1,,찻잎 (별칭 -> 티백),기존 커버,찻잎 (별칭 -> 티백)
창동주공 19단지 재활용및 음식쓰레기,1,,단지 (별칭 -> 항아리),기존 커버,단지 (별칭 -> 항아리)
창문 방풍,1,,뽁뽁이,기존 커버,창문 방풍비닐은 재활용 or 일반 쓰레기 인가....
창문폐기할때 그대로,1,,,노이즈,창문폐기할때 그대로 버려도 되나요?
창원 빨간날,1,,,지역,창원 빨간날 재활용
창원 소형 폐가전 버리는곳 어디있나요,1,,폐가전 (판정 가이드축),기존 커버,폐가전 (판정 가이드축)
창원중앙동 분리수거날,1,,,노이즈,창원중앙동 분리수거날
창천동,1,,,지역,창천동 재활용쓰레기
채집통 특대,1,,,보류,채집통 특대 분리수거
채티에 낸 작품,1,,,노이즈,채티에 낸 작품 재활용해도 되나요?
책 문제집이런거 어케,1,오래된,문제집 (별칭 -> 책),기존 커버,문제집 (별칭 -> 책)
책 버릴 때,1,,,노이즈,책 버릴 때 종이류에 그냥 버리나요
책 버릴때 종이류 버리는 곳에 묶어서,1,,종이,기존 커버,종이
책 분리,1,,종이,기존 커버,책 분리배출하려고하는데
책 인쇄물,1,,책,기존 커버,책 (인쇄물) 분리수거 방법
책 종이류 분리수거 질문있어요,1,,종이,기존 커버,종이
책 찢어서,1,,책,기존 커버,책 찢어서 버리면 재활용에 방해가 되나요?
책갈피,1,,종이,기존 커버,책갈피 버려도 되나요
책상 버리는데,1,,책상,기존 커버,책상
책상 부숴진거,1,,책상,기존 커버,책상
책상 원목 자재,1,,책상,기존 커버,책상
책상용스탠드,1,,스탠드 (별칭 -> 스탠드 조명),기존 커버,스탠드 (별칭 -> 스탠드 조명)
책은 재활용이 안되나요,1,,,노이즈,책은 재활용이 안되나요?
책철,1,,,실측20차,클립
처방받아온약 2주지나면,1,,약,기존 커버,처방받아온약 2주지나면 버려야되나요?
천북폐목버리는곳,1,,,노이즈,천북폐목버리는곳
천안 신부동 대형 폐기물 수거 요일,1,,대형 폐기물 (판정 총칭),기존 커버,대형 폐기물 (판정 총칭)
천안서북구 5l,1,,,지역,천안서북구 5l 종량제 봉투 판매점
천안시 대형 폐기물 버리려고 하는데,1,,대형 폐기물 (판정 총칭),기존 커버,대형 폐기물 (판정 총칭)
천으로 된 휴지케이스,1,,헌옷,기존 커버,천으로 된 휴지케이스 일반쓰레기인가요?
천장등,1,,천장등 (별칭 -> LED등),기존 커버,천장등 (별칭 -> LED등)
천하장사껍데기,1,,과자,기존 커버,천하장사껍데기 일반쓰레기 인가요
철 책상,1,,책상,기존 커버,책상
"철강, 폐기물처리 회사 포크레인 기사",1,,포크 (별칭 -> 수저),기존 커버,포크 (별칭 -> 수저)
철거비용 및,1,,,지역,철거비용 및폐기물처리비용
철망 분리,1,,,노이즈,철망 분리배출? 일반쓰레기?
철원 가구버리는 곳은,1,,가구 (판정 총칭),기존 커버,가구 (판정 총칭)
철제선반,1,,철제선반 (별칭 -> 선반),기존 커버,철제선반 (별칭 -> 선반)
철제수납장,1,,서랍장,기존 커버,철제수납장 분리수거
철제침대프레임,1,,침대,기존 커버,침대
철제행거,1,,행거,기존 커버,행거
청소년증,1,,,노이즈,청소년증 어떻게 버려요? 이제 쓸 일
청소솔 같은 건,1,,청소솔 (별칭 -> 빗자루),기존 커버,청소솔 (별칭 -> 빗자루)
청소업체 아주머니를 부르려는데,1,,,사업장,청소업체 아주머니를 부르려는데 종량제봉투
청운효자동 주민센터에 폐건전지,1,,건전지,기존 커버,건전지
청주 건축폐기물 버리는곳,1,,,지역,청주 건축폐기물 버리는곳
청주 대형폐기물 수거 날짜,1,,대형 폐기물 (판정 총칭),기존 커버,대형 폐기물 (판정 총칭)
청주 사창동 근처 소형가전,1,,소형가전 (판정 가이드축),기존 커버,소형가전 (판정 가이드축)
청주목재버리는곳,1,,,노이즈,청주목재버리는곳
"청주시 대형폐기물 처리, 주민들",1,,대형 폐기물 (판정 총칭),기존 커버,대형 폐기물 (판정 총칭)
청주시 일반 쓰레기 그냥 봉투,1,,,지역,청주시 일반 쓰레기 그냥 봉투에 버려서 배출....
청주시 청원구 오창읍,1,,,지역,청주시 청원구 오창읍 음식물 쓰레기
체육교육과 수학,1,,,노이즈,체육교육과 수학 버려도 되나요
체조매트,1,,퍼즐매트,기존 커버,체조매트 버리는 방법
초 중 고 졸업 앨범 갖다,1,,졸업앨범 (별칭 -> 앨범),기존 커버,졸업앨범 (별칭 -> 앨범)
초등생이신는 실내화,1,,실내화 (별칭 -> 슬리퍼),기존 커버,실내화 (별칭 -> 슬리퍼)
초록감자,1,,감자껍질,기존 커버,초록감자 분리수거
초배지랑 방습지,1,,벽지,기존 커버,초배지랑 방습지 일반쓰레기에요?
초음파 젤리 소노젤리,1,,젤리 (별칭 -> 과자),기존 커버,젤리 (별칭 -> 과자)
초코과자,1,,과자,기존 커버,과자
초코우유,1,,음료,기존 커버,초코우유 일반쓰레기인가요?
초콜렛,1,,초콜렛 (별칭 -> 과자),기존 커버,초콜렛 (별칭 -> 과자)
추석 저녁,1,,,보류,추석 저녁에 재활용품 갔다버려도 되나요
축포,1,,,노이즈,축포 분리수거
춘양에 폐,1,,,지역,춘양에 폐고철수거함 있나요?
춘천시 수박껍질,1,,수박껍질,기존 커버,수박껍질
춘천폐가전버리면서돈받는곳,1,,폐가전 (판정 가이드축),기존 커버,폐가전 (판정 가이드축)
충남 계룡시,1,,,지역,충남 계룡시 음식물쓰레기
충남 아산시 용화동,1,,,지역,"충남 아산시 용화동 일반쓰레기, 재활용품 버...."
충남산업패기물버리는곳,1,,,노이즈,충남산업패기물버리는곳
충전기 선,1,,충전기,기존 커버,충전기
충전기 케이블,1,,충전기,기존 커버,충전기
충전식 손난로 그냥,1,,충전식손난로 (별칭 -> 핫팩),기존 커버,충전식손난로 (별칭 -> 핫팩)
"충전케에블,보조배터리",1,,보조배터리,기존 커버,보조배터리
충주 대형 폐기물 스티커 파는곳,1,,대형 폐기물 (판정 총칭),기존 커버,대형 폐기물 (판정 총칭)
츄리닝 바지에 구멍났는데 헌옷,1,,헌옷,기존 커버,헌옷
층간소음 매트 일반,1,,층간소음매트 (별칭 -> 퍼즐매트),기존 커버,층간소음매트 (별칭 -> 퍼즐매트)
치과 유지장치 케이스,1,,,보류,치과 유지장치 케이스 분리수거 방법
치과 일회용 셕션팁 재활용 & 주사기,1,,주사기,기존 커버,주사기
치구 쓰레기통에 그냥,1,,쓰레기통,기존 커버,쓰레기통
치아 교정중,1,,,노이즈,치아 교정중 음식물
"치약 용기는 일반쓰레기인가요, 플라스",1,,치약,기존 커버,치약
치약 재활용되나요? 그냥 쓰레기봉투에,1,다쓴,치약,기존 커버,치약
치약튜브,1,,치약 튜브 (별칭 -> 치약),기존 커버,치약 튜브 (별칭 -> 치약)
치즈가루,1,,밀가루,기존 커버,치즈가루는 음식물 쓰레기 인가요?
치즈밥 변기,1,,변기,기존 커버,변기
치킨 버릴때,1,,치킨뼈,기존 커버,치킨 버릴때 음식물 쓰레기? 일반쓰레기인가....
치킨 뼈 버리는 방법이 뭔가요,1,,치킨뼈,기존 커버,치킨뼈
치킨 살 붙어있는 뼈,1,,치킨뼈,기존 커버,치킨 살 붙어있는 뼈도 일반쓰레기인가요?
치킨 소스통,1,,소스 (별칭 -> 간장),기존 커버,소스 (별칭 -> 간장)
치킨뼈 재사용,1,,치킨뼈,기존 커버,치킨뼈
치킨뼈랑 달걀껍데기,1,,달걀껍데기 (별칭 -> 계란껍질),기존 커버,달걀껍데기 (별칭 -> 계란껍질)
치킨자체,1,,치킨뼈,기존 커버,치킨자체는 음식물쓰레기인가요?
친구 물어,1,,,노이즈,친구 물어버려도 되나요
친환경,1,,,노이즈,친환경 종이컵 재활용 되나요?
친환경적인 하수•쓰레기•,1,,,노이즈,친환경적인 하수•쓰레기•폐기물 재활용방....
침대 갈비살,1,,침대,기존 커버,침대
침대 세트,1,,침대,기존 커버,침대
침대 폐기물 처리 스티커 수원시,1,,스티커 (별칭 -> 종이),기존 커버,스티커 (별칭 -> 종이)
침대 해체중인데,1,,침대,기존 커버,침대
침대를 버리려고 합니다,1,,침대,기존 커버,침대
침대를 어떻케,1,,침대,기존 커버,침대
침대매트리스 엘베없는곳,1,,침대 매트리스 (별칭 -> 매트리스),기존 커버,침대 매트리스 (별칭 -> 매트리스)
"칫솔 버릴 때 일반쓰레기인가요, 플라",1,,칫솔,기존 커버,칫솔
"칫솔,면도기 그냥",1,,면도기,기존 커버,면도기
카드,1,,카드 (별칭 -> 신용카드),기존 커버,카드 (별칭 -> 신용카드)
카드 기존에 있던거,1,,카드 (별칭 -> 신용카드),기존 커버,카드 (별칭 -> 신용카드)
카드 해지 했는데,1,,카드 (별칭 -> 신용카드),기존 커버,카드 (별칭 -> 신용카드)
카드명세서 안찢고 그냥,1,,카드 (별칭 -> 신용카드),기존 커버,카드 (별칭 -> 신용카드)
카테터,1,,,보류,카테터는 어떻게 버리면되나요?
카페,1,,,노이즈,카페 음식물쓰레기 일반쓰레기로 처리
카페 식기세척기 물,1,,식기세척기 (별칭 -> 식기건조기),기존 커버,식기세척기 (별칭 -> 식기건조기)
카페 정수필터,1,,,실측20차,정수기필터
카페 컵,1,,종이컵,기존 커버,카페 컵은 플라스틱인가요 일반쓰레기인가요
카페 컵홀더 잉크 묻어,1,,종이컵,기존 커버,카페 컵홀더 잉크 묻어도 재활용 되나요?
카페에서 쓴,1,,,사업장,카페에서 쓴 플라스틱컵 재활용 되나요?
카페에서 일하다가 실수로,1,,,사업장,카페에서 일하다가 실수로 종량제 봉투 사용....
카페에서 일회용컵,1,,종이컵,기존 커버,카페에서 일회용컵 재활용하던데..
카페인 알약,1,,알약 (별칭 -> 약),기존 커버,알약 (별칭 -> 약)
카펫,1,,카펫 (별칭 -> 러그),기존 커버,카펫 (별칭 -> 러그)
칼 분리수거 방법은 무엇일까요,1,,칼 분리수거 (판정 조합어),기존 커버,칼 분리수거 (판정 조합어)
칼이랑 가위,1,,가위,기존 커버,가위
캐비갈때 렌즈 하루만 끼고,1,,렌즈,기존 커버,렌즈
캐이크 박스 재활용 쓰레기인가요? 일,1,,박스,기존 커버,박스
캐틀벨,1,,아령,기존 커버,캐틀벨 어떻게 버려요?
캔.병밖에 분리수거하는곳이 없는데,1,,,노이즈,캔.병밖에 분리수거하는곳이 없는데 고철해....
캔이 어떤 물건으로,1,,,노이즈,캔이 어떤 물건으로 재활용 되나요?
캠샤프트,1,,샤프 (별칭 -> 볼펜),기존 커버,샤프 (별칭 -> 볼펜)
캣타워,1,,캣타워,기존 커버,캣타워
"캣폴,고양이 집 분해 후",1,,캣폴 (별칭 -> 캣타워),기존 커버,캣폴 (별칭 -> 캣타워)
커텐봉,1,,커튼,기존 커버,커텐봉은 어떻게 버려요?
커튼봉,1,,커튼봉 (별칭 -> 커튼),기존 커버,커튼봉 (별칭 -> 커튼)
커팅매트,1,,,실측13차,커팅매트 어떻게 버려요??
커피머신기 파손 시,1,,에어프라이어,기존 커버,커피머신기 파손 시 재활용?일반쓰레기인가....
커피숍 일회용컵,1,,종이컵,기존 커버,커피숍 일회용컵 어떻게 버려요?
커피스틱봉지 쓰레기,1,,커피스틱 (별칭 -> 비닐),기존 커버,커피스틱 (별칭 -> 비닐)
커피찌꺼기,1,,커피찌꺼기,기존 커버,커피찌꺼기
컬러 인쇄된 a4 용지 종,1,,종이,기존 커버,컬러 인쇄된 a4 용지 종이 재활용 쓰레기에 버....
컴뱃셔츠 헌옷,1,,헌옷,기존 커버,헌옷
컴퍼스,1,,볼펜,기존 커버,컴퍼스 어떻게 버려요
컴퓨터,1,,컴퓨터,기존 커버,컴퓨터
컴퓨터 ssd만 떼고,1,,컴퓨터,기존 커버,컴퓨터
컴퓨터 버릴때 여기서 몇번,1,,컴퓨터,기존 커버,컴퓨터
컴퓨터 본체를 버리려는데 이 중,1,,컴퓨터,기존 커버,컴퓨터
컴퓨터 시스템 쿨링팬,1,,컴퓨터,기존 커버,컴퓨터
컴퓨터 책상을 버리려고,1,,컴퓨터,기존 커버,컴퓨터
컴퓨터 케이블,1,,케이블 (별칭 -> 전선),기존 커버,케이블 (별칭 -> 전선)
컴퓨터 케이스,1,,컴퓨터,기존 커버,컴퓨터
컵누들 컵,1,,컵라면,기존 커버,컵누들 컵 재활용이 되나요?
컵라면 용기 분리,1,,컵라면 용기 (별칭 -> 컵라면),기존 커버,컵라면 용기 (별칭 -> 컵라면)
컵라면 용기는 일반 쓰레기? 아님,1,,컵라면 용기 (별칭 -> 컵라면),기존 커버,컵라면 용기 (별칭 -> 컵라면)
컵라면통 버리는 곳,1,,컵라면,기존 커버,컵라면
컵밥 용기,1,,컵밥용기 (별칭 -> 즉석밥 용기),기존 커버,컵밥용기 (별칭 -> 즉석밥 용기)
컵홀더,1,,,실측17차,컵홀더 분리배출 질문
케이크 초 그냥,1,,,노이즈,케이크 초 그냥 버려도 되나요
케찹이나 마요네즈,1,,케찹 (별칭 -> 간장),기존 커버,케찹 (별칭 -> 간장)
"케첩,핫소스 새 거",1,,소스 (별칭 -> 간장),기존 커버,소스 (별칭 -> 간장)
코로나 자가격리 후,1,,,노이즈,코로나 자가격리 후 재활용쓰레기
코스프레 옷,1,,헌옷,기존 커버,코스프레 옷 의류수거함에 넣어도 되나요?
코스프레 옷 버릴때 헌옷,1,,헌옷,기존 커버,헌옷
"코웨이 정수기, 비데",1,,정수기,기존 커버,정수기
코웨이 침대렌탈 미납 침대,1,,침대,기존 커버,침대
코코넛,1,,과일껍질,기존 커버,코코넛 음식물쓰레기인가요
코털제거기,1,,면도기,기존 커버,코털제거기 분리수거
코트,1,,헌옷,기존 커버,코트 버리는 방법
코팅된 담배각,1,,코팅종이,기존 커버,코팅된 담배각도 종이류 재활용통에?
코팅된 페트병 분리,1,,페트병,기존 커버,페트병
코팅된 후라이팬이나 냄비,1,,후라이팬,기존 커버,후라이팬
코팅된종,1,,코팅종이,기존 커버,코팅된종이분리수거
코팅벗겨진팬 버려야하나여,1,,,노이즈,코팅벗겨진팬 버려야하나여
코팅종이 재활용 되나요? 내공20,1,,코팅종이,기존 커버,코팅종이
코팅종이컵 분리,1,,코팅종이,기존 커버,코팅종이
코팅지,1,,코팅지 (별칭 -> 코팅종이),기존 커버,코팅지 (별칭 -> 코팅종이)
코픈휴지는 재활용이 안되나요,1,,,노이즈,코픈휴지는 재활용이 안되나요?
콕콕콕 라면 용기 일반,1,,컵라면,기존 커버,콕콕콕 라면 용기 일반스티로폼 쓰레기 인가....
콘1돔,1,,,노이즈,콘1돔 재활용 가능한가요??
콘껍질,1,,옥수수대,기존 커버,콘껍질일반쓰레기인가요
콘센트 분리수거 방법은,1,,콘센트 (별칭 -> 멀티탭),기존 커버,콘센트 (별칭 -> 멀티탭)
콘크리트,1,,타일,기존 커버,콘크리트 폐기물처리방법
콘텍트렌즈 변기,1,,변기,기존 커버,변기
콘푸라이트 후레쉬베리,1,,과자,기존 커버,콘푸라이트 후레쉬베리 음식물 쓰레기인가요....
콜라비 통으로 버릴 경우,1,,감자껍질,기존 커버,콜라비 통으로 버릴 경우 음식물 쓰레기인가....
콩가루,1,,밀가루,기존 커버,콩가루는 일반쓰레기인가요 음식물쓰레기인....
콩고물,1,,밀가루,기존 커버,콩고물 일반 쓰레기통에 버려도 상관
콩껍질,1,,,실측20차,콩
콰트 바로폼,1,,,노이즈,콰트 바로폼 어떻게버려요 ?
쿠모카시바 일회용,1,,전자담배,기존 커버,쿠모카시바 일회용 버리는법
쿠션,1,,쿠션,기존 커버,쿠션
쿠션 스폰지,1,,쿠션,기존 커버,쿠션
"쿠션 팩트, 유통기한 지난 후",1,,쿠션,기존 커버,쿠션
쿠쿠,1,,쿠쿠 (별칭 -> 밥솥),기존 커버,쿠쿠 (별칭 -> 밥솥)
쿠키반죽,1,,반죽 (별칭 -> 밀가루),기존 커버,반죽 (별칭 -> 밀가루)
쿠팡,1,,,노이즈,쿠팡비닐 분리배출
쿠팡 택배박스,1,,택배박스 (별칭 -> 박스),기존 커버,택배박스 (별칭 -> 박스)
쿠팡 포장지,1,,비닐,기존 커버,쿠팡 포장지 비닐 재활용 되나요?
쿠팡서산 부적 그냥,1,,,노이즈,쿠팡서산 부적 그냥 버려도 되나요?
퀸 사이즈 되는 러그 헌옷,1,,러그,기존 커버,러그
큐브,1,,장난감,기존 커버,큐브는 일반 쓰레기인가요?
크레스티드게코 사육장,1,,,보류,크레스티드게코 사육장 버리는법
크록스 신발,1,,크록스 신발 (별칭 -> 신발),기존 커버,크록스 신발 (별칭 -> 신발)
"크록스 재활용, 실제로 효과가 있나요",1,,크록스 (별칭 -> 슬리퍼),기존 커버,크록스 (별칭 -> 슬리퍼)
"크록스, 재활용 소재로 뭐가 만들어지",1,버려진,크록스 (별칭 -> 슬리퍼),기존 커버,크록스 (별칭 -> 슬리퍼)
큰베게든 작은베게든,1,,베개,기존 커버,큰베게든 작은베게든 의류수거함에
큰인형,1,,큰 인형 (별칭 -> 인형),기존 커버,큰 인형 (별칭 -> 인형)
클라우드 슬라임,1,,슬라임 (별칭 -> 장난감),기존 커버,슬라임 (별칭 -> 장난감)
클렌징폼,1,,화장품,기존 커버,클렌징폼은 어떻게 버려요ㅠㅠ??
클리어파일 일반 쓰래기인가요,1,,클리어파일,기존 커버,클리어파일
클립,1,,,실측20차,클립
키보드 마우스 스피커,1,,키보드,기존 커버,키보드
키위 껍질,1,,키위껍질 (별칭 -> 과일껍질),기존 커버,키위껍질 (별칭 -> 과일껍질)
키친아트 밥솥 고무패킹,1,,고무패킹 (별칭 -> 고무),기존 커버,고무패킹 (별칭 -> 고무)
킹크랩,1,,조개껍질,기존 커버,킹크랩 일반 쓰레기인가요
타 지역의 종량제봉투 사용 가능한가요,1,,종량제봉투 (판정 총칭),기존 커버,종량제봉투 (판정 총칭)
타는 쓰레기봉투,1,,,노이즈,타는 쓰레기봉투가 종량제봉투 맞나요?
타로카드,1,,카드 (별칭 -> 신용카드),기존 커버,카드 (별칭 -> 신용카드)
타지역 종량제 봉투 사용 가능,1,,종량제봉투 (판정 총칭),기존 커버,종량제봉투 (판정 총칭)
타투 바늘,1,,바늘 (별칭 -> 식칼),기존 커버,바늘 (별칭 -> 식칼)
타포린 부직포가방,1,,부직포가방 (별칭 -> 가방),기존 커버,부직포가방 (별칭 -> 가방)
타피오카펄,1,,밀가루,기존 커버,타피오카펄 음식물쓰레기인가요??
탁자,1,,,실측11차,탁자? 버리는법
탄 음식,1,,탄 음식 (별칭 -> 과자),기존 커버,탄 음식 (별칭 -> 과자)
탄 음식은 음식물이 아닌가요,1,,탄 음식 (별칭 -> 과자),기존 커버,탄 음식 (별칭 -> 과자)
탄냄비,1,,탄 냄비 (별칭 -> 냄비),기존 커버,탄 냄비 (별칭 -> 냄비)
탈색약 파우더가 굳었는데 버려야할까요,1,,탈색약 (별칭 -> 염색약),기존 커버,탈색약 (별칭 -> 염색약)
탐구 1개,1,,,노이즈,탐구 1개버려도되나요
탕수육? 양념? 소스,1,,소스 (별칭 -> 간장),기존 커버,소스 (별칭 -> 간장)
탕후루 포장지,1,,비닐,기존 커버,탕후루 포장지 분리수거
태권도 겨루기 장비,1,,,보류,태권도 겨루기 장비 버리는법
태권도띠 헌옷,1,,헌옷,기존 커버,헌옷
태극기 그림도 국기,1,,그림 (별칭 -> 캔버스),기존 커버,그림 (별칭 -> 캔버스)
태블릿 부품,1,,,보류,태블릿 부품 버리는 법
태풍 지금,1,,,노이즈,태풍 지금 일반쓰레기
택배,1,,택배 (판정 범위밖),기존 커버,택배 (판정 범위밖)
택배 박스안에 봉투,1,,택배박스 (별칭 -> 박스),기존 커버,택배박스 (별칭 -> 박스)
택배상자“끈”,1,,택배상자 (별칭 -> 박스),기존 커버,택배상자 (별칭 -> 박스)
터미널 화장실,1,,,노이즈,터미널 화장실에 음식물쓰레기 버리면
터진 전구 전선,1,,전구,기존 커버,전구
터진 티백,1,,티백,기존 커버,티백
털 변기,1,,변기,기존 커버,변기
털슬리퍼,1,,슬리퍼,기존 커버,슬리퍼
텀블러 분리배출 내공 100,1,,텀블러,기존 커버,텀블러
텃밭정리 하는데 잡초,1,,,노이즈,텃밭정리 하는데 잡초는 일반쓰레기인가요?
테런 카드 어떻케,1,,카드 (별칭 -> 신용카드),기존 커버,카드 (별칭 -> 신용카드)
테이블,1,,,실측11차,테이블 폐기물 처리
테이프,1,,,실측14차,테이프 분리배출
"테이프, 쓰레기",1,,,노이즈,"테이프, 쓰레기 재활용 분리수거"
테입,1,,,노이즈,테입 어떻게 버려요?
텔레비젼 버리려면,1,,,노이즈,텔레비젼 버리려면
템포,1,,,노이즈,템포 어떻게 버려요?
토끼 건초,1,,,실측20차,사료
토너 묻은 종,1,,토너 (별칭 -> 잉크카트리지),기존 커버,토너 (별칭 -> 잉크카트리지)
토레타 음료수 병,1,,페트병,기존 커버,토레타 음료수 병 재활용쓰레기죠?
토마토 꼭지,1,,토마토꼭지 (별칭 -> 감자껍질),기존 커버,토마토꼭지 (별칭 -> 감자껍질)
토퍼,1,,토퍼 (별칭 -> 매트리스),기존 커버,토퍼 (별칭 -> 매트리스)
"토퍼,매트릭스",1,,토퍼 (별칭 -> 매트리스),기존 커버,토퍼 (별칭 -> 매트리스)
토한봉투,1,,비닐,기존 커버,토한봉투 일반쓰레기에
톨루엔,1,,,사업장,톨루엔 어떻게 버려요?
톱밥을 종량제봉투에 버려두 돼나요,1,,종량제봉투 (판정 총칭),기존 커버,종량제봉투 (판정 총칭)
통가발버리는곳,1,,,노이즈,통가발버리는곳
통기타,1,,통기타 (별칭 -> 바이올린),기존 커버,통기타 (별칭 -> 바이올린)
통깁스,1,,깁스,기존 커버,깁스
통레몬,1,,과일껍질,기존 커버,통레몬은 음식물쓰레기인가요 일반쓰레기인....
통배추,1,,통배추 (별칭 -> 김치),기존 커버,통배추 (별칭 -> 김치)
통식빵 안자르고,1,,,실측20차,빵
통장,1,,통장,기존 커버,통장
통탄 철거물버리는곳,1,,,노이즈,통탄 철거물버리는곳
"통합과학,통합사회 자료",1,,,노이즈,"통합과학,통합사회 자료 버려도 되나요?"
통후추 월계수잎,1,,후추 (별칭 -> 밀가루),기존 커버,후추 (별칭 -> 밀가루)
퇴사한 회사 근로계약서,1,,,노이즈,퇴사한 회사 근로계약서 버려도 되나요?
퇴원할때,1,,,노이즈,퇴원할때 버려도되나요?
투룸 의자,1,,의자,기존 커버,의자
투명 페트병에 낙서했는데 투명 페트병,1,,페트병,기존 커버,페트병
투명페트병 분리수거함에 다른 투명,1,,분리수거함 (별칭 -> 쓰레기통),기존 커버,분리수거함 (별칭 -> 쓰레기통)
튀김가루,1,,튀김가루 (별칭 -> 밀가루),기존 커버,튀김가루 (별칭 -> 밀가루)
튜브,1,,튜브,기존 커버,튜브
트라이탄 물병,1,,텀블러,기존 커버,트라이탄 물병 분리수거 재활용 되나요?
트러플오일,1,,식용유,기존 커버,트러플오일 버리는법
트리전구,1,,전구,기존 커버,전구
트윅스 초콜릿,1,,초콜릿 (별칭 -> 과자),기존 커버,초콜릿 (별칭 -> 과자)
특수생활,1,,,노이즈,특수생활폐기물 종량제봉투에 맥주캔 버려도....
티백,1,,티백,기존 커버,티백
티백 포장,1,,티백,기존 커버,티백
티비 벽걸이 브라켓,1,,브라 (별칭 -> 속옷),기존 커버,브라 (별칭 -> 속옷)
티비다이,1,,티비 (별칭 -> TV),기존 커버,티비 (별칭 -> TV)
틴트,1,유통기한 지난,화장품,기존 커버,유통기한 지난 틴트 버리는 방법
파김치,1,,김치,기존 커버,김치
파란색,1,,,노이즈,파란색 종량제봉투
파뿌리,1,,파뿌리 (별칭 -> 감자껍질),기존 커버,파뿌리 (별칭 -> 감자껍질)
파손된변기,1,,변기,기존 커버,변기
파쇄 종,1,,파쇄종이,기존 커버,파쇄 종이 분리수거
파쇄기에 갈아버린,1,,파쇄종이,기존 커버,파쇄기에 갈아버린 종이는 재활용이되나요?
파쇄된,1,,파쇄종이,기존 커버,파쇄된 종이가 일반쓰레기인가요?
파쇄된 영수증등,1,,영수증 (별칭 -> 코팅종이),기존 커버,영수증 (별칭 -> 코팅종이)
파쇄한,1,,파쇄종이,기존 커버,파쇄한 종이는 재활용수거가 되나요?
"파스타 소스, 안전하게",1,유통기한 지난,소스 (별칭 -> 간장),기존 커버,소스 (별칭 -> 간장)
파슬리줄기,1,,감자껍질,기존 커버,파슬리줄기 음식물쓰레기인가요?
파우더,1,,,실측17차,파우더 분리수거
파우더 통,1,다 쓴,반찬통,기존 커버,다 쓴 파우더 통 재활용
파우치,1,,,보류,파우치 분리수거
파우치 분리,1,,,노이즈,파우치 분리배출 항목?
파워 버릴때,1,,,노이즈,파워 버릴때 고철로 버려도 되나요?
파워 어케,1,고장난,,노이즈,고장난 파워 어케 버리나요?
파워캡 안쪽에 내용물 담는게,1,,,노이즈,파워캡 안쪽에 내용물 담는게 재활용 질문
파인애플 껍질,1,,파인애플껍질 (별칭 -> 과일껍질),기존 커버,파인애플껍질 (별칭 -> 과일껍질)
파인애플 꼭지부분 이파리,1,,과일껍질,기존 커버,파인애플 꼭지부분 이파리 일반쓰레기 인가....
파일,1,,,노이즈,파일분리수거
파주,1,,,지역,파주 종량제봉투 타지역꺼
파티용 커튼,1,,커튼,기존 커버,커튼
파티커튼,1,,커튼,기존 커버,커튼
판넬 스티로폼땐 철판,1,,스티로폼,기존 커버,스티로폼
판다 똥,1,,강아지똥,기존 커버,판다 똥은 재활용 되나요 버리나요
팝콘,1,남은,,실측20차,팝콘
팝콘 알갱이,1,,,실측20차,팝콘
팝콘봉투,1,,비닐,기존 커버,팝콘봉투 일반 쓰레기인가요?
팝콘통,1,,종이컵,기존 커버,이 팝콘통 어떻게 버려요?
패딩,1,,헌옷,기존 커버,패딩이 일반쓰레기 인가요?
패딩 헌옷,1,,헌옷,기존 커버,헌옷
패브릭 침대 프레임,1,,침대,기존 커버,침대
패키지 디자인 분리배출 마크 표시,1,,,노이즈,패키지 디자인 분리배출 마크 표시방법
패트병 재활용 하루도 안되나요,1,,,노이즈,패트병 재활용 하루도 안되나요??
팩에 든 닭가슴살,1,,,노이즈,팩에 든 닭가슴살은 일반쓰레기로 배출하는....
팬티 양말,1,,팬티 (별칭 -> 속옷),기존 커버,팬티 (별칭 -> 속옷)
팬티를 실수로 헌옷,1,,팬티 (별칭 -> 속옷),기존 커버,팬티 (별칭 -> 속옷)
팬티형 생리대,1,,생리대 (별칭 -> 기저귀),기존 커버,생리대 (별칭 -> 기저귀)
퍼프,1,,화장품,기존 커버,퍼프 버려야 하나요.?
페브릭 소재,1,,헌옷,기존 커버,페브릭 소재 분리수거
페이스오일,1,,화장품,기존 커버,페이스오일 어떻게 버려요??
페인트 묻,1,,페인트,기존 커버,페인트
페인트통,1,,페인트통 (별칭 -> 페인트),기존 커버,페인트통 (별칭 -> 페인트)
페트,1,,,노이즈,페트캔 분리수거
페트랑 캔 같은 봉투,1,,비닐,기존 커버,페트랑 캔 같은 봉투에 버려도 되나요?
페트병 뚜껑,1,플라스틱,페트병 뚜껑 (별칭 -> 페트병),기존 커버,페트병 뚜껑 (별칭 -> 페트병)
페트병 버릴때,1,,페트병,기존 커버,페트병
페트병 분리,1,,페트병,기존 커버,페트병
페트병 올바른,1,,페트병,기존 커버,페트병
페트병 재떨,1,,페트병,기존 커버,페트병
페트병이랑 플라스틱 같은 곳에 넣어서,1,,페트병,기존 커버,페트병
편백나무 목마사지,1,,아령,기존 커버,편백나무 목마사지 버리는 방법
편의점 1회용 전자담배,1,,전자담배,기존 커버,전자담배
편의점 물 버리는곳,1,,편의점 (시드),기존 커버,편의점 (시드)
편의점 배터리 수거함이 의무인가요,1,,배터리,기존 커버,배터리
편의점 보조배터리 ♻,1,,보조배터리,기존 커버,보조배터리
편의점 분리수거/,1,,편의점 (시드),기존 커버,편의점 (시드)
편의점 불연성 쓰레기봉투,1,,편의점 (시드),기존 커버,편의점 (시드)
편의점 샌드위치,1,,편의점 (시드),기존 커버,편의점 (시드)
편의점 쇼카드,1,,편의점 (시드),기존 커버,편의점 (시드)
편의점 알바할 때,1,,편의점 (시드),기존 커버,편의점 (시드)
편의점 알바할때 알바,1,,편의점 (시드),기존 커버,편의점 (시드)
편의점 음식물쓰레기통 만지기 더러워서,1,,음식물쓰레기통 (별칭 -> 쓰레기통),기존 커버,음식물쓰레기통 (별칭 -> 쓰레기통)
편의점 일반택배를 실수로 반택,1,,편의점 (시드),기존 커버,편의점 (시드)
편의점 종량제 봉투 20L 가격,1,,종량제봉투 (판정 총칭),기존 커버,종량제봉투 (판정 총칭)
편의점 종량제 봉투 20미터 묶음으로,1,,종량제봉투 (판정 총칭),기존 커버,종량제봉투 (판정 총칭)
편의점 종량제봉투 낱개 판매하나요,1,,종량제봉투 (판정 총칭),기존 커버,종량제봉투 (판정 총칭)
편의점 종량제봉투 제일 큰거도 파나요,1,,종량제봉투 (판정 총칭),기존 커버,종량제봉투 (판정 총칭)
편의점 커피머신 찌꺼기 버리는 곳,1,,편의점 (시드),기존 커버,편의점 (시드)
편의점 폐기물 스티커,1,,스티커 (별칭 -> 종이),기존 커버,스티커 (별칭 -> 종이)
편의점알바처음하는데,1,,편의점 (시드),기존 커버,편의점 (시드)
편의점에,1,,편의점 (시드),기존 커버,편의점 (시드)
편의점에서 종량제봉투 뭐 줘야돼요,1,,종량제봉투 (판정 총칭),기존 커버,종량제봉투 (판정 총칭)
편지 발신인 없이 우편,1,,우편물,기존 커버,편지 발신인 없이 우편수거함에 넣으면?
평창부근페기물버리는곳,1,,페기물 (판정 총칭),기존 커버,페기물 (판정 총칭)
평택,1,,,지역,평택대형폐기물
평택 대형폐기물 처리 방법 질문입니다,1,,대형 폐기물 (판정 총칭),기존 커버,대형 폐기물 (판정 총칭)
평택 이사 및 이사,1,,,지역,평택 이사 및 이사 폐기물 처리
평택 일반쓰레기 5리터봉투 안파나요,1,,,지역,평택 일반쓰레기 5리터봉투 안파나요
평택시,1,,,지역,평택시 대형폐기물 처리 방법 문의
평택에 사는데 수원,1,,,노이즈,평택에 사는데 수원종량제봉투 써도되나요
폐가전 무료 수거하는데 컴퓨터 본체,1,,폐가전 무료 (판정 가이드축),기존 커버,폐가전 무료 (판정 가이드축)
폐건전지수거함에 있던 물건,1,,건전지,기존 커버,건전지
폐기 업체 같은게 있을까요,1,,,사업장,폐기 업체 같은게 있을까요?음식물 포함
"폐기,파기,파쇄 문서 개인적으로",1,,파쇄종이,기존 커버,"폐기,파기,파쇄 문서 개인적으로 처리 방법 ...."
폐기물 고철 덩어리 방치한 소유주,1,,고철,기존 커버,고철
폐기물 몇시쯤에 와요,1,대형,,노이즈,대형 폐기물 몇시쯤에 와요?
폐기물 배출 시간 질문이요,1,대형,,노이즈,대형 폐기물 배출 시간 질문이요
폐기물 배출 신청 절차,1,대형,,노이즈,대형 폐기물 배출 신청 절차
폐기물 배출신고할때 스티커도 붙여야,1,대형,스티커 (별칭 -> 종이),기존 커버,스티커 (별칭 -> 종이)
폐기물 버리는 장소,1,대형,,노이즈,대형 폐기물 버리는 장소
폐기물 수거 업체가 있나요,1,대형,,노이즈,대형 폐기물 수거 업체가 있나요?
"폐기물 수거, 쓰레기",1,,,노이즈,"폐기물 수거, 쓰레기,재활용"
폐기물 스티커 가격,1,대형,스티커 (별칭 -> 종이),기존 커버,스티커 (별칭 -> 종이)
폐기물 스티커 나중에 붙여도 되나요,1,대형,스티커 (별칭 -> 종이),기존 커버,스티커 (별칭 -> 종이)
폐기물 스티커기간이 정해져있나요,1,대형,스티커 (별칭 -> 종이),기존 커버,스티커 (별칭 -> 종이)
폐기물 신고 질문 입니다,1,대형,,노이즈,대형 폐기물 신고 질문 입니다.
폐기물 신고 필증 질문이요,1,대형,,노이즈,대형 폐기물 신고 필증 질문이요
폐기물 쓰레기,1,,,노이즈,폐기물 쓰레기버리는방법
폐기물 쓰레기 버리는 방법 송파구,1,대형,,노이즈,대형 폐기물(쓰레기) 버리는 방법 (송파구)
폐기물 쓰레기 훔친 놈,1,대형,,노이즈,대형 폐기물 쓰레기 훔친 놈
폐기물 일정 변경,1,대형,,노이즈,대형 폐기물 일정 변경
폐기물 책상 가격,1,대형,책상,기존 커버,책상
폐기물 처리 기사 준비 및 공부,1,,,사업장,폐기물 처리 기사 준비 및 공부
폐기물 처리 분리 발주,1,,,노이즈,폐기물 처리 분리 발주 여부
폐기물 처리 산업기사 점수,1,,,사업장,폐기물 처리 산업기사 점수
폐기물 처리 신고 시험성적서,1,,,노이즈,폐기물 처리 신고 (시험성적서)
폐기물 처리 업체 어디가 좋나요,1,,,사업장,폐기물 처리 업체 어디가 좋나요?
폐기물 처리 할려고 하는데요,1,,,노이즈,폐기물 처리 할려고 하는데요
폐기물 처리기사 학원있나요,1,,,사업장,폐기물 처리기사 학원있나요?
폐기물 처리부담금이 의무납인가요,1,,,노이즈,폐기물 처리부담금이 의무납인가요?
폐기물 처리비용 계산,1,,,노이즈,폐기물 처리비용 계산
폐기물 처리업 인허가,1,,,노이즈,폐기물 처리업 인허가
폐기물 처리업체 허가증 발급,1,,,사업장,폐기물 처리업체 허가증 발급
폐기물마대 특수,1,,,노이즈,폐기물마대 특수종량제봉투
폐기물을 내놓을 때 공간이 없으면,1,대형,,노이즈,대형 폐기물을 내놓을 때 공간이 없으면 어떡....
"폐기물처리 , 지정폐기물처리 , 특정",1,,,노이즈,"폐기물처리 , 지정폐기물처리 , 특정폐기물처...."
폐기물처리 관련질문입니다? 고무매트,1,,고무매트 (별칭 -> 바닥매트),기존 커버,고무매트 (별칭 -> 바닥매트)
폐기물처리 올바로 시스템,1,,,노이즈,폐기물처리 올바로 시스템
폐기물처리 자격증 군경력 운전병 인정,1,,,노이즈,폐기물처리 자격증 군경력(운전병) 인정
폐기물처리 철거 1톤트럭,1,,,노이즈,폐기물처리 철거(1톤트럭)
폐기물처리 트럭 크기,1,,,노이즈,폐기물처리 트럭 크기
폐기물처리계획증명 변경,1,,,노이즈,폐기물처리계획증명 변경
폐기물처리기사 공부,1,,,사업장,폐기물처리기사 공부
폐기물처리기사 도와주세요,1,,,사업장,폐기물처리기사 도와주세요!
폐기물처리기사 시험,1,,,사업장,폐기물처리기사 시험?
폐기물처리기사 실기 답변 단위 생략,1,,,사업장,폐기물처리기사 실기 답변 단위 생략
폐기물처리기사 실기 질문입니다,1,,,사업장,폐기물처리기사 실기 질문입니다.
폐기물처리기사 응시요건,1,,,사업장,폐기물처리기사 응시요건?
폐기물처리기사 응시자격,1,,,사업장,폐기물처리기사 응시자격
폐기물처리기사 자격증,1,,,사업장,폐기물처리기사 자격증 질문
폐기물처리기사 필기책,1,,,사업장,폐기물처리기사 필기책
폐기물처리방법 인천,1,,,노이즈,폐기물처리방법 인천
폐기물처리산업기사 . 기사,1,,,사업장,폐기물처리산업기사 . 기사
폐기물처리산업기사 실기 배점,1,,,사업장,폐기물처리산업기사 실기 배점
폐기물처리산업기사 응시자격중,1,,,사업장,폐기물처리산업기사 응시자격중~~
폐기물처리산업기사 자격증 준비물,1,,,사업장,폐기물처리산업기사 자격증 준비물
폐기물처리산업기사 필기,1,,,사업장,폐기물처리산업기사 필기
폐기물처리산업기사 필기 범위,1,,,사업장,폐기물처리산업기사 필기 범위
폐기물처리시설 현황 확인,1,,,사업장,폐기물처리시설 현황 확인방법
폐기물처리업 변경신고,1,,,노이즈,폐기물처리업 변경신고 관련
폐기물처리업 변경허가신청서,1,,,노이즈,폐기물처리업 변경허가신청서
폐기물처리업 불법 위반,1,,,노이즈,폐기물처리업 불법 위반
폐기물처리업체 자격요건,1,,,사업장,폐기물처리업체 자격요건
폐기물처리와 입주청소,1,,,노이즈,폐기물처리와 입주청소
폐기물처리장 지어질지 말지,1,,,사업장,폐기물처리장 지어질지 말지
폐기물처리장vs4조3교대 교대근무,1,,,사업장,폐기물처리장vs4조3교대 교대근무
폐비,1,,,노이즈,폐비 버리는방법.
"폐비닐, 폐건전지 분리",1,,건전지,기존 커버,건전지
폐수,1,,,사업장,폐수 어떻게 버려요ㅜㅜㅜ
폐유에들기름,1,,기름,기존 커버,기름
폐의약품 분리배출 관련 질의,1,,폐의약품 (별칭 -> 약),기존 커버,폐의약품 (별칭 -> 약)
폐조명,1,,전등,기존 커버,폐조명 어떻게 버려요
폐지,1,,종이,기존 커버,폐지 분리배출 방법
폐토너,1,,토너 (별칭 -> 잉크카트리지),기존 커버,토너 (별칭 -> 잉크카트리지)
"폐휴대폰,노트북",1,,노트북,기존 커버,노트북
포대 자루,1,,,기존 커버,포대 자루는 일반 쓰레기인가요?
포도가지,1,,나뭇가지,기존 커버,포도가지는 음식물쓰레기인가요?
포도껍질,1,,포도껍질 (별칭 -> 과일껍질),기존 커버,포도껍질 (별칭 -> 과일껍질)
포도씨,1,,복숭아씨,기존 커버,포도씨는 일반쓰레기 맞나요?
포맥스,1,,우드락,기존 커버,포맥스는 재활용인가요 일반쓰레기인가요
포스티잇,1,,,실측20차,스티커
포장용,1,,,노이즈,포장용 스티로폼 분리수거해야 하나요?
포장재,1,,,실측20차,포장지
포장재질이 폴리에틸렌이면,1,,,지역,포장재질이 폴리에틸렌이면 종이류에 버려야....
포장줄,1,,노끈,기존 커버,포장줄은 재활용이 되나요
포장지,1,,,실측20차,포장지
포장할때 쓰는 스펀지같은거,1,,,실측20차,스펀지
포커에서 올인넣고 히든전패를 오픈해,1,,,노이즈,포커에서 올인넣고 히든전패를 오픈해버리면....
"포켓몬고 환포, 전포",1,,,노이즈,"포켓몬고 환포, 전포 버리는 방법?"
포켓몬잡은거,1,,,노이즈,포켓몬잡은거어떻게버려요?
포터포티에 휴지,1,,휴지심,기존 커버,포터포티에 휴지 버려도 되나요?
포테이도버리는곳,1,,,노이즈,포테이도버리는곳
포항시 남구 쓰레기 분리,1,,,지역,포항시 남구 쓰레기 분리배출 요일
포항시페기물버리는곳,1,,페기물 (판정 총칭),기존 커버,페기물 (판정 총칭)
폰 강화필름,1,,,실측20차,폰케이스
폰 버리셧는데 유심 살리,1,,,노이즈,폰 버리셧는데 유심 살리는방법
폰 상자,1,,상자 (별칭 -> 박스),기존 커버,상자 (별칭 -> 박스)
폴라포종이,1,,종이,기존 커버,종이
폴리에틸렌,1,,비닐,기존 커버,폴리에틸렌 재활용 할때 비닐에 넣으면되나....
폼보드,1,,폼보드 (별칭 -> 우드락),기존 커버,폼보드 (별칭 -> 우드락)
폼블럭,1,,우드락,기존 커버,폼블럭버리는법
폼클렌징 버리기 아까워서 손,1,유통기한 지난,,노이즈,유통기한 지난 폼클렌징 버리기 아까워서 손 ....
풀 묻,1,,,노이즈,풀 묻은 종이도 재활용(종이류) 분리
풀 버리는곳,1,,,노이즈,풀 버리는곳
풀라스틱 깨끗하게 닦아,1,,,노이즈,풀라스틱 깨끗하게 닦아도 일반 쓰레기인가....
풀칠한 종,1,,종이,기존 커버,풀칠한 종이 재활용 되나요?
풍선,1,,,실측19차,풍선 어떻게 버려요?
프라스틱 쓰레기,1,,,노이즈,프라스틱 쓰레기 씻어서 버려주라
프라스틱에 이물질 묻어 있으면 분리,1,,,노이즈,프라스틱에 이물질 묻어 있으면 분리 수거함....
프라이팬 정확하게 버리는방,1,코팅이 벗겨진,프라이팬 (별칭 -> 후라이팬),기존 커버,프라이팬 (별칭 -> 후라이팬)
"프라이팬, 냄비",1,,프라이팬 (별칭 -> 후라이팬),기존 커버,프라이팬 (별칭 -> 후라이팬)
프로틴통,1,,반찬통,기존 커버,프로틴통 재활용 계속해도되나요
프린터기 아파트 폐가전,1,,프린터,기존 커버,프린터
프린트 부품,1,,프린터,기존 커버,프린트 부품 분리수거방법
프린트된 종,1,,종이,기존 커버,프린트된 종이 재활용
프린트해결법좀요 ㅈㅂ 죽여버리고싶음,1,,,노이즈,프린트해결법좀요 ㅈㅂ 죽여버리고싶음
프링글스 빈 통,1,,프링글스통,기존 커버,프링글스 빈 통 분리배출인가요?
프링글스 통,1,,프링글스통,기존 커버,프링글스통
플 라스틱쓰레기는,1,,,노이즈,플 라스틱쓰레기는. 어떻게 버리나요?
플라스틱로 된 통,1,,페트병,기존 커버,플라스틱로 된 통은 플라스틱류에 재활용해....
플라스틱의 재활용 또는 환경적 영향,1,,,노이즈,플라스틱의 재활용 또는 환경적 영향에 대해....
플로피 디스크,1,,CD,기존 커버,플로피 디스크 어떻게 버려야 되나요?
피 버리는곳,1,,,노이즈,피 버리는곳
피검사 하려고 뽑은 피,1,,,노이즈,피검사 하려고 뽑은 피 재활용 하나요?
피규어 버릴 때,1,,피규어 (별칭 -> 장난감),기존 커버,피규어 (별칭 -> 장난감)
피스타치오 껍질 일반쓰레기죠? 치킨뼈,1,,치킨뼈,기존 커버,치킨뼈
피아노도 대형 폐기물 스티커 붙여서,1,,대형 폐기물 (판정 총칭),기존 커버,대형 폐기물 (판정 총칭)
피어싱 버리는 곳,1,,,노이즈,피어싱 버리는 곳
피자 꼬다리,1,,밀가루,기존 커버,피자 꼬다리 분리수거
피자 박스 쓰레기장,1,,피자박스 (별칭 -> 박스),기존 커버,피자박스 (별칭 -> 박스)
피자박스,1,,피자박스 (별칭 -> 박스),기존 커버,피자박스 (별칭 -> 박스)
필기한 공책,1,,책,기존 커버,"필기한 공책, 재활용 有無"
필리핀은 아직,1,,,노이즈,필리핀은 아직도 음식물 쓰레기
필통,1,,,실측17차,필통 재활용
핏물과 기름,1,,기름,기존 커버,기름
하나로카드,1,,카드 (별칭 -> 신용카드),기존 커버,카드 (별칭 -> 신용카드)
하드버커 책은 그냥,1,,하드 (별칭 -> 하드디스크),기존 커버,하드 (별칭 -> 하드디스크)
하수구,1,,,지역,하수구에 음식물쓰레기 무단투기
하수구에 라면 국물,1,,라면국물 (별칭 -> 컵라면),기존 커버,라면국물 (별칭 -> 컵라면)
하카시그니처 팟,1,,전자담배,기존 커버,하카시그니처 팟 어떻게버려요?
하트만용액,1,,,사업장,하트만용액 버리는 법
학교,1,,,절차,학교 플라스틱 분리배출
학교 부셔,1,,,절차,학교 부셔버리는 방법
학교 수은 함유,1,,,절차,학교 수은 함유 폐기물 처리 방법
학교 음식물 쓰레기 줄이기 위한,1,,음식물쓰레기 (판정 총칭),기존 커버,음식물쓰레기 (판정 총칭)
학교 체육복,1,,,절차,학교 체육복 어떻게 버려요? 그냥 의
학생증,1,,,노이즈,학생증 버려도 되나요?
학습지랑 문제집,1,,문제집 (별칭 -> 책),기존 커버,문제집 (별칭 -> 책)
한 번 접,1,,,노이즈,한 번 접은 종이도 재활용 되나요?
한국사,1,,,노이즈,한국사 버려도 되나요?
한국서부발전 체험형인턴 자소서,1,,,노이즈,한국서부발전 체험형인턴 자소서 재활용
한국이 중국과의 관계를 끓어,1,,,노이즈,한국이 중국과의 관계를 끓어버리면 어떻게 ....
한달지난렌즈,1,,렌즈,기존 커버,렌즈
한방침,1,,,보류,한방침 재활용 할까요?
한복이헌옥,1,,한복 (별칭 -> 헌옷),기존 커버,한복 (별칭 -> 헌옷)
한약봉지,1,,약봉지 (별칭 -> 약),기존 커버,약봉지 (별칭 -> 약)
할로겐 전구,1,,할로겐전구 (별칭 -> 전구),기존 커버,할로겐전구 (별칭 -> 전구)
함부로,1,,,노이즈,함부로 버리는 음식물쓰레기
합의서 사진만 찍고,1,,사진,기존 커버,사진
핫도그,1,,밀가루,기존 커버,핫도그 음식물쓰레기인가요?
핫팩 뜨거운상태로,1,,핫팩,기존 커버,핫팩
해고통지서,1,,,노이즈,해고통지서 버려도 되나요?
해남소주병,1,,소주병 (별칭 -> 유리병),기존 커버,소주병 (별칭 -> 유리병)
해바라기 씨앗,1,,씨앗 (별칭 -> 복숭아씨),기존 커버,씨앗 (별칭 -> 복숭아씨)
해바라기씨,1,,,실측19차,해바라기씨 일반쓰레기? 음식물쓰레기?
해바라기씨 껍질은 일반,1,,해바라기씨,기존 커버,해바라기씨 껍질은 일반? 음식물쓰레기?
해바라기씨를 까지 않은 상태라면,1,,,지역,해바라기씨를 까지 않은 상태라면 음식물쓰....
해수담수화 염분,1,,,사업장,해수담수화 염분폐기물처리 보안점
해양 암석권,1,,,노이즈,해양 암석권 재활용
해외,1,,,노이즈,해외 재활용 사례 알려쥬세요!!!
핵폐기물 처리장이 영어로 뭔가요,1,,,노이즈,핵폐기물 처리장이 영어로 뭔가요?
핸드백,1,,가방,기존 커버,핸드백 분리수거
핸드카트,1,,,실측20차,핸드카트
핸드카트 바퀴,1,,,실측20차,핸드카트
핸드크림,1,,화장품,기존 커버,핸드크림 어떻게 버려요?
핸드타올이,1,,수건,기존 커버,핸드타올이 재활용 되나요?
핸드폰,1,안쓰는,핸드폰 (별칭 -> 휴대폰),기존 커버,핸드폰 (별칭 -> 휴대폰)
핸드폰 거치대 스탠드형,1,,핸드폰 (별칭 -> 휴대폰),기존 커버,핸드폰 (별칭 -> 휴대폰)
핸드폰 부숴,1,,핸드폰 (별칭 -> 휴대폰),기존 커버,핸드폰 (별칭 -> 휴대폰)
핸드폰 부숴진거,1,,핸드폰 (별칭 -> 휴대폰),기존 커버,핸드폰 (별칭 -> 휴대폰)
핸드폰 분리수거 핸드폰 배터리,1,,핸드폰 배터리 (별칭 -> 배터리),기존 커버,핸드폰 배터리 (별칭 -> 배터리)
핸드폰 액정,1,,핸드폰 (별칭 -> 휴대폰),기존 커버,핸드폰 (별칭 -> 휴대폰)
핸드폰 충전기,1,,충전기,기존 커버,충전기
핸드폰 케이스,1,,핸드폰 (별칭 -> 휴대폰),기존 커버,핸드폰 (별칭 -> 휴대폰)
햄버거 콜라,1,,음료,기존 커버,햄버거 콜라 재활용쓰레기? 일반쓰레기?
햄스터,1,,,노이즈,햄스터 어떻게 버려요?? 친구가 잘
햄스터 목욕모래,1,,고양이모래,기존 커버,햄스터 목욕모래 어떻게 버려요?
햄스터 베딩,1,,,실측20차,사료
햄스터 죽으면,1,,,지역,햄스터 죽으면 종량제봉투..
행정법,1,,,노이즈,행정법 폐기물처리업
행주,1,,행주 (별칭 -> 수건),기존 커버,행주 (별칭 -> 수건)
"행주,걸레",1,,행주 (별칭 -> 수건),기존 커버,행주 (별칭 -> 수건)
향수,1,,향수,기존 커버,향수
향수 공병 안 씻었는데,1,,향수,기존 커버,향수
향수 세면대에 그냥,1,,세면대,기존 커버,세면대
"향수 유통기한 지난 제품, 안전하게",1,,향수,기존 커버,향수
향수 통,1,,향수,기존 커버,향수
"향수, 재활용 방법 알고 계신가요",1,안 쓰는,향수,기존 커버,향수
향초,1,,향초 (별칭 -> 양초),기존 커버,향초 (별칭 -> 양초)
향초 찌꺼기,1,,향초 (별칭 -> 양초),기존 커버,향초 (별칭 -> 양초)
헌신발,1,,헌신발 (별칭 -> 신발),기존 커버,헌신발 (별칭 -> 신발)
헌옷 가지고잇기도모하고,1,,헌옷,기존 커버,헌옷
헌옷 나시? 헌옷,1,,헌옷,기존 커버,헌옷
헌옷 수거함에 넣은 옷,1,,헌옷,기존 커버,헌옷
헌옷 수거함에 들어가는 헌옷,1,,헌옷,기존 커버,헌옷
헌옷 수거함에 못넣는 옷은 그냥 종량,1,,헌옷,기존 커버,헌옷
헌옷 수거함에 옷 넣기,1,,헌옷,기존 커버,헌옷
헌옷 수거함에 옷 넣은거 다,1,,헌옷,기존 커버,헌옷
헌옷 수거함에 침대시트 넣어도 되나요,1,,침대시트 (별칭 -> 이불),기존 커버,침대시트 (별칭 -> 이불)
헌옷 쓰레기봉투,1,,헌옷,기존 커버,헌옷
헌옷수거함 넣어도 되는 옷,1,,헌옷,기존 커버,헌옷
헌옷수거함 몇시에 수거하시나요,1,,헌옷,기존 커버,헌옷
헌옷수거함 슬리퍼 샌들,1,,슬리퍼,기존 커버,슬리퍼
헌옷수거함 옷 잘못넣었는데,1,,헌옷,기존 커버,헌옷
헌옷수거함 코스프레 괜찮나요,1,,헌옷,기존 커버,헌옷
헌옷수거함 피 묻은 옷,1,,헌옷,기존 커버,헌옷
헌옷수거함에 그냥 옷 넣으면 되나요,1,,헌옷,기존 커버,헌옷
헌옷수거함에 남자타이즈 넣어도 되나요,1,,헌옷,기존 커버,헌옷
헌옷수거함에 넣기 뭐한 더러운 옷,1,,헌옷,기존 커버,헌옷
헌옷수거함에 넣은 옷들,1,,헌옷,기존 커버,헌옷
헌옷수거함에 속옷을 넣어도 되나요,1,,속옷,기존 커버,속옷
헌옷수거함에 슬리퍼를 잘못 넣었어요,1,,슬리퍼,기존 커버,슬리퍼
헌옷수거함에 신발도 같이 넣기도 하나,1,,신발,기존 커버,신발
헌옷수거함에 신발을 버리려고 하는데,1,,신발,기존 커버,신발
헌옷수거함에 아무봉투 써도되나요,1,,헌옷,기존 커버,헌옷
헌옷수거함에 옷 넣으면,1,,헌옷,기존 커버,헌옷
헌옷수거함에 옷 넣으면 옷들이 다,1,,헌옷,기존 커버,헌옷
헌옷수거함에 옷 넣을 때,1,,헌옷,기존 커버,헌옷
헌옷수거함에 옷 넣을 때 세탁해야겠죠,1,,헌옷,기존 커버,헌옷
헌옷수거함에 옷 넣을때요,1,,헌옷,기존 커버,헌옷
헌옷수거함에 이불을 넣어도되나요,1,,이불,기존 커버,이불
헌옷수거함에 잘못넣었어요. 어쩌죠,1,,헌옷,기존 커버,헌옷
헌옷수거함에 장갑 넣어도 되나요,1,,헌옷,기존 커버,헌옷
헌옷수거함에 헌옷들 넣었는데 거기바지,1,,헌옷,기존 커버,헌옷
헌옷수거함에넣은 옷 주머니에 ㅠㅠ,1,,헌옷,기존 커버,헌옷
"헌책, 종이류, 피규어",1,,피규어 (별칭 -> 장난감),기존 커버,피규어 (별칭 -> 장난감)
헤드셋,1,,헤드셋 (별칭 -> 이어폰),기존 커버,헤드셋 (별칭 -> 이어폰)
헤드셋이 찢어졌는데 그냥 써도 되나요,1,,헤드셋 (별칭 -> 이어폰),기존 커버,헤드셋 (별칭 -> 이어폰)
헤어롤,1,,,노이즈,헤어롤 분리수거
헤어롤 가스,1,,,노이즈,헤어롤 가스 어떻게 버려요?
헤어미스트,1,오래된,화장품,기존 커버,오래된 헤어미스트 버리는법
헤어스프레이,1,,헤어스프레이 (별칭 -> 부탄가스),기존 커버,헤어스프레이 (별칭 -> 부탄가스)
헤어스프레이 내용물 액체,1,,헤어스프레이 (별칭 -> 부탄가스),기존 커버,헤어스프레이 (별칭 -> 부탄가스)
헤어픽서,1,,화장품,기존 커버,헤어픽서 버리는법 궁금합니다
헤어핀,1,,,실측20차,헤어핀
헬륨은 재활용이 가능한가요,1,,,노이즈,헬륨은 재활용이 가능한가요?
헷갈릴 만한,1,,,노이즈,헷갈릴 만한 재활용 있을까요?
혀 끝쪽 설태가 생기는 원인,1,,,노이즈,혀 끝쪽 설태가 생기는 원인이 음식물때문에 ....
혀설태 음식물때문에 아닌가요,1,,,노이즈,혀설태 음식물때문에 아닌가요
현수막,1,,,실측20차,현수막
현악기 톡받침,1,,현악기 (별칭 -> 바이올린),기존 커버,현악기 (별칭 -> 바이올린)
현장에서 처리하는 목재,1,,폐목재,기존 커버,현장에서 처리하는 목재(폐기물)을 재활용할....
형광팔찌가 터졌는데,1,,장난감,기존 커버,형광팔찌가 터졌는데 어떻게 버려요?
호감 가는 남성 최대한 빨리 잊어,1,,,노이즈,호감 가는 남성 최대한 빨리 잊어버리는법
호박씨,1,,복숭아씨,기존 커버,호박씨 일반쓰레기인가요?
호일이나 알루미늄,1,,알루미늄 (별칭 -> 고철),기존 커버,알루미늄 (별칭 -> 고철)
호텔,1,,,노이즈,호텔 분리배출
호프집 야장테이블,1,,,사업장,호프집 야장테이블 재활용쓰레기
혼합,1,,,노이즈,혼합 폐기물 처리과정
홈키파 리퀴드 리필,1,,,실측20차,살충제
홍게,1,,조개껍질,기존 커버,홍게는 음식물 쓰레기인가요?
홍합껍데기는 음식물쓰레기인가요 아님,1,,음식물쓰레기 (판정 총칭),기존 커버,음식물쓰레기 (판정 총칭)
화도읍페기물버리는곳,1,,페기물 (판정 총칭),기존 커버,페기물 (판정 총칭)
화목보일러,1,,보일러,기존 커버,보일러
화분,1,,화분,기존 커버,화분
화분 깔망,1,,화분,기존 커버,화분
화분 흙 아파트 화단,1,,화분 흙 (별칭 -> 화분),기존 커버,화분 흙 (별칭 -> 화분)
화분 흙버리는 방법 서대문구,1,,화분 흙 (별칭 -> 화분),기존 커버,화분 흙 (별칭 -> 화분)
화분에 믹스커피,1,,믹스커피 (별칭 -> 비닐),기존 커버,믹스커피 (별칭 -> 비닐)
화산석,1,,타일,기존 커버,화산석 분리수거
화석연료,1,,,노이즈,화석연료 폐기물처리
화성 동탄2에서는 헌옷,1,,헌옷,기존 커버,헌옷
화성시,1,,,지역,"화성시 대형폐기물 안내문, 어떻게 신청하나...."
화성에 폐건전지 버리는곳,1,,건전지,기존 커버,건전지
화성폐기물처리 하는곳 맡길곳있나요,1,,,노이즈,화성폐기물처리 하는곳 맡길곳있나요?
화이트,1,,볼펜,기존 커버,화이트 어떻게 버려요?
화장실 배수구에 콜라,1,,음료,기존 커버,화장실 배수구에 콜라 버려도 되나요?
화장실 세면대배관,1,,세면대,기존 커버,세면대
화장실 유리 버리는데 일반인가요,1,,유리,기존 커버,유리
화장실 청소용 솔,1,,빗자루,기존 커버,화장실 청소용 솔은 재활용품으로 버리면되....
화장지는 종이류로 분리수거가 안되나요,1,,종이,기존 커버,종이
화장품 샘플 분리,1,,화장품,기존 커버,화장품
화장품 용기 분리,1,,화장품 용기 (별칭 -> 화장품),기존 커버,화장품 용기 (별칭 -> 화장품)
화장품 쿠션,1,,화장품,기존 커버,화장품
화장품들,1,유통기한 지난,화장품,기존 커버,화장품
화장품통,1,,화장품,기존 커버,화장품
화학적 재활용하면 미세,1,,,사업장,화학적 재활용하면 미세플라스틱 발생하나요....
확통,1,,,노이즈,확통 버려도 되나요?
환경미화원 대형폐기물 수거 차량,1,,대형 폐기물 (판정 총칭),기존 커버,대형 폐기물 (판정 총칭)
회사,1,,,절차,회사 폐기물 처리 방법
회사 기숙사 내,1,,,절차,회사 기숙사 내에서 음식물 쓰레기 버리기
회사 명세서,1,,,절차,회사 명세서 버려도 되나요?
효과 좋,1,,,노이즈,효과 좋은 음식물 쓰레기 처리법?
효자손,1,,,실측19차,효자손 분리수거
후라이팬 이것,1,,후라이팬,기존 커버,후라이팬
후라이팬 접시 그릇 컵 등,1,,후라이팬,기존 커버,후라이팬
후라이팬같,1,,후라이팬,기존 커버,후라이팬
후쿠오카 하카타역 근처 쓰레기통,1,,쓰레기통,기존 커버,쓰레기통
훼손된 옷 헌옷,1,,헌옷,기존 커버,헌옷
휘어진 미싱 바늘,1,,바늘 (별칭 -> 식칼),기존 커버,바늘 (별칭 -> 식칼)
"휘핑 , 생크림",1,,생크림,기존 커버,생크림
휴대폰 건전지,1,안쓰는,건전지,기존 커버,건전지
휴대폰 버리는곳,1,오래된,휴대폰,기존 커버,휴대폰
휴대폰 보조배터리,1,,보조배터리,기존 커버,보조배터리
휴대폰 유심칩,1,,휴대폰,기존 커버,휴대폰
휴대폰배터리,1,,휴대폰 배터리 (별칭 -> 배터리),기존 커버,휴대폰 배터리 (별칭 -> 배터리)
휴지 30개 묶음,1,,휴지심,기존 커버,휴지 30개 묶음 비닐 재활용 쓰레기인가요?
휴지걸,1,녹슨,,보류,녹슨 휴지걸이 어떻게 버려야되나요?
휴지등등,1,,휴지심,기존 커버,휴지등등 일반쓰레기인가요?
흑역사 잊어,1,,,노이즈,흑역사 잊어버리는법
흔적날개초파리,1,,,지역,흔적날개초파리 버리는 방법?
흙 산,1,,,노이즈,흙 산에 버려도 되나요?
흙묻은 고구마,1,,,실측20차,흙
